     0100      8   00  00  00  00  00  00  00  00     370.4752
     0100      8   00  00  00  00  00  00  00  00     370.4776
     0100      8   00  00  00  00  00  00  00  00     370.4800
     0100      8   00  00  00  00  00  00  00  00     370.4824
     0100      8   00  00  00  00  00  00  00  00     370.4848
     0100      8   00  00  00  00  00  00  00  00     370.4871
     0100      8   00  00  00  00  00  00  00  00     370.4895
     0100      8   00  00  00  00  00  00  00  00     370.4919
     0100      8   00  00  00  00  00  00  00  00     370.4943
     0100      8   00  00  00  00  00  00  00  00     370.4967
     0100      8   00  00  00  00  00  00  00  00     370.4990
     0100      8   00  00  00  00  00  00  00  00     370.5014
     0100      8   00  00  00  00  00  00  00  00     370.5038
     0100      8   00  00  00  00  00  00  00  00     370.5062
     0100      8   00  00  00  00  00  00  00  00     370.5086
     0100      8   00  00  00  00  00  00  00  00     370.5109
     0100      8   00  00  00  00  00  00  00  00     370.5133
     0100      8   00  00  00  00  00  00  00  00     370.5157
     0100      8   00  00  00  00  00  00  00  00     370.5181
     0100      8   00  00  00  00  00  00  00  00     370.5205
     0100      8   00  00  00  00  00  00  00  00     370.5228
     0100      8   00  00  00  00  00  00  00  00     370.5252
     0100      8   00  00  00  00  00  00  00  00     370.5276
     0100      8   00  00  00  00  00  00  00  00     370.5300
     0100      8   00  00  00  00  00  00  00  00     370.5324
     0100      8   00  00  00  00  00  00  00  00     370.5347
     0100      8   00  00  00  00  00  00  00  00     370.5371
     0100      8   00  00  00  00  00  00  00  00     370.5395
     0100      8   00  00  00  00  00  00  00  00     370.5419
     0100      8   00  00  00  00  00  00  00  00     370.5442
     0100      8   00  00  00  00  00  00  00  00     370.5466
     0100      8   00  00  00  00  00  00  00  00     370.5490
     0100      8   00  00  00  00  00  00  00  00     370.5514
     0100      8   00  00  00  00  00  00  00  00     370.5538
     0100      8   00  00  00  00  00  00  00  00     370.5561
     0100      8   00  00  00  00  00  00  00  00     370.5585
     0100      8   00  00  00  00  00  00  00  00     370.5609
     0100      8   00  00  00  00  00  00  00  00     370.5633
     0100      8   00  00  00  00  00  00  00  00     370.5657
     0100      8   00  00  00  00  00  00  00  00     370.5680
     0100      8   00  00  00  00  00  00  00  00     370.5704
     0100      8   00  00  00  00  00  00  00  00     370.5728
     0100      8   00  00  00  00  00  00  00  00     370.5752
     0100      8   00  00  00  00  00  00  00  00     370.5776
     0100      8   00  00  00  00  00  00  00  00     370.5799
     0100      8   00  00  00  00  00  00  00  00     370.5823
     0100      8   00  00  00  00  00  00  00  00     370.5847
     0100      8   00  00  00  00  00  00  00  00     370.5871
     0100      8   00  00  00  00  00  00  00  00     370.5895
     0100      8   00  00  00  00  00  00  00  00     370.5918
     0100      8   00  00  00  00  00  00  00  00     370.5942
     0100      8   00  00  00  00  00  00  00  00     370.5966
     0100      8   00  00  00  00  00  00  00  00     370.5990
     0100      8   00  00  00  00  00  00  00  00     370.6014
     0100      8   00  00  00  00  00  00  00  00     370.6037
     0100      8   00  00  00  00  00  00  00  00     370.6061
     0100      8   00  00  00  00  00  00  00  00     370.6085
     0100      8   00  00  00  00  00  00  00  00     370.6109
     0100      8   00  00  00  00  00  00  00  00     370.6133
     0100      8   00  00  00  00  00  00  00  00     370.6156
     0100      8   00  00  00  00  00  00  00  00     370.6180
     0100      8   00  00  00  00  00  00  00  00     370.6204
     0100      8   00  00  00  00  00  00  00  00     370.6228
     0100      8   00  00  00  00  00  00  00  00     370.6252
     0100      8   00  00  00  00  00  00  00  00     370.6275
     0100      8   00  00  00  00  00  00  00  00     370.6299
     0100      8   00  00  00  00  00  00  00  00     370.6323
     0100      8   00  00  00  00  00  00  00  00     370.6347
     0100      8   00  00  00  00  00  00  00  00     370.6370
     0100      8   00  00  00  00  00  00  00  00     370.6394
     0100      8   00  00  00  00  00  00  00  00     370.6418
     0100      8   00  00  00  00  00  00  00  00     370.6442
     0100      8   00  00  00  00  00  00  00  00     370.6466
     0100      8   00  00  00  00  00  00  00  00     370.6489
     0100      8   00  00  00  00  00  00  00  00     370.6513
     0100      8   00  00  00  00  00  00  00  00     370.6537
     0100      8   00  00  00  00  00  00  00  00     370.6561
     0100      8   00  00  00  00  00  00  00  00     370.6585
     0100      8   00  00  00  00  00  00  00  00     370.6608
     0100      8   00  00  00  00  00  00  00  00     370.6632
     0100      8   00  00  00  00  00  00  00  00     370.6656
     0100      8   00  00  00  00  00  00  00  00     370.6680
     0100      8   00  00  00  00  00  00  00  00     370.6704
     0100      8   00  00  00  00  00  00  00  00     370.6727
     0100      8   00  00  00  00  00  00  00  00     370.6751
     0100      8   00  00  00  00  00  00  00  00     370.6775
     0100      8   00  00  00  00  00  00  00  00     370.6799
     0100      8   00  00  00  00  00  00  00  00     370.6823
     0100      8   00  00  00  00  00  00  00  00     370.6846
     0100      8   00  00  00  00  00  00  00  00     370.6870
     0100      8   00  00  00  00  00  00  00  00     370.6894
     0100      8   00  00  00  00  00  00  00  00     370.6918
     0100      8   00  00  00  00  00  00  00  00     370.6942
     0100      8   00  00  00  00  00  00  00  00     370.6965
     0100      8   00  00  00  00  00  00  00  00     370.6989
     0100      8   00  00  00  00  00  00  00  00     370.7013
     0100      8   00  00  00  00  00  00  00  00     370.7037
     0100      8   00  00  00  00  00  00  00  00     370.7061
     0100      8   00  00  00  00  00  00  00  00     370.7084
     0100      8   00  00  00  00  00  00  00  00     370.7108
     0100      8   00  00  00  00  00  00  00  00     370.7132
     0100      8   00  00  00  00  00  00  00  00     370.7156
     0100      8   00  00  00  00  00  00  00  00     370.7180
     0100      8   00  00  00  00  00  00  00  00     370.7203
     0100      8   00  00  00  00  00  00  00  00     370.7227
     0100      8   00  00  00  00  00  00  00  00     370.7251
     0100      8   00  00  00  00  00  00  00  00     370.7275
     0100      8   00  00  00  00  00  00  00  00     370.7298
     0100      8   00  00  00  00  00  00  00  00     370.7322
     0100      8   00  00  00  00  00  00  00  00     370.7346
     0100      8   00  00  00  00  00  00  00  00     370.7370
     0100      8   00  00  00  00  00  00  00  00     370.7394
     0100      8   00  00  00  00  00  00  00  00     370.7417
     0100      8   00  00  00  00  00  00  00  00     370.7441
     0100      8   00  00  00  00  00  00  00  00     370.7465
     0100      8   00  00  00  00  00  00  00  00     370.7489
     0100      8   00  00  00  00  00  00  00  00     370.7513
     0100      8   00  00  00  00  00  00  00  00     370.7536
     0100      8   00  00  00  00  00  00  00  00     370.7560
     0100      8   00  00  00  00  00  00  00  00     370.7584
     0100      8   00  00  00  00  00  00  00  00     370.7608
     0100      8   00  00  00  00  00  00  00  00     370.7632
     0100      8   00  00  00  00  00  00  00  00     370.7655
     0100      8   00  00  00  00  00  00  00  00     370.7679
     0100      8   00  00  00  00  00  00  00  00     370.7703
     0100      8   00  00  00  00  00  00  00  00     370.7727
     0100      8   00  00  00  00  00  00  00  00     370.7751
     0100      8   00  00  00  00  00  00  00  00     370.7774
     0100      8   00  00  00  00  00  00  00  00     370.7798
     0100      8   00  00  00  00  00  00  00  00     370.7822
     0100      8   00  00  00  00  00  00  00  00     370.7846
     0100      8   00  00  00  00  00  00  00  00     370.7870
     0100      8   00  00  00  00  00  00  00  00     370.7893
     0100      8   00  00  00  00  00  00  00  00     370.7917
     0100      8   00  00  00  00  00  00  00  00     370.7941
     0100      8   00  00  00  00  00  00  00  00     370.7965
     0100      8   00  00  00  00  00  00  00  00     370.7989
     0100      8   00  00  00  00  00  00  00  00     370.8012
     0100      8   00  00  00  00  00  00  00  00     370.8036
     0100      8   00  00  00  00  00  00  00  00     370.8060
     0100      8   00  00  00  00  00  00  00  00     370.8084
     0100      8   00  00  00  00  00  00  00  00     370.8108
     0100      8   00  00  00  00  00  00  00  00     370.8131
     0100      8   00  00  00  00  00  00  00  00     370.8155
     0100      8   00  00  00  00  00  00  00  00     370.8179
     0100      8   00  00  00  00  00  00  00  00     370.8203
     0100      8   00  00  00  00  00  00  00  00     370.8226
     0100      8   00  00  00  00  00  00  00  00     370.8250
     0100      8   00  00  00  00  00  00  00  00     370.8274
     0100      8   00  00  00  00  00  00  00  00     370.8298
     0100      8   00  00  00  00  00  00  00  00     370.8322
     0100      8   00  00  00  00  00  00  00  00     370.8345
     0100      8   00  00  00  00  00  00  00  00     370.8369
     0100      8   00  00  00  00  00  00  00  00     370.8393
     0100      8   00  00  00  00  00  00  00  00     370.8417
     0100      8   00  00  00  00  00  00  00  00     370.8441
     0100      8   00  00  00  00  00  00  00  00     370.8464
     0100      8   00  00  00  00  00  00  00  00     370.8488
     0100      8   00  00  00  00  00  00  00  00     370.8512
     0100      8   00  00  00  00  00  00  00  00     370.8536
     0100      8   00  00  00  00  00  00  00  00     370.8560
     0100      8   00  00  00  00  00  00  00  00     370.8583
     0100      8   00  00  00  00  00  00  00  00     370.8607
     0100      8   00  00  00  00  00  00  00  00     370.8631
     0100      8   00  00  00  00  00  00  00  00     370.8655
     0100      8   00  00  00  00  00  00  00  00     370.8679
     0100      8   00  00  00  00  00  00  00  00     370.8702
     0100      8   00  00  00  00  00  00  00  00     370.8726
     0100      8   00  00  00  00  00  00  00  00     370.8750
     0100      8   00  00  00  00  00  00  00  00     370.8774
     0100      8   00  00  00  00  00  00  00  00     370.8798
     0100      8   00  00  00  00  00  00  00  00     370.8821
     0100      8   00  00  00  00  00  00  00  00     370.8845
     0100      8   00  00  00  00  00  00  00  00     370.8869
     0100      8   00  00  00  00  00  00  00  00     370.8893
     0100      8   00  00  00  00  00  00  00  00     370.8917
     0100      8   00  00  00  00  00  00  00  00     370.8940
     0100      8   00  00  00  00  00  00  00  00     370.8964
     0100      8   00  00  00  00  00  00  00  00     370.8988
     0100      8   00  00  00  00  00  00  00  00     370.9012
     0100      8   00  00  00  00  00  00  00  00     370.9036
     0100      8   00  00  00  00  00  00  00  00     370.9059
     0100      8   00  00  00  00  00  00  00  00     370.9083
     0100      8   00  00  00  00  00  00  00  00     370.9107
     0100      8   00  00  00  00  00  00  00  00     370.9131
     0100      8   00  00  00  00  00  00  00  00     370.9154
     0100      8   00  00  00  00  00  00  00  00     370.9178
     0100      8   00  00  00  00  00  00  00  00     370.9202
     0100      8   00  00  00  00  00  00  00  00     370.9226
     0100      8   00  00  00  00  00  00  00  00     370.9250
     0100      8   00  00  00  00  00  00  00  00     370.9274
     0100      8   00  00  00  00  00  00  00  00     370.9297
     0100      8   00  00  00  00  00  00  00  00     370.9321
     0100      8   00  00  00  00  00  00  00  00     370.9345
     0100      8   00  00  00  00  00  00  00  00     370.9369
     0100      8   00  00  00  00  00  00  00  00     370.9392
     0100      8   00  00  00  00  00  00  00  00     370.9416
     0100      8   00  00  00  00  00  00  00  00     370.9440
     0100      8   00  00  00  00  00  00  00  00     370.9464
     0100      8   00  00  00  00  00  00  00  00     370.9488
     0100      8   00  00  00  00  00  00  00  00     370.9511
     0100      8   00  00  00  00  00  00  00  00     370.9535
     0100      8   00  00  00  00  00  00  00  00     370.9559
     0100      8   00  00  00  00  00  00  00  00     370.9583
     0100      8   00  00  00  00  00  00  00  00     370.9607
     0100      8   00  00  00  00  00  00  00  00     370.9630
     0100      8   00  00  00  00  00  00  00  00     370.9654
     0100      8   00  00  00  00  00  00  00  00     370.9678
     0100      8   00  00  00  00  00  00  00  00     370.9702
     0100      8   00  00  00  00  00  00  00  00     370.9726
     0100      8   00  00  00  00  00  00  00  00     370.9749
     0100      8   00  00  00  00  00  00  00  00     370.9773
     0100      8   00  00  00  00  00  00  00  00     370.9797
     0100      8   00  00  00  00  00  00  00  00     370.9821
     0100      8   00  00  00  00  00  00  00  00     370.9845
     0100      8   00  00  00  00  00  00  00  00     370.9868
     0100      8   00  00  00  00  00  00  00  00     370.9892
     0100      8   00  00  00  00  00  00  00  00     370.9916
     0100      8   00  00  00  00  00  00  00  00     370.9940
     0100      8   00  00  00  00  00  00  00  00     370.9964
     0100      8   00  00  00  00  00  00  00  00     370.9987
     0100      8   00  00  00  00  00  00  00  00     371.0011
     0100      8   00  00  00  00  00  00  00  00     371.0035
     0100      8   00  00  00  00  00  00  00  00     371.0059
     0100      8   00  00  00  00  00  00  00  00     371.0083
     0100      8   00  00  00  00  00  00  00  00     371.0106
     0100      8   00  00  00  00  00  00  00  00     371.0130
     0100      8   00  00  00  00  00  00  00  00     371.0154
     0100      8   00  00  00  00  00  00  00  00     371.0178
     0100      8   00  00  00  00  00  00  00  00     371.0201
     0100      8   00  00  00  00  00  00  00  00     371.0225
     0100      8   00  00  00  00  00  00  00  00     371.0249
     0100      8   00  00  00  00  00  00  00  00     371.0273
     0100      8   00  00  00  00  00  00  00  00     371.0297
     0100      8   00  00  00  00  00  00  00  00     371.0320
     0100      8   00  00  00  00  00  00  00  00     371.0344
     0100      8   00  00  00  00  00  00  00  00     371.0368
     0100      8   00  00  00  00  00  00  00  00     371.0392
     0100      8   00  00  00  00  00  00  00  00     371.0416
     0100      8   00  00  00  00  00  00  00  00     371.0439
     0100      8   00  00  00  00  00  00  00  00     371.0463
     0100      8   00  00  00  00  00  00  00  00     371.0487
     0100      8   00  00  00  00  00  00  00  00     371.0511
     0100      8   00  00  00  00  00  00  00  00     371.0535
     0100      8   00  00  00  00  00  00  00  00     371.0558
     0100      8   00  00  00  00  00  00  00  00     371.0582
     0100      8   00  00  00  00  00  00  00  00     371.0606
     0100      8   00  00  00  00  00  00  00  00     371.0630
     0100      8   00  00  00  00  00  00  00  00     371.0654
     0100      8   00  00  00  00  00  00  00  00     371.0677
     0100      8   00  00  00  00  00  00  00  00     371.0701
     0100      8   00  00  00  00  00  00  00  00     371.0725
     0100      8   00  00  00  00  00  00  00  00     371.0749
     0100      8   00  00  00  00  00  00  00  00     371.0773
     0100      8   00  00  00  00  00  00  00  00     371.0796
     0100      8   00  00  00  00  00  00  00  00     371.0820
     0100      8   00  00  00  00  00  00  00  00     371.0844
     0100      8   00  00  00  00  00  00  00  00     371.0868
     0100      8   00  00  00  00  00  00  00  00     371.0892
     0100      8   00  00  00  00  00  00  00  00     371.0915
     0100      8   00  00  00  00  00  00  00  00     371.0939
     0100      8   00  00  00  00  00  00  00  00     371.0963
     0100      8   00  00  00  00  00  00  00  00     371.0987
     0100      8   00  00  00  00  00  00  00  00     371.1011
     0100      8   00  00  00  00  00  00  00  00     371.1034
     0100      8   00  00  00  00  00  00  00  00     371.1058
     0100      8   00  00  00  00  00  00  00  00     371.1082
     0100      8   00  00  00  00  00  00  00  00     371.1106
     0100      8   00  00  00  00  00  00  00  00     371.1129
     0100      8   00  00  00  00  00  00  00  00     371.1153
     0100      8   00  00  00  00  00  00  00  00     371.1177
     0100      8   00  00  00  00  00  00  00  00     371.1201
     0100      8   00  00  00  00  00  00  00  00     371.1225
     0100      8   00  00  00  00  00  00  00  00     371.1249
     0100      8   00  00  00  00  00  00  00  00     371.1272
     0100      8   00  00  00  00  00  00  00  00     371.1296
     0100      8   00  00  00  00  00  00  00  00     371.1320
     0100      8   00  00  00  00  00  00  00  00     371.1344
     0100      8   00  00  00  00  00  00  00  00     371.1367
     0100      8   00  00  00  00  00  00  00  00     371.1391
     0100      8   00  00  00  00  00  00  00  00     371.1415
     0100      8   00  00  00  00  00  00  00  00     371.1439
     0100      8   00  00  00  00  00  00  00  00     371.1463
     0100      8   00  00  00  00  00  00  00  00     371.1486
     0100      8   00  00  00  00  00  00  00  00     371.1510
     0100      8   00  00  00  00  00  00  00  00     371.1534
     0100      8   00  00  00  00  00  00  00  00     371.1558
     0100      8   00  00  00  00  00  00  00  00     371.1582
     0100      8   00  00  00  00  00  00  00  00     371.1605
     0100      8   00  00  00  00  00  00  00  00     371.1629
     0100      8   00  00  00  00  00  00  00  00     371.1653
     0100      8   00  00  00  00  00  00  00  00     371.1677
     0100      8   00  00  00  00  00  00  00  00     371.1701
     0100      8   00  00  00  00  00  00  00  00     371.1724
     0100      8   00  00  00  00  00  00  00  00     371.1748
     0100      8   00  00  00  00  00  00  00  00     371.1772
     0100      8   00  00  00  00  00  00  00  00     371.1796
     0100      8   00  00  00  00  00  00  00  00     371.1820
     0100      8   00  00  00  00  00  00  00  00     371.1843
     0100      8   00  00  00  00  00  00  00  00     371.1867
     0100      8   00  00  00  00  00  00  00  00     371.1891
     0100      8   00  00  00  00  00  00  00  00     371.1915
     0100      8   00  00  00  00  00  00  00  00     371.1938
     0100      8   00  00  00  00  00  00  00  00     371.1962
     0100      8   00  00  00  00  00  00  00  00     371.1986
     0100      8   00  00  00  00  00  00  00  00     371.2010
     0100      8   00  00  00  00  00  00  00  00     371.2034
     0100      8   00  00  00  00  00  00  00  00     371.2058
     0100      8   00  00  00  00  00  00  00  00     371.2081
     0100      8   00  00  00  00  00  00  00  00     371.2105
     0100      8   00  00  00  00  00  00  00  00     371.2129
     0100      8   00  00  00  00  00  00  00  00     371.2153
     0100      8   00  00  00  00  00  00  00  00     371.2176
     0100      8   00  00  00  00  00  00  00  00     371.2200
     0100      8   00  00  00  00  00  00  00  00     371.2224
     0100      8   00  00  00  00  00  00  00  00     371.2248
     0100      8   00  00  00  00  00  00  00  00     371.2272
     0100      8   00  00  00  00  00  00  00  00     371.2295
     0100      8   00  00  00  00  00  00  00  00     371.2319
     0100      8   00  00  00  00  00  00  00  00     371.2343
     0100      8   00  00  00  00  00  00  00  00     371.2367
     0100      8   00  00  00  00  00  00  00  00     371.2391
     0100      8   00  00  00  00  00  00  00  00     371.2414
     0100      8   00  00  00  00  00  00  00  00     371.2438
     0100      8   00  00  00  00  00  00  00  00     371.2462
     0100      8   00  00  00  00  00  00  00  00     371.2486
     0100      8   00  00  00  00  00  00  00  00     371.2510
     0100      8   00  00  00  00  00  00  00  00     371.2533
     0100      8   00  00  00  00  00  00  00  00     371.2557
     0100      8   00  00  00  00  00  00  00  00     371.2581
     0100      8   00  00  00  00  00  00  00  00     371.2605
     0100      8   00  00  00  00  00  00  00  00     371.2629
     0100      8   00  00  00  00  00  00  00  00     371.2652
     0100      8   00  00  00  00  00  00  00  00     371.2676
     0100      8   00  00  00  00  00  00  00  00     371.2700
     0100      8   00  00  00  00  00  00  00  00     371.2724
     0100      8   00  00  00  00  00  00  00  00     371.2748
     0100      8   00  00  00  00  00  00  00  00     371.2771
     0100      8   00  00  00  00  00  00  00  00     371.2795
     0100      8   00  00  00  00  00  00  00  00     371.2819
     0100      8   00  00  00  00  00  00  00  00     371.2843
     0100      8   00  00  00  00  00  00  00  00     371.2867
     0100      8   00  00  00  00  00  00  00  00     371.2890
     0100      8   00  00  00  00  00  00  00  00     371.2914
     0100      8   00  00  00  00  00  00  00  00     371.2938
     0100      8   00  00  00  00  00  00  00  00     371.2962
     0100      8   00  00  00  00  00  00  00  00     371.2985
     0100      8   00  00  00  00  00  00  00  00     371.3009
     0100      8   00  00  00  00  00  00  00  00     371.3033
     0100      8   00  00  00  00  00  00  00  00     371.3057
     0100      8   00  00  00  00  00  00  00  00     371.3081
     0100      8   00  00  00  00  00  00  00  00     371.3104
     0100      8   00  00  00  00  00  00  00  00     371.3128
     0100      8   00  00  00  00  00  00  00  00     371.3152
     0100      8   00  00  00  00  00  00  00  00     371.3176
     0100      8   00  00  00  00  00  00  00  00     371.3200
     0100      8   00  00  00  00  00  00  00  00     371.3223
     0100      8   00  00  00  00  00  00  00  00     371.3247
     0100      8   00  00  00  00  00  00  00  00     371.3271
     0100      8   00  00  00  00  00  00  00  00     371.3295
     0100      8   00  00  00  00  00  00  00  00     371.3319
     0100      8   00  00  00  00  00  00  00  00     371.3342
     0100      8   00  00  00  00  00  00  00  00     371.3366
     0100      8   00  00  00  00  00  00  00  00     371.3390
     0100      8   00  00  00  00  00  00  00  00     371.3414
     0100      8   00  00  00  00  00  00  00  00     371.3438
     0100      8   00  00  00  00  00  00  00  00     371.3461
     0100      8   00  00  00  00  00  00  00  00     371.3485
     0100      8   00  00  00  00  00  00  00  00     371.3509
     0100      8   00  00  00  00  00  00  00  00     371.3533
     0100      8   00  00  00  00  00  00  00  00     371.3557
     0100      8   00  00  00  00  00  00  00  00     371.3580
     0100      8   00  00  00  00  00  00  00  00     371.3604
     0100      8   00  00  00  00  00  00  00  00     371.3628
     0100      8   00  00  00  00  00  00  00  00     371.3652
     0100      8   00  00  00  00  00  00  00  00     371.3676
     0100      8   00  00  00  00  00  00  00  00     371.3699
     0100      8   00  00  00  00  00  00  00  00     371.3723
     0100      8   00  00  00  00  00  00  00  00     371.3747
     0100      8   00  00  00  00  00  00  00  00     371.3771
     0100      8   00  00  00  00  00  00  00  00     371.3794
     0100      8   00  00  00  00  00  00  00  00     371.3818
     0100      8   00  00  00  00  00  00  00  00     371.3842
     0100      8   00  00  00  00  00  00  00  00     371.3866
     0100      8   00  00  00  00  00  00  00  00     371.3890
     0100      8   00  00  00  00  00  00  00  00     371.3913
     0100      8   00  00  00  00  00  00  00  00     371.3937
     0100      8   00  00  00  00  00  00  00  00     371.3961
     0100      8   00  00  00  00  00  00  00  00     371.3985
     0100      8   00  00  00  00  00  00  00  00     371.4009
     0100      8   00  00  00  00  00  00  00  00     371.4032
     0100      8   00  00  00  00  00  00  00  00     371.4056
     0100      8   00  00  00  00  00  00  00  00     371.4080
     0100      8   00  00  00  00  00  00  00  00     371.4104
     0100      8   00  00  00  00  00  00  00  00     371.4128
     0100      8   00  00  00  00  00  00  00  00     371.4151
     0100      8   00  00  00  00  00  00  00  00     371.4175
     0100      8   00  00  00  00  00  00  00  00     371.4199
     0100      8   00  00  00  00  00  00  00  00     371.4223
     0100      8   00  00  00  00  00  00  00  00     371.4247
     0100      8   00  00  00  00  00  00  00  00     371.4270
     0100      8   00  00  00  00  00  00  00  00     371.4294
     0100      8   00  00  00  00  00  00  00  00     371.4318
     0100      8   00  00  00  00  00  00  00  00     371.4342
     0100      8   00  00  00  00  00  00  00  00     371.4366
     0100      8   00  00  00  00  00  00  00  00     371.4389
     0100      8   00  00  00  00  00  00  00  00     371.4413
     0100      8   00  00  00  00  00  00  00  00     371.4437
     0100      8   00  00  00  00  00  00  00  00     371.4461
     0100      8   00  00  00  00  00  00  00  00     371.4485
     0100      8   00  00  00  00  00  00  00  00     371.4508
     0100      8   00  00  00  00  00  00  00  00     371.4532
     0100      8   00  00  00  00  00  00  00  00     371.4556
     0100      8   00  00  00  00  00  00  00  00     371.4580
     0100      8   00  00  00  00  00  00  00  00     371.4604
     0100      8   00  00  00  00  00  00  00  00     371.4627
     0100      8   00  00  00  00  00  00  00  00     371.4651
     0100      8   00  00  00  00  00  00  00  00     371.4675
     0100      8   00  00  00  00  00  00  00  00     371.4699
     0100      8   00  00  00  00  00  00  00  00     371.4722
     0100      8   00  00  00  00  00  00  00  00     371.4746
     0100      8   00  00  00  00  00  00  00  00     371.4770
     0100      8   00  00  00  00  00  00  00  00     371.4794
     0100      8   00  00  00  00  00  00  00  00     371.4818
     0100      8   00  00  00  00  00  00  00  00     371.4842
     0100      8   00  00  00  00  00  00  00  00     371.4865
     0100      8   00  00  00  00  00  00  00  00     371.4889
     0100      8   00  00  00  00  00  00  00  00     371.4913
     0100      8   00  00  00  00  00  00  00  00     371.4937
     0100      8   00  00  00  00  00  00  00  00     371.4960
     0100      8   00  00  00  00  00  00  00  00     371.4984
     0100      8   00  00  00  00  00  00  00  00     371.5008
     0100      8   00  00  00  00  00  00  00  00     371.5032
     0100      8   00  00  00  00  00  00  00  00     371.5056
     0100      8   00  00  00  00  00  00  00  00     371.5079
     0100      8   00  00  00  00  00  00  00  00     371.5103
     0100      8   00  00  00  00  00  00  00  00     371.5127
     0100      8   00  00  00  00  00  00  00  00     371.5151
     0100      8   00  00  00  00  00  00  00  00     371.5175
     0100      8   00  00  00  00  00  00  00  00     371.5198
     0100      8   00  00  00  00  00  00  00  00     371.5222
     0100      8   00  00  00  00  00  00  00  00     371.5246
     0100      8   00  00  00  00  00  00  00  00     371.5270
     0100      8   00  00  00  00  00  00  00  00     371.5294
     0100      8   00  00  00  00  00  00  00  00     371.5317
     0100      8   00  00  00  00  00  00  00  00     371.5341
     0100      8   00  00  00  00  00  00  00  00     371.5365
     0100      8   00  00  00  00  00  00  00  00     371.5389
     0100      8   00  00  00  00  00  00  00  00     371.5413
     0100      8   00  00  00  00  00  00  00  00     371.5436
     0100      8   00  00  00  00  00  00  00  00     371.5460
     0100      8   00  00  00  00  00  00  00  00     371.5484
     0100      8   00  00  00  00  00  00  00  00     371.5508
     0100      8   00  00  00  00  00  00  00  00     371.5532
     0100      8   00  00  00  00  00  00  00  00     371.5555
     0100      8   00  00  00  00  00  00  00  00     371.5579
     0100      8   00  00  00  00  00  00  00  00     371.5603
     0100      8   00  00  00  00  00  00  00  00     371.5627
     0100      8   00  00  00  00  00  00  00  00     371.5651
     0100      8   00  00  00  00  00  00  00  00     371.5674
     0100      8   00  00  00  00  00  00  00  00     371.5698
     0100      8   00  00  00  00  00  00  00  00     371.5722
     0100      8   00  00  00  00  00  00  00  00     371.5746
     0100      8   00  00  00  00  00  00  00  00     371.5769
     0100      8   00  00  00  00  00  00  00  00     371.5793
     0100      8   00  00  00  00  00  00  00  00     371.5817
     0100      8   00  00  00  00  00  00  00  00     371.5841
     0100      8   00  00  00  00  00  00  00  00     371.5865
     0100      8   00  00  00  00  00  00  00  00     371.5888
     0100      8   00  00  00  00  00  00  00  00     371.5912
     0100      8   00  00  00  00  00  00  00  00     371.5936
     0100      8   00  00  00  00  00  00  00  00     371.5960
     0100      8   00  00  00  00  00  00  00  00     371.5984
     0100      8   00  00  00  00  00  00  00  00     371.6007
     0100      8   00  00  00  00  00  00  00  00     371.6031
     0100      8   00  00  00  00  00  00  00  00     371.6055
     0100      8   00  00  00  00  00  00  00  00     371.6079
     0100      8   00  00  00  00  00  00  00  00     371.6103
     0100      8   00  00  00  00  00  00  00  00     371.6126
     0100      8   00  00  00  00  00  00  00  00     371.6150
     0100      8   00  00  00  00  00  00  00  00     371.6174
     0100      8   00  00  00  00  00  00  00  00     371.6198
     0100      8   00  00  00  00  00  00  00  00     371.6222
     0100      8   00  00  00  00  00  00  00  00     371.6245
     0100      8   00  00  00  00  00  00  00  00     371.6269
     0100      8   00  00  00  00  00  00  00  00     371.6293
     0100      8   00  00  00  00  00  00  00  00     371.6317
     0100      8   00  00  00  00  00  00  00  00     371.6341
     0100      8   00  00  00  00  00  00  00  00     371.6364
     0100      8   00  00  00  00  00  00  00  00     371.6388
     0100      8   00  00  00  00  00  00  00  00     371.6412
     0100      8   00  00  00  00  00  00  00  00     371.6436
     0100      8   00  00  00  00  00  00  00  00     371.6460
     0100      8   00  00  00  00  00  00  00  00     371.6483
     0100      8   00  00  00  00  00  00  00  00     371.6507
     0100      8   00  00  00  00  00  00  00  00     371.6531
     0100      8   00  00  00  00  00  00  00  00     371.6555
     0100      8   00  00  00  00  00  00  00  00     371.6579
     0100      8   00  00  00  00  00  00  00  00     371.6602
     0100      8   00  00  00  00  00  00  00  00     371.6626
     0100      8   00  00  00  00  00  00  00  00     371.6650
     0100      8   00  00  00  00  00  00  00  00     371.6674
     0100      8   00  00  00  00  00  00  00  00     371.6697
     0100      8   00  00  00  00  00  00  00  00     371.6721
     0100      8   00  00  00  00  00  00  00  00     371.6745
     0100      8   00  00  00  00  00  00  00  00     371.6769
     0100      8   00  00  00  00  00  00  00  00     371.6793
     0100      8   00  00  00  00  00  00  00  00     371.6816
     0100      8   00  00  00  00  00  00  00  00     371.6840
     0100      8   00  00  00  00  00  00  00  00     371.6864
     0100      8   00  00  00  00  00  00  00  00     371.6888
     0100      8   00  00  00  00  00  00  00  00     371.6912
     0100      8   00  00  00  00  00  00  00  00     371.6935
     0100      8   00  00  00  00  00  00  00  00     371.6959
     0100      8   00  00  00  00  00  00  00  00     371.6983
     0100      8   00  00  00  00  00  00  00  00     371.7007
     0100      8   00  00  00  00  00  00  00  00     371.7031
     0100      8   00  00  00  00  00  00  00  00     371.7054
     0100      8   00  00  00  00  00  00  00  00     371.7078
     0100      8   00  00  00  00  00  00  00  00     371.7102
     0100      8   00  00  00  00  00  00  00  00     371.7126
     0100      8   00  00  00  00  00  00  00  00     371.7150
     0100      8   00  00  00  00  00  00  00  00     371.7173
     0100      8   00  00  00  00  00  00  00  00     371.7197
     0100      8   00  00  00  00  00  00  00  00     371.7221
     0100      8   00  00  00  00  00  00  00  00     371.7245
     0100      8   00  00  00  00  00  00  00  00     371.7269
     0100      8   00  00  00  00  00  00  00  00     371.7292
     0100      8   00  00  00  00  00  00  00  00     371.7316
     0100      8   00  00  00  00  00  00  00  00     371.7340
     0100      8   00  00  00  00  00  00  00  00     371.7364
     0100      8   00  00  00  00  00  00  00  00     371.7388
     0100      8   00  00  00  00  00  00  00  00     371.7411
     0100      8   00  00  00  00  00  00  00  00     371.7435
     0100      8   00  00  00  00  00  00  00  00     371.7459
     0100      8   00  00  00  00  00  00  00  00     371.7483
     0100      8   00  00  00  00  00  00  00  00     371.7507
     0100      8   00  00  00  00  00  00  00  00     371.7530
     0100      8   00  00  00  00  00  00  00  00     371.7554
     0100      8   00  00  00  00  00  00  00  00     371.7578
     0100      8   00  00  00  00  00  00  00  00     371.7602
     0100      8   00  00  00  00  00  00  00  00     371.7625
     0100      8   00  00  00  00  00  00  00  00     371.7649
     0100      8   00  00  00  00  00  00  00  00     371.7673
     0100      8   00  00  00  00  00  00  00  00     371.7697
     0100      8   00  00  00  00  00  00  00  00     371.7721
     0100      8   00  00  00  00  00  00  00  00     371.7744
     0100      8   00  00  00  00  00  00  00  00     371.7768
     0100      8   00  00  00  00  00  00  00  00     371.7792
     0100      8   00  00  00  00  00  00  00  00     371.7816
     0100      8   00  00  00  00  00  00  00  00     371.7840
     0100      8   00  00  00  00  00  00  00  00     371.7863
     0100      8   00  00  00  00  00  00  00  00     371.7887
     0100      8   00  00  00  00  00  00  00  00     371.7911
     0100      8   00  00  00  00  00  00  00  00     371.7935
     0100      8   00  00  00  00  00  00  00  00     371.7959
     0100      8   00  00  00  00  00  00  00  00     371.7982
     0100      8   00  00  00  00  00  00  00  00     371.8006
     0100      8   00  00  00  00  00  00  00  00     371.8030
     0100      8   00  00  00  00  00  00  00  00     371.8054
     0100      8   00  00  00  00  00  00  00  00     371.8078
     0100      8   00  00  00  00  00  00  00  00     371.8101
     0100      8   00  00  00  00  00  00  00  00     371.8125
     0100      8   00  00  00  00  00  00  00  00     371.8149
     0100      8   00  00  00  00  00  00  00  00     371.8173
     0100      8   00  00  00  00  00  00  00  00     371.8197
     0100      8   00  00  00  00  00  00  00  00     371.8220
     0100      8   00  00  00  00  00  00  00  00     371.8244
     0100      8   00  00  00  00  00  00  00  00     371.8268
     0100      8   00  00  00  00  00  00  00  00     371.8292
     0100      8   00  00  00  00  00  00  00  00     371.8316
     0100      8   00  00  00  00  00  00  00  00     371.8339
     0100      8   00  00  00  00  00  00  00  00     371.8363
     0100      8   00  00  00  00  00  00  00  00     371.8387
     0100      8   00  00  00  00  00  00  00  00     371.8411
     0100      8   00  00  00  00  00  00  00  00     371.8435
     0100      8   00  00  00  00  00  00  00  00     371.8458
     0100      8   00  00  00  00  00  00  00  00     371.8482
     0100      8   00  00  00  00  00  00  00  00     371.8506
     0100      8   00  00  00  00  00  00  00  00     371.8530
     0100      8   00  00  00  00  00  00  00  00     371.8553
     0100      8   00  00  00  00  00  00  00  00     371.8577
     0100      8   00  00  00  00  00  00  00  00     371.8601
     0100      8   00  00  00  00  00  00  00  00     371.8625
     0100      8   00  00  00  00  00  00  00  00     371.8649
     0100      8   00  00  00  00  00  00  00  00     371.8672
     0100      8   00  00  00  00  00  00  00  00     371.8696
     0100      8   00  00  00  00  00  00  00  00     371.8720
     0100      8   00  00  00  00  00  00  00  00     371.8744
     0100      8   00  00  00  00  00  00  00  00     371.8768
     0100      8   00  00  00  00  00  00  00  00     371.8791
     0100      8   00  00  00  00  00  00  00  00     371.8815
     0100      8   00  00  00  00  00  00  00  00     371.8839
     0100      8   00  00  00  00  00  00  00  00     371.8863
     0100      8   00  00  00  00  00  00  00  00     371.8887
     0100      8   00  00  00  00  00  00  00  00     371.8910
     0100      8   00  00  00  00  00  00  00  00     371.8934
     0100      8   00  00  00  00  00  00  00  00     371.8958
     0100      8   00  00  00  00  00  00  00  00     371.8982
     0100      8   00  00  00  00  00  00  00  00     371.9006
     0100      8   00  00  00  00  00  00  00  00     371.9029
     0100      8   00  00  00  00  00  00  00  00     371.9053
     0100      8   00  00  00  00  00  00  00  00     371.9077
     0100      8   00  00  00  00  00  00  00  00     371.9101
     0100      8   00  00  00  00  00  00  00  00     371.9125
     0100      8   00  00  00  00  00  00  00  00     371.9148
     0100      8   00  00  00  00  00  00  00  00     371.9172
     0100      8   00  00  00  00  00  00  00  00     371.9196
     0100      8   00  00  00  00  00  00  00  00     371.9220
     0100      8   00  00  00  00  00  00  00  00     371.9244
     0100      8   00  00  00  00  00  00  00  00     371.9267
     0100      8   00  00  00  00  00  00  00  00     371.9291
     0100      8   00  00  00  00  00  00  00  00     371.9315
     0100      8   00  00  00  00  00  00  00  00     371.9339
     0100      8   00  00  00  00  00  00  00  00     371.9363
     0100      8   00  00  00  00  00  00  00  00     371.9386
     0100      8   00  00  00  00  00  00  00  00     371.9410
     0100      8   00  00  00  00  00  00  00  00     371.9434
     0100      8   00  00  00  00  00  00  00  00     371.9458
     0100      8   00  00  00  00  00  00  00  00     371.9481
     0100      8   00  00  00  00  00  00  00  00     371.9505
     0100      8   00  00  00  00  00  00  00  00     371.9529
     0100      8   00  00  00  00  00  00  00  00     371.9553
     0100      8   00  00  00  00  00  00  00  00     371.9577
     0100      8   00  00  00  00  00  00  00  00     371.9600
     0100      8   00  00  00  00  00  00  00  00     371.9624
     0100      8   00  00  00  00  00  00  00  00     371.9648
     0100      8   00  00  00  00  00  00  00  00     371.9672
     0100      8   00  00  00  00  00  00  00  00     371.9696
     0100      8   00  00  00  00  00  00  00  00     371.9719
     0100      8   00  00  00  00  00  00  00  00     371.9743
     0100      8   00  00  00  00  00  00  00  00     371.9767
     0100      8   00  00  00  00  00  00  00  00     371.9791
     0100      8   00  00  00  00  00  00  00  00     371.9815
     0100      8   00  00  00  00  00  00  00  00     371.9838
     0100      8   00  00  00  00  00  00  00  00     371.9862
     0100      8   00  00  00  00  00  00  00  00     371.9886
     0100      8   00  00  00  00  00  00  00  00     371.9910
     0100      8   00  00  00  00  00  00  00  00     371.9934
     0100      8   00  00  00  00  00  00  00  00     371.9957
     0100      8   00  00  00  00  00  00  00  00     371.9981
     0100      8   00  00  00  00  00  00  00  00     372.0005
     0100      8   00  00  00  00  00  00  00  00     372.0029
     0100      8   00  00  00  00  00  00  00  00     372.0053
     0100      8   00  00  00  00  00  00  00  00     372.0076
     0100      8   00  00  00  00  00  00  00  00     372.0100
     0100      8   00  00  00  00  00  00  00  00     372.0124
     0100      8   00  00  00  00  00  00  00  00     372.0148
     0100      8   00  00  00  00  00  00  00  00     372.0172
     0100      8   00  00  00  00  00  00  00  00     372.0195
     0100      8   00  00  00  00  00  00  00  00     372.0219
     0100      8   00  00  00  00  00  00  00  00     372.0243
     0100      8   00  00  00  00  00  00  00  00     372.0267
     0100      8   00  00  00  00  00  00  00  00     372.0291
     0100      8   00  00  00  00  00  00  00  00     372.0314
     0100      8   00  00  00  00  00  00  00  00     372.0338
     0100      8   00  00  00  00  00  00  00  00     372.0362
     0100      8   00  00  00  00  00  00  00  00     372.0386
     0100      8   00  00  00  00  00  00  00  00     372.0409
     0100      8   00  00  00  00  00  00  00  00     372.0433
     0100      8   00  00  00  00  00  00  00  00     372.0457
     0100      8   00  00  00  00  00  00  00  00     372.0481
     0100      8   00  00  00  00  00  00  00  00     372.0505
     0100      8   00  00  00  00  00  00  00  00     372.0528
     0100      8   00  00  00  00  00  00  00  00     372.0552
     0100      8   00  00  00  00  00  00  00  00     372.0576
     0100      8   00  00  00  00  00  00  00  00     372.0600
     0100      8   00  00  00  00  00  00  00  00     372.0624
     0100      8   00  00  00  00  00  00  00  00     372.0647
     0100      8   00  00  00  00  00  00  00  00     372.0671
     0100      8   00  00  00  00  00  00  00  00     372.0695
     0100      8   00  00  00  00  00  00  00  00     372.0719
     0100      8   00  00  00  00  00  00  00  00     372.0743
     0100      8   00  00  00  00  00  00  00  00     372.0766
     0100      8   00  00  00  00  00  00  00  00     372.0790
     0100      8   00  00  00  00  00  00  00  00     372.0814
     0100      8   00  00  00  00  00  00  00  00     372.0838
     0100      8   00  00  00  00  00  00  00  00     372.0862
     0100      8   00  00  00  00  00  00  00  00     372.0885
     0100      8   00  00  00  00  00  00  00  00     372.0909
     0100      8   00  00  00  00  00  00  00  00     372.0933
     0100      8   00  00  00  00  00  00  00  00     372.0957
     0100      8   00  00  00  00  00  00  00  00     372.0981
     0100      8   00  00  00  00  00  00  00  00     372.1004
     0100      8   00  00  00  00  00  00  00  00     372.1028
     0100      8   00  00  00  00  00  00  00  00     372.1052
     0100      8   00  00  00  00  00  00  00  00     372.1076
     0100      8   00  00  00  00  00  00  00  00     372.1100
     0100      8   00  00  00  00  00  00  00  00     372.1123
     0100      8   00  00  00  00  00  00  00  00     372.1147
     0100      8   00  00  00  00  00  00  00  00     372.1171
     0100      8   00  00  00  00  00  00  00  00     372.1195
     0100      8   00  00  00  00  00  00  00  00     372.1218
     0100      8   00  00  00  00  00  00  00  00     372.1242
     0100      8   00  00  00  00  00  00  00  00     372.1266
     0100      8   00  00  00  00  00  00  00  00     372.1290
     0100      8   00  00  00  00  00  00  00  00     372.1314
     0100      8   00  00  00  00  00  00  00  00     372.1337
     0100      8   00  00  00  00  00  00  00  00     372.1361
     0100      8   00  00  00  00  00  00  00  00     372.1385
     0100      8   00  00  00  00  00  00  00  00     372.1409
     0100      8   00  00  00  00  00  00  00  00     372.1433
     0100      8   00  00  00  00  00  00  00  00     372.1457
     0100      8   00  00  00  00  00  00  00  00     372.1480
     0100      8   00  00  00  00  00  00  00  00     372.1504
     0100      8   00  00  00  00  00  00  00  00     372.1528
     0100      8   00  00  00  00  00  00  00  00     372.1552
     0100      8   00  00  00  00  00  00  00  00     372.1575
     0100      8   00  00  00  00  00  00  00  00     372.1599
     0100      8   00  00  00  00  00  00  00  00     372.1623
     0100      8   00  00  00  00  00  00  00  00     372.1647
     0100      8   00  00  00  00  00  00  00  00     372.1671
     0100      8   00  00  00  00  00  00  00  00     372.1694
     0100      8   00  00  00  00  00  00  00  00     372.1718
     0100      8   00  00  00  00  00  00  00  00     372.1742
     0100      8   00  00  00  00  00  00  00  00     372.1766
     0100      8   00  00  00  00  00  00  00  00     372.1790
     0100      8   00  00  00  00  00  00  00  00     372.1813
     0100      8   00  00  00  00  00  00  00  00     372.1837
     0100      8   00  00  00  00  00  00  00  00     372.1861
     0100      8   00  00  00  00  00  00  00  00     372.1885
     0100      8   00  00  00  00  00  00  00  00     372.1909
     0100      8   00  00  00  00  00  00  00  00     372.1932
     0100      8   00  00  00  00  00  00  00  00     372.1956
     0100      8   00  00  00  00  00  00  00  00     372.1980
     0100      8   00  00  00  00  00  00  00  00     372.2004
     0100      8   00  00  00  00  00  00  00  00     372.2028
     0100      8   00  00  00  00  00  00  00  00     372.2051
     0100      8   00  00  00  00  00  00  00  00     372.2075
     0100      8   00  00  00  00  00  00  00  00     372.2099
     0100      8   00  00  00  00  00  00  00  00     372.2123
     0100      8   00  00  00  00  00  00  00  00     372.2146
     0100      8   00  00  00  00  00  00  00  00     372.2170
     0100      8   00  00  00  00  00  00  00  00     372.2194
     0100      8   00  00  00  00  00  00  00  00     372.2218
     0100      8   00  00  00  00  00  00  00  00     372.2242
     0100      8   00  00  00  00  00  00  00  00     372.2266
     0100      8   00  00  00  00  00  00  00  00     372.2289
     0100      8   00  00  00  00  00  00  00  00     372.2313
     0100      8   00  00  00  00  00  00  00  00     372.2337
     0100      8   00  00  00  00  00  00  00  00     372.2361
     0100      8   00  00  00  00  00  00  00  00     372.2384
     0100      8   00  00  00  00  00  00  00  00     372.2408
     0100      8   00  00  00  00  00  00  00  00     372.2432
     0100      8   00  00  00  00  00  00  00  00     372.2456
     0100      8   00  00  00  00  00  00  00  00     372.2480
     0100      8   00  00  00  00  00  00  00  00     372.2503
     0100      8   00  00  00  00  00  00  00  00     372.2527
     0100      8   00  00  00  00  00  00  00  00     372.2551
     0100      8   00  00  00  00  00  00  00  00     372.2575
     0100      8   00  00  00  00  00  00  00  00     372.2599
     0100      8   00  00  00  00  00  00  00  00     372.2622
     0100      8   00  00  00  00  00  00  00  00     372.2646
     0100      8   00  00  00  00  00  00  00  00     372.2670
     0100      8   00  00  00  00  00  00  00  00     372.2694
     0100      8   00  00  00  00  00  00  00  00     372.2718
     0100      8   00  00  00  00  00  00  00  00     372.2741
     0100      8   00  00  00  00  00  00  00  00     372.2765
     0100      8   00  00  00  00  00  00  00  00     372.2789
     0100      8   00  00  00  00  00  00  00  00     372.2813
     0100      8   00  00  00  00  00  00  00  00     372.2837
     0100      8   00  00  00  00  00  00  00  00     372.2860
     0100      8   00  00  00  00  00  00  00  00     372.2884
     0100      8   00  00  00  00  00  00  00  00     372.2908
     0100      8   00  00  00  00  00  00  00  00     372.2932
     0100      8   00  00  00  00  00  00  00  00     372.2956
     0100      8   00  00  00  00  00  00  00  00     372.2979
     0100      8   00  00  00  00  00  00  00  00     372.3003
     0100      8   00  00  00  00  00  00  00  00     372.3027
     0100      8   00  00  00  00  00  00  00  00     372.3051
     0100      8   00  00  00  00  00  00  00  00     372.3075
     0100      8   00  00  00  00  00  00  00  00     372.3098
     0100      8   00  00  00  00  00  00  00  00     372.3122
     0100      8   00  00  00  00  00  00  00  00     372.3146
     0100      8   00  00  00  00  00  00  00  00     372.3170
     0100      8   00  00  00  00  00  00  00  00     372.3193
     0100      8   00  00  00  00  00  00  00  00     372.3217
     0100      8   00  00  00  00  00  00  00  00     372.3241
     0100      8   00  00  00  00  00  00  00  00     372.3265
     0100      8   00  00  00  00  00  00  00  00     372.3289
     0100      8   00  00  00  00  00  00  00  00     372.3312
     0100      8   00  00  00  00  00  00  00  00     372.3336
     0100      8   00  00  00  00  00  00  00  00     372.3360
     0100      8   00  00  00  00  00  00  00  00     372.3384
     0100      8   00  00  00  00  00  00  00  00     372.3408
     0100      8   00  00  00  00  00  00  00  00     372.3431
     0100      8   00  00  00  00  00  00  00  00     372.3455
     0100      8   00  00  00  00  00  00  00  00     372.3479
     0100      8   00  00  00  00  00  00  00  00     372.3503
     0100      8   00  00  00  00  00  00  00  00     372.3527
     0100      8   00  00  00  00  00  00  00  00     372.3550
     0100      8   00  00  00  00  00  00  00  00     372.3574
     0100      8   00  00  00  00  00  00  00  00     372.3598
     0100      8   00  00  00  00  00  00  00  00     372.3622
     0100      8   00  00  00  00  00  00  00  00     372.3646
     0100      8   00  00  00  00  00  00  00  00     372.3669
     0100      8   00  00  00  00  00  00  00  00     372.3693
     0100      8   00  00  00  00  00  00  00  00     372.3717
     0100      8   00  00  00  00  00  00  00  00     372.3741
     0100      8   00  00  00  00  00  00  00  00     372.3765
     0100      8   00  00  00  00  00  00  00  00     372.3788
     0100      8   00  00  00  00  00  00  00  00     372.3812
     0100      8   00  00  00  00  00  00  00  00     372.3836
     0100      8   00  00  00  00  00  00  00  00     372.3860
     0100      8   00  00  00  00  00  00  00  00     372.3884
     0100      8   00  00  00  00  00  00  00  00     372.3907
     0100      8   00  00  00  00  00  00  00  00     372.3931
     0100      8   00  00  00  00  00  00  00  00     372.3955
     0100      8   00  00  00  00  00  00  00  00     372.3979
     0100      8   00  00  00  00  00  00  00  00     372.4003
     0100      8   00  00  00  00  00  00  00  00     372.4026
     0100      8   00  00  00  00  00  00  00  00     372.4050
     0100      8   00  00  00  00  00  00  00  00     372.4074
     0100      8   00  00  00  00  00  00  00  00     372.4098
     0100      8   00  00  00  00  00  00  00  00     372.4121
     0100      8   00  00  00  00  00  00  00  00     372.4145
     0100      8   00  00  00  00  00  00  00  00     372.4169
     0100      8   00  00  00  00  00  00  00  00     372.4193
     0100      8   00  00  00  00  00  00  00  00     372.4217
     0100      8   00  00  00  00  00  00  00  00     372.4241
     0100      8   00  00  00  00  00  00  00  00     372.4264
     0100      8   00  00  00  00  00  00  00  00     372.4288
     0100      8   00  00  00  00  00  00  00  00     372.4312
     0100      8   00  00  00  00  00  00  00  00     372.4336
     0100      8   00  00  00  00  00  00  00  00     372.4359
     0100      8   00  00  00  00  00  00  00  00     372.4383
     0100      8   00  00  00  00  00  00  00  00     372.4407
     0100      8   00  00  00  00  00  00  00  00     372.4431
     0100      8   00  00  00  00  00  00  00  00     372.4455
     0100      8   00  00  00  00  00  00  00  00     372.4478
     0100      8   00  00  00  00  00  00  00  00     372.4502
     0100      8   00  00  00  00  00  00  00  00     372.4526
     0100      8   00  00  00  00  00  00  00  00     372.4550
     0100      8   00  00  00  00  00  00  00  00     372.4574
     0100      8   00  00  00  00  00  00  00  00     372.4597
     0100      8   00  00  00  00  00  00  00  00     372.4621
     0100      8   00  00  00  00  00  00  00  00     372.4645
     0100      8   00  00  00  00  00  00  00  00     372.4669
     0100      8   00  00  00  00  00  00  00  00     372.4693
     0100      8   00  00  00  00  00  00  00  00     372.4716
     0100      8   00  00  00  00  00  00  00  00     372.4740
     0100      8   00  00  00  00  00  00  00  00     372.4764
     0100      8   00  00  00  00  00  00  00  00     372.4788
     0100      8   00  00  00  00  00  00  00  00     372.4812
     0100      8   00  00  00  00  00  00  00  00     372.4835
     0100      8   00  00  00  00  00  00  00  00     372.4859
     0100      8   00  00  00  00  00  00  00  00     372.4883
     0100      8   00  00  00  00  00  00  00  00     372.4907
     0100      8   00  00  00  00  00  00  00  00     372.4931
     0100      8   00  00  00  00  00  00  00  00     372.4954
     0100      8   00  00  00  00  00  00  00  00     372.4978
     0100      8   00  00  00  00  00  00  00  00     372.5002
     0100      8   00  00  00  00  00  00  00  00     372.5026
     0100      8   00  00  00  00  00  00  00  00     372.5050
     0100      8   00  00  00  00  00  00  00  00     372.5073
     0100      8   00  00  00  00  00  00  00  00     372.5097
     0100      8   00  00  00  00  00  00  00  00     372.5121
     0100      8   00  00  00  00  00  00  00  00     372.5145
     0100      8   00  00  00  00  00  00  00  00     372.5168
     0100      8   00  00  00  00  00  00  00  00     372.5192
     0100      8   00  00  00  00  00  00  00  00     372.5216
     0100      8   00  00  00  00  00  00  00  00     372.5240
     0100      8   00  00  00  00  00  00  00  00     372.5264
     0100      8   00  00  00  00  00  00  00  00     372.5287
     0100      8   00  00  00  00  00  00  00  00     372.5311
     0100      8   00  00  00  00  00  00  00  00     372.5335
     0100      8   00  00  00  00  00  00  00  00     372.5359
     0100      8   00  00  00  00  00  00  00  00     372.5383
     0100      8   00  00  00  00  00  00  00  00     372.5406
     0100      8   00  00  00  00  00  00  00  00     372.5430
     0100      8   00  00  00  00  00  00  00  00     372.5454
     0100      8   00  00  00  00  00  00  00  00     372.5478
     0100      8   00  00  00  00  00  00  00  00     372.5502
     0100      8   00  00  00  00  00  00  00  00     372.5525
     0100      8   00  00  00  00  00  00  00  00     372.5549
     0100      8   00  00  00  00  00  00  00  00     372.5573
     0100      8   00  00  00  00  00  00  00  00     372.5597
     0100      8   00  00  00  00  00  00  00  00     372.5621
     0100      8   00  00  00  00  00  00  00  00     372.5644
     0100      8   00  00  00  00  00  00  00  00     372.5668
     0100      8   00  00  00  00  00  00  00  00     372.5692
     0100      8   00  00  00  00  00  00  00  00     372.5716
     0100      8   00  00  00  00  00  00  00  00     372.5740
     0100      8   00  00  00  00  00  00  00  00     372.5763
     0100      8   00  00  00  00  00  00  00  00     372.5787
     0100      8   00  00  00  00  00  00  00  00     372.5811
     0100      8   00  00  00  00  00  00  00  00     372.5835
     0100      8   00  00  00  00  00  00  00  00     372.5859
     0100      8   00  00  00  00  00  00  00  00     372.5882
     0100      8   00  00  00  00  00  00  00  00     372.5906
     0100      8   00  00  00  00  00  00  00  00     372.5930
     0100      8   00  00  00  00  00  00  00  00     372.5954
     0100      8   00  00  00  00  00  00  00  00     372.5977
     0100      8   00  00  00  00  00  00  00  00     372.6001
     0100      8   00  00  00  00  00  00  00  00     372.6025
     0100      8   00  00  00  00  00  00  00  00     372.6049
     0100      8   00  00  00  00  00  00  00  00     372.6073
     0100      8   00  00  00  00  00  00  00  00     372.6096
     0100      8   00  00  00  00  00  00  00  00     372.6120
     0100      8   00  00  00  00  00  00  00  00     372.6144
     0100      8   00  00  00  00  00  00  00  00     372.6168
     0100      8   00  00  00  00  00  00  00  00     372.6192
     0100      8   00  00  00  00  00  00  00  00     372.6215
     0100      8   00  00  00  00  00  00  00  00     372.6239
     0100      8   00  00  00  00  00  00  00  00     372.6263
     0100      8   00  00  00  00  00  00  00  00     372.6287
     0100      8   00  00  00  00  00  00  00  00     372.6311
     0100      8   00  00  00  00  00  00  00  00     372.6334
     0100      8   00  00  00  00  00  00  00  00     372.6358
     0100      8   00  00  00  00  00  00  00  00     372.6382
     0100      8   00  00  00  00  00  00  00  00     372.6406
     0100      8   00  00  00  00  00  00  00  00     372.6430
     0100      8   00  00  00  00  00  00  00  00     372.6453
     0100      8   00  00  00  00  00  00  00  00     372.6477
     0100      8   00  00  00  00  00  00  00  00     372.6501
     0100      8   00  00  00  00  00  00  00  00     372.6525
     0100      8   00  00  00  00  00  00  00  00     372.6549
     0100      8   00  00  00  00  00  00  00  00     372.6572
     0100      8   00  00  00  00  00  00  00  00     372.6596
     0100      8   00  00  00  00  00  00  00  00     372.6620
     0100      8   00  00  00  00  00  00  00  00     372.6644
     0100      8   00  00  00  00  00  00  00  00     372.6668
     0100      8   00  00  00  00  00  00  00  00     372.6691
     0100      8   00  00  00  00  00  00  00  00     372.6715
     0100      8   00  00  00  00  00  00  00  00     372.6739
     0100      8   00  00  00  00  00  00  00  00     372.6763
     0100      8   00  00  00  00  00  00  00  00     372.6787
     0100      8   00  00  00  00  00  00  00  00     372.6810
     0100      8   00  00  00  00  00  00  00  00     372.6834
     0100      8   00  00  00  00  00  00  00  00     372.6858
     0100      8   00  00  00  00  00  00  00  00     372.6882
     0100      8   00  00  00  00  00  00  00  00     372.6905
     0100      8   00  00  00  00  00  00  00  00     372.6929
     0100      8   00  00  00  00  00  00  00  00     372.6953
     0100      8   00  00  00  00  00  00  00  00     372.6977
     0100      8   00  00  00  00  00  00  00  00     372.7001
     0100      8   00  00  00  00  00  00  00  00     372.7025
     0100      8   00  00  00  00  00  00  00  00     372.7048
     0100      8   00  00  00  00  00  00  00  00     372.7072
     0100      8   00  00  00  00  00  00  00  00     372.7096
     0100      8   00  00  00  00  00  00  00  00     372.7120
     0100      8   00  00  00  00  00  00  00  00     372.7143
     0100      8   00  00  00  00  00  00  00  00     372.7167
     0100      8   00  00  00  00  00  00  00  00     372.7191
     0100      8   00  00  00  00  00  00  00  00     372.7215
     0100      8   00  00  00  00  00  00  00  00     372.7239
     0100      8   00  00  00  00  00  00  00  00     372.7262
     0100      8   00  00  00  00  00  00  00  00     372.7286
     0100      8   00  00  00  00  00  00  00  00     372.7310
     0100      8   00  00  00  00  00  00  00  00     372.7334
     0100      8   00  00  00  00  00  00  00  00     372.7358
     0100      8   00  00  00  00  00  00  00  00     372.7381
     0100      8   00  00  00  00  00  00  00  00     372.7405
     0100      8   00  00  00  00  00  00  00  00     372.7429
     0100      8   00  00  00  00  00  00  00  00     372.7453
     0100      8   00  00  00  00  00  00  00  00     372.7477
     0100      8   00  00  00  00  00  00  00  00     372.7500
     0100      8   00  00  00  00  00  00  00  00     372.7524
     0100      8   00  00  00  00  00  00  00  00     372.7548
     0100      8   00  00  00  00  00  00  00  00     372.7572
     0100      8   00  00  00  00  00  00  00  00     372.7596
     0100      8   00  00  00  00  00  00  00  00     372.7619
     0100      8   00  00  00  00  00  00  00  00     372.7643
     0100      8   00  00  00  00  00  00  00  00     372.7667
     0100      8   00  00  00  00  00  00  00  00     372.7691
     0100      8   00  00  00  00  00  00  00  00     372.7715
     0100      8   00  00  00  00  00  00  00  00     372.7738
     0100      8   00  00  00  00  00  00  00  00     372.7762
     0100      8   00  00  00  00  00  00  00  00     372.7786
     0100      8   00  00  00  00  00  00  00  00     372.7810
     0100      8   00  00  00  00  00  00  00  00     372.7834
     0100      8   00  00  00  00  00  00  00  00     372.7857
     0100      8   00  00  00  00  00  00  00  00     372.7881
     0100      8   00  00  00  00  00  00  00  00     372.7905
     0100      8   00  00  00  00  00  00  00  00     372.7929
     0100      8   00  00  00  00  00  00  00  00     372.7952
     0100      8   00  00  00  00  00  00  00  00     372.7976
     0100      8   00  00  00  00  00  00  00  00     372.8000
     0100      8   00  00  00  00  00  00  00  00     372.8024
     0100      8   00  00  00  00  00  00  00  00     372.8048
     0100      8   00  00  00  00  00  00  00  00     372.8071
     0100      8   00  00  00  00  00  00  00  00     372.8095
     0100      8   00  00  00  00  00  00  00  00     372.8119
     0100      8   00  00  00  00  00  00  00  00     372.8143
     0100      8   00  00  00  00  00  00  00  00     372.8167
     0100      8   00  00  00  00  00  00  00  00     372.8190
     0100      8   00  00  00  00  00  00  00  00     372.8214
     0100      8   00  00  00  00  00  00  00  00     372.8238
     0100      8   00  00  00  00  00  00  00  00     372.8262
     0100      8   00  00  00  00  00  00  00  00     372.8286
     0100      8   00  00  00  00  00  00  00  00     372.8309
     0100      8   00  00  00  00  00  00  00  00     372.8333
     0100      8   00  00  00  00  00  00  00  00     372.8357
     0100      8   00  00  00  00  00  00  00  00     372.8381
     0100      8   00  00  00  00  00  00  00  00     372.8405
     0100      8   00  00  00  00  00  00  00  00     372.8428
     0100      8   00  00  00  00  00  00  00  00     372.8452
     0100      8   00  00  00  00  00  00  00  00     372.8476
     0100      8   00  00  00  00  00  00  00  00     372.8500
     0100      8   00  00  00  00  00  00  00  00     372.8524
     0100      8   00  00  00  00  00  00  00  00     372.8547
     0100      8   00  00  00  00  00  00  00  00     372.8571
     0100      8   00  00  00  00  00  00  00  00     372.8595
     0100      8   00  00  00  00  00  00  00  00     372.8619
     0100      8   00  00  00  00  00  00  00  00     372.8643
     0100      8   00  00  00  00  00  00  00  00     372.8666
     0100      8   00  00  00  00  00  00  00  00     372.8690
     0100      8   00  00  00  00  00  00  00  00     372.8714
     0100      8   00  00  00  00  00  00  00  00     372.8738
     0100      8   00  00  00  00  00  00  00  00     372.8761
     0100      8   00  00  00  00  00  00  00  00     372.8785
     0100      8   00  00  00  00  00  00  00  00     372.8809
     0100      8   00  00  00  00  00  00  00  00     372.8833
     0100      8   00  00  00  00  00  00  00  00     372.8857
     0100      8   00  00  00  00  00  00  00  00     372.8880
     0100      8   00  00  00  00  00  00  00  00     372.8904
     0100      8   00  00  00  00  00  00  00  00     372.8928
     0100      8   00  00  00  00  00  00  00  00     372.8952
     0100      8   00  00  00  00  00  00  00  00     372.8976
     0100      8   00  00  00  00  00  00  00  00     372.8999
     0100      8   00  00  00  00  00  00  00  00     372.9023
     0100      8   00  00  00  00  00  00  00  00     372.9047
     0100      8   00  00  00  00  00  00  00  00     372.9071
     0100      8   00  00  00  00  00  00  00  00     372.9095
     0100      8   00  00  00  00  00  00  00  00     372.9118
     0100      8   00  00  00  00  00  00  00  00     372.9142
     0100      8   00  00  00  00  00  00  00  00     372.9166
     0100      8   00  00  00  00  00  00  00  00     372.9190
     0100      8   00  00  00  00  00  00  00  00     372.9214
     0100      8   00  00  00  00  00  00  00  00     372.9237
     0100      8   00  00  00  00  00  00  00  00     372.9261
     0100      8   00  00  00  00  00  00  00  00     372.9285
     0100      8   00  00  00  00  00  00  00  00     372.9309
     0100      8   00  00  00  00  00  00  00  00     372.9333
     0100      8   00  00  00  00  00  00  00  00     372.9356
     0100      8   00  00  00  00  00  00  00  00     372.9380
     0100      8   00  00  00  00  00  00  00  00     372.9404
     0100      8   00  00  00  00  00  00  00  00     372.9428
     0100      8   00  00  00  00  00  00  00  00     372.9452
     0100      8   00  00  00  00  00  00  00  00     372.9475
     0100      8   00  00  00  00  00  00  00  00     372.9499
     0100      8   00  00  00  00  00  00  00  00     372.9523
     0100      8   00  00  00  00  00  00  00  00     372.9547
     0100      8   00  00  00  00  00  00  00  00     372.9571
     0100      8   00  00  00  00  00  00  00  00     372.9594
     0100      8   00  00  00  00  00  00  00  00     372.9618
     0100      8   00  00  00  00  00  00  00  00     372.9642
     0100      8   00  00  00  00  00  00  00  00     372.9666
     0100      8   00  00  00  00  00  00  00  00     372.9689
     0100      8   00  00  00  00  00  00  00  00     372.9713
     0100      8   00  00  00  00  00  00  00  00     372.9737
     0100      8   00  00  00  00  00  00  00  00     372.9761
     0100      8   00  00  00  00  00  00  00  00     372.9785
     0100      8   00  00  00  00  00  00  00  00     372.9808
     0100      8   00  00  00  00  00  00  00  00     372.9832
     0100      8   00  00  00  00  00  00  00  00     372.9856
     0100      8   00  00  00  00  00  00  00  00     372.9880
     0100      8   00  00  00  00  00  00  00  00     372.9904
     0100      8   00  00  00  00  00  00  00  00     372.9927
     0100      8   00  00  00  00  00  00  00  00     372.9951
     0100      8   00  00  00  00  00  00  00  00     372.9975
     0100      8   00  00  00  00  00  00  00  00     372.9999
     0100      8   00  00  00  00  00  00  00  00     373.0023
     0100      8   00  00  00  00  00  00  00  00     373.0046
     0100      8   00  00  00  00  00  00  00  00     373.0070
     0100      8   00  00  00  00  00  00  00  00     373.0094
     0100      8   00  00  00  00  00  00  00  00     373.0118
     0100      8   00  00  00  00  00  00  00  00     373.0142
     0100      8   00  00  00  00  00  00  00  00     373.0165
     0100      8   00  00  00  00  00  00  00  00     373.0189
     0100      8   00  00  00  00  00  00  00  00     373.0213
     0100      8   00  00  00  00  00  00  00  00     373.0237
     0100      8   00  00  00  00  00  00  00  00     373.0261
     0100      8   00  00  00  00  00  00  00  00     373.0284
     0100      8   00  00  00  00  00  00  00  00     373.0308
     0100      8   00  00  00  00  00  00  00  00     373.0332
     0100      8   00  00  00  00  00  00  00  00     373.0356
     0100      8   00  00  00  00  00  00  00  00     373.0380
     0100      8   00  00  00  00  00  00  00  00     373.0403
     0100      8   00  00  00  00  00  00  00  00     373.0427
     0100      8   00  00  00  00  00  00  00  00     373.0451
     0100      8   00  00  00  00  00  00  00  00     373.0475
     0100      8   00  00  00  00  00  00  00  00     373.0499
     0100      8   00  00  00  00  00  00  00  00     373.0522
     0100      8   00  00  00  00  00  00  00  00     373.0546
     0100      8   00  00  00  00  00  00  00  00     373.0570
     0100      8   00  00  00  00  00  00  00  00     373.0594
     0100      8   00  00  00  00  00  00  00  00     373.0617
     0100      8   00  00  00  00  00  00  00  00     373.0641
     0100      8   00  00  00  00  00  00  00  00     373.0665
     0100      8   00  00  00  00  00  00  00  00     373.0689
     0100      8   00  00  00  00  00  00  00  00     373.0713
     0100      8   00  00  00  00  00  00  00  00     373.0736
     0100      8   00  00  00  00  00  00  00  00     373.0760
     0100      8   00  00  00  00  00  00  00  00     373.0784
     0100      8   00  00  00  00  00  00  00  00     373.0808
     0100      8   00  00  00  00  00  00  00  00     373.0832
     0100      8   00  00  00  00  00  00  00  00     373.0855
     0100      8   00  00  00  00  00  00  00  00     373.0879
     0100      8   00  00  00  00  00  00  00  00     373.0903
     0100      8   00  00  00  00  00  00  00  00     373.0927
     0100      8   00  00  00  00  00  00  00  00     373.0951
     0100      8   00  00  00  00  00  00  00  00     373.0974
     0100      8   00  00  00  00  00  00  00  00     373.0998
     0100      8   00  00  00  00  00  00  00  00     373.1022
     0100      8   00  00  00  00  00  00  00  00     373.1046
     0100      8   00  00  00  00  00  00  00  00     373.1070
     0100      8   00  00  00  00  00  00  00  00     373.1093
     0100      8   00  00  00  00  00  00  00  00     373.1117
     0100      8   00  00  00  00  00  00  00  00     373.1141
     0100      8   00  00  00  00  00  00  00  00     373.1165
     0100      8   00  00  00  00  00  00  00  00     373.1189
     0100      8   00  00  00  00  00  00  00  00     373.1212
     0100      8   00  00  00  00  00  00  00  00     373.1236
     0100      8   00  00  00  00  00  00  00  00     373.1260
     0100      8   00  00  00  00  00  00  00  00     373.1284
     0100      8   00  00  00  00  00  00  00  00     373.1308
     0100      8   00  00  00  00  00  00  00  00     373.1331
     0100      8   00  00  00  00  00  00  00  00     373.1355
     0100      8   00  00  00  00  00  00  00  00     373.1379
     0100      8   00  00  00  00  00  00  00  00     373.1403
     0100      8   00  00  00  00  00  00  00  00     373.1427
     0100      8   00  00  00  00  00  00  00  00     373.1450
     0100      8   00  00  00  00  00  00  00  00     373.1474
     0100      8   00  00  00  00  00  00  00  00     373.1498
     0100      8   00  00  00  00  00  00  00  00     373.1522
     0100      8   00  00  00  00  00  00  00  00     373.1545
     0100      8   00  00  00  00  00  00  00  00     373.1569
     0100      8   00  00  00  00  00  00  00  00     373.1593
     0100      8   00  00  00  00  00  00  00  00     373.1617
     0100      8   00  00  00  00  00  00  00  00     373.1641
     0100      8   00  00  00  00  00  00  00  00     373.1664
     0100      8   00  00  00  00  00  00  00  00     373.1688
     0100      8   00  00  00  00  00  00  00  00     373.1712
     0100      8   00  00  00  00  00  00  00  00     373.1736
     0100      8   00  00  00  00  00  00  00  00     373.1760
     0100      8   00  00  00  00  00  00  00  00     373.1783
     0100      8   00  00  00  00  00  00  00  00     373.1807
     0100      8   00  00  00  00  00  00  00  00     373.1831
     0100      8   00  00  00  00  00  00  00  00     373.1855
     0100      8   00  00  00  00  00  00  00  00     373.1879
     0100      8   00  00  00  00  00  00  00  00     373.1902
     0100      8   00  00  00  00  00  00  00  00     373.1926
     0100      8   00  00  00  00  00  00  00  00     373.1950
     0100      8   00  00  00  00  00  00  00  00     373.1974
     0100      8   00  00  00  00  00  00  00  00     373.1998
     0100      8   00  00  00  00  00  00  00  00     373.2021
     0100      8   00  00  00  00  00  00  00  00     373.2045
     0100      8   00  00  00  00  00  00  00  00     373.2069
     0100      8   00  00  00  00  00  00  00  00     373.2093
     0100      8   00  00  00  00  00  00  00  00     373.2117
     0100      8   00  00  00  00  00  00  00  00     373.2140
     0100      8   00  00  00  00  00  00  00  00     373.2164
     0100      8   00  00  00  00  00  00  00  00     373.2188
     0100      8   00  00  00  00  00  00  00  00     373.2212
     0100      8   00  00  00  00  00  00  00  00     373.2236
     0100      8   00  00  00  00  00  00  00  00     373.2259
     0100      8   00  00  00  00  00  00  00  00     373.2283
     0100      8   00  00  00  00  00  00  00  00     373.2307
     0100      8   00  00  00  00  00  00  00  00     373.2331
     0100      8   00  00  00  00  00  00  00  00     373.2355
     0100      8   00  00  00  00  00  00  00  00     373.2378
     0100      8   00  00  00  00  00  00  00  00     373.2402
     0100      8   00  00  00  00  00  00  00  00     373.2426
     0100      8   00  00  00  00  00  00  00  00     373.2450
     0100      8   00  00  00  00  00  00  00  00     373.2473
     0100      8   00  00  00  00  00  00  00  00     373.2497
     0100      8   00  00  00  00  00  00  00  00     373.2521
     0100      8   00  00  00  00  00  00  00  00     373.2545
     0100      8   00  00  00  00  00  00  00  00     373.2569
     0100      8   00  00  00  00  00  00  00  00     373.2592
     0100      8   00  00  00  00  00  00  00  00     373.2616
     0100      8   00  00  00  00  00  00  00  00     373.2640
     0100      8   00  00  00  00  00  00  00  00     373.2664
     0100      8   00  00  00  00  00  00  00  00     373.2688
     0100      8   00  00  00  00  00  00  00  00     373.2711
     0100      8   00  00  00  00  00  00  00  00     373.2735
     0100      8   00  00  00  00  00  00  00  00     373.2759
     0100      8   00  00  00  00  00  00  00  00     373.2783
     0100      8   00  00  00  00  00  00  00  00     373.2807
     0100      8   00  00  00  00  00  00  00  00     373.2830
     0100      8   00  00  00  00  00  00  00  00     373.2854
     0100      8   00  00  00  00  00  00  00  00     373.2878
     0100      8   00  00  00  00  00  00  00  00     373.2902
     0100      8   00  00  00  00  00  00  00  00     373.2926
     0100      8   00  00  00  00  00  00  00  00     373.2949
     0100      8   00  00  00  00  00  00  00  00     373.2973
     0100      8   00  00  00  00  00  00  00  00     373.2997
     0100      8   00  00  00  00  00  00  00  00     373.3021
     0100      8   00  00  00  00  00  00  00  00     373.3045
     0100      8   00  00  00  00  00  00  00  00     373.3068
     0100      8   00  00  00  00  00  00  00  00     373.3092
     0100      8   00  00  00  00  00  00  00  00     373.3116
     0100      8   00  00  00  00  00  00  00  00     373.3140
     0100      8   00  00  00  00  00  00  00  00     373.3164
     0100      8   00  00  00  00  00  00  00  00     373.3187
     0100      8   00  00  00  00  00  00  00  00     373.3211
     0100      8   00  00  00  00  00  00  00  00     373.3235
     0100      8   00  00  00  00  00  00  00  00     373.3259
     0100      8   00  00  00  00  00  00  00  00     373.3283
     0100      8   00  00  00  00  00  00  00  00     373.3306
     0100      8   00  00  00  00  00  00  00  00     373.3330
     0100      8   00  00  00  00  00  00  00  00     373.3354
     0100      8   00  00  00  00  00  00  00  00     373.3378
     0100      8   00  00  00  00  00  00  00  00     373.3401
     0100      8   00  00  00  00  00  00  00  00     373.3425
     0100      8   00  00  00  00  00  00  00  00     373.3449
     0100      8   00  00  00  00  00  00  00  00     373.3473
     0100      8   00  00  00  00  00  00  00  00     373.3497
     0100      8   00  00  00  00  00  00  00  00     373.3520
     0100      8   00  00  00  00  00  00  00  00     373.3544
     0100      8   00  00  00  00  00  00  00  00     373.3568
     0100      8   00  00  00  00  00  00  00  00     373.3592
     0100      8   00  00  00  00  00  00  00  00     373.3616
     0100      8   00  00  00  00  00  00  00  00     373.3640
     0100      8   00  00  00  00  00  00  00  00     373.3663
     0100      8   00  00  00  00  00  00  00  00     373.3687
     0100      8   00  00  00  00  00  00  00  00     373.3711
     0100      8   00  00  00  00  00  00  00  00     373.3735
     0100      8   00  00  00  00  00  00  00  00     373.3758
     0100      8   00  00  00  00  00  00  00  00     373.3782
     0100      8   00  00  00  00  00  00  00  00     373.3806
     0100      8   00  00  00  00  00  00  00  00     373.3830
     0100      8   00  00  00  00  00  00  00  00     373.3854
     0100      8   00  00  00  00  00  00  00  00     373.3877
     0100      8   00  00  00  00  00  00  00  00     373.3901
     0100      8   00  00  00  00  00  00  00  00     373.3925
     0100      8   00  00  00  00  00  00  00  00     373.3949
     0100      8   00  00  00  00  00  00  00  00     373.3973
     0100      8   00  00  00  00  00  00  00  00     373.3996
     0100      8   00  00  00  00  00  00  00  00     373.4020
     0100      8   00  00  00  00  00  00  00  00     373.4044
     0100      8   00  00  00  00  00  00  00  00     373.4068
     0100      8   00  00  00  00  00  00  00  00     373.4092
     0100      8   00  00  00  00  00  00  00  00     373.4115
     0100      8   00  00  00  00  00  00  00  00     373.4139
     0100      8   00  00  00  00  00  00  00  00     373.4163
     0100      8   00  00  00  00  00  00  00  00     373.4187
     0100      8   00  00  00  00  00  00  00  00     373.4211
     0100      8   00  00  00  00  00  00  00  00     373.4234
     0100      8   00  00  00  00  00  00  00  00     373.4258
     0100      8   00  00  00  00  00  00  00  00     373.4282
     0100      8   00  00  00  00  00  00  00  00     373.4306
     0100      8   00  00  00  00  00  00  00  00     373.4330
     0100      8   00  00  00  00  00  00  00  00     373.4353
     0100      8   00  00  00  00  00  00  00  00     373.4377
     0100      8   00  00  00  00  00  00  00  00     373.4401
     0100      8   00  00  00  00  00  00  00  00     373.4425
     0100      8   00  00  00  00  00  00  00  00     373.4449
     0100      8   00  00  00  00  00  00  00  00     373.4472
     0100      8   00  00  00  00  00  00  00  00     373.4496
     0100      8   00  00  00  00  00  00  00  00     373.4520
     0100      8   00  00  00  00  00  00  00  00     373.4544
     0100      8   00  00  00  00  00  00  00  00     373.4567
     0100      8   00  00  00  00  00  00  00  00     373.4591
     0100      8   00  00  00  00  00  00  00  00     373.4615
     0100      8   00  00  00  00  00  00  00  00     373.4639
     0100      8   00  00  00  00  00  00  00  00     373.4663
     0100      8   00  00  00  00  00  00  00  00     373.4686
     0100      8   00  00  00  00  00  00  00  00     373.4710
     0100      8   00  00  00  00  00  00  00  00     373.4734
     0100      8   00  00  00  00  00  00  00  00     373.4758
     0100      8   00  00  00  00  00  00  00  00     373.4782
     0100      8   00  00  00  00  00  00  00  00     373.4805
     0100      8   00  00  00  00  00  00  00  00     373.4829
     0100      8   00  00  00  00  00  00  00  00     373.4853
     0100      8   00  00  00  00  00  00  00  00     373.4877
     0100      8   00  00  00  00  00  00  00  00     373.4901
     0100      8   00  00  00  00  00  00  00  00     373.4924
     0100      8   00  00  00  00  00  00  00  00     373.4948
     0100      8   00  00  00  00  00  00  00  00     373.4972
     0100      8   00  00  00  00  00  00  00  00     373.4996
     0100      8   00  00  00  00  00  00  00  00     373.5020
     0100      8   00  00  00  00  00  00  00  00     373.5043
     0100      8   00  00  00  00  00  00  00  00     373.5067
     0100      8   00  00  00  00  00  00  00  00     373.5091
     0100      8   00  00  00  00  00  00  00  00     373.5115
     0100      8   00  00  00  00  00  00  00  00     373.5139
     0100      8   00  00  00  00  00  00  00  00     373.5162
     0100      8   00  00  00  00  00  00  00  00     373.5186
     0100      8   00  00  00  00  00  00  00  00     373.5210
     0100      8   00  00  00  00  00  00  00  00     373.5234
     0100      8   00  00  00  00  00  00  00  00     373.5257
     0100      8   00  00  00  00  00  00  00  00     373.5281
     0100      8   00  00  00  00  00  00  00  00     373.5305
     0100      8   00  00  00  00  00  00  00  00     373.5329
     0100      8   00  00  00  00  00  00  00  00     373.5353
     0100      8   00  00  00  00  00  00  00  00     373.5376
     0100      8   00  00  00  00  00  00  00  00     373.5400
     0100      8   00  00  00  00  00  00  00  00     373.5424
     0100      8   00  00  00  00  00  00  00  00     373.5448
     0100      8   00  00  00  00  00  00  00  00     373.5472
     0100      8   00  00  00  00  00  00  00  00     373.5495
     0100      8   00  00  00  00  00  00  00  00     373.5519
     0100      8   00  00  00  00  00  00  00  00     373.5543
     0100      8   00  00  00  00  00  00  00  00     373.5567
     0100      8   00  00  00  00  00  00  00  00     373.5591
     0100      8   00  00  00  00  00  00  00  00     373.5614
     0100      8   00  00  00  00  00  00  00  00     373.5638
     0100      8   00  00  00  00  00  00  00  00     373.5662
     0100      8   00  00  00  00  00  00  00  00     373.5686
     0100      8   00  00  00  00  00  00  00  00     373.5710
     0100      8   00  00  00  00  00  00  00  00     373.5733
     0100      8   00  00  00  00  00  00  00  00     373.5757
     0100      8   00  00  00  00  00  00  00  00     373.5781
     0100      8   00  00  00  00  00  00  00  00     373.5805
     0100      8   00  00  00  00  00  00  00  00     373.5829
     0100      8   00  00  00  00  00  00  00  00     373.5852
     0100      8   00  00  00  00  00  00  00  00     373.5876
     0100      8   00  00  00  00  00  00  00  00     373.5900
     0100      8   00  00  00  00  00  00  00  00     373.5924
     0100      8   00  00  00  00  00  00  00  00     373.5948
     0100      8   00  00  00  00  00  00  00  00     373.5971
     0100      8   00  00  00  00  00  00  00  00     373.5995
     0100      8   00  00  00  00  00  00  00  00     373.6019
     0100      8   00  00  00  00  00  00  00  00     373.6043
     0100      8   00  00  00  00  00  00  00  00     373.6067
     0100      8   00  00  00  00  00  00  00  00     373.6090
     0100      8   00  00  00  00  00  00  00  00     373.6114
     0100      8   00  00  00  00  00  00  00  00     373.6138
     0100      8   00  00  00  00  00  00  00  00     373.6162
     0100      8   00  00  00  00  00  00  00  00     373.6185
     0100      8   00  00  00  00  00  00  00  00     373.6209
     0100      8   00  00  00  00  00  00  00  00     373.6233
     0100      8   00  00  00  00  00  00  00  00     373.6257
     0100      8   00  00  00  00  00  00  00  00     373.6281
     0100      8   00  00  00  00  00  00  00  00     373.6304
     0100      8   00  00  00  00  00  00  00  00     373.6328
     0100      8   00  00  00  00  00  00  00  00     373.6352
     0100      8   00  00  00  00  00  00  00  00     373.6376
     0100      8   00  00  00  00  00  00  00  00     373.6400
     0100      8   00  00  00  00  00  00  00  00     373.6424
     0100      8   00  00  00  00  00  00  00  00     373.6447
     0100      8   00  00  00  00  00  00  00  00     373.6471
     0100      8   00  00  00  00  00  00  00  00     373.6495
     0100      8   00  00  00  00  00  00  00  00     373.6519
     0100      8   00  00  00  00  00  00  00  00     373.6542
     0100      8   00  00  00  00  00  00  00  00     373.6566
     0100      8   00  00  00  00  00  00  00  00     373.6590
     0100      8   00  00  00  00  00  00  00  00     373.6614
     0100      8   00  00  00  00  00  00  00  00     373.6638
     0100      8   00  00  00  00  00  00  00  00     373.6661
     0100      8   00  00  00  00  00  00  00  00     373.6685
     0100      8   00  00  00  00  00  00  00  00     373.6709
     0100      8   00  00  00  00  00  00  00  00     373.6733
     0100      8   00  00  00  00  00  00  00  00     373.6757
     0100      8   00  00  00  00  00  00  00  00     373.6780
     0100      8   00  00  00  00  00  00  00  00     373.6804
     0100      8   00  00  00  00  00  00  00  00     373.6828
     0100      8   00  00  00  00  00  00  00  00     373.6852
     0100      8   00  00  00  00  00  00  00  00     373.6876
     0100      8   00  00  00  00  00  00  00  00     373.6899
     0100      8   00  00  00  00  00  00  00  00     373.6923
     0100      8   00  00  00  00  00  00  00  00     373.6947
     0100      8   00  00  00  00  00  00  00  00     373.6971
     0100      8   00  00  00  00  00  00  00  00     373.6995
     0100      8   00  00  00  00  00  00  00  00     373.7018
     0100      8   00  00  00  00  00  00  00  00     373.7042
     0100      8   00  00  00  00  00  00  00  00     373.7066
     0100      8   00  00  00  00  00  00  00  00     373.7090
     0100      8   00  00  00  00  00  00  00  00     373.7113
     0100      8   00  00  00  00  00  00  00  00     373.7137
     0100      8   00  00  00  00  00  00  00  00     373.7161
     0100      8   00  00  00  00  00  00  00  00     373.7185
     0100      8   00  00  00  00  00  00  00  00     373.7209
     0100      8   00  00  00  00  00  00  00  00     373.7233
     0100      8   00  00  00  00  00  00  00  00     373.7256
     0100      8   00  00  00  00  00  00  00  00     373.7280
     0100      8   00  00  00  00  00  00  00  00     373.7304
     0100      8   00  00  00  00  00  00  00  00     373.7328
     0100      8   00  00  00  00  00  00  00  00     373.7351
     0100      8   00  00  00  00  00  00  00  00     373.7375
     0100      8   00  00  00  00  00  00  00  00     373.7399
     0100      8   00  00  00  00  00  00  00  00     373.7423
     0100      8   00  00  00  00  00  00  00  00     373.7447
     0100      8   00  00  00  00  00  00  00  00     373.7470
     0100      8   00  00  00  00  00  00  00  00     373.7494
     0100      8   00  00  00  00  00  00  00  00     373.7518
     0100      8   00  00  00  00  00  00  00  00     373.7542
     0100      8   00  00  00  00  00  00  00  00     373.7566
     0100      8   00  00  00  00  00  00  00  00     373.7589
     0100      8   00  00  00  00  00  00  00  00     373.7613
     0100      8   00  00  00  00  00  00  00  00     373.7637
     0100      8   00  00  00  00  00  00  00  00     373.7661
     0100      8   00  00  00  00  00  00  00  00     373.7685
     0100      8   00  00  00  00  00  00  00  00     373.7708
     0100      8   00  00  00  00  00  00  00  00     373.7732
     0100      8   00  00  00  00  00  00  00  00     373.7756
     0100      8   00  00  00  00  00  00  00  00     373.7780
     0100      8   00  00  00  00  00  00  00  00     373.7804
     0100      8   00  00  00  00  00  00  00  00     373.7827
     0100      8   00  00  00  00  00  00  00  00     373.7851
     0100      8   00  00  00  00  00  00  00  00     373.7875
     0100      8   00  00  00  00  00  00  00  00     373.7899
     0100      8   00  00  00  00  00  00  00  00     373.7923
     0100      8   00  00  00  00  00  00  00  00     373.7946
     0100      8   00  00  00  00  00  00  00  00     373.7970
     0100      8   00  00  00  00  00  00  00  00     373.7994
     0100      8   00  00  00  00  00  00  00  00     373.8018
     0100      8   00  00  00  00  00  00  00  00     373.8042
     0100      8   00  00  00  00  00  00  00  00     373.8065
     0100      8   00  00  00  00  00  00  00  00     373.8089
     0100      8   00  00  00  00  00  00  00  00     373.8113
     0100      8   00  00  00  00  00  00  00  00     373.8137
     0100      8   00  00  00  00  00  00  00  00     373.8160
     0100      8   00  00  00  00  00  00  00  00     373.8184
     0100      8   00  00  00  00  00  00  00  00     373.8208
     0100      8   00  00  00  00  00  00  00  00     373.8232
     0100      8   00  00  00  00  00  00  00  00     373.8256
     0100      8   00  00  00  00  00  00  00  00     373.8279
     0100      8   00  00  00  00  00  00  00  00     373.8303
     0100      8   00  00  00  00  00  00  00  00     373.8327
     0100      8   00  00  00  00  00  00  00  00     373.8351
     0100      8   00  00  00  00  00  00  00  00     373.8375
     0100      8   00  00  00  00  00  00  00  00     373.8398
     0100      8   00  00  00  00  00  00  00  00     373.8422
     0100      8   00  00  00  00  00  00  00  00     373.8446
     0100      8   00  00  00  00  00  00  00  00     373.8470
     0100      8   00  00  00  00  00  00  00  00     373.8494
     0100      8   00  00  00  00  00  00  00  00     373.8517
     0100      8   00  00  00  00  00  00  00  00     373.8541
     0100      8   00  00  00  00  00  00  00  00     373.8565
     0100      8   00  00  00  00  00  00  00  00     373.8589
     0100      8   00  00  00  00  00  00  00  00     373.8613
     0100      8   00  00  00  00  00  00  00  00     373.8636
     0100      8   00  00  00  00  00  00  00  00     373.8660
     0100      8   00  00  00  00  00  00  00  00     373.8684
     0100      8   00  00  00  00  00  00  00  00     373.8708
     0100      8   00  00  00  00  00  00  00  00     373.8732
     0100      8   00  00  00  00  00  00  00  00     373.8755
     0100      8   00  00  00  00  00  00  00  00     373.8779
     0100      8   00  00  00  00  00  00  00  00     373.8803
     0100      8   00  00  00  00  00  00  00  00     373.8827
     0100      8   00  00  00  00  00  00  00  00     373.8851
     0100      8   00  00  00  00  00  00  00  00     373.8874
     0100      8   00  00  00  00  00  00  00  00     373.8898
     0100      8   00  00  00  00  00  00  00  00     373.8922
     0100      8   00  00  00  00  00  00  00  00     373.8946
     0100      8   00  00  00  00  00  00  00  00     373.8969
     0100      8   00  00  00  00  00  00  00  00     373.8993
     0100      8   00  00  00  00  00  00  00  00     373.9017
     0100      8   00  00  00  00  00  00  00  00     373.9041
     0100      8   00  00  00  00  00  00  00  00     373.9065
     0100      8   00  00  00  00  00  00  00  00     373.9088
     0100      8   00  00  00  00  00  00  00  00     373.9112
     0100      8   00  00  00  00  00  00  00  00     373.9136
     0100      8   00  00  00  00  00  00  00  00     373.9160
     0100      8   00  00  00  00  00  00  00  00     373.9184
     0100      8   00  00  00  00  00  00  00  00     373.9208
     0100      8   00  00  00  00  00  00  00  00     373.9231
     0100      8   00  00  00  00  00  00  00  00     373.9255
     0100      8   00  00  00  00  00  00  00  00     373.9279
     0100      8   00  00  00  00  00  00  00  00     373.9303
     0100      8   00  00  00  00  00  00  00  00     373.9326
     0100      8   00  00  00  00  00  00  00  00     373.9350
     0100      8   00  00  00  00  00  00  00  00     373.9374
     0100      8   00  00  00  00  00  00  00  00     373.9398
     0100      8   00  00  00  00  00  00  00  00     373.9422
     0100      8   00  00  00  00  00  00  00  00     373.9445
     0100      8   00  00  00  00  00  00  00  00     373.9469
     0100      8   00  00  00  00  00  00  00  00     373.9493
     0100      8   00  00  00  00  00  00  00  00     373.9517
     0100      8   00  00  00  00  00  00  00  00     373.9541
     0100      8   00  00  00  00  00  00  00  00     373.9564
     0100      8   00  00  00  00  00  00  00  00     373.9588
     0100      8   00  00  00  00  00  00  00  00     373.9612
     0100      8   00  00  00  00  00  00  00  00     373.9636
     0100      8   00  00  00  00  00  00  00  00     373.9660
     0100      8   00  00  00  00  00  00  00  00     373.9683
     0100      8   00  00  00  00  00  00  00  00     373.9707
     0100      8   00  00  00  00  00  00  00  00     373.9731
     0100      8   00  00  00  00  00  00  00  00     373.9755
     0100      8   00  00  00  00  00  00  00  00     373.9779
     0100      8   00  00  00  00  00  00  00  00     373.9802
     0100      8   00  00  00  00  00  00  00  00     373.9826
     0100      8   00  00  00  00  00  00  00  00     373.9850
     0100      8   00  00  00  00  00  00  00  00     373.9874
     0100      8   00  00  00  00  00  00  00  00     373.9897
     0100      8   00  00  00  00  00  00  00  00     373.9921
     0100      8   00  00  00  00  00  00  00  00     373.9945
     0100      8   00  00  00  00  00  00  00  00     373.9969
     0100      8   00  00  00  00  00  00  00  00     373.9993
     0100      8   00  00  00  00  00  00  00  00     374.0017
     0100      8   00  00  00  00  00  00  00  00     374.0040
     0100      8   00  00  00  00  00  00  00  00     374.0064
     0100      8   00  00  00  00  00  00  00  00     374.0088
     0100      8   00  00  00  00  00  00  00  00     374.0112
     0100      8   00  00  00  00  00  00  00  00     374.0135
     0100      8   00  00  00  00  00  00  00  00     374.0159
     0100      8   00  00  00  00  00  00  00  00     374.0183
     0100      8   00  00  00  00  00  00  00  00     374.0207
     0100      8   00  00  00  00  00  00  00  00     374.0231
     0100      8   00  00  00  00  00  00  00  00     374.0254
     0100      8   00  00  00  00  00  00  00  00     374.0278
     0100      8   00  00  00  00  00  00  00  00     374.0302
     0100      8   00  00  00  00  00  00  00  00     374.0326
     0100      8   00  00  00  00  00  00  00  00     374.0350
     0100      8   00  00  00  00  00  00  00  00     374.0373
     0100      8   00  00  00  00  00  00  00  00     374.0397
     0100      8   00  00  00  00  00  00  00  00     374.0421
     0100      8   00  00  00  00  00  00  00  00     374.0445
     0100      8   00  00  00  00  00  00  00  00     374.0469
     0100      8   00  00  00  00  00  00  00  00     374.0492
     0100      8   00  00  00  00  00  00  00  00     374.0516
     0100      8   00  00  00  00  00  00  00  00     374.0540
     0100      8   00  00  00  00  00  00  00  00     374.0564
     0100      8   00  00  00  00  00  00  00  00     374.0588
     0100      8   00  00  00  00  00  00  00  00     374.0611
     0100      8   00  00  00  00  00  00  00  00     374.0635
     0100      8   00  00  00  00  00  00  00  00     374.0659
     0100      8   00  00  00  00  00  00  00  00     374.0683
     0100      8   00  00  00  00  00  00  00  00     374.0707
     0100      8   00  00  00  00  00  00  00  00     374.0730
     0100      8   00  00  00  00  00  00  00  00     374.0754
     0100      8   00  00  00  00  00  00  00  00     374.0778
     0100      8   00  00  00  00  00  00  00  00     374.0802
     0100      8   00  00  00  00  00  00  00  00     374.0826
     0100      8   00  00  00  00  00  00  00  00     374.0849
     0100      8   00  00  00  00  00  00  00  00     374.0873
     0100      8   00  00  00  00  00  00  00  00     374.0897
     0100      8   00  00  00  00  00  00  00  00     374.0921
     0100      8   00  00  00  00  00  00  00  00     374.0944
     0100      8   00  00  00  00  00  00  00  00     374.0968
     0100      8   00  00  00  00  00  00  00  00     374.0992
     0100      8   00  00  00  00  00  00  00  00     374.1016
     0100      8   00  00  00  00  00  00  00  00     374.1040
     0100      8   00  00  00  00  00  00  00  00     374.1063
     0100      8   00  00  00  00  00  00  00  00     374.1087
     0100      8   00  00  00  00  00  00  00  00     374.1111
     0100      8   00  00  00  00  00  00  00  00     374.1135
     0100      8   00  00  00  00  00  00  00  00     374.1159
     0100      8   00  00  00  00  00  00  00  00     374.1182
     0100      8   00  00  00  00  00  00  00  00     374.1206
     0100      8   00  00  00  00  00  00  00  00     374.1230
     0100      8   00  00  00  00  00  00  00  00     374.1254
     0100      8   00  00  00  00  00  00  00  00     374.1278
     0100      8   00  00  00  00  00  00  00  00     374.1301
     0100      8   00  00  00  00  00  00  00  00     374.1325
     0100      8   00  00  00  00  00  00  00  00     374.1349
     0100      8   00  00  00  00  00  00  00  00     374.1373
     0100      8   00  00  00  00  00  00  00  00     374.1397
     0100      8   00  00  00  00  00  00  00  00     374.1420
     0100      8   00  00  00  00  00  00  00  00     374.1444
     0100      8   00  00  00  00  00  00  00  00     374.1468
     0100      8   00  00  00  00  00  00  00  00     374.1492
     0100      8   00  00  00  00  00  00  00  00     374.1516
     0100      8   00  00  00  00  00  00  00  00     374.1539
     0100      8   00  00  00  00  00  00  00  00     374.1563
     0100      8   00  00  00  00  00  00  00  00     374.1587
     0100      8   00  00  00  00  00  00  00  00     374.1611
     0100      8   00  00  00  00  00  00  00  00     374.1635
     0100      8   00  00  00  00  00  00  00  00     374.1658
     0100      8   00  00  00  00  00  00  00  00     374.1682
     0100      8   00  00  00  00  00  00  00  00     374.1706
     0100      8   00  00  00  00  00  00  00  00     374.1730
     0100      8   00  00  00  00  00  00  00  00     374.1754
     0100      8   00  00  00  00  00  00  00  00     374.1777
     0100      8   00  00  00  00  00  00  00  00     374.1801
     0100      8   00  00  00  00  00  00  00  00     374.1825
     0100      8   00  00  00  00  00  00  00  00     374.1849
     0100      8   00  00  00  00  00  00  00  00     374.1872
     0100      8   00  00  00  00  00  00  00  00     374.1896
     0100      8   00  00  00  00  00  00  00  00     374.1920
     0100      8   00  00  00  00  00  00  00  00     374.1944
     0100      8   00  00  00  00  00  00  00  00     374.1968
     0100      8   00  00  00  00  00  00  00  00     374.1991
     0100      8   00  00  00  00  00  00  00  00     374.2015
     0100      8   00  00  00  00  00  00  00  00     374.2039
     0100      8   00  00  00  00  00  00  00  00     374.2063
     0100      8   00  00  00  00  00  00  00  00     374.2087
     0100      8   00  00  00  00  00  00  00  00     374.2110
     0100      8   00  00  00  00  00  00  00  00     374.2134
     0100      8   00  00  00  00  00  00  00  00     374.2158
     0100      8   00  00  00  00  00  00  00  00     374.2182
     0100      8   00  00  00  00  00  00  00  00     374.2206
     0100      8   00  00  00  00  00  00  00  00     374.2229
     0100      8   00  00  00  00  00  00  00  00     374.2253
     0100      8   00  00  00  00  00  00  00  00     374.2277
     0100      8   00  00  00  00  00  00  00  00     374.2301
     0100      8   00  00  00  00  00  00  00  00     374.2325
     0100      8   00  00  00  00  00  00  00  00     374.2348
     0100      8   00  00  00  00  00  00  00  00     374.2372
     0100      8   00  00  00  00  00  00  00  00     374.2396
     0100      8   00  00  00  00  00  00  00  00     374.2420
     0100      8   00  00  00  00  00  00  00  00     374.2444
     0100      8   00  00  00  00  00  00  00  00     374.2467
     0100      8   00  00  00  00  00  00  00  00     374.2491
     0100      8   00  00  00  00  00  00  00  00     374.2515
     0100      8   00  00  00  00  00  00  00  00     374.2539
     0100      8   00  00  00  00  00  00  00  00     374.2563
     0100      8   00  00  00  00  00  00  00  00     374.2586
     0100      8   00  00  00  00  00  00  00  00     374.2610
     0100      8   00  00  00  00  00  00  00  00     374.2634
     0100      8   00  00  00  00  00  00  00  00     374.2658
     0100      8   00  00  00  00  00  00  00  00     374.2682
     0100      8   00  00  00  00  00  00  00  00     374.2705
     0100      8   00  00  00  00  00  00  00  00     374.2729
     0100      8   00  00  00  00  00  00  00  00     374.2753
     0100      8   00  00  00  00  00  00  00  00     374.2777
     0100      8   00  00  00  00  00  00  00  00     374.2800
     0100      8   00  00  00  00  00  00  00  00     374.2824
     0100      8   00  00  00  00  00  00  00  00     374.2848
     0100      8   00  00  00  00  00  00  00  00     374.2872
     0100      8   00  00  00  00  00  00  00  00     374.2896
     0100      8   00  00  00  00  00  00  00  00     374.2919
     0100      8   00  00  00  00  00  00  00  00     374.2943
     0100      8   00  00  00  00  00  00  00  00     374.2967
     0100      8   00  00  00  00  00  00  00  00     374.2991
     0100      8   00  00  00  00  00  00  00  00     374.3015
     0100      8   00  00  00  00  00  00  00  00     374.3038
     0100      8   00  00  00  00  00  00  00  00     374.3062
     0100      8   00  00  00  00  00  00  00  00     374.3086
     0100      8   00  00  00  00  00  00  00  00     374.3110
     0100      8   00  00  00  00  00  00  00  00     374.3134
     0100      8   00  00  00  00  00  00  00  00     374.3157
     0100      8   00  00  00  00  00  00  00  00     374.3181
     0100      8   00  00  00  00  00  00  00  00     374.3205
     0100      8   00  00  00  00  00  00  00  00     374.3229
     0100      8   00  00  00  00  00  00  00  00     374.3253
     0100      8   00  00  00  00  00  00  00  00     374.3276
     0100      8   00  00  00  00  00  00  00  00     374.3300
     0100      8   00  00  00  00  00  00  00  00     374.3324
     0100      8   00  00  00  00  00  00  00  00     374.3348
     0100      8   00  00  00  00  00  00  00  00     374.3372
     0100      8   00  00  00  00  00  00  00  00     374.3395
     0100      8   00  00  00  00  00  00  00  00     374.3419
     0100      8   00  00  00  00  00  00  00  00     374.3443
     0100      8   00  00  00  00  00  00  00  00     374.3467
     0100      8   00  00  00  00  00  00  00  00     374.3491
     0100      8   00  00  00  00  00  00  00  00     374.3514
     0100      8   00  00  00  00  00  00  00  00     374.3538
     0100      8   00  00  00  00  00  00  00  00     374.3562
     0100      8   00  00  00  00  00  00  00  00     374.3586
     0100      8   00  00  00  00  00  00  00  00     374.3610
     0100      8   00  00  00  00  00  00  00  00     374.3633
     0101      8   21  FF  7F  FF  00  00  00  51     374.3654
     0102      8   00  00  00  00  00  00  00  00     374.3656
     0100      8   00  00  00  00  00  00  00  00     374.3659
     0100      8   20  00  00  09  10  00  00  76     374.3686
     0100      8   20  00  00  09  10  00  00  76     374.3709
     0100      8   20  00  00  09  10  00  00  76     374.3735
     0101      8   41  FF  7F  FF  00  00  00  E0     374.3754
     0102      8   20  00  00  09  10  00  00  76     374.3756
     0100      8   20  00  00  09  10  00  00  76     374.3762
     0100      8   40  00  00  09  10  00  00  C7     374.3792
     0100      8   40  00  00  09  10  00  00  C7     374.3817
     0100      8   40  00  00  09  10  00  00  C7     374.3844
     0101      8   60  01  7F  FF  00  00  00  9D     374.3854
     0102      8   40  00  00  09  10  00  00  C7     374.3856
     0100      8   40  00  00  09  10  00  00  C7     374.3871
     0100      8   60  00  00  09  10  00  00  A8     374.3901
     0100      8   60  00  00  09  10  00  00  A8     374.3926
     0100      8   60  00  00  09  10  00  00  A8     374.3953
     0101      8   80  01  7F  FF  00  00  00  8D     374.3955
     0102      8   60  00  00  09  10  00  00  A8     374.3958
     0100      8   60  00  00  09  10  00  00  A8     374.3980
     0100      8   80  00  00  09  10  00  00  B8     374.4009
     0100      8   80  00  00  09  10  00  00  B8     374.4034
     0101      8   A0  01  7F  FF  00  00  00  E2     374.4054
     0102      8   80  00  00  09  10  00  00  B8     374.4057
     0100      8   80  00  00  09  10  00  00  B8     374.4062
     0100      8   A0  00  00  09  10  00  00  D7     374.4091
     0100      8   A0  00  00  09  10  00  00  D7     374.4116
     0100      8   A0  00  00  09  10  00  00  D7     374.4143
     0101      8   C0  01  7F  FF  00  00  00  53     374.4154
     0102      8   A0  00  00  09  10  00  00  D7     374.4157
     0100      8   A0  00  00  09  10  00  00  D7     374.4170
     0100      8   C0  00  00  09  10  00  00  66     374.4200
     0100      8   C0  00  00  09  10  00  00  66     374.4225
     0100      8   C0  00  00  09  10  00  00  66     374.4252
     0101      8   E0  01  7F  FF  00  00  00  3C     374.4254
     0102      8   C0  00  00  09  10  00  00  66     374.4257
     0100      8   C0  00  00  09  10  00  00  66     374.4279
     0100      8   E0  00  00  09  10  00  00  09     374.4309
     0100      8   E0  00  00  09  10  00  00  09     374.4333
     0101      8   00  01  7F  FF  00  00  00  2C     374.4354
     0102      8   E0  00  00  09  10  00  00  09     374.4357
     0100      8   E0  00  00  09  10  00  00  09     374.4361
     0100      8   00  00  00  09  10  00  00  19     374.4389
     0100      8   00  00  00  09  10  00  00  19     374.4415
     0100      8   00  00  00  09  10  00  00  19     374.4442
     0101      8   20  01  7F  FF  00  00  00  43     374.4454
     0102      8   00  00  00  09  10  00  00  19     374.4457
     0100      8   00  00  00  09  10  00  00  19     374.4470
     0100      8   20  00  00  09  10  00  00  76     374.4499
     0100      8   20  00  00  09  10  00  00  76     374.4524
     0100      8   20  00  00  09  10  00  00  76     374.4551
     0101      8   40  01  7F  FF  00  00  00  F2     374.4554
     0102      8   20  00  00  09  10  00  00  76     374.4557
     0501      8   0D  00  00  00  00  00  00  E6     374.4559
     0100      8   20  00  00  09  10  00  00  76     374.4578
     0100      8   40  00  00  09  10  00  00  C7     374.4608
     0100      8   40  00  00  09  10  00  00  C7     374.4633
     0101      8   60  01  7F  FF  00  00  00  9D     374.4654
     0102      8   40  00  00  09  10  00  00  C7     374.4657
     0100      8   40  00  00  09  10  00  00  C7     374.4660
     0100      8   60  00  00  09  10  00  00  A8     374.4689
     0100      8   60  00  00  09  10  00  00  A8     374.4714
     0100      8   60  00  00  09  10  00  00  A8     374.4741
     0101      8   80  01  7F  FF  00  00  00  8D     374.4754
     0102      8   60  00  00  09  10  00  00  A8     374.4757
     0100      8   60  00  00  09  10  00  00  A8     374.4769
     0100      8   80  00  00  09  10  00  00  B8     374.4798
     0100      8   80  00  00  09  10  00  00  B8     374.4823
     0100      8   80  00  00  09  10  00  00  B8     374.4850
     0101      8   A0  01  7F  FF  00  00  00  E2     374.4854
     0102      8   80  00  00  09  10  00  00  B8     374.4857
     0100      8   80  00  00  09  10  00  00  B8     374.4877
     0100      8   A0  00  00  09  10  00  00  D7     374.4907
     0100      8   A0  00  00  09  10  00  00  D7     374.4932
     0101      8   C0  01  7F  FF  00  00  00  53     374.4954
     0102      8   A0  00  00  09  10  00  00  D7     374.4957
     0100      8   A0  00  00  09  10  00  00  D7     374.4959
     0100      8   C0  00  00  09  10  00  00  66     374.4988
     0100      8   C0  00  00  09  10  00  00  66     374.5013
     0100      8   C0  00  00  09  10  00  00  66     374.5041
     0101      8   E0  01  7F  FF  00  00  00  3C     374.5054
     0102      8   C0  00  00  09  10  00  00  66     374.5057
     0100      8   C0  00  00  09  10  00  00  66     374.5068
     0100      8   E0  00  00  09  10  00  00  09     374.5098
     0100      8   E0  00  00  09  10  00  00  09     374.5122
     0100      8   E0  00  00  09  10  00  00  09     374.5149
     0101      8   00  01  7F  FF  00  00  00  2C     374.5154
     0102      8   E0  00  00  09  10  00  00  09     374.5157
     0100      8   E0  00  00  09  10  00  00  09     374.5177
     0100      8   00  00  00  09  10  00  00  19     374.5205
     0100      8   00  00  00  09  10  00  00  19     374.5231
     0101      8   20  01  7F  FF  00  00  00  43     374.5254
     0102      8   00  00  00  09  10  00  00  19     374.5257
     0100      8   00  00  00  09  10  00  00  19     374.5259
     0100      8   20  00  00  09  10  00  00  76     374.5288
     0100      8   20  00  00  09  10  00  00  76     374.5312
     0100      8   20  00  00  09  10  00  00  76     374.5340
     0101      8   40  01  7F  FF  00  00  00  F2     374.5354
     0102      8   20  00  00  09  10  00  00  76     374.5357
     0100      8   20  00  00  09  10  00  00  76     374.5367
     0100      8   40  00  00  09  10  00  00  C7     374.5396
     0100      8   40  00  00  09  10  00  00  C7     374.5421
     0100      8   40  00  00  09  10  00  00  C7     374.5448
     0101      8   60  01  7F  FF  00  00  00  9D     374.5454
     0102      8   40  00  00  09  10  00  00  C7     374.5456
     0100      8   40  00  00  09  10  00  00  C7     374.5476
     0100      8   60  00  00  09  10  00  00  A8     374.5505
     0100      8   60  00  00  09  10  00  00  A8     374.5530
     0101      8   80  01  7F  FF  00  00  00  8D     374.5554
     0102      8   60  00  00  09  10  00  00  A8     374.5556
     0100      8   60  00  00  09  10  00  00  A8     374.5559
     0501      8   0D  00  00  00  00  00  00  E6     374.5561
     0100      8   80  00  00  09  10  00  00  B8     374.5588
     0100      8   80  00  00  09  10  00  00  B8     374.5612
     0100      8   80  00  00  09  10  00  00  B8     374.5639
     0101      8   A0  01  7F  FF  00  00  01  FF     374.5654
     0102      8   80  00  00  09  10  00  00  B8     374.5656
     0100      8   80  00  00  09  10  00  00  B8     374.5666
     0100      8   A0  00  00  00  00  00  00  CE     374.5720
     0100      8   A0  00  00  00  00  00  00  CE     374.5748
     0101      8   C0  01  7F  FF  00  00  01  4E     374.5754
     0102      8   A0  00  00  00  00  00  00  CE     374.5756
     0100      8   A0  00  00  00  00  00  00  CE     374.5775
     0100      8   C0  00  00  00  00  00  00  7F     374.5829
     0101      8   E0  01  7F  FF  00  00  01  21     374.5854
     0100      8   C0  00  00  00  00  00  00  7F     374.5856
     0102      8   C0  00  00  00  00  00  00  7F     374.5859
     0100      8   E0  00  00  00  00  00  00  10     374.5911
     0100      8   E0  00  00  00  00  00  00  10     374.5938
     0101      8   00  01  7F  FF  00  00  01  31     374.5954
     0102      8   E0  00  00  00  00  00  00  10     374.5956
     0100      8   E0  00  00  00  00  00  00  10     374.5965
     0100      8   00  00  00  00  00  00  00  00     374.6020
     0100      8   00  00  00  00  00  00  00  00     374.6047
     0101      8   20  01  7F  FF  00  00  01  5E     374.6054
     0102      8   00  00  00  00  00  00  00  00     374.6056
     0100      8   00  00  00  00  00  00  00  00     374.6074
     0100      8   20  00  00  00  00  00  00  6F     374.6128
     0101      8   40  01  7F  FF  00  00  01  EF     374.6154
     0100      8   20  00  00  00  00  00  00  6F     374.6156
     0102      8   20  00  00  00  00  00  00  6F     374.6159
     0100      8   40  00  00  00  00  00  00  DE     374.6210
     0100      8   40  00  00  00  00  00  00  DE     374.6237
     0101      8   60  01  7F  FF  00  00  01  80     374.6254
     0102      8   40  00  00  00  00  00  00  DE     374.6256
     0100      8   40  00  00  00  00  00  00  DE     374.6264
     0100      8   60  00  00  00  00  00  00  B1     374.6319
     0100      8   60  00  00  00  00  00  00  B1     374.6346
     0101      8   80  01  7F  FF  00  00  01  90     374.6354
     0102      8   60  00  00  00  00  00  00  B1     374.6356
     0100      8   60  00  00  00  00  00  00  B1     374.6373
     0100      8   80  00  00  00  00  00  00  A1     374.6427
     0101      8   A0  01  7F  FF  00  00  01  FF     374.6454
     0100      8   80  00  00  00  00  00  00  A1     374.6456
     0102      8   80  00  00  00  00  00  00  A1     374.6459
     0100      8   A0  00  00  00  00  00  00  CE     374.6509
     0100      8   A0  00  00  00  00  00  00  CE     374.6536
     0101      8   C0  01  7F  FF  00  00  01  4E     374.6554
     0102      8   A0  00  00  00  00  00  00  CE     374.6556
     0501      8   0D  00  00  00  00  00  00  E6     374.6559
     0100      8   A0  00  00  00  00  00  00  CE     374.6563
     0100      8   C0  00  00  00  00  00  00  7F     374.6618
     0100      8   C0  00  00  00  00  00  00  7F     374.6645
     0101      8   E0  01  7F  FF  00  00  01  21     374.6654
     0102      8   C0  00  00  00  00  00  00  7F     374.6656
     0100      8   C0  00  00  00  00  00  00  7F     374.6672
     0100      8   E0  00  00  00  00  00  00  10     374.6727
     0100      8   E0  00  00  00  00  00  00  10     374.6754
     0101      8   00  01  7F  FF  00  00  01  31     374.6756
     0102      8   E0  00  00  00  00  00  00  10     374.6759
     0100      8   E0  00  00  00  00  00  00  10     374.6781
     0100      8   00  00  00  00  00  00  00  00     374.6835
     0101      8   20  01  7F  FF  00  00  01  5E     374.6854
     0102      8   00  00  00  00  00  00  00  00     374.6856
     0100      8   00  00  00  00  00  00  00  00     374.6863
     0100      8   20  00  00  00  00  00  00  6F     374.6917
     0100      8   20  00  00  00  00  00  00  6F     374.6944
     0101      8   40  01  7F  FF  00  00  01  EF     374.6954
     0102      8   20  00  00  00  00  00  00  6F     374.6956
     0100      8   20  00  00  00  00  00  00  6F     374.6971
     0100      8   40  00  00  00  00  00  00  DE     374.7026
     0100      8   40  00  00  00  00  00  00  DE     374.7053
     0101      8   60  01  7F  FF  00  00  01  80     374.7055
     0102      8   40  00  00  00  00  00  00  DE     374.7058
     0100      8   40  00  00  00  00  00  00  DE     374.7080
     0100      8   60  00  00  00  00  00  00  B1     374.7135
     0101      8   80  01  7F  FF  00  00  01  90     374.7154
     0102      8   60  00  00  00  00  00  00  B1     374.7156
     0100      8   60  00  00  00  00  00  00  B1     374.7162
     0100      8   80  00  00  00  00  00  00  A1     374.7216
     0100      8   80  00  00  00  00  00  00  A1     374.7243
     0101      8   A0  01  7F  FF  00  00  01  FF     374.7254
     0102      8   80  00  00  00  00  00  00  A1     374.7256
     0100      8   80  00  00  00  00  00  00  A1     374.7270
     0100      8   A0  00  00  00  00  00  00  CE     374.7325
     0100      8   A0  00  00  00  00  00  00  CE     374.7352
     0101      8   C0  01  7F  FF  00  00  01  4E     374.7354
     0102      8   A0  00  00  00  00  00  00  CE     374.7357
     0100      8   A0  00  00  00  00  00  00  CE     374.7379
     0100      8   C0  00  00  00  00  00  00  7F     374.7434
     0101      8   E0  01  7F  FF  00  00  01  21     374.7454
     0102      8   C0  00  00  00  00  00  00  7F     374.7456
     0100      8   C0  00  00  00  00  00  00  7F     374.7461
     0100      8   E0  00  00  00  00  00  00  10     374.7515
     0100      8   E0  00  00  00  00  00  00  10     374.7543
     0101      8   00  01  7F  FF  00  00  01  31     374.7554
     0102      8   E0  00  00  00  00  00  00  10     374.7556
     0501      8   0D  00  00  00  00  00  00  E6     374.7559
     0100      8   E0  00  00  00  00  00  00  10     374.7570
     0100      8   00  00  00  00  00  00  00  00     374.7624
     0100      8   00  00  00  00  00  00  00  00     374.7651
     0101      8   20  01  7F  FF  00  00  01  5E     374.7654
     0102      8   00  00  00  00  00  00  00  00     374.7656
     0100      8   00  00  00  00  00  00  00  00     374.7678
     0100      8   20  00  00  00  00  00  00  6F     374.7733
     0101      8   40  01  7F  FF  00  00  01  EF     374.7754
     0102      8   20  00  00  00  00  00  00  6F     374.7756
     0100      8   20  00  00  00  00  00  00  6F     374.7760
     0100      8   40  00  00  00  00  00  00  DE     374.7814
     0100      8   40  00  00  00  00  00  00  DE     374.7842
     0101      8   60  01  7F  FF  00  00  01  80     374.7854
     0102      8   40  00  00  00  00  00  00  DE     374.7856
     0100      8   40  00  00  00  00  00  00  DE     374.7869
     0100      8   60  00  00  00  00  00  00  B1     374.7923
     0100      8   60  00  00  00  00  00  00  B1     374.7950
     0101      8   80  01  7F  FF  00  00  01  90     374.7954
     0102      8   60  00  00  00  00  00  00  B1     374.7956
     0100      8   60  00  00  00  00  00  00  B1     374.7978
     0100      8   80  00  00  00  00  00  00  A1     374.8032
     0101      8   A0  01  7F  FF  00  00  01  FF     374.8054
     0102      8   80  00  00  00  00  00  00  A1     374.8056
     0100      8   80  00  00  00  00  00  00  A1     374.8059
     0100      8   A0  00  00  00  00  00  00  CE     374.8113
     0100      8   A0  00  00  00  00  00  00  CE     374.8141
     0101      8   C0  01  7F  FF  00  00  01  4E     374.8154
     0102      8   A0  00  00  00  00  00  00  CE     374.8156
     0100      8   A0  00  00  00  00  00  00  CE     374.8168
     0100      8   C0  00  00  00  00  00  00  7F     374.8222
     0100      8   C0  00  00  00  00  00  00  7F     374.8250
     0101      8   E0  01  7F  FF  00  00  01  21     374.8254
     0102      8   C0  00  00  00  00  00  00  7F     374.8256
     0100      8   C0  00  00  00  00  00  00  7F     374.8277
     0100      8   E0  00  00  00  00  00  00  10     374.8331
     0101      8   00  01  7F  FF  00  00  01  31     374.8354
     0102      8   E0  00  00  00  00  00  00  10     374.8356
     0100      8   E0  00  00  00  00  00  00  10     374.8359
     0100      8   00  00  00  00  00  00  00  00     374.8413
     0100      8   00  00  00  00  00  00  00  00     374.8440
     0101      8   20  01  7F  FF  00  00  01  5E     374.8454
     0102      8   00  00  00  00  00  00  00  00     374.8456
     0100      8   00  00  00  00  00  00  00  00     374.8467
     0100      8   20  00  00  00  00  00  00  6F     374.8521
     0100      8   20  00  00  00  00  00  00  6F     374.8549
     0101      8   40  01  7F  FF  00  00  01  EF     374.8554
     0102      8   20  00  00  00  00  00  00  6F     374.8556
     0501      8   0D  00  00  00  00  00  00  E6     374.8559
     0100      8   20  00  00  00  00  00  00  6F     374.8576
     0100      8   40  00  00  00  00  00  00  DE     374.8630
     0101      8   60  01  7F  FF  00  00  01  80     374.8654
     0102      8   40  00  00  00  00  00  00  DE     374.8656
     0100      8   40  00  00  00  00  00  00  DE     374.8658
     0100      8   60  00  00  00  00  00  00  B1     374.8712
     0100      8   60  00  00  00  00  00  00  B1     374.8739
     0101      8   80  01  7F  FF  00  00  01  90     374.8754
     0102      8   60  00  00  00  00  00  00  B1     374.8756
     0100      8   60  00  00  00  00  00  00  B1     374.8766
     0100      8   80  00  00  00  00  00  00  A1     374.8821
     0100      8   80  00  00  00  00  00  00  A1     374.8848
     0101      8   A0  01  7F  FF  00  00  01  FF     374.8854
     0102      8   80  00  00  00  00  00  00  A1     374.8856
     0100      8   80  00  00  00  00  00  00  A1     374.8875
     0100      8   A0  00  00  00  00  00  00  CE     374.8929
     0101      8   C0  01  7F  FF  00  00  01  4E     374.8954
     0102      8   A0  00  00  00  00  00  00  CE     374.8956
     0100      8   A0  00  00  00  00  00  00  CE     374.8958
     0100      8   C0  00  00  00  00  00  00  7F     374.9011
     0100      8   C0  00  00  00  00  00  00  7F     374.9038
     0101      8   E0  01  7F  FF  00  00  01  21     374.9054
     0102      8   C0  00  00  00  00  00  00  7F     374.9056
     0100      8   C0  00  00  00  00  00  00  7F     374.9065
     0100      8   E0  00  00  00  00  00  00  10     374.9120
     0100      8   E0  00  00  00  00  00  00  10     374.9147
     0101      8   00  01  7F  FF  00  00  01  31     374.9154
     0102      8   E0  00  00  00  00  00  00  10     374.9156
     0100      8   E0  00  00  00  00  00  00  10     374.9174
     0100      8   00  00  00  00  00  00  00  00     374.9228
     0101      8   20  01  7F  FF  00  00  01  5E     374.9254
     0100      8   00  00  00  00  00  00  00  00     374.9256
     0102      8   00  00  00  00  00  00  00  00     374.9259
     0100      8   20  00  00  00  00  00  00  6F     374.9310
     0100      8   20  00  00  00  00  00  00  6F     374.9337
     0101      8   40  01  7F  FF  00  00  01  EF     374.9354
     0102      8   20  00  00  00  00  00  00  6F     374.9356
     0100      8   20  00  00  00  00  00  00  6F     374.9365
     0100      8   40  00  00  00  00  00  00  DE     374.9419
     0100      8   40  00  00  00  00  00  00  DE     374.9446
     0101      8   60  01  7F  FF  00  00  01  80     374.9453
     0102      8   40  00  00  00  00  00  00  DE     374.9456
     0100      8   40  00  00  00  00  00  00  DE     374.9473
     0100      8   60  00  00  00  00  00  00  B1     374.9528
     0101      8   80  01  7F  FF  00  00  0F  36     374.9553
     0100      8   60  00  00  00  00  00  00  B1     374.9556
     0102      8   60  00  00  00  00  00  00  B1     374.9558
     0501      8   0D  03  00  00  00  00  00  2C     374.9561
     0100      8   80  00  00  00  00  00  00  A1     374.9591
     0100      8   80  00  00  00  00  00  00  A1     374.9619
     0100      8   80  00  00  00  00  00  00  A1     374.9646
     0101      8   A0  01  7F  FF  00  00  0F  59     374.9653
     0102      8   80  00  00  00  00  00  00  A1     374.9656
     0100      8   80  00  00  00  00  00  00  A1     374.9673
     0100      8   A0  00  00  00  00  00  00  CE     374.9709
     0100      8   A0  00  00  00  00  00  00  CE     374.9737
     0101      8   C0  01  7F  FF  00  00  0F  E8     374.9753
     0102      8   A0  00  00  00  00  00  00  CE     374.9756
     0100      8   A0  00  00  00  00  00  00  CE     374.9764
     0100      8   C0  00  00  00  00  00  00  7F     374.9800
     0100      8   C0  00  00  00  00  00  00  7F     374.9828
     0101      8   E0  01  7F  FF  00  00  0F  87     374.9853
     0100      8   C0  00  00  00  00  00  00  7F     374.9856
     0102      8   C0  00  00  00  00  00  00  7F     374.9858
     0100      8   E0  00  00  00  00  00  00  10     374.9891
     0100      8   E0  00  00  00  00  00  00  10     374.9919
     0100      8   E0  00  00  00  00  00  00  10     374.9946
     0101      8   00  01  7F  FF  00  00  0F  97     374.9953
     0102      8   E0  00  00  00  00  00  00  10     374.9956
     0100      8   E0  00  00  00  00  00  00  10     374.9973
     0100      8   00  00  00  00  00  00  00  00     375.0010
     0100      8   00  00  00  00  00  00  00  00     375.0037
     0101      8   20  01  7F  FF  00  00  0F  F8     375.0053
     0102      8   00  00  00  00  00  00  00  00     375.0056
     0100      8   00  00  00  00  00  00  00  00     375.0064
     0100      8   20  00  00  00  00  00  00  6F     375.0100
     0100      8   20  00  00  00  00  00  00  6F     375.0128
     0101      8   40  01  7F  FF  00  00  0F  49     375.0153
     0100      8   20  00  00  00  00  00  00  6F     375.0156
     0102      8   20  00  00  00  00  00  00  6F     375.0158
     0100      8   40  00  00  00  00  00  00  DE     375.0191
     0100      8   40  00  00  00  00  00  00  DE     375.0218
     0100      8   40  00  00  00  00  00  00  DE     375.0246
     0101      8   60  01  7F  FF  00  00  0F  26     375.0253
     0102      8   40  00  00  00  00  00  00  DE     375.0256
     0100      8   40  00  00  00  00  00  00  DE     375.0273
     0100      8   60  00  00  00  00  00  00  B1     375.0309
     0100      8   60  00  00  00  00  00  00  B1     375.0337
     0101      8   80  01  7F  FF  00  00  0F  36     375.0353
     0102      8   60  00  00  00  00  00  00  B1     375.0356
     0100      8   60  00  00  00  00  00  00  B1     375.0364
     0100      8   80  00  00  00  00  00  00  A1     375.0400
     0100      8   80  00  00  00  00  00  00  A1     375.0428
     0101      8   A0  01  7F  FF  00  00  0F  59     375.0453
     0100      8   80  00  00  00  00  00  00  A1     375.0456
     0102      8   80  00  00  00  00  00  00  A1     375.0458
     0100      8   A0  00  00  00  00  00  00  CE     375.0491
     0100      8   A0  00  00  00  00  00  00  CE     375.0518
     0100      8   A0  00  00  00  00  00  00  CE     375.0546
     0101      8   C0  01  7F  FF  00  00  0F  E8     375.0553
     0102      8   A0  00  00  00  00  00  00  CE     375.0556
     0501      8   0D  03  00  00  00  00  00  2C     375.0558
     0100      8   A0  00  00  00  00  00  00  CE     375.0573
     0100      8   C0  00  00  00  00  00  00  7F     375.0609
     0100      8   C0  00  00  00  00  00  00  7F     375.0637
     0101      8   E0  01  7F  FF  00  00  0F  87     375.0653
     0102      8   C0  00  00  00  00  00  00  7F     375.0656
     0100      8   C0  00  00  00  00  00  00  7F     375.0664
     0100      8   E0  00  00  00  00  00  00  10     375.0700
     0100      8   E0  00  00  00  00  00  00  10     375.0728
     0101      8   00  01  7F  FF  00  00  0F  97     375.0753
     0100      8   E0  00  00  00  00  00  00  10     375.0756
     0102      8   E0  00  00  00  00  00  00  10     375.0758
     0100      8   00  00  00  00  00  00  00  00     375.0791
     0100      8   00  00  00  00  00  00  00  00     375.0819
     0100      8   00  00  00  00  00  00  00  00     375.0846
     0101      8   20  01  7F  FF  00  00  0F  F8     375.0853
     0102      8   00  00  00  00  00  00  00  00     375.0856
     0100      8   00  00  00  00  00  00  00  00     375.0873
     0100      8   20  00  00  00  00  00  00  6F     375.0909
     0100      8   20  00  00  00  00  00  00  6F     375.0937
     0101      8   40  01  7F  FF  00  00  0F  49     375.0953
     0102      8   20  00  00  00  00  00  00  6F     375.0956
     0100      8   20  00  00  00  00  00  00  6F     375.0964
     0100      8   40  00  00  00  00  00  00  DE     375.1000
     0100      8   40  00  00  00  00  00  00  DE     375.1028
     0101      8   60  01  7F  FF  00  00  0F  26     375.1053
     0100      8   40  00  00  00  00  00  00  DE     375.1056
     0102      8   40  00  00  00  00  00  00  DE     375.1058
     0100      8   60  00  00  00  00  00  00  B1     375.1091
     0100      8   60  00  00  00  00  00  00  B1     375.1118
     0100      8   60  00  00  00  00  00  00  B1     375.1146
     0101      8   80  01  7F  FF  00  00  0F  36     375.1153
     0102      8   60  00  00  00  00  00  00  B1     375.1156
     0100      8   60  00  00  00  00  00  00  B1     375.1173
     0100      8   80  00  00  00  00  00  00  A1     375.1209
     0100      8   80  00  00  00  00  00  00  A1     375.1237
     0101      8   A0  01  7F  FF  00  00  0F  59     375.1253
     0102      8   80  00  00  00  00  00  00  A1     375.1256
     0100      8   80  00  00  00  00  00  00  A1     375.1264
     0100      8   A0  00  00  00  00  00  00  CE     375.1300
     0100      8   A0  00  00  00  00  00  00  CE     375.1327
     0101      8   C0  01  7F  FF  00  00  0F  E8     375.1353
     0100      8   A0  00  00  00  00  00  00  CE     375.1356
     0102      8   A0  00  00  00  00  00  00  CE     375.1358
     0100      8   C0  00  00  00  00  00  00  7F     375.1391
     0100      8   C0  00  00  00  00  00  00  7F     375.1418
     0100      8   C0  00  00  00  00  00  00  7F     375.1446
     0101      8   E0  01  7F  FF  00  00  0F  87     375.1453
     0102      8   C0  00  00  00  00  00  00  7F     375.1456
     0100      8   C0  00  00  00  00  00  00  7F     375.1473
     0100      8   E0  00  00  00  00  00  00  10     375.1509
     0100      8   E0  00  00  00  00  00  00  10     375.1537
     0101      8   00  01  7F  FF  00  00  0F  97     375.1553
     0102      8   E0  00  00  00  00  00  00  10     375.1556
     0501      8   0D  03  00  00  00  00  00  2C     375.1558
     0100      8   E0  00  00  00  00  00  00  10     375.1564
     0100      8   00  00  00  00  00  00  00  00     375.1600
     0100      8   00  00  00  00  00  00  00  00     375.1628
     0101      8   20  01  7F  FF  00  00  0F  F8     375.1653
     0100      8   00  00  00  00  00  00  00  00     375.1656
     0102      8   00  00  00  00  00  00  00  00     375.1658
     0100      8   20  00  00  00  00  00  00  6F     375.1691
     0100      8   20  00  00  00  00  00  00  6F     375.1719
     0100      8   20  00  00  00  00  00  00  6F     375.1746
     0101      8   40  01  7F  FF  00  00  0F  49     375.1753
     0102      8   20  00  00  00  00  00  00  6F     375.1756
     0100      8   20  00  00  00  00  00  00  6F     375.1773
     0100      8   40  00  00  00  00  00  00  DE     375.1809
     0100      8   40  00  00  00  00  00  00  DE     375.1837
     0101      8   60  01  7F  FF  00  00  0F  26     375.1853
     0102      8   40  00  00  00  00  00  00  DE     375.1856
     0100      8   40  00  00  00  00  00  00  DE     375.1864
     0100      8   60  00  00  00  00  00  00  B1     375.1900
     0100      8   60  00  00  00  00  00  00  B1     375.1927
     0101      8   80  01  7F  FF  00  00  0F  36     375.1953
     0100      8   60  00  00  00  00  00  00  B1     375.1956
     0102      8   60  00  00  00  00  00  00  B1     375.1958
     0100      8   80  00  00  00  00  00  00  A1     375.1991
     0100      8   80  00  00  00  00  00  00  A1     375.2018
     0100      8   80  00  00  00  00  00  00  A1     375.2046
     0101      8   A0  01  7F  FF  00  00  0F  59     375.2053
     0102      8   80  00  00  00  00  00  00  A1     375.2056
     0100      8   80  00  00  00  00  00  00  A1     375.2073
     0100      8   A0  00  00  00  00  00  00  CE     375.2109
     0100      8   A0  00  00  00  00  00  00  CE     375.2137
     0101      8   C0  01  7F  FF  00  00  0F  E8     375.2153
     0102      8   A0  00  00  00  00  00  00  CE     375.2156
     0100      8   A0  00  00  00  00  00  00  CE     375.2164
     0100      8   C0  00  00  00  00  00  00  7F     375.2200
     0100      8   C0  00  00  00  00  00  00  7F     375.2228
     0101      8   E0  01  7F  FF  00  00  0F  87     375.2253
     0100      8   C0  00  00  00  00  00  00  7F     375.2256
     0102      8   C0  00  00  00  00  00  00  7F     375.2258
     0100      8   E0  00  00  00  00  00  00  10     375.2291
     0100      8   E0  00  00  00  00  00  00  10     375.2318
     0100      8   E0  00  00  00  00  00  00  10     375.2346
     0101      8   00  01  7F  FF  00  00  0F  97     375.2353
     0102      8   E0  00  00  00  00  00  00  10     375.2356
     0100      8   E0  00  00  00  00  00  00  10     375.2373
     0100      8   00  00  00  00  00  00  00  00     375.2409
     0100      8   00  00  00  00  00  00  00  00     375.2437
     0101      8   20  01  7F  FF  00  00  0F  F8     375.2453
     0102      8   00  00  00  00  00  00  00  00     375.2456
     0100      8   00  00  00  00  00  00  00  00     375.2464
     0100      8   20  00  00  00  00  00  00  6F     375.2500
     0100      8   20  00  00  00  00  00  00  6F     375.2528
     0101      8   40  01  7F  FF  00  00  0F  49     375.2553
     0100      8   20  00  00  00  00  00  00  6F     375.2556
     0102      8   20  00  00  00  00  00  00  6F     375.2558
     0501      8   0D  03  00  00  00  00  00  2C     375.2560
     0100      8   40  00  00  00  00  00  00  DE     375.2591
     0100      8   40  00  00  00  00  00  00  DE     375.2618
     0100      8   40  00  00  00  00  00  00  DE     375.2646
     0101      8   60  01  7F  FF  00  00  0F  26     375.2653
     0102      8   40  00  00  00  00  00  00  DE     375.2655
     0100      8   40  00  00  00  00  00  00  DE     375.2673
     0100      8   60  00  00  00  00  00  00  B1     375.2709
     0100      8   60  00  00  00  00  00  00  B1     375.2737
     0101      8   80  01  7F  FF  00  00  0F  36     375.2753
     0102      8   60  00  00  00  00  00  00  B1     375.2755
     0100      8   60  00  00  00  00  00  00  B1     375.2764
     0100      8   80  00  00  00  00  00  00  A1     375.2800
     0100      8   80  00  00  00  00  00  00  A1     375.2827
     0101      8   A0  01  7F  FF  00  00  0F  59     375.2853
     0100      8   80  00  00  00  00  00  00  A1     375.2855
     0102      8   80  00  00  00  00  00  00  A1     375.2858
     0100      8   A0  00  00  00  00  00  00  CE     375.2891
     0100      8   A0  00  00  00  00  00  00  CE     375.2918
     0100      8   A0  00  00  00  00  00  00  CE     375.2946
     0101      8   C0  01  7F  FF  00  00  0F  E8     375.2953
     0102      8   A0  00  00  00  00  00  00  CE     375.2955
     0100      8   A0  00  00  00  00  00  00  CE     375.2973
     0100      8   C0  00  00  00  00  00  00  7F     375.3009
     0100      8   C0  00  00  00  00  00  00  7F     375.3037
     0101      8   E0  01  7F  FF  00  00  0F  87     375.3053
     0102      8   C0  00  00  00  00  00  00  7F     375.3055
     0100      8   C0  00  00  00  00  00  00  7F     375.3064
     0100      8   E0  00  00  00  00  00  00  10     375.3100
     0100      8   E0  00  00  00  00  00  00  10     375.3127
     0101      8   00  01  7F  FF  00  00  0F  97     375.3153
     0100      8   E0  00  00  00  00  00  00  10     375.3155
     0102      8   E0  00  00  00  00  00  00  10     375.3158
     0100      8   00  00  00  00  00  00  00  00     375.3191
     0100      8   00  00  00  00  00  00  00  00     375.3218
     0100      8   00  00  00  00  00  00  00  00     375.3246
     0101      8   20  01  7F  FF  00  00  0F  F8     375.3253
     0102      8   00  00  00  00  00  00  00  00     375.3255
     0100      8   00  00  00  00  00  00  00  00     375.3273
     0100      8   20  00  00  00  00  00  00  6F     375.3309
     0100      8   20  00  00  00  00  00  00  6F     375.3337
     0101      8   40  01  7F  FF  00  00  0F  49     375.3353
     0102      8   20  00  00  00  00  00  00  6F     375.3355
     0100      8   20  00  00  00  00  00  00  6F     375.3364
     0100      8   40  00  00  00  00  00  00  DE     375.3400
     0100      8   40  00  00  00  00  00  00  DE     375.3427
     0101      8   60  01  7F  FF  00  00  0F  26     375.3453
     0100      8   40  00  00  00  00  00  00  DE     375.3455
     0102      8   40  00  00  00  00  00  00  DE     375.3458
     0100      8   60  00  00  00  00  00  00  B1     375.3491
     0100      8   60  00  00  00  00  00  00  B1     375.3518
     0100      8   60  00  00  00  00  00  00  B1     375.3546
     0101      8   80  01  7F  FF  00  00  0F  36     375.3553
     0102      8   60  00  00  00  00  00  00  B1     375.3555
     0501      8   0D  03  00  00  00  00  00  2C     375.3558
     0100      8   60  00  00  00  00  00  00  B1     375.3573
     0100      8   80  00  00  00  00  00  00  A1     375.3609
     0100      8   80  00  00  00  00  00  00  A1     375.3636
     0101      8   A0  01  7F  FF  00  00  0F  59     375.3653
     0102      8   80  00  00  00  00  00  00  A1     375.3655
     0100      8   80  00  00  00  00  00  00  A1     375.3664
     0100      8   A0  00  00  00  00  00  00  CE     375.3700
     0100      8   A0  00  00  00  00  00  00  CE     375.3727
     0101      8   C0  01  7F  FF  00  00  0F  E8     375.3753
     0100      8   A0  00  00  00  00  00  00  CE     375.3755
     0102      8   A0  00  00  00  00  00  00  CE     375.3758
     0100      8   C0  00  00  00  00  00  00  7F     375.3791
     0100      8   C0  00  00  00  00  00  00  7F     375.3818
     0100      8   C0  00  00  00  00  00  00  7F     375.3846
     0101      8   E0  01  7F  FF  00  00  0F  87     375.3853
     0102      8   C0  00  00  00  00  00  00  7F     375.3855
     0100      8   C0  00  00  00  00  00  00  7F     375.3873
     0100      8   E0  00  00  00  00  00  00  10     375.3909
     0100      8   E0  00  00  00  00  00  00  10     375.3936
     0101      8   00  01  7F  FF  00  00  0F  97     375.3953
     0102      8   E0  00  00  00  00  00  00  10     375.3955
     0100      8   E0  00  00  00  00  00  00  10     375.3964
     0100      8   00  00  00  00  00  00  00  00     375.4000
     0100      8   00  00  00  00  00  00  00  00     375.4027
     0101      8   20  01  7F  FF  00  00  0F  F8     375.4053
     0100      8   00  00  00  00  00  00  00  00     375.4055
     0102      8   00  00  00  00  00  00  00  00     375.4058
     0100      8   20  00  00  00  00  00  00  6F     375.4091
     0100      8   20  00  00  00  00  00  00  6F     375.4118
     0100      8   20  00  00  00  00  00  00  6F     375.4146
     0101      8   40  01  7F  FF  00  00  0F  49     375.4153
     0102      8   20  00  00  00  00  00  00  6F     375.4155
     0100      8   20  00  00  00  00  00  00  6F     375.4173
     0100      8   40  00  00  00  00  00  00  DE     375.4209
     0100      8   40  00  00  00  00  00  00  DE     375.4236
     0101      8   60  01  7F  FF  00  00  0F  26     375.4253
     0102      8   40  00  00  00  00  00  00  DE     375.4255
     0100      8   40  00  00  00  00  00  00  DE     375.4264
     0100      8   60  00  00  00  00  00  00  B1     375.4300
     0100      8   60  00  00  00  00  00  00  B1     375.4327
     0101      8   80  01  7F  FF  00  00  0F  36     375.4353
     0100      8   60  00  00  00  00  00  00  B1     375.4355
     0102      8   60  00  00  00  00  00  00  B1     375.4358
     0100      8   80  00  00  00  00  00  00  A1     375.4391
     0100      8   80  00  00  00  00  00  00  A1     375.4418
     0100      8   80  00  00  00  00  00  00  A1     375.4445
     0101      8   A0  01  7F  FF  00  00  0F  59     375.4453
     0102      8   80  00  00  00  00  00  00  A1     375.4455
     0100      8   80  00  00  00  00  00  00  A1     375.4473
     0100      8   A0  00  00  00  00  00  00  CE     375.4509
     0100      8   A0  00  00  00  00  00  00  CE     375.4536
     0101      8   C0  01  7F  FF  00  00  0F  E8     375.4553
     0102      8   A0  00  00  00  00  00  00  CE     375.4555
     0501      8   0D  03  00  00  00  00  00  2C     375.4558
     0100      8   A0  00  00  00  00  00  00  CE     375.4564
     0100      8   C0  00  00  00  00  00  00  7F     375.4600
     0100      8   C0  00  00  00  00  00  00  7F     375.4627
     0101      8   E0  01  7F  FF  00  00  0F  87     375.4653
     0100      8   C0  00  00  00  00  00  00  7F     375.4655
     0102      8   C0  00  00  00  00  00  00  7F     375.4658
     0100      8   E0  00  00  00  00  00  00  10     375.4691
     0100      8   E0  00  00  00  00  00  00  10     375.4718
     0100      8   E0  00  00  00  00  00  00  10     375.4746
     0101      8   00  01  7F  FF  00  00  0F  97     375.4753
     0102      8   E0  00  00  00  00  00  00  10     375.4755
     0100      8   E0  00  00  00  00  00  00  10     375.4773
     0100      8   00  00  00  00  00  00  00  00     375.4809
     0100      8   00  00  00  00  00  00  00  00     375.4836
     0101      8   20  01  7F  FF  00  00  0F  F8     375.4853
     0102      8   00  00  00  00  00  00  00  00     375.4855
     0100      8   00  00  00  00  00  00  00  00     375.4864
     0100      8   20  00  00  00  00  00  00  6F     375.4900
     0100      8   20  00  00  00  00  00  00  6F     375.4927
     0101      8   40  01  7F  FF  00  00  0F  49     375.4953
     0100      8   20  00  00  00  00  00  00  6F     375.4955
     0102      8   20  00  00  00  00  00  00  6F     375.4958
     0100      8   40  00  00  00  00  00  00  DE     375.4991
     0100      8   40  00  00  00  00  00  00  DE     375.5018
     0100      8   40  00  00  00  00  00  00  DE     375.5046
     0101      8   60  01  7F  FF  00  00  0F  26     375.5053
     0102      8   40  00  00  00  00  00  00  DE     375.5055
     0100      8   40  00  00  00  00  00  00  DE     375.5073
     0100      8   60  00  00  00  00  00  00  B1     375.5109
     0100      8   60  00  00  00  00  00  00  B1     375.5136
     0101      8   80  01  7F  FF  00  00  0F  36     375.5153
     0102      8   60  00  00  00  00  00  00  B1     375.5155
     0100      8   60  00  00  00  00  00  00  B1     375.5164
     0100      8   80  00  00  00  00  00  00  A1     375.5200
     0100      8   80  00  00  00  00  00  00  A1     375.5227
     0101      8   A0  01  7F  FF  00  00  0F  59     375.5253
     0100      8   80  00  00  00  00  00  00  A1     375.5255
     0102      8   80  00  00  00  00  00  00  A1     375.5257
     0100      8   A0  00  00  00  00  00  00  CE     375.5291
     0100      8   A0  00  00  00  00  00  00  CE     375.5318
     0100      8   A0  00  00  00  00  00  00  CE     375.5345
     0101      8   C0  01  7F  FF  00  00  0F  E8     375.5353
     0102      8   A0  00  00  00  00  00  00  CE     375.5355
     0100      8   A0  00  00  00  00  00  00  CE     375.5373
     0100      8   C0  00  00  00  00  00  00  7F     375.5409
     0100      8   C0  00  00  00  00  00  00  7F     375.5436
     0101      8   E0  01  7F  FF  00  00  0F  87     375.5453
     0102      8   C0  00  00  00  00  00  00  7F     375.5455
     0100      8   C0  00  00  00  00  00  00  7F     375.5464
     0100      8   E0  00  00  00  00  00  00  10     375.5500
     0100      8   E0  00  00  00  00  00  00  10     375.5527
     0101      8   00  01  7F  FF  00  00  0F  97     375.5553
     0100      8   E0  00  00  00  00  00  00  10     375.5555
     0102      8   E0  00  00  00  00  00  00  10     375.5558
     0501      8   0D  03  00  00  00  00  00  2C     375.5560
     0100      8   00  00  00  00  00  00  00  00     375.5591
     0100      8   00  00  00  00  00  00  00  00     375.5618
     0100      8   00  00  00  00  00  00  00  00     375.5645
     0101      8   20  01  7F  FF  00  00  0F  F8     375.5653
     0102      8   00  00  00  00  00  00  00  00     375.5655
     0100      8   00  00  00  00  00  00  00  00     375.5673
     0100      8   20  00  00  00  00  00  00  6F     375.5709
     0100      8   20  00  00  00  00  00  00  6F     375.5736
     0101      8   40  01  7F  FF  00  00  0F  49     375.5753
     0102      8   20  00  00  00  00  00  00  6F     375.5755
     0100      8   20  00  00  00  00  00  00  6F     375.5764
     0100      8   40  00  00  00  00  00  00  DE     375.5800
     0100      8   40  00  00  00  00  00  00  DE     375.5827
     0101      8   60  01  7F  FF  00  00  0F  26     375.5853
     0100      8   40  00  00  00  00  00  00  DE     375.5855
     0102      8   40  00  00  00  00  00  00  DE     375.5857
     0100      8   60  00  00  00  00  00  00  B1     375.5891
     0100      8   60  00  00  00  00  00  00  B1     375.5918
     0100      8   60  00  00  00  00  00  00  B1     375.5945
     0101      8   80  01  7F  FF  00  00  0F  36     375.5952
     0102      8   60  00  00  00  00  00  00  B1     375.5955
     0100      8   60  00  00  00  00  00  00  B1     375.5973
     0100      8   80  00  00  00  00  00  00  A1     375.6009
     0100      8   80  00  00  00  00  00  00  A1     375.6036
     0101      8   A0  01  7F  FF  00  00  0F  59     375.6052
     0102      8   80  00  00  00  00  00  00  A1     375.6055
     0100      8   80  00  00  00  00  00  00  A1     375.6064
     0100      8   A0  00  00  00  00  00  00  CE     375.6100
     0100      8   A0  00  00  00  00  00  00  CE     375.6127
     0101      8   C0  01  7F  FF  00  00  0F  E8     375.6152
     0100      8   A0  00  00  00  00  00  00  CE     375.6155
     0102      8   A0  00  00  00  00  00  00  CE     375.6157
     0100      8   C0  00  00  00  00  00  00  7F     375.6191
     0100      8   C0  00  00  00  00  00  00  7F     375.6218
     0100      8   C0  00  00  00  00  00  00  7F     375.6245
     0101      8   E0  01  7F  FF  00  00  0F  87     375.6253
     0102      8   C0  00  00  00  00  00  00  7F     375.6255
     0100      8   C0  00  00  00  00  00  00  7F     375.6273
     0100      8   E0  00  00  00  00  00  00  10     375.6309
     0100      8   E0  00  00  00  00  00  00  10     375.6336
     0101      8   00  01  7F  FF  00  00  0F  97     375.6353
     0102      8   E0  00  00  00  00  00  00  10     375.6355
     0100      8   E0  00  00  00  00  00  00  10     375.6364
     0100      8   00  00  00  00  00  00  00  00     375.6400
     0100      8   00  00  00  00  00  00  00  00     375.6427
     0101      8   20  01  7F  FF  00  00  0F  F8     375.6452
     0100      8   00  00  00  00  00  00  00  00     375.6455
     0102      8   00  00  00  00  00  00  00  00     375.6457
     0100      8   20  00  00  00  00  00  00  6F     375.6491
     0100      8   20  00  00  00  00  00  00  6F     375.6518
     0100      8   20  00  00  00  00  00  00  6F     375.6545
     0101      8   40  01  7F  FF  00  00  0F  49     375.6552
     0102      8   20  00  00  00  00  00  00  6F     375.6555
     0501      8   0D  03  00  00  00  00  00  2C     375.6557
     0100      8   20  00  00  00  00  00  00  6F     375.6573
     0100      8   40  00  00  00  00  00  00  DE     375.6609
     0100      8   40  00  00  00  00  00  00  DE     375.6636
     0101      8   60  01  7F  FF  00  00  0F  26     375.6652
     0102      8   40  00  00  00  00  00  00  DE     375.6655
     0100      8   40  00  00  00  00  00  00  DE     375.6664
     0100      8   60  00  00  00  00  00  00  B1     375.6700
     0100      8   60  00  00  00  00  00  00  B1     375.6727
     0101      8   80  01  7F  FF  00  00  0F  36     375.6752
     0100      8   60  00  00  00  00  00  00  B1     375.6755
     0102      8   60  00  00  00  00  00  00  B1     375.6757
     0100      8   80  00  00  00  00  00  00  A1     375.6791
     0100      8   80  00  00  00  00  00  00  A1     375.6818
     0100      8   80  00  00  00  00  00  00  A1     375.6845
     0101      8   A0  01  7F  FF  00  00  0F  59     375.6852
     0102      8   80  00  00  00  00  00  00  A1     375.6855
     0100      8   80  00  00  00  00  00  00  A1     375.6873
     0100      8   A0  00  00  00  00  00  00  CE     375.6909
     0100      8   A0  00  00  00  00  00  00  CE     375.6936
     0101      8   C0  01  7F  FF  00  00  0F  E8     375.6952
     0102      8   A0  00  00  00  00  00  00  CE     375.6955
     0100      8   A0  00  00  00  00  00  00  CE     375.6963
     0100      8   C0  00  00  00  00  00  00  7F     375.7000
     0100      8   C0  00  00  00  00  00  00  7F     375.7027
     0101      8   E0  01  7F  FF  00  00  0F  87     375.7052
     0100      8   C0  00  00  00  00  00  00  7F     375.7055
     0102      8   C0  00  00  00  00  00  00  7F     375.7057
     0100      8   E0  00  00  00  00  00  00  10     375.7091
     0100      8   E0  00  00  00  00  00  00  10     375.7118
     0100      8   E0  00  00  00  00  00  00  10     375.7145
     0101      8   00  01  7F  FF  00  00  0F  97     375.7152
     0102      8   E0  00  00  00  00  00  00  10     375.7155
     0100      8   E0  00  00  00  00  00  00  10     375.7173
     0100      8   00  00  00  00  00  00  00  00     375.7209
     0100      8   00  00  00  00  00  00  00  00     375.7236
     0101      8   20  01  7F  FF  00  00  0F  F8     375.7252
     0102      8   00  00  00  00  00  00  00  00     375.7255
     0100      8   00  00  00  00  00  00  00  00     375.7264
     0100      8   20  00  00  00  00  00  00  6F     375.7300
     0100      8   20  00  00  00  00  00  00  6F     375.7327
     0101      8   40  01  7F  FF  00  00  0F  49     375.7352
     0100      8   20  00  00  00  00  00  00  6F     375.7355
     0102      8   20  00  00  00  00  00  00  6F     375.7357
     0100      8   40  00  00  00  00  00  00  DE     375.7391
     0100      8   40  00  00  00  00  00  00  DE     375.7418
     0100      8   40  00  00  00  00  00  00  DE     375.7445
     0101      8   60  01  7F  FF  00  00  0F  26     375.7452
     0102      8   40  00  00  00  00  00  00  DE     375.7455
     0100      8   40  00  00  00  00  00  00  DE     375.7473
     0100      8   60  00  00  00  00  00  00  B1     375.7509
     0100      8   60  00  00  00  00  00  00  B1     375.7536
     0101      8   80  01  7F  FF  00  00  0F  36     375.7552
     0102      8   60  00  00  00  00  00  00  B1     375.7555
     0501      8   0D  03  00  00  00  00  00  2C     375.7557
     0100      8   60  00  00  00  00  00  00  B1     375.7563
     0100      8   80  00  00  00  00  00  00  A1     375.7600
     0100      8   80  00  00  00  00  00  00  A1     375.7627
     0101      8   A0  01  7F  FF  00  00  0F  59     375.7652
     0100      8   80  00  00  00  00  00  00  A1     375.7655
     0102      8   80  00  00  00  00  00  00  A1     375.7657
     0100      8   A0  00  00  00  00  00  00  CE     375.7691
     0100      8   A0  00  00  00  00  00  00  CE     375.7718
     0100      8   A0  00  00  00  00  00  00  CE     375.7745
     0101      8   C0  01  7F  FF  00  00  0F  E8     375.7752
     0102      8   A0  00  00  00  00  00  00  CE     375.7755
     0100      8   A0  00  00  00  00  00  00  CE     375.7773
     0100      8   C0  00  00  00  00  00  00  7F     375.7809
     0100      8   C0  00  00  00  00  00  00  7F     375.7836
     0101      8   E0  01  7F  FF  00  00  0F  87     375.7852
     0102      8   C0  00  00  00  00  00  00  7F     375.7855
     0100      8   C0  00  00  00  00  00  00  7F     375.7863
     0100      8   E0  00  00  00  00  00  00  10     375.7900
     0100      8   E0  00  00  00  00  00  00  10     375.7927
     0101      8   00  01  7F  FF  00  00  0F  97     375.7952
     0100      8   E0  00  00  00  00  00  00  10     375.7955
     0102      8   E0  00  00  00  00  00  00  10     375.7957
     0100      8   00  00  00  00  00  00  00  00     375.7991
     0100      8   00  00  00  00  00  00  00  00     375.8018
     0100      8   00  00  00  00  00  00  00  00     375.8045
     0101      8   20  01  7F  FF  00  00  0F  F8     375.8052
     0102      8   00  00  00  00  00  00  00  00     375.8055
     0100      8   00  00  00  00  00  00  00  00     375.8073
     0100      8   20  00  00  00  00  00  00  6F     375.8109
     0100      8   20  00  00  00  00  00  00  6F     375.8136
     0101      8   40  01  7F  FF  00  00  0F  49     375.8152
     0102      8   20  00  00  00  00  00  00  6F     375.8155
     0100      8   20  00  00  00  00  00  00  6F     375.8163
     0100      8   40  00  00  00  00  00  00  DE     375.8200
     0100      8   40  00  00  00  00  00  00  DE     375.8227
     0101      8   60  01  7F  FF  00  00  0F  26     375.8252
     0100      8   40  00  00  00  00  00  00  DE     375.8255
     0102      8   40  00  00  00  00  00  00  DE     375.8257
     0100      8   60  00  00  00  00  00  00  B1     375.8291
     0100      8   60  00  00  00  00  00  00  B1     375.8318
     0100      8   60  00  00  00  00  00  00  B1     375.8345
     0101      8   80  01  7F  FF  00  00  0F  36     375.8352
     0102      8   60  00  00  00  00  00  00  B1     375.8355
     0100      8   60  00  00  00  00  00  00  B1     375.8373
     0100      8   80  00  00  00  00  00  00  A1     375.8409
     0100      8   80  00  00  00  00  00  00  A1     375.8436
     0101      8   A0  01  7F  FF  00  00  0F  59     375.8452
     0102      8   80  00  00  00  00  00  00  A1     375.8455
     0100      8   80  00  00  00  00  00  00  A1     375.8463
     0100      8   A0  00  00  00  00  00  00  CE     375.8500
     0100      8   A0  00  00  00  00  00  00  CE     375.8527
     0101      8   C0  01  7F  FF  00  00  0F  E8     375.8552
     0100      8   A0  00  00  00  00  00  00  CE     375.8555
     0102      8   A0  00  00  00  00  00  00  CE     375.8557
     0501      8   0D  03  00  00  00  00  00  2C     375.8559
     0100      8   C0  00  00  00  00  00  00  7F     375.8591
     0100      8   C0  00  00  00  00  00  00  7F     375.8618
     0100      8   C0  00  00  00  00  00  00  7F     375.8645
     0101      8   E0  01  7F  FF  00  00  0F  87     375.8652
     0102      8   C0  00  00  00  00  00  00  7F     375.8655
     0100      8   C0  00  00  00  00  00  00  7F     375.8673
     0100      8   E0  00  00  00  00  00  00  10     375.8709
     0100      8   E0  00  00  00  00  00  00  10     375.8736
     0101      8   00  01  7F  FF  00  00  0F  97     375.8752
     0102      8   E0  00  00  00  00  00  00  10     375.8755
     0100      8   E0  00  00  00  00  00  00  10     375.8763
     0100      8   00  00  00  00  00  00  00  00     375.8800
     0100      8   00  00  00  00  00  00  00  00     375.8827
     0101      8   20  01  7F  FF  00  00  0F  F8     375.8852
     0100      8   00  00  00  00  00  00  00  00     375.8855
     0102      8   00  00  00  00  00  00  00  00     375.8857
     0100      8   20  00  00  00  00  00  00  6F     375.8891
     0100      8   20  00  00  00  00  00  00  6F     375.8918
     0100      8   20  00  00  00  00  00  00  6F     375.8945
     0101      8   40  01  7F  FF  00  00  0F  49     375.8952
     0102      8   20  00  00  00  00  00  00  6F     375.8955
     0100      8   20  00  00  00  00  00  00  6F     375.8972
     0100      8   40  00  00  00  00  00  00  DE     375.9009
     0100      8   40  00  00  00  00  00  00  DE     375.9036
     0101      8   60  01  7F  FF  00  00  0F  26     375.9052
     0102      8   40  00  00  00  00  00  00  DE     375.9054
     0100      8   40  00  00  00  00  00  00  DE     375.9063
     0100      8   60  00  00  00  00  00  00  B1     375.9100
     0100      8   60  00  00  00  00  00  00  B1     375.9127
     0101      8   80  01  7F  FF  00  00  0F  36     375.9152
     0100      8   60  00  00  00  00  00  00  B1     375.9155
     0102      8   60  00  00  00  00  00  00  B1     375.9157
     0100      8   80  00  00  00  00  00  00  A1     375.9191
     0100      8   80  00  00  00  00  00  00  A1     375.9218
     0100      8   80  00  00  00  00  00  00  A1     375.9245
     0101      8   A0  01  7F  FF  00  00  0F  59     375.9252
     0102      8   80  00  00  00  00  00  00  A1     375.9254
     0100      8   80  00  00  00  00  00  00  A1     375.9272
     0100      8   A0  00  00  00  00  00  00  CE     375.9309
     0100      8   A0  00  00  00  00  00  00  CE     375.9336
     0101      8   C0  01  7F  FF  00  00  0F  E8     375.9352
     0102      8   A0  00  00  00  00  00  00  CE     375.9354
     0100      8   A0  00  00  00  00  00  00  CE     375.9363
     0100      8   C0  00  00  00  00  00  00  7F     375.9400
     0100      8   C0  00  00  00  00  00  00  7F     375.9427
     0101      8   E0  01  7F  FF  00  00  0F  87     375.9452
     0100      8   C0  00  00  00  00  00  00  7F     375.9455
     0102      8   C0  00  00  00  00  00  00  7F     375.9457
     0100      8   E0  00  00  00  00  00  00  10     375.9491
     0100      8   E0  00  00  00  00  00  00  10     375.9518
     0100      8   E0  00  00  00  00  00  00  10     375.9545
     0101      8   00  01  7F  FF  00  00  0F  97     375.9552
     0102      8   E0  00  00  00  00  00  00  10     375.9555
     0501      8   0D  03  00  00  00  00  00  2C     375.9557
     0100      8   E0  00  00  00  00  00  00  10     375.9572
     0100      8   00  00  00  00  00  00  00  00     375.9609
     0100      8   00  00  00  00  00  00  00  00     375.9636
     0101      8   20  01  7F  FF  00  00  0F  F8     375.9652
     0102      8   00  00  00  00  00  00  00  00     375.9654
     0100      8   00  00  00  00  00  00  00  00     375.9663
     0100      8   20  00  00  00  00  00  00  6F     375.9700
     0100      8   20  00  00  00  00  00  00  6F     375.9727
     0100      8   20  00  00  00  00  00  00  6F     375.9754
     0100      8   20  00  00  00  00  00  00  6F     375.9782
     0100      8   20  00  00  00  00  00  00  6F     375.9809
     0100      8   20  00  00  00  00  00  00  6F     375.9836
     0100      8   20  00  00  00  00  00  00  6F     375.9863
     0100      8   20  00  00  00  00  00  00  6F     375.9890
     0100      8   20  00  00  00  00  00  00  6F     375.9917
     0100      8   20  00  00  00  00  00  00  6F     375.9945
     0100      8   20  00  00  00  00  00  00  6F     375.9972
     0100      8   20  00  00  00  00  00  00  6F     375.9999
     0100      8   20  00  00  00  00  00  00  6F     376.0026
     0100      8   20  00  00  00  00  00  00  6F     376.0053
     0100      8   20  00  00  00  00  00  00  6F     376.0081
     0100      8   20  00  00  00  00  00  00  6F     376.0108
     0100      8   20  00  00  00  00  00  00  6F     376.0135
     0100      8   20  00  00  00  00  00  00  6F     376.0162
     0100      8   20  00  00  00  00  00  00  6F     376.0189
     0100      8   20  00  00  00  00  00  00  6F     376.0217
     0100      8   20  00  00  00  00  00  00  6F     376.0244
     0100      8   20  00  00  00  00  00  00  6F     376.0271
     0100      8   20  00  00  00  00  00  00  6F     376.0298
     0100      8   20  00  00  00  00  00  00  6F     376.0325
     0100      8   20  00  00  00  00  00  00  6F     376.0353
     0100      8   20  00  00  00  00  00  00  6F     376.0380
     0100      8   20  00  00  00  00  00  00  6F     376.0407
     0100      8   20  00  00  00  00  00  00  6F     376.0434
     0100      8   20  00  00  00  00  00  00  6F     376.0461
     0100      8   20  00  00  00  00  00  00  6F     376.0489
     0100      8   20  00  00  00  00  00  00  6F     376.0516
     0100      8   20  00  00  00  00  00  00  6F     376.0543
     0100      8   20  00  00  00  00  00  00  6F     376.0570
     0100      8   20  00  00  00  00  00  00  6F     376.0597
     0100      8   20  00  00  00  00  00  00  6F     376.0625
     0100      8   20  00  00  00  00  00  00  6F     376.0652
     0100      8   20  00  00  00  00  00  00  6F     376.0679
     0100      8   20  00  00  00  00  00  00  6F     376.0706
     0100      8   20  00  00  00  00  00  00  6F     376.0733
     0100      8   20  00  00  00  00  00  00  6F     376.0761
     0100      8   20  00  00  00  00  00  00  6F     376.0788
     0100      8   20  00  00  00  00  00  00  6F     376.0815
     0100      8   20  00  00  00  00  00  00  6F     376.0842
     0100      8   20  00  00  00  00  00  00  6F     376.0869
     0100      8   20  00  00  00  00  00  00  6F     376.0896
     0100      8   20  00  00  00  00  00  00  6F     376.0924
     0100      8   20  00  00  00  00  00  00  6F     376.0951
     0100      8   20  00  00  00  00  00  00  6F     376.0978
     0100      8   20  00  00  00  00  00  00  6F     376.1005
     0100      8   20  00  00  00  00  00  00  6F     376.1032
     0100      8   20  00  00  00  00  00  00  6F     376.1060
     0100      8   20  00  00  00  00  00  00  6F     376.1087
     0100      8   20  00  00  00  00  00  00  6F     376.1114
     0100      8   20  00  00  00  00  00  00  6F     376.1141
     0100      8   20  00  00  00  00  00  00  6F     376.1168
     0100      8   20  00  00  00  00  00  00  6F     376.1196
     0100      8   20  00  00  00  00  00  00  6F     376.1223
     0100      8   20  00  00  00  00  00  00  6F     376.1250
     0100      8   20  00  00  00  00  00  00  6F     376.1277
     0100      8   20  00  00  00  00  00  00  6F     376.1304
     0100      8   20  00  00  00  00  00  00  6F     376.1332
     0100      8   20  00  00  00  00  00  00  6F     376.1359
     0100      8   20  00  00  00  00  00  00  6F     376.1386
     0100      8   20  00  00  00  00  00  00  6F     376.1413
     0100      8   20  00  00  00  00  00  00  6F     376.1440
     0100      8   20  00  00  00  00  00  00  6F     376.1468
     0100      8   20  00  00  00  00  00  00  6F     376.1495
     0100      8   20  00  00  00  00  00  00  6F     376.1522
     0100      8   20  00  00  00  00  00  00  6F     376.1549
     0100      8   20  00  00  00  00  00  00  6F     376.1576
     0100      8   20  00  00  00  00  00  00  6F     376.1604
     0100      8   20  00  00  00  00  00  00  6F     376.1631
     0100      8   20  00  00  00  00  00  00  6F     376.1658
     0100      8   20  00  00  00  00  00  00  6F     376.1685
     0100      8   20  00  00  00  00  00  00  6F     376.1712
     0100      8   20  00  00  00  00  00  00  6F     376.1739
     0100      8   20  00  00  00  00  00  00  6F     376.1767
     0100      8   20  00  00  00  00  00  00  6F     376.1794
     0100      8   20  00  00  00  00  00  00  6F     376.1821
     0100      8   20  00  00  00  00  00  00  6F     376.1848
     0100      8   20  00  00  00  00  00  00  6F     376.1876
     0100      8   20  00  00  00  00  00  00  6F     376.1903
     0100      8   20  00  00  00  00  00  00  6F     376.1930
     0100      8   20  00  00  00  00  00  00  6F     376.1957
     0100      8   20  00  00  00  00  00  00  6F     376.1984
     0100      8   20  00  00  00  00  00  00  6F     376.2011
     0100      8   20  00  00  00  00  00  00  6F     376.2039
     0100      8   20  00  00  00  00  00  00  6F     376.2066
     0100      8   20  00  00  00  00  00  00  6F     376.2093
     0100      8   20  00  00  00  00  00  00  6F     376.2120
     0100      8   20  00  00  00  00  00  00  6F     376.2147
     0100      8   20  00  00  00  00  00  00  6F     376.2175
     0100      8   20  00  00  00  00  00  00  6F     376.2202
     0100      8   20  00  00  00  00  00  00  6F     376.2229
     0100      8   20  00  00  00  00  00  00  6F     376.2256
     0100      8   20  00  00  00  00  00  00  6F     376.2283
     0100      8   20  00  00  00  00  00  00  6F     376.2311
     0100      8   20  00  00  00  00  00  00  6F     376.2338
     0100      8   20  00  00  00  00  00  00  6F     376.2365
     0100      8   20  00  00  00  00  00  00  6F     376.2392
     0100      8   20  00  00  00  00  00  00  6F     376.2419
     0100      8   20  00  00  00  00  00  00  6F     376.2447
     0100      8   20  00  00  00  00  00  00  6F     376.2474
     0100      8   20  00  00  00  00  00  00  6F     376.2501
     0100      8   20  00  00  00  00  00  00  6F     376.2528
     0100      8   20  00  00  00  00  00  00  6F     376.2555
     0100      8   20  00  00  00  00  00  00  6F     376.2583
     0100      8   20  00  00  00  00  00  00  6F     376.2610
     0100      8   20  00  00  00  00  00  00  6F     376.2637
     0100      8   20  00  00  00  00  00  00  6F     376.2664
     0100      8   20  00  00  00  00  00  00  6F     376.2691
     0100      8   20  00  00  00  00  00  00  6F     376.2718
     0100      8   20  00  00  00  00  00  00  6F     376.2746
     0100      8   20  00  00  00  00  00  00  6F     376.2773
     0100      8   20  00  00  00  00  00  00  6F     376.2800
     0100      8   20  00  00  00  00  00  00  6F     376.2827
     0100      8   20  00  00  00  00  00  00  6F     376.2854
     0100      8   20  00  00  00  00  00  00  6F     376.2882
     0100      8   20  00  00  00  00  00  00  6F     376.2909
     0100      8   20  00  00  00  00  00  00  6F     376.2936
     0100      8   20  00  00  00  00  00  00  6F     376.2963
     0100      8   20  00  00  00  00  00  00  6F     376.2990
     0100      8   20  00  00  00  00  00  00  6F     376.3018
     0100      8   20  00  00  00  00  00  00  6F     376.3045
     0100      8   20  00  00  00  00  00  00  6F     376.3072
     0100      8   20  00  00  00  00  00  00  6F     376.3099
     0100      8   20  00  00  00  00  00  00  6F     376.3126
     0100      8   20  00  00  00  00  00  00  6F     376.3154
     0100      8   20  00  00  00  00  00  00  6F     376.3181
     0100      8   20  00  00  00  00  00  00  6F     376.3208
     0100      8   20  00  00  00  00  00  00  6F     376.3235
     0100      8   20  00  00  00  00  00  00  6F     376.3262
     0100      8   20  00  00  00  00  00  00  6F     376.3290
     0100      8   20  00  00  00  00  00  00  6F     376.3317
     0100      8   20  00  00  00  00  00  00  6F     376.3344
     0100      8   20  00  00  00  00  00  00  6F     376.3371
     0100      8   20  00  00  00  00  00  00  6F     376.3398
     0100      8   20  00  00  00  00  00  00  6F     376.3426
     0100      8   20  00  00  00  00  00  00  6F     376.3453
     0100      8   20  00  00  00  00  00  00  6F     376.3480
     0100      8   20  00  00  00  00  00  00  6F     376.3507
     0100      8   20  00  00  00  00  00  00  6F     376.3534
     0100      8   20  00  00  00  00  00  00  6F     376.3562
     0100      8   20  00  00  00  00  00  00  6F     376.3589
     0100      8   20  00  00  00  00  00  00  6F     376.3616
     0100      8   20  00  00  00  00  00  00  6F     376.3643
     0100      8   20  00  00  00  00  00  00  6F     376.3670
     0100      8   20  00  00  00  00  00  00  6F     376.3698
     0100      8   20  00  00  00  00  00  00  6F     376.3725
     0100      8   20  00  00  00  00  00  00  6F     376.3752
     0100      8   20  00  00  00  00  00  00  6F     376.3779
     0100      8   20  00  00  00  00  00  00  6F     376.3806
     0100      8   20  00  00  00  00  00  00  6F     376.3833
     0100      8   20  00  00  00  00  00  00  6F     376.3861
     0100      8   20  00  00  00  00  00  00  6F     376.3888
     0100      8   20  00  00  00  00  00  00  6F     376.3915
     0100      8   20  00  00  00  00  00  00  6F     376.3942
     0100      8   20  00  00  00  00  00  00  6F     376.3969
     0100      8   20  00  00  00  00  00  00  6F     376.3997
     0100      8   20  00  00  00  00  00  00  6F     376.4024
     0100      8   20  00  00  00  00  00  00  6F     376.4051
     0100      8   20  00  00  00  00  00  00  6F     376.4078
     0100      8   20  00  00  00  00  00  00  6F     376.4105
     0100      8   20  00  00  00  00  00  00  6F     376.4133
     0100      8   20  00  00  00  00  00  00  6F     376.4160
     0100      8   20  00  00  00  00  00  00  6F     376.4187
     0100      8   20  00  00  00  00  00  00  6F     376.4214
     0100      8   20  00  00  00  00  00  00  6F     376.4241
     0100      8   20  00  00  00  00  00  00  6F     376.4269
     0100      8   20  00  00  00  00  00  00  6F     376.4296
     0100      8   20  00  00  00  00  00  00  6F     376.4323
     0100      8   20  00  00  00  00  00  00  6F     376.4350
     0100      8   20  00  00  00  00  00  00  6F     376.4377
     0100      8   20  00  00  00  00  00  00  6F     376.4405
     0100      8   20  00  00  00  00  00  00  6F     376.4432
     0100      8   20  00  00  00  00  00  00  6F     376.4459
     0100      8   20  00  00  00  00  00  00  6F     376.4486
     0100      8   20  00  00  00  00  00  00  6F     376.4513
     0100      8   20  00  00  00  00  00  00  6F     376.4540
     0100      8   20  00  00  00  00  00  00  6F     376.4568
     0100      8   20  00  00  00  00  00  00  6F     376.4595
     0100      8   20  00  00  00  00  00  00  6F     376.4622
     0100      8   20  00  00  00  00  00  00  6F     376.4649
     0100      8   20  00  00  00  00  00  00  6F     376.4676
     0100      8   20  00  00  00  00  00  00  6F     376.4704
     0100      8   20  00  00  00  00  00  00  6F     376.4731
     0100      8   20  00  00  00  00  00  00  6F     376.4758
     0100      8   20  00  00  00  00  00  00  6F     376.4785
     0100      8   20  00  00  00  00  00  00  6F     376.4812
     0100      8   20  00  00  00  00  00  00  6F     376.4840
     0100      8   20  00  00  00  00  00  00  6F     376.4867
     0100      8   20  00  00  00  00  00  00  6F     376.4894
     0100      8   20  00  00  00  00  00  00  6F     376.4921
     0100      8   20  00  00  00  00  00  00  6F     376.4948
     0100      8   20  00  00  00  00  00  00  6F     376.4976
     0100      8   20  00  00  00  00  00  00  6F     376.5003
     0100      8   20  00  00  00  00  00  00  6F     376.5030
     0100      8   20  00  00  00  00  00  00  6F     376.5057
     0100      8   20  00  00  00  00  00  00  6F     376.5084
     0100      8   20  00  00  00  00  00  00  6F     376.5112
     0100      8   20  00  00  00  00  00  00  6F     376.5139
     0100      8   20  00  00  00  00  00  00  6F     376.5166
     0100      8   20  00  00  00  00  00  00  6F     376.5193
     0100      8   20  00  00  00  00  00  00  6F     376.5220
     0100      8   20  00  00  00  00  00  00  6F     376.5248
     0100      8   20  00  00  00  00  00  00  6F     376.5275
     0100      8   20  00  00  00  00  00  00  6F     376.5302
     0100      8   20  00  00  00  00  00  00  6F     376.5329
     0100      8   20  00  00  00  00  00  00  6F     376.5356
     0100      8   20  00  00  00  00  00  00  6F     376.5384
     0100      8   20  00  00  00  00  00  00  6F     376.5411
     0100      8   20  00  00  00  00  00  00  6F     376.5438
     0100      8   20  00  00  00  00  00  00  6F     376.5465
     0100      8   20  00  00  00  00  00  00  6F     376.5492
     0100      8   20  00  00  00  00  00  00  6F     376.5520
     0100      8   20  00  00  00  00  00  00  6F     376.5547
     0100      8   20  00  00  00  00  00  00  6F     376.5574
     0100      8   20  00  00  00  00  00  00  6F     376.5601
     0100      8   20  00  00  00  00  00  00  6F     376.5628
     0100      8   20  00  00  00  00  00  00  6F     376.5655
     0100      8   20  00  00  00  00  00  00  6F     376.5683
     0100      8   20  00  00  00  00  00  00  6F     376.5710
     0100      8   20  00  00  00  00  00  00  6F     376.5737
     0100      8   20  00  00  00  00  00  00  6F     376.5764
     0100      8   20  00  00  00  00  00  00  6F     376.5791
     0100      8   20  00  00  00  00  00  00  6F     376.5819
     0100      8   20  00  00  00  00  00  00  6F     376.5846
     0100      8   20  00  00  00  00  00  00  6F     376.5873
     0100      8   20  00  00  00  00  00  00  6F     376.5900
     0100      8   20  00  00  00  00  00  00  6F     376.5927
     0100      8   20  00  00  00  00  00  00  6F     376.5955
     0100      8   20  00  00  00  00  00  00  6F     376.5982
     0100      8   20  00  00  00  00  00  00  6F     376.6009
     0100      8   20  00  00  00  00  00  00  6F     376.6036
     0100      8   20  00  00  00  00  00  00  6F     376.6063
     0100      8   20  00  00  00  00  00  00  6F     376.6091
     0100      8   20  00  00  00  00  00  00  6F     376.6118
     0100      8   20  00  00  00  00  00  00  6F     376.6145
     0100      8   20  00  00  00  00  00  00  6F     376.6172
     0100      8   20  00  00  00  00  00  00  6F     376.6199
     0100      8   20  00  00  00  00  00  00  6F     376.6227
     0100      8   20  00  00  00  00  00  00  6F     376.6254
     0100      8   20  00  00  00  00  00  00  6F     376.6281
     0100      8   20  00  00  00  00  00  00  6F     376.6308
     0100      8   20  00  00  00  00  00  00  6F     376.6335
     0100      8   20  00  00  00  00  00  00  6F     376.6363
     0100      8   20  00  00  00  00  00  00  6F     376.6390
     0100      8   20  00  00  00  00  00  00  6F     376.6417
     0100      8   20  00  00  00  00  00  00  6F     376.6444
     0100      8   20  00  00  00  00  00  00  6F     376.6471
     0100      8   20  00  00  00  00  00  00  6F     376.6498
     0100      8   20  00  00  00  00  00  00  6F     376.6526
     0100      8   20  00  00  00  00  00  00  6F     376.6553
     0100      8   20  00  00  00  00  00  00  6F     376.6580
     0100      8   20  00  00  00  00  00  00  6F     376.6607
     0100      8   20  00  00  00  00  00  00  6F     376.6635
     0100      8   20  00  00  00  00  00  00  6F     376.6662
     0100      8   20  00  00  00  00  00  00  6F     376.6689
     0100      8   20  00  00  00  00  00  00  6F     376.6716
     0100      8   20  00  00  00  00  00  00  6F     376.6743
     0100      8   20  00  00  00  00  00  00  6F     376.6770
     0100      8   20  00  00  00  00  00  00  6F     376.6798
     0100      8   20  00  00  00  00  00  00  6F     376.6825
     0100      8   20  00  00  00  00  00  00  6F     376.6852
     0100      8   20  00  00  00  00  00  00  6F     376.6879
     0100      8   20  00  00  00  00  00  00  6F     376.6906
     0100      8   20  00  00  00  00  00  00  6F     376.6934
     0100      8   20  00  00  00  00  00  00  6F     376.6961
     0100      8   20  00  00  00  00  00  00  6F     376.6988
     0100      8   20  00  00  00  00  00  00  6F     376.7015
     0100      8   20  00  00  00  00  00  00  6F     376.7042
     0100      8   20  00  00  00  00  00  00  6F     376.7070
     0100      8   20  00  00  00  00  00  00  6F     376.7097
     0100      8   20  00  00  00  00  00  00  6F     376.7124
     0100      8   20  00  00  00  00  00  00  6F     376.7151
     0100      8   20  00  00  00  00  00  00  6F     376.7178
     0100      8   20  00  00  00  00  00  00  6F     376.7206
     0100      8   20  00  00  00  00  00  00  6F     376.7233
     0100      8   20  00  00  00  00  00  00  6F     376.7260
     0100      8   20  00  00  00  00  00  00  6F     376.7287
     0100      8   20  00  00  00  00  00  00  6F     376.7314
     0100      8   20  00  00  00  00  00  00  6F     376.7342
     0100      8   20  00  00  00  00  00  00  6F     376.7369
     0100      8   20  00  00  00  00  00  00  6F     376.7396
     0100      8   20  00  00  00  00  00  00  6F     376.7423
     0100      8   20  00  00  00  00  00  00  6F     376.7450
     0100      8   20  00  00  00  00  00  00  6F     376.7477
     0100      8   20  00  00  00  00  00  00  6F     376.7505
     0100      8   20  00  00  00  00  00  00  6F     376.7532
     0100      8   20  00  00  00  00  00  00  6F     376.7559
     0100      8   20  00  00  00  00  00  00  6F     376.7586
     0100      8   20  00  00  00  00  00  00  6F     376.7613
     0100      8   20  00  00  00  00  00  00  6F     376.7641
     0100      8   20  00  00  00  00  00  00  6F     376.7668
     0100      8   20  00  00  00  00  00  00  6F     376.7695
     0100      8   20  00  00  00  00  00  00  6F     376.7722
     0100      8   20  00  00  00  00  00  00  6F     376.7749
     0100      8   20  00  00  00  00  00  00  6F     376.7777
     0100      8   20  00  00  00  00  00  00  6F     376.7804
     0100      8   20  00  00  00  00  00  00  6F     376.7831
     0100      8   20  00  00  00  00  00  00  6F     376.7858
     0100      8   20  00  00  00  00  00  00  6F     376.7885
     0100      8   20  00  00  00  00  00  00  6F     376.7913
     0100      8   20  00  00  00  00  00  00  6F     376.7940
     0100      8   20  00  00  00  00  00  00  6F     376.7967
     0100      8   20  00  00  00  00  00  00  6F     376.7994
     0100      8   20  00  00  00  00  00  00  6F     376.8021
     0100      8   20  00  00  00  00  00  00  6F     376.8049
     0100      8   20  00  00  00  00  00  00  6F     376.8076
     0100      8   20  00  00  00  00  00  00  6F     376.8103
     0100      8   20  00  00  00  00  00  00  6F     376.8130
     0100      8   20  00  00  00  00  00  00  6F     376.8157
     0100      8   20  00  00  00  00  00  00  6F     376.8185
     0100      8   20  00  00  00  00  00  00  6F     376.8212
     0100      8   20  00  00  00  00  00  00  6F     376.8239
     0100      8   20  00  00  00  00  00  00  6F     376.8266
     0100      8   20  00  00  00  00  00  00  6F     376.8293
     0100      8   20  00  00  00  00  00  00  6F     376.8320
     0100      8   20  00  00  00  00  00  00  6F     376.8348
     0100      8   20  00  00  00  00  00  00  6F     376.8375
     0100      8   20  00  00  00  00  00  00  6F     376.8402
     0100      8   20  00  00  00  00  00  00  6F     376.8429
     0100      8   20  00  00  00  00  00  00  6F     376.8456
     0100      8   20  00  00  00  00  00  00  6F     376.8484
     0100      8   20  00  00  00  00  00  00  6F     376.8511
     0100      8   20  00  00  00  00  00  00  6F     376.8538
     0100      8   20  00  00  00  00  00  00  6F     376.8565
     0100      8   20  00  00  00  00  00  00  6F     376.8592
     0100      8   20  00  00  00  00  00  00  6F     376.8620
     0100      8   20  00  00  00  00  00  00  6F     376.8647
     0100      8   20  00  00  00  00  00  00  6F     376.8674
     0100      8   20  00  00  00  00  00  00  6F     376.8701
     0100      8   20  00  00  00  00  00  00  6F     376.8728
     0100      8   20  00  00  00  00  00  00  6F     376.8756
     0100      8   20  00  00  00  00  00  00  6F     376.8783
     0100      8   20  00  00  00  00  00  00  6F     376.8810
     0100      8   20  00  00  00  00  00  00  6F     376.8837
     0100      8   20  00  00  00  00  00  00  6F     376.8864
     0100      8   20  00  00  00  00  00  00  6F     376.8892
     0100      8   20  00  00  00  00  00  00  6F     376.8919
     0100      8   20  00  00  00  00  00  00  6F     376.8946
     0100      8   20  00  00  00  00  00  00  6F     376.8973
     0100      8   20  00  00  00  00  00  00  6F     376.9000
     0100      8   20  00  00  00  00  00  00  6F     376.9028
     0100      8   20  00  00  00  00  00  00  6F     376.9055
     0100      8   20  00  00  00  00  00  00  6F     376.9082
     0100      8   20  00  00  00  00  00  00  6F     376.9109
     0100      8   20  00  00  00  00  00  00  6F     376.9136
     0100      8   20  00  00  00  00  00  00  6F     376.9164
     0100      8   20  00  00  00  00  00  00  6F     376.9191
     0100      8   20  00  00  00  00  00  00  6F     376.9218
     0100      8   20  00  00  00  00  00  00  6F     376.9245
     0100      8   20  00  00  00  00  00  00  6F     376.9272
     0100      8   20  00  00  00  00  00  00  6F     376.9299
     0100      8   20  00  00  00  00  00  00  6F     376.9327
     0100      8   20  00  00  00  00  00  00  6F     376.9354
     0100      8   20  00  00  00  00  00  00  6F     376.9381
     0100      8   20  00  00  00  00  00  00  6F     376.9408
     0100      8   20  00  00  00  00  00  00  6F     376.9435
     0100      8   20  00  00  00  00  00  00  6F     376.9463
     0100      8   20  00  00  00  00  00  00  6F     376.9490
     0100      8   20  00  00  00  00  00  00  6F     376.9517
     0100      8   20  00  00  00  00  00  00  6F     376.9544
     0100      8   20  00  00  00  00  00  00  6F     376.9571
     0100      8   20  00  00  00  00  00  00  6F     376.9599
     0100      8   20  00  00  00  00  00  00  6F     376.9626
     0100      8   20  00  00  00  00  00  00  6F     376.9653
     0100      8   20  00  00  00  00  00  00  6F     376.9680
     0100      8   20  00  00  00  00  00  00  6F     376.9707
     0100      8   20  00  00  00  00  00  00  6F     376.9735
     0100      8   20  00  00  00  00  00  00  6F     376.9762
     0100      8   20  00  00  00  00  00  00  6F     376.9789
     0100      8   20  00  00  00  00  00  00  6F     376.9816
     0100      8   20  00  00  00  00  00  00  6F     376.9843
     0100      8   20  00  00  00  00  00  00  6F     376.9871
     0100      8   20  00  00  00  00  00  00  6F     376.9898
     0100      8   20  00  00  00  00  00  00  6F     376.9925
     0100      8   20  00  00  00  00  00  00  6F     376.9952
     0100      8   20  00  00  00  00  00  00  6F     376.9979
     0100      8   20  00  00  00  00  00  00  6F     377.0007
     0100      8   20  00  00  00  00  00  00  6F     377.0034
     0100      8   20  00  00  00  00  00  00  6F     377.0061
     0100      8   20  00  00  00  00  00  00  6F     377.0088
     0100      8   20  00  00  00  00  00  00  6F     377.0115
     0100      8   20  00  00  00  00  00  00  6F     377.0142
     0100      8   20  00  00  00  00  00  00  6F     377.0170
     0100      8   20  00  00  00  00  00  00  6F     377.0197
     0100      8   20  00  00  00  00  00  00  6F     377.0224
     0100      8   20  00  00  00  00  00  00  6F     377.0251
     0100      8   20  00  00  00  00  00  00  6F     377.0278
     0100      8   20  00  00  00  00  00  00  6F     377.0306
     0100      8   20  00  00  00  00  00  00  6F     377.0333
     0100      8   20  00  00  00  00  00  00  6F     377.0360
     0100      8   20  00  00  00  00  00  00  6F     377.0387
     0100      8   20  00  00  00  00  00  00  6F     377.0414
     0100      8   20  00  00  00  00  00  00  6F     377.0442
     0100      8   20  00  00  00  00  00  00  6F     377.0469
     0100      8   20  00  00  00  00  00  00  6F     377.0496
     0100      8   20  00  00  00  00  00  00  6F     377.0523
     0100      8   20  00  00  00  00  00  00  6F     377.0550
     0100      8   20  00  00  00  00  00  00  6F     377.0578
     0100      8   20  00  00  00  00  00  00  6F     377.0605
     0100      8   20  00  00  00  00  00  00  6F     377.0632
     0100      8   20  00  00  00  00  00  00  6F     377.0659
     0100      8   20  00  00  00  00  00  00  6F     377.0686
     0100      8   20  00  00  00  00  00  00  6F     377.0714
     0100      8   20  00  00  00  00  00  00  6F     377.0741
     0100      8   20  00  00  00  00  00  00  6F     377.0768
     0100      8   20  00  00  00  00  00  00  6F     377.0795
     0100      8   20  00  00  00  00  00  00  6F     377.0822
     0100      8   20  00  00  00  00  00  00  6F     377.0850
     0100      8   20  00  00  00  00  00  00  6F     377.0877
     0100      8   20  00  00  00  00  00  00  6F     377.0904
     0100      8   20  00  00  00  00  00  00  6F     377.0931
     0100      8   20  00  00  00  00  00  00  6F     377.0958
     0100      8   20  00  00  00  00  00  00  6F     377.0986
     0100      8   20  00  00  00  00  00  00  6F     377.1013
     0100      8   20  00  00  00  00  00  00  6F     377.1040
     0100      8   20  00  00  00  00  00  00  6F     377.1067
     0100      8   20  00  00  00  00  00  00  6F     377.1094
     0100      8   20  00  00  00  00  00  00  6F     377.1121
     0100      8   20  00  00  00  00  00  00  6F     377.1149
     0100      8   20  00  00  00  00  00  00  6F     377.1176
     0100      8   20  00  00  00  00  00  00  6F     377.1203
     0100      8   20  00  00  00  00  00  00  6F     377.1230
     0100      8   20  00  00  00  00  00  00  6F     377.1257
     0100      8   20  00  00  00  00  00  00  6F     377.1285
     0100      8   20  00  00  00  00  00  00  6F     377.1312
     0100      8   20  00  00  00  00  00  00  6F     377.1339
     0100      8   20  00  00  00  00  00  00  6F     377.1366
     0100      8   20  00  00  00  00  00  00  6F     377.1393
     0100      8   20  00  00  00  00  00  00  6F     377.1421
     0100      8   20  00  00  00  00  00  00  6F     377.1448
     0100      8   20  00  00  00  00  00  00  6F     377.1475
     0100      8   20  00  00  00  00  00  00  6F     377.1502
     0100      8   20  00  00  00  00  00  00  6F     377.1529
     0100      8   20  00  00  00  00  00  00  6F     377.1557
     0100      8   20  00  00  00  00  00  00  6F     377.1584
     0100      8   20  00  00  00  00  00  00  6F     377.1611
     0100      8   20  00  00  00  00  00  00  6F     377.1638
     0100      8   20  00  00  00  00  00  00  6F     377.1665
     0100      8   20  00  00  00  00  00  00  6F     377.1693
     0100      8   20  00  00  00  00  00  00  6F     377.1720
     0100      8   20  00  00  00  00  00  00  6F     377.1747
     0100      8   20  00  00  00  00  00  00  6F     377.1774
     0100      8   20  00  00  00  00  00  00  6F     377.1801
     0100      8   20  00  00  00  00  00  00  6F     377.1829
     0100      8   20  00  00  00  00  00  00  6F     377.1856
     0100      8   20  00  00  00  00  00  00  6F     377.1883
     0100      8   20  00  00  00  00  00  00  6F     377.1910
     0100      8   20  00  00  00  00  00  00  6F     377.1937
     0100      8   20  00  00  00  00  00  00  6F     377.1965
     0100      8   20  00  00  00  00  00  00  6F     377.1992
     0100      8   20  00  00  00  00  00  00  6F     377.2019
     0100      8   20  00  00  00  00  00  00  6F     377.2046
     0100      8   20  00  00  00  00  00  00  6F     377.2073
     0100      8   20  00  00  00  00  00  00  6F     377.2100
     0100      8   20  00  00  00  00  00  00  6F     377.2128
     0100      8   20  00  00  00  00  00  00  6F     377.2155
     0100      8   20  00  00  00  00  00  00  6F     377.2182
     0100      8   20  00  00  00  00  00  00  6F     377.2209
     0100      8   20  00  00  00  00  00  00  6F     377.2236
     0100      8   20  00  00  00  00  00  00  6F     377.2264
     0100      8   20  00  00  00  00  00  00  6F     377.2291
     0100      8   20  00  00  00  00  00  00  6F     377.2318
     0100      8   20  00  00  00  00  00  00  6F     377.2345
     0100      8   20  00  00  00  00  00  00  6F     377.2372
     0100      8   20  00  00  00  00  00  00  6F     377.2400
     0100      8   20  00  00  00  00  00  00  6F     377.2427
     0100      8   20  00  00  00  00  00  00  6F     377.2454
     0100      8   20  00  00  00  00  00  00  6F     377.2481
     0100      8   20  00  00  00  00  00  00  6F     377.2508
     0100      8   20  00  00  00  00  00  00  6F     377.2536
     0100      8   20  00  00  00  00  00  00  6F     377.2563
     0100      8   20  00  00  00  00  00  00  6F     377.2590
     0100      8   20  00  00  00  00  00  00  6F     377.2617
     0100      8   20  00  00  00  00  00  00  6F     377.2644
     0100      8   20  00  00  00  00  00  00  6F     377.2672
     0100      8   20  00  00  00  00  00  00  6F     377.2699
     0100      8   20  00  00  00  00  00  00  6F     377.2726
     0100      8   20  00  00  00  00  00  00  6F     377.2753
     0100      8   20  00  00  00  00  00  00  6F     377.2780
     0100      8   20  00  00  00  00  00  00  6F     377.2808
     0100      8   20  00  00  00  00  00  00  6F     377.2835
     0100      8   20  00  00  00  00  00  00  6F     377.2862
     0100      8   20  00  00  00  00  00  00  6F     377.2889
     0100      8   20  00  00  00  00  00  00  6F     377.2916
     0100      8   20  00  00  00  00  00  00  6F     377.2943
     0100      8   20  00  00  00  00  00  00  6F     377.2971
     0100      8   20  00  00  00  00  00  00  6F     377.2998
     0100      8   20  00  00  00  00  00  00  6F     377.3025
     0100      8   20  00  00  00  00  00  00  6F     377.3052
     0100      8   20  00  00  00  00  00  00  6F     377.3079
     0100      8   20  00  00  00  00  00  00  6F     377.3107
     0100      8   20  00  00  00  00  00  00  6F     377.3134
     0100      8   20  00  00  00  00  00  00  6F     377.3161
     0100      8   20  00  00  00  00  00  00  6F     377.3188
     0100      8   20  00  00  00  00  00  00  6F     377.3215
     0100      8   20  00  00  00  00  00  00  6F     377.3243
     0100      8   20  00  00  00  00  00  00  6F     377.3270
     0100      8   20  00  00  00  00  00  00  6F     377.3297
     0100      8   20  00  00  00  00  00  00  6F     377.3324
     0100      8   20  00  00  00  00  00  00  6F     377.3351
     0100      8   20  00  00  00  00  00  00  6F     377.3379
     0100      8   20  00  00  00  00  00  00  6F     377.3406
     0100      8   20  00  00  00  00  00  00  6F     377.3433
     0100      8   20  00  00  00  00  00  00  6F     377.3460
     0100      8   20  00  00  00  00  00  00  6F     377.3487
     0100      8   20  00  00  00  00  00  00  6F     377.3515
     0100      8   20  00  00  00  00  00  00  6F     377.3542
     0100      8   20  00  00  00  00  00  00  6F     377.3569
     0100      8   20  00  00  00  00  00  00  6F     377.3596
     0100      8   20  00  00  00  00  00  00  6F     377.3623
     0100      8   20  00  00  00  00  00  00  6F     377.3651
     0100      8   20  00  00  00  00  00  00  6F     377.3678
     0100      8   20  00  00  00  00  00  00  6F     377.3705
     0100      8   20  00  00  00  00  00  00  6F     377.3732
     0100      8   20  00  00  00  00  00  00  6F     377.3759
     0100      8   20  00  00  00  00  00  00  6F     377.3787
     0100      8   20  00  00  00  00  00  00  6F     377.3814
     0100      8   20  00  00  00  00  00  00  6F     377.3841
     0100      8   20  00  00  00  00  00  00  6F     377.3868
     0100      8   20  00  00  00  00  00  00  6F     377.3895
     0100      8   20  00  00  00  00  00  00  6F     377.3922
     0100      8   20  00  00  00  00  00  00  6F     377.3950
     0100      8   20  00  00  00  00  00  00  6F     377.3977
     0100      8   20  00  00  00  00  00  00  6F     377.4004
     0100      8   20  00  00  00  00  00  00  6F     377.4031
     0100      8   20  00  00  00  00  00  00  6F     377.4058
     0100      8   20  00  00  00  00  00  00  6F     377.4086
     0100      8   20  00  00  00  00  00  00  6F     377.4113
     0100      8   20  00  00  00  00  00  00  6F     377.4140
     0100      8   20  00  00  00  00  00  00  6F     377.4167
     0100      8   20  00  00  00  00  00  00  6F     377.4194
     0100      8   20  00  00  00  00  00  00  6F     377.4222
     0100      8   20  00  00  00  00  00  00  6F     377.4249
     0100      8   20  00  00  00  00  00  00  6F     377.4276
     0100      8   20  00  00  00  00  00  00  6F     377.4303
     0100      8   20  00  00  00  00  00  00  6F     377.4330
     0100      8   20  00  00  00  00  00  00  6F     377.4358
     0100      8   20  00  00  00  00  00  00  6F     377.4385
     0100      8   20  00  00  00  00  00  00  6F     377.4412
     0100      8   20  00  00  00  00  00  00  6F     377.4439
     0100      8   20  00  00  00  00  00  00  6F     377.4466
     0100      8   20  00  00  00  00  00  00  6F     377.4494
     0100      8   20  00  00  00  00  00  00  6F     377.4521
     0100      8   20  00  00  00  00  00  00  6F     377.4548
     0100      8   20  00  00  00  00  00  00  6F     377.4575
     0100      8   20  00  00  00  00  00  00  6F     377.4602
     0100      8   20  00  00  00  00  00  00  6F     377.4630
     0100      8   20  00  00  00  00  00  00  6F     377.4657
     0100      8   20  00  00  00  00  00  00  6F     377.4684
     0100      8   20  00  00  00  00  00  00  6F     377.4711
     0100      8   20  00  00  00  00  00  00  6F     377.4738
     0100      8   20  00  00  00  00  00  00  6F     377.4766
     0100      8   20  00  00  00  00  00  00  6F     377.4793
     0100      8   20  00  00  00  00  00  00  6F     377.4820
     0100      8   20  00  00  00  00  00  00  6F     377.4847
     0100      8   20  00  00  00  00  00  00  6F     377.4874
     0100      8   20  00  00  00  00  00  00  6F     377.4901
     0100      8   20  00  00  00  00  00  00  6F     377.4929
     0100      8   20  00  00  00  00  00  00  6F     377.4956
     0100      8   20  00  00  00  00  00  00  6F     377.4983
     0100      8   20  00  00  00  00  00  00  6F     377.5010
     0100      8   20  00  00  00  00  00  00  6F     377.5037
     0100      8   20  00  00  00  00  00  00  6F     377.5065
     0100      8   20  00  00  00  00  00  00  6F     377.5092
     0100      8   20  00  00  00  00  00  00  6F     377.5119
     0100      8   20  00  00  00  00  00  00  6F     377.5146
     0100      8   20  00  00  00  00  00  00  6F     377.5173
     0100      8   20  00  00  00  00  00  00  6F     377.5201
     0100      8   20  00  00  00  00  00  00  6F     377.5228
     0100      8   20  00  00  00  00  00  00  6F     377.5255
     0100      8   20  00  00  00  00  00  00  6F     377.5282
     0100      8   20  00  00  00  00  00  00  6F     377.5309
     0100      8   20  00  00  00  00  00  00  6F     377.5337
     0100      8   20  00  00  00  00  00  00  6F     377.5364
     0100      8   20  00  00  00  00  00  00  6F     377.5391
     0100      8   20  00  00  00  00  00  00  6F     377.5418
     0100      8   20  00  00  00  00  00  00  6F     377.5445
     0100      8   20  00  00  00  00  00  00  6F     377.5473
     0100      8   20  00  00  00  00  00  00  6F     377.5500
     0100      8   20  00  00  00  00  00  00  6F     377.5527
     0100      8   20  00  00  00  00  00  00  6F     377.5554
     0100      8   20  00  00  00  00  00  00  6F     377.5581
     0100      8   20  00  00  00  00  00  00  6F     377.5609
     0100      8   20  00  00  00  00  00  00  6F     377.5636
     0100      8   20  00  00  00  00  00  00  6F     377.5663
     0100      8   20  00  00  00  00  00  00  6F     377.5690
     0100      8   20  00  00  00  00  00  00  6F     377.5717
     0100      8   20  00  00  00  00  00  00  6F     377.5744
     0100      8   20  00  00  00  00  00  00  6F     377.5772
     0100      8   20  00  00  00  00  00  00  6F     377.5799
     0100      8   20  00  00  00  00  00  00  6F     377.5826
     0100      8   20  00  00  00  00  00  00  6F     377.5853
     0100      8   20  00  00  00  00  00  00  6F     377.5881
     0100      8   20  00  00  00  00  00  00  6F     377.5908
     0100      8   20  00  00  00  00  00  00  6F     377.5935
     0100      8   20  00  00  00  00  00  00  6F     377.5962
     0100      8   20  00  00  00  00  00  00  6F     377.5989
     0100      8   20  00  00  00  00  00  00  6F     377.6016
     0100      8   20  00  00  00  00  00  00  6F     377.6044
     0100      8   20  00  00  00  00  00  00  6F     377.6071
     0100      8   20  00  00  00  00  00  00  6F     377.6098
     0100      8   20  00  00  00  00  00  00  6F     377.6125
     0100      8   20  00  00  00  00  00  00  6F     377.6152
     0100      8   20  00  00  00  00  00  00  6F     377.6180
     0100      8   20  00  00  00  00  00  00  6F     377.6207
     0100      8   20  00  00  00  00  00  00  6F     377.6234
     0100      8   20  00  00  00  00  00  00  6F     377.6261
     0100      8   20  00  00  00  00  00  00  6F     377.6288
     0100      8   20  00  00  00  00  00  00  6F     377.6316
     0100      8   20  00  00  00  00  00  00  6F     377.6343
     0100      8   20  00  00  00  00  00  00  6F     377.6370
     0100      8   20  00  00  00  00  00  00  6F     377.6397
     0100      8   20  00  00  00  00  00  00  6F     377.6424
     0100      8   20  00  00  00  00  00  00  6F     377.6452
     0100      8   20  00  00  00  00  00  00  6F     377.6479
     0100      8   20  00  00  00  00  00  00  6F     377.6506
     0100      8   20  00  00  00  00  00  00  6F     377.6533
     0100      8   20  00  00  00  00  00  00  6F     377.6560
     0100      8   20  00  00  00  00  00  00  6F     377.6588
     0100      8   20  00  00  00  00  00  00  6F     377.6615
     0100      8   20  00  00  00  00  00  00  6F     377.6642
     0100      8   20  00  00  00  00  00  00  6F     377.6669
     0100      8   20  00  00  00  00  00  00  6F     377.6696
     0100      8   20  00  00  00  00  00  00  6F     377.6723
     0100      8   20  00  00  00  00  00  00  6F     377.6751
     0100      8   20  00  00  00  00  00  00  6F     377.6778
     0100      8   20  00  00  00  00  00  00  6F     377.6805
     0100      8   20  00  00  00  00  00  00  6F     377.6832
     0100      8   20  00  00  00  00  00  00  6F     377.6859
     0100      8   20  00  00  00  00  00  00  6F     377.6887
     0100      8   20  00  00  00  00  00  00  6F     377.6914
     0100      8   20  00  00  00  00  00  00  6F     377.6941
     0100      8   20  00  00  00  00  00  00  6F     377.6968
     0100      8   20  00  00  00  00  00  00  6F     377.6995
     0100      8   20  00  00  00  00  00  00  6F     377.7023
     0100      8   20  00  00  00  00  00  00  6F     377.7050
     0100      8   20  00  00  00  00  00  00  6F     377.7077
     0100      8   20  00  00  00  00  00  00  6F     377.7104
     0100      8   20  00  00  00  00  00  00  6F     377.7131
     0100      8   20  00  00  00  00  00  00  6F     377.7159
     0100      8   20  00  00  00  00  00  00  6F     377.7186
     0100      8   20  00  00  00  00  00  00  6F     377.7213
     0100      8   20  00  00  00  00  00  00  6F     377.7240
     0100      8   20  00  00  00  00  00  00  6F     377.7267
     0100      8   20  00  00  00  00  00  00  6F     377.7295
     0100      8   20  00  00  00  00  00  00  6F     377.7322
     0100      8   20  00  00  00  00  00  00  6F     377.7349
     0100      8   20  00  00  00  00  00  00  6F     377.7376
     0100      8   20  00  00  00  00  00  00  6F     377.7403
     0100      8   20  00  00  00  00  00  00  6F     377.7431
     0100      8   20  00  00  00  00  00  00  6F     377.7458
     0100      8   20  00  00  00  00  00  00  6F     377.7485
     0100      8   20  00  00  00  00  00  00  6F     377.7512
     0100      8   20  00  00  00  00  00  00  6F     377.7539
     0100      8   20  00  00  00  00  00  00  6F     377.7567
     0100      8   20  00  00  00  00  00  00  6F     377.7594
     0100      8   20  00  00  00  00  00  00  6F     377.7621
     0100      8   20  00  00  00  00  00  00  6F     377.7648
     0100      8   20  00  00  00  00  00  00  6F     377.7675
     0100      8   20  00  00  00  00  00  00  6F     377.7703
     0100      8   20  00  00  00  00  00  00  6F     377.7730
     0100      8   20  00  00  00  00  00  00  6F     377.7757
     0100      8   20  00  00  00  00  00  00  6F     377.7784
     0100      8   20  00  00  00  00  00  00  6F     377.7811
     0100      8   20  00  00  00  00  00  00  6F     377.7838
     0100      8   20  00  00  00  00  00  00  6F     377.7866
     0100      8   20  00  00  00  00  00  00  6F     377.7893
     0100      8   20  00  00  00  00  00  00  6F     377.7920
     0100      8   20  00  00  00  00  00  00  6F     377.7947
     0100      8   20  00  00  00  00  00  00  6F     377.7974
     0100      8   20  00  00  00  00  00  00  6F     377.8002
     0100      8   20  00  00  00  00  00  00  6F     377.8029
     0100      8   20  00  00  00  00  00  00  6F     377.8056
     0100      8   20  00  00  00  00  00  00  6F     377.8083
     0100      8   20  00  00  00  00  00  00  6F     377.8110
     0100      8   20  00  00  00  00  00  00  6F     377.8138
     0100      8   20  00  00  00  00  00  00  6F     377.8165
     0100      8   20  00  00  00  00  00  00  6F     377.8192
     0100      8   20  00  00  00  00  00  00  6F     377.8219
     0100      8   20  00  00  00  00  00  00  6F     377.8246
     0100      8   20  00  00  00  00  00  00  6F     377.8274
     0100      8   20  00  00  00  00  00  00  6F     377.8301
     0100      8   20  00  00  00  00  00  00  6F     377.8328
     0100      8   20  00  00  00  00  00  00  6F     377.8355
     0100      8   20  00  00  00  00  00  00  6F     377.8382
     0100      8   20  00  00  00  00  00  00  6F     377.8410
     0100      8   20  00  00  00  00  00  00  6F     377.8437
     0100      8   20  00  00  00  00  00  00  6F     377.8464
     0100      8   20  00  00  00  00  00  00  6F     377.8491
     0100      8   20  00  00  00  00  00  00  6F     377.8518
     0100      8   20  00  00  00  00  00  00  6F     377.8545
     0100      8   20  00  00  00  00  00  00  6F     377.8573
     0100      8   20  00  00  00  00  00  00  6F     377.8600
     0100      8   20  00  00  00  00  00  00  6F     377.8627
     0100      8   20  00  00  00  00  00  00  6F     377.8654
     0100      8   20  00  00  00  00  00  00  6F     377.8681
     0100      8   20  00  00  00  00  00  00  6F     377.8709
     0100      8   20  00  00  00  00  00  00  6F     377.8736
     0100      8   20  00  00  00  00  00  00  6F     377.8763
     0100      8   20  00  00  00  00  00  00  6F     377.8790
     0100      8   20  00  00  00  00  00  00  6F     377.8817
     0100      8   20  00  00  00  00  00  00  6F     377.8845
     0100      8   20  00  00  00  00  00  00  6F     377.8872
     0100      8   20  00  00  00  00  00  00  6F     377.8899
     0100      8   20  00  00  00  00  00  00  6F     377.8926
     0100      8   20  00  00  00  00  00  00  6F     377.8953
     0100      8   20  00  00  00  00  00  00  6F     377.8981
     0100      8   20  00  00  00  00  00  00  6F     377.9008
     0100      8   20  00  00  00  00  00  00  6F     377.9035
     0100      8   20  00  00  00  00  00  00  6F     377.9062
     0100      8   20  00  00  00  00  00  00  6F     377.9089
     0100      8   20  00  00  00  00  00  00  6F     377.9117
     0100      8   20  00  00  00  00  00  00  6F     377.9144
     0100      8   20  00  00  00  00  00  00  6F     377.9171
     0100      8   20  00  00  00  00  00  00  6F     377.9198
     0100      8   20  00  00  00  00  00  00  6F     377.9225
     0100      8   20  00  00  00  00  00  00  6F     377.9253
     0100      8   20  00  00  00  00  00  00  6F     377.9280
     0100      8   20  00  00  00  00  00  00  6F     377.9307
     0100      8   20  00  00  00  00  00  00  6F     377.9334
     0100      8   20  00  00  00  00  00  00  6F     377.9361
     0100      8   20  00  00  00  00  00  00  6F     377.9389
     0100      8   20  00  00  00  00  00  00  6F     377.9416
     0100      8   20  00  00  00  00  00  00  6F     377.9443
     0100      8   20  00  00  00  00  00  00  6F     377.9470
     0100      8   20  00  00  00  00  00  00  6F     377.9497
     0100      8   20  00  00  00  00  00  00  6F     377.9525
     0100      8   20  00  00  00  00  00  00  6F     377.9552
     0100      8   20  00  00  00  00  00  00  6F     377.9579
     0100      8   20  00  00  00  00  00  00  6F     377.9606
     0100      8   20  00  00  00  00  00  00  6F     377.9633
     0100      8   20  00  00  00  00  00  00  6F     377.9660
     0100      8   20  00  00  00  00  00  00  6F     377.9688
     0100      8   20  00  00  00  00  00  00  6F     377.9715
     0100      8   20  00  00  00  00  00  00  6F     377.9742
     0100      8   20  00  00  00  00  00  00  6F     377.9769
     0100      8   20  00  00  00  00  00  00  6F     377.9796
     0100      8   20  00  00  00  00  00  00  6F     377.9824
     0100      8   20  00  00  00  00  00  00  6F     377.9851
     0100      8   20  00  00  00  00  00  00  6F     377.9878
     0100      8   20  00  00  00  00  00  00  6F     377.9905
     0100      8   20  00  00  00  00  00  00  6F     377.9932
     0100      8   20  00  00  00  00  00  00  6F     377.9960
     0100      8   20  00  00  00  00  00  00  6F     377.9987
     0100      8   20  00  00  00  00  00  00  6F     378.0014
     0100      8   20  00  00  00  00  00  00  6F     378.0041
     0100      8   20  00  00  00  00  00  00  6F     378.0068
     0100      8   20  00  00  00  00  00  00  6F     378.0096
     0100      8   20  00  00  00  00  00  00  6F     378.0123
     0100      8   20  00  00  00  00  00  00  6F     378.0150
     0100      8   20  00  00  00  00  00  00  6F     378.0177
     0100      8   20  00  00  00  00  00  00  6F     378.0204
     0100      8   20  00  00  00  00  00  00  6F     378.0232
     0100      8   20  00  00  00  00  00  00  6F     378.0259
     0100      8   20  00  00  00  00  00  00  6F     378.0286
     0100      8   20  00  00  00  00  00  00  6F     378.0313
     0100      8   20  00  00  00  00  00  00  6F     378.0340
     0100      8   20  00  00  00  00  00  00  6F     378.0368
     0100      8   20  00  00  00  00  00  00  6F     378.0395
     0100      8   20  00  00  00  00  00  00  6F     378.0422
     0100      8   20  00  00  00  00  00  00  6F     378.0449
     0100      8   20  00  00  00  00  00  00  6F     378.0476
     0100      8   20  00  00  00  00  00  00  6F     378.0503
     0100      8   20  00  00  00  00  00  00  6F     378.0531
     0100      8   20  00  00  00  00  00  00  6F     378.0558
     0100      8   20  00  00  00  00  00  00  6F     378.0585
     0100      8   20  00  00  00  00  00  00  6F     378.0612
     0100      8   20  00  00  00  00  00  00  6F     378.0639
     0100      8   20  00  00  00  00  00  00  6F     378.0667
     0100      8   20  00  00  00  00  00  00  6F     378.0694
     0100      8   20  00  00  00  00  00  00  6F     378.0721
     0100      8   20  00  00  00  00  00  00  6F     378.0748
     0100      8   20  00  00  00  00  00  00  6F     378.0775
     0100      8   20  00  00  00  00  00  00  6F     378.0803
     0100      8   20  00  00  00  00  00  00  6F     378.0830
     0100      8   20  00  00  00  00  00  00  6F     378.0857
     0100      8   20  00  00  00  00  00  00  6F     378.0884
     0100      8   20  00  00  00  00  00  00  6F     378.0911
     0100      8   20  00  00  00  00  00  00  6F     378.0939
     0100      8   20  00  00  00  00  00  00  6F     378.0966
     0100      8   20  00  00  00  00  00  00  6F     378.0993
     0100      8   20  00  00  00  00  00  00  6F     378.1020
     0100      8   20  00  00  00  00  00  00  6F     378.1047
     0100      8   20  00  00  00  00  00  00  6F     378.1075
     0100      8   20  00  00  00  00  00  00  6F     378.1102
     0100      8   20  00  00  00  00  00  00  6F     378.1129
     0100      8   20  00  00  00  00  00  00  6F     378.1156
     0100      8   20  00  00  00  00  00  00  6F     378.1183
     0100      8   20  00  00  00  00  00  00  6F     378.1211
     0100      8   20  00  00  00  00  00  00  6F     378.1238
     0100      8   20  00  00  00  00  00  00  6F     378.1265
     0100      8   20  00  00  00  00  00  00  6F     378.1292
     0100      8   20  00  00  00  00  00  00  6F     378.1319
     0100      8   20  00  00  00  00  00  00  6F     378.1347
     0100      8   20  00  00  00  00  00  00  6F     378.1374
     0100      8   20  00  00  00  00  00  00  6F     378.1401
     0100      8   20  00  00  00  00  00  00  6F     378.1428
     0100      8   20  00  00  00  00  00  00  6F     378.1455
     0100      8   20  00  00  00  00  00  00  6F     378.1482
     0100      8   20  00  00  00  00  00  00  6F     378.1510
     0100      8   20  00  00  00  00  00  00  6F     378.1537
     0100      8   20  00  00  00  00  00  00  6F     378.1564
     0100      8   20  00  00  00  00  00  00  6F     378.1591
     0100      8   20  00  00  00  00  00  00  6F     378.1618
     0100      8   20  00  00  00  00  00  00  6F     378.1646
     0100      8   20  00  00  00  00  00  00  6F     378.1673
     0100      8   20  00  00  00  00  00  00  6F     378.1700
     0100      8   20  00  00  00  00  00  00  6F     378.1727
     0100      8   20  00  00  00  00  00  00  6F     378.1754
     0100      8   20  00  00  00  00  00  00  6F     378.1782
     0100      8   20  00  00  00  00  00  00  6F     378.1809
     0100      8   20  00  00  00  00  00  00  6F     378.1836
     0100      8   20  00  00  00  00  00  00  6F     378.1863
     0100      8   20  00  00  00  00  00  00  6F     378.1890
     0100      8   20  00  00  00  00  00  00  6F     378.1918
     0100      8   20  00  00  00  00  00  00  6F     378.1945
     0100      8   20  00  00  00  00  00  00  6F     378.1972
     0100      8   20  00  00  00  00  00  00  6F     378.1999
     0100      8   20  00  00  00  00  00  00  6F     378.2026
     0100      8   20  00  00  00  00  00  00  6F     378.2054
     0100      8   20  00  00  00  00  00  00  6F     378.2081
     0100      8   20  00  00  00  00  00  00  6F     378.2108
     0100      8   20  00  00  00  00  00  00  6F     378.2135
     0100      8   20  00  00  00  00  00  00  6F     378.2162
     0100      8   20  00  00  00  00  00  00  6F     378.2190
     0100      8   20  00  00  00  00  00  00  6F     378.2217
     0100      8   20  00  00  00  00  00  00  6F     378.2244
     0100      8   20  00  00  00  00  00  00  6F     378.2271
     0100      8   20  00  00  00  00  00  00  6F     378.2298
     0100      8   20  00  00  00  00  00  00  6F     378.2325
     0100      8   20  00  00  00  00  00  00  6F     378.2353
     0100      8   20  00  00  00  00  00  00  6F     378.2380
     0100      8   20  00  00  00  00  00  00  6F     378.2407
     0100      8   20  00  00  00  00  00  00  6F     378.2434
     0100      8   20  00  00  00  00  00  00  6F     378.2461
     0100      8   20  00  00  00  00  00  00  6F     378.2489
     0100      8   20  00  00  00  00  00  00  6F     378.2516
     0100      8   20  00  00  00  00  00  00  6F     378.2543
     0100      8   20  00  00  00  00  00  00  6F     378.2570
     0100      8   20  00  00  00  00  00  00  6F     378.2597
     0100      8   20  00  00  00  00  00  00  6F     378.2625
     0100      8   20  00  00  00  00  00  00  6F     378.2652
     0100      8   20  00  00  00  00  00  00  6F     378.2679
     0100      8   20  00  00  00  00  00  00  6F     378.2706
     0100      8   20  00  00  00  00  00  00  6F     378.2733
     0100      8   20  00  00  00  00  00  00  6F     378.2761
     0100      8   20  00  00  00  00  00  00  6F     378.2788
     0100      8   20  00  00  00  00  00  00  6F     378.2815
     0100      8   20  00  00  00  00  00  00  6F     378.2842
     0100      8   20  00  00  00  00  00  00  6F     378.2869
     0100      8   20  00  00  00  00  00  00  6F     378.2897
     0100      8   20  00  00  00  00  00  00  6F     378.2924
     0100      8   20  00  00  00  00  00  00  6F     378.2951
     0100      8   20  00  00  00  00  00  00  6F     378.2978
     0100      8   20  00  00  00  00  00  00  6F     378.3005
     0100      8   20  00  00  00  00  00  00  6F     378.3033
     0100      8   20  00  00  00  00  00  00  6F     378.3060
     0100      8   20  00  00  00  00  00  00  6F     378.3087
     0100      8   20  00  00  00  00  00  00  6F     378.3114
     0100      8   20  00  00  00  00  00  00  6F     378.3141
     0100      8   20  00  00  00  00  00  00  6F     378.3169
     0100      8   20  00  00  00  00  00  00  6F     378.3196
     0100      8   20  00  00  00  00  00  00  6F     378.3223
     0100      8   20  00  00  00  00  00  00  6F     378.3250
     0100      8   20  00  00  00  00  00  00  6F     378.3277
     0100      8   20  00  00  00  00  00  00  6F     378.3304
     0100      8   20  00  00  00  00  00  00  6F     378.3332
     0100      8   20  00  00  00  00  00  00  6F     378.3359
     0100      8   20  00  00  00  00  00  00  6F     378.3386
     0100      8   20  00  00  00  00  00  00  6F     378.3413
     0100      8   20  00  00  00  00  00  00  6F     378.3440
     0100      8   20  00  00  00  00  00  00  6F     378.3468
     0100      8   20  00  00  00  00  00  00  6F     378.3495
     0100      8   20  00  00  00  00  00  00  6F     378.3522
     0100      8   20  00  00  00  00  00  00  6F     378.3549
     0100      8   20  00  00  00  00  00  00  6F     378.3576
     0100      8   20  00  00  00  00  00  00  6F     378.3604
     0100      8   20  00  00  00  00  00  00  6F     378.3631
     0100      8   20  00  00  00  00  00  00  6F     378.3658
     0100      8   20  00  00  00  00  00  00  6F     378.3685
     0100      8   20  00  00  00  00  00  00  6F     378.3712
     0100      8   20  00  00  00  00  00  00  6F     378.3740
     0100      8   20  00  00  00  00  00  00  6F     378.3767
     0100      8   20  00  00  00  00  00  00  6F     378.3794
     0100      8   20  00  00  00  00  00  00  6F     378.3821
     0100      8   20  00  00  00  00  00  00  6F     378.3848
     0100      8   20  00  00  00  00  00  00  6F     378.3876
     0100      8   20  00  00  00  00  00  00  6F     378.3903
     0100      8   20  00  00  00  00  00  00  6F     378.3930
     0100      8   20  00  00  00  00  00  00  6F     378.3957
     0100      8   20  00  00  00  00  00  00  6F     378.3984
     0100      8   20  00  00  00  00  00  00  6F     378.4012
     0100      8   20  00  00  00  00  00  00  6F     378.4039
     0100      8   20  00  00  00  00  00  00  6F     378.4066
     0100      8   20  00  00  00  00  00  00  6F     378.4093
     0100      8   20  00  00  00  00  00  00  6F     378.4120
     0100      8   20  00  00  00  00  00  00  6F     378.4147
     0100      8   20  00  00  00  00  00  00  6F     378.4175
     0100      8   20  00  00  00  00  00  00  6F     378.4202
     0100      8   20  00  00  00  00  00  00  6F     378.4229
     0100      8   20  00  00  00  00  00  00  6F     378.4256
     0100      8   20  00  00  00  00  00  00  6F     378.4283
     0100      8   20  00  00  00  00  00  00  6F     378.4311
     0100      8   20  00  00  00  00  00  00  6F     378.4338
     0100      8   20  00  00  00  00  00  00  6F     378.4365
     0100      8   20  00  00  00  00  00  00  6F     378.4392
     0100      8   20  00  00  00  00  00  00  6F     378.4419
     0100      8   20  00  00  00  00  00  00  6F     378.4447
     0100      8   20  00  00  00  00  00  00  6F     378.4474
     0100      8   20  00  00  00  00  00  00  6F     378.4501
     0100      8   20  00  00  00  00  00  00  6F     378.4528
     0100      8   20  00  00  00  00  00  00  6F     378.4555
     0100      8   20  00  00  00  00  00  00  6F     378.4583
     0100      8   20  00  00  00  00  00  00  6F     378.4610
     0100      8   20  00  00  00  00  00  00  6F     378.4637
     0100      8   20  00  00  00  00  00  00  6F     378.4664
     0100      8   20  00  00  00  00  00  00  6F     378.4691
     0100      8   20  00  00  00  00  00  00  6F     378.4719
     0100      8   20  00  00  00  00  00  00  6F     378.4746
     0100      8   20  00  00  00  00  00  00  6F     378.4773
     0100      8   20  00  00  00  00  00  00  6F     378.4800
     0100      8   20  00  00  00  00  00  00  6F     378.4827
     0100      8   20  00  00  00  00  00  00  6F     378.4855
     0100      8   20  00  00  00  00  00  00  6F     378.4882
     0100      8   20  00  00  00  00  00  00  6F     378.4909
     0100      8   20  00  00  00  00  00  00  6F     378.4936
     0100      8   20  00  00  00  00  00  00  6F     378.4963
     0100      8   20  00  00  00  00  00  00  6F     378.4991
     0100      8   20  00  00  00  00  00  00  6F     378.5018
     0100      8   20  00  00  00  00  00  00  6F     378.5045
     0100      8   20  00  00  00  00  00  00  6F     378.5072
     0100      8   20  00  00  00  00  00  00  6F     378.5099
     0100      8   20  00  00  00  00  00  00  6F     378.5126
     0100      8   20  00  00  00  00  00  00  6F     378.5154
     0100      8   20  00  00  00  00  00  00  6F     378.5181
     0100      8   20  00  00  00  00  00  00  6F     378.5208
     0100      8   20  00  00  00  00  00  00  6F     378.5235
     0100      8   20  00  00  00  00  00  00  6F     378.5262
     0100      8   20  00  00  00  00  00  00  6F     378.5290
     0100      8   20  00  00  00  00  00  00  6F     378.5317
     0100      8   20  00  00  00  00  00  00  6F     378.5344
     0100      8   20  00  00  00  00  00  00  6F     378.5371
     0100      8   20  00  00  00  00  00  00  6F     378.5398
     0100      8   20  00  00  00  00  00  00  6F     378.5426
     0100      8   20  00  00  00  00  00  00  6F     378.5453
     0100      8   20  00  00  00  00  00  00  6F     378.5480
     0100      8   20  00  00  00  00  00  00  6F     378.5507
     0100      8   20  00  00  00  00  00  00  6F     378.5534
     0100      8   20  00  00  00  00  00  00  6F     378.5562
     0100      8   20  00  00  00  00  00  00  6F     378.5589
     0100      8   20  00  00  00  00  00  00  6F     378.5616
     0100      8   20  00  00  00  00  00  00  6F     378.5643
     0100      8   20  00  00  00  00  00  00  6F     378.5670
     0100      8   20  00  00  00  00  00  00  6F     378.5698
     0100      8   20  00  00  00  00  00  00  6F     378.5725
     0100      8   20  00  00  00  00  00  00  6F     378.5752
     0100      8   20  00  00  00  00  00  00  6F     378.5779
     0100      8   20  00  00  00  00  00  00  6F     378.5806
     0100      8   20  00  00  00  00  00  00  6F     378.5834
     0100      8   20  00  00  00  00  00  00  6F     378.5861
     0100      8   20  00  00  00  00  00  00  6F     378.5888
     0100      8   20  00  00  00  00  00  00  6F     378.5915
     0100      8   20  00  00  00  00  00  00  6F     378.5942
     0100      8   20  00  00  00  00  00  00  6F     378.5969
     0100      8   20  00  00  00  00  00  00  6F     378.5997
     0100      8   20  00  00  00  00  00  00  6F     378.6024
     0100      8   20  00  00  00  00  00  00  6F     378.6051
     0100      8   20  00  00  00  00  00  00  6F     378.6078
     0100      8   20  00  00  00  00  00  00  6F     378.6105
     0100      8   20  00  00  00  00  00  00  6F     378.6133
     0100      8   20  00  00  00  00  00  00  6F     378.6160
     0100      8   20  00  00  00  00  00  00  6F     378.6187
     0100      8   20  00  00  00  00  00  00  6F     378.6214
     0100      8   20  00  00  00  00  00  00  6F     378.6242
     0100      8   20  00  00  00  00  00  00  6F     378.6269
     0100      8   20  00  00  00  00  00  00  6F     378.6296
     0100      8   20  00  00  00  00  00  00  6F     378.6323
     0100      8   20  00  00  00  00  00  00  6F     378.6350
     0100      8   20  00  00  00  00  00  00  6F     378.6377
     0100      8   20  00  00  00  00  00  00  6F     378.6405
     0100      8   20  00  00  00  00  00  00  6F     378.6432
     0100      8   20  00  00  00  00  00  00  6F     378.6459
     0100      8   20  00  00  00  00  00  00  6F     378.6486
     0100      8   20  00  00  00  00  00  00  6F     378.6513
     0100      8   20  00  00  00  00  00  00  6F     378.6541
     0100      8   20  00  00  00  00  00  00  6F     378.6568
     0100      8   20  00  00  00  00  00  00  6F     378.6595
     0100      8   20  00  00  00  00  00  00  6F     378.6622
     0100      8   20  00  00  00  00  00  00  6F     378.6649
     0100      8   20  00  00  00  00  00  00  6F     378.6677
     0100      8   20  00  00  00  00  00  00  6F     378.6704
     0100      8   20  00  00  00  00  00  00  6F     378.6731
     0100      8   20  00  00  00  00  00  00  6F     378.6758
     0100      8   20  00  00  00  00  00  00  6F     378.6785
     0100      8   20  00  00  00  00  00  00  6F     378.6813
     0100      8   20  00  00  00  00  00  00  6F     378.6840
     0100      8   20  00  00  00  00  00  00  6F     378.6867
     0100      8   20  00  00  00  00  00  00  6F     378.6894
     0100      8   20  00  00  00  00  00  00  6F     378.6921
     0100      8   20  00  00  00  00  00  00  6F     378.6948
     0100      8   20  00  00  00  00  00  00  6F     378.6976
     0100      8   20  00  00  00  00  00  00  6F     378.7003
     0100      8   20  00  00  00  00  00  00  6F     378.7030
     0100      8   20  00  00  00  00  00  00  6F     378.7057
     0100      8   20  00  00  00  00  00  00  6F     378.7084
     0100      8   20  00  00  00  00  00  00  6F     378.7112
     0100      8   20  00  00  00  00  00  00  6F     378.7139
     0100      8   20  00  00  00  00  00  00  6F     378.7166
     0100      8   20  00  00  00  00  00  00  6F     378.7193
     0100      8   20  00  00  00  00  00  00  6F     378.7220
     0100      8   20  00  00  00  00  00  00  6F     378.7248
     0100      8   20  00  00  00  00  00  00  6F     378.7275
     0100      8   20  00  00  00  00  00  00  6F     378.7302
     0100      8   20  00  00  00  00  00  00  6F     378.7329
     0100      8   20  00  00  00  00  00  00  6F     378.7356
     0100      8   20  00  00  00  00  00  00  6F     378.7384
     0100      8   20  00  00  00  00  00  00  6F     378.7411
     0100      8   20  00  00  00  00  00  00  6F     378.7438
     0100      8   20  00  00  00  00  00  00  6F     378.7465
     0100      8   20  00  00  00  00  00  00  6F     378.7492
     0100      8   20  00  00  00  00  00  00  6F     378.7520
     0100      8   20  00  00  00  00  00  00  6F     378.7547
     0100      8   20  00  00  00  00  00  00  6F     378.7574
     0100      8   20  00  00  00  00  00  00  6F     378.7601
     0100      8   20  00  00  00  00  00  00  6F     378.7628
     0100      8   20  00  00  00  00  00  00  6F     378.7656
     0100      8   20  00  00  00  00  00  00  6F     378.7683
     0100      8   20  00  00  00  00  00  00  6F     378.7710
     0100      8   20  00  00  00  00  00  00  6F     378.7737
     0100      8   20  00  00  00  00  00  00  6F     378.7764
     0100      8   20  00  00  00  00  00  00  6F     378.7792
     0100      8   20  00  00  00  00  00  00  6F     378.7819
     0100      8   20  00  00  00  00  00  00  6F     378.7846
     0100      8   20  00  00  00  00  00  00  6F     378.7873
     0100      8   20  00  00  00  00  00  00  6F     378.7900
     0100      8   20  00  00  00  00  00  00  6F     378.7927
     0100      8   20  00  00  00  00  00  00  6F     378.7955
     0100      8   20  00  00  00  00  00  00  6F     378.7982
     0100      8   20  00  00  00  00  00  00  6F     378.8009
     0100      8   20  00  00  00  00  00  00  6F     378.8036
     0100      8   20  00  00  00  00  00  00  6F     378.8063
     0100      8   20  00  00  00  00  00  00  6F     378.8091
     0100      8   20  00  00  00  00  00  00  6F     378.8118
     0100      8   20  00  00  00  00  00  00  6F     378.8145
     0100      8   20  00  00  00  00  00  00  6F     378.8172
     0100      8   20  00  00  00  00  00  00  6F     378.8199
     0100      8   20  00  00  00  00  00  00  6F     378.8227
     0100      8   20  00  00  00  00  00  00  6F     378.8254
     0100      8   20  00  00  00  00  00  00  6F     378.8281
     0100      8   20  00  00  00  00  00  00  6F     378.8308
     0100      8   20  00  00  00  00  00  00  6F     378.8335
     0100      8   20  00  00  00  00  00  00  6F     378.8363
     0100      8   20  00  00  00  00  00  00  6F     378.8390
     0100      8   20  00  00  00  00  00  00  6F     378.8417
     0100      8   20  00  00  00  00  00  00  6F     378.8444
     0100      8   20  00  00  00  00  00  00  6F     378.8471
     0100      8   20  00  00  00  00  00  00  6F     378.8499
     0100      8   20  00  00  00  00  00  00  6F     378.8526
     0100      8   20  00  00  00  00  00  00  6F     378.8553
     0100      8   20  00  00  00  00  00  00  6F     378.8580
     0100      8   20  00  00  00  00  00  00  6F     378.8607
     0100      8   20  00  00  00  00  00  00  6F     378.8635
     0100      8   20  00  00  00  00  00  00  6F     378.8662
     0100      8   20  00  00  00  00  00  00  6F     378.8689
     0100      8   20  00  00  00  00  00  00  6F     378.8716
     0100      8   20  00  00  00  00  00  00  6F     378.8743
     0100      8   20  00  00  00  00  00  00  6F     378.8770
     0100      8   20  00  00  00  00  00  00  6F     378.8798
     0100      8   20  00  00  00  00  00  00  6F     378.8825
     0100      8   20  00  00  00  00  00  00  6F     378.8852
     0100      8   20  00  00  00  00  00  00  6F     378.8879
     0100      8   20  00  00  00  00  00  00  6F     378.8906
     0100      8   20  00  00  00  00  00  00  6F     378.8934
     0100      8   20  00  00  00  00  00  00  6F     378.8961
     0100      8   20  00  00  00  00  00  00  6F     378.8988
     0100      8   20  00  00  00  00  00  00  6F     378.9015
     0100      8   20  00  00  00  00  00  00  6F     378.9042
     0100      8   20  00  00  00  00  00  00  6F     378.9070
     0100      8   20  00  00  00  00  00  00  6F     378.9097
     0100      8   20  00  00  00  00  00  00  6F     378.9124
     0100      8   20  00  00  00  00  00  00  6F     378.9151
     0100      8   20  00  00  00  00  00  00  6F     378.9178
     0100      8   20  00  00  00  00  00  00  6F     378.9206
     0100      8   20  00  00  00  00  00  00  6F     378.9233
     0100      8   20  00  00  00  00  00  00  6F     378.9260
     0100      8   20  00  00  00  00  00  00  6F     378.9287
     0100      8   20  00  00  00  00  00  00  6F     378.9314
     0100      8   20  00  00  00  00  00  00  6F     378.9342
     0100      8   20  00  00  00  00  00  00  6F     378.9369
     0100      8   20  00  00  00  00  00  00  6F     378.9396
     0100      8   20  00  00  00  00  00  00  6F     378.9423
     0100      8   20  00  00  00  00  00  00  6F     378.9450
     0100      8   20  00  00  00  00  00  00  6F     378.9478
     0100      8   20  00  00  00  00  00  00  6F     378.9505
     0100      8   20  00  00  00  00  00  00  6F     378.9532
     0100      8   20  00  00  00  00  00  00  6F     378.9559
     0100      8   20  00  00  00  00  00  00  6F     378.9586
     0100      8   20  00  00  00  00  00  00  6F     378.9614
     0100      8   20  00  00  00  00  00  00  6F     378.9641
     0100      8   20  00  00  00  00  00  00  6F     378.9668
     0100      8   20  00  00  00  00  00  00  6F     378.9695
     0100      8   20  00  00  00  00  00  00  6F     378.9722
     0100      8   20  00  00  00  00  00  00  6F     378.9749
     0100      8   20  00  00  00  00  00  00  6F     378.9777
     0100      8   20  00  00  00  00  00  00  6F     378.9804
     0100      8   20  00  00  00  00  00  00  6F     378.9831
     0100      8   20  00  00  00  00  00  00  6F     378.9858
     0100      8   20  00  00  00  00  00  00  6F     378.9886
     0100      8   20  00  00  00  00  00  00  6F     378.9913
     0100      8   20  00  00  00  00  00  00  6F     378.9940
     0100      8   20  00  00  00  00  00  00  6F     378.9967
     0100      8   20  00  00  00  00  00  00  6F     378.9994
     0100      8   20  00  00  00  00  00  00  6F     379.0021
     0100      8   20  00  00  00  00  00  00  6F     379.0049
     0100      8   20  00  00  00  00  00  00  6F     379.0076
     0100      8   20  00  00  00  00  00  00  6F     379.0103
     0100      8   20  00  00  00  00  00  00  6F     379.0130
     0100      8   20  00  00  00  00  00  00  6F     379.0157
     0100      8   20  00  00  00  00  00  00  6F     379.0185
     0100      8   20  00  00  00  00  00  00  6F     379.0212
     0100      8   20  00  00  00  00  00  00  6F     379.0239
     0100      8   20  00  00  00  00  00  00  6F     379.0266
     0100      8   20  00  00  00  00  00  00  6F     379.0293
     0100      8   20  00  00  00  00  00  00  6F     379.0321
     0100      8   20  00  00  00  00  00  00  6F     379.0348
     0100      8   20  00  00  00  00  00  00  6F     379.0375
     0100      8   20  00  00  00  00  00  00  6F     379.0402
     0100      8   20  00  00  00  00  00  00  6F     379.0429
     0100      8   20  00  00  00  00  00  00  6F     379.0457
     0100      8   20  00  00  00  00  00  00  6F     379.0484
     0100      8   20  00  00  00  00  00  00  6F     379.0511
     0100      8   20  00  00  00  00  00  00  6F     379.0538
     0100      8   20  00  00  00  00  00  00  6F     379.0565
     0100      8   20  00  00  00  00  00  00  6F     379.0593
     0100      8   20  00  00  00  00  00  00  6F     379.0620
     0100      8   20  00  00  00  00  00  00  6F     379.0647
     0100      8   20  00  00  00  00  00  00  6F     379.0674
     0100      8   20  00  00  00  00  00  00  6F     379.0701
     0100      8   20  00  00  00  00  00  00  6F     379.0728
     0100      8   20  00  00  00  00  00  00  6F     379.0756
     0100      8   20  00  00  00  00  00  00  6F     379.0783
     0100      8   20  00  00  00  00  00  00  6F     379.0810
     0100      8   20  00  00  00  00  00  00  6F     379.0837
     0100      8   20  00  00  00  00  00  00  6F     379.0864
     0100      8   20  00  00  00  00  00  00  6F     379.0892
     0100      8   20  00  00  00  00  00  00  6F     379.0919
     0100      8   20  00  00  00  00  00  00  6F     379.0946
     0100      8   20  00  00  00  00  00  00  6F     379.0973
     0100      8   20  00  00  00  00  00  00  6F     379.1000
     0100      8   20  00  00  00  00  00  00  6F     379.1028
     0100      8   20  00  00  00  00  00  00  6F     379.1055
     0100      8   20  00  00  00  00  00  00  6F     379.1082
     0100      8   20  00  00  00  00  00  00  6F     379.1109
     0100      8   20  00  00  00  00  00  00  6F     379.1136
     0100      8   20  00  00  00  00  00  00  6F     379.1164
     0100      8   20  00  00  00  00  00  00  6F     379.1191
     0100      8   20  00  00  00  00  00  00  6F     379.1218
     0100      8   20  00  00  00  00  00  00  6F     379.1245
     0100      8   20  00  00  00  00  00  00  6F     379.1272
     0100      8   20  00  00  00  00  00  00  6F     379.1300
     0100      8   20  00  00  00  00  00  00  6F     379.1327
     0100      8   20  00  00  00  00  00  00  6F     379.1354
     0100      8   20  00  00  00  00  00  00  6F     379.1381
     0100      8   20  00  00  00  00  00  00  6F     379.1408
     0100      8   20  00  00  00  00  00  00  6F     379.1436
     0100      8   20  00  00  00  00  00  00  6F     379.1463
     0100      8   20  00  00  00  00  00  00  6F     379.1490
     0100      8   20  00  00  00  00  00  00  6F     379.1517
     0100      8   20  00  00  00  00  00  00  6F     379.1544
     0100      8   20  00  00  00  00  00  00  6F     379.1572
     0100      8   20  00  00  00  00  00  00  6F     379.1599
     0100      8   20  00  00  00  00  00  00  6F     379.1626
     0100      8   20  00  00  00  00  00  00  6F     379.1653
     0100      8   20  00  00  00  00  00  00  6F     379.1680
     0100      8   20  00  00  00  00  00  00  6F     379.1708
     0100      8   20  00  00  00  00  00  00  6F     379.1735
     0100      8   20  00  00  00  00  00  00  6F     379.1762
     0100      8   20  00  00  00  00  00  00  6F     379.1789
     0100      8   20  00  00  00  00  00  00  6F     379.1816
     0100      8   20  00  00  00  00  00  00  6F     379.1843
     0100      8   20  00  00  00  00  00  00  6F     379.1871
     0100      8   20  00  00  00  00  00  00  6F     379.1898
     0100      8   20  00  00  00  00  00  00  6F     379.1925
     0100      8   20  00  00  00  00  00  00  6F     379.1952
     0100      8   20  00  00  00  00  00  00  6F     379.1979
     0100      8   20  00  00  00  00  00  00  6F     379.2007
     0100      8   20  00  00  00  00  00  00  6F     379.2034
     0100      8   20  00  00  00  00  00  00  6F     379.2061
     0100      8   20  00  00  00  00  00  00  6F     379.2088
     0100      8   20  00  00  00  00  00  00  6F     379.2115
     0100      8   20  00  00  00  00  00  00  6F     379.2143
     0100      8   20  00  00  00  00  00  00  6F     379.2170
     0100      8   20  00  00  00  00  00  00  6F     379.2197
     0100      8   20  00  00  00  00  00  00  6F     379.2224
     0100      8   20  00  00  00  00  00  00  6F     379.2251
     0100      8   20  00  00  00  00  00  00  6F     379.2279
     0100      8   20  00  00  00  00  00  00  6F     379.2306
     0100      8   20  00  00  00  00  00  00  6F     379.2333
     0100      8   20  00  00  00  00  00  00  6F     379.2360
     0100      8   20  00  00  00  00  00  00  6F     379.2387
     0100      8   20  00  00  00  00  00  00  6F     379.2415
     0100      8   20  00  00  00  00  00  00  6F     379.2442
     0100      8   20  00  00  00  00  00  00  6F     379.2469
     0100      8   20  00  00  00  00  00  00  6F     379.2496
     0100      8   20  00  00  00  00  00  00  6F     379.2523
     0100      8   20  00  00  00  00  00  00  6F     379.2550
     0100      8   20  00  00  00  00  00  00  6F     379.2578
     0100      8   20  00  00  00  00  00  00  6F     379.2605
     0100      8   20  00  00  00  00  00  00  6F     379.2632
     0100      8   20  00  00  00  00  00  00  6F     379.2659
     0100      8   20  00  00  00  00  00  00  6F     379.2686
     0100      8   20  00  00  00  00  00  00  6F     379.2714
     0100      8   20  00  00  00  00  00  00  6F     379.2741
     0100      8   20  00  00  00  00  00  00  6F     379.2768
     0100      8   20  00  00  00  00  00  00  6F     379.2795
     0100      8   20  00  00  00  00  00  00  6F     379.2822
     0100      8   20  00  00  00  00  00  00  6F     379.2850
     0100      8   20  00  00  00  00  00  00  6F     379.2877
     0100      8   20  00  00  00  00  00  00  6F     379.2904
     0100      8   20  00  00  00  00  00  00  6F     379.2931
     0100      8   20  00  00  00  00  00  00  6F     379.2958
     0100      8   20  00  00  00  00  00  00  6F     379.2986
     0100      8   20  00  00  00  00  00  00  6F     379.3013
     0100      8   20  00  00  00  00  00  00  6F     379.3040
     0100      8   20  00  00  00  00  00  00  6F     379.3067
     0100      8   20  00  00  00  00  00  00  6F     379.3094
     0100      8   20  00  00  00  00  00  00  6F     379.3122
     0100      8   20  00  00  00  00  00  00  6F     379.3149
     0100      8   20  00  00  00  00  00  00  6F     379.3176
     0100      8   20  00  00  00  00  00  00  6F     379.3203
     0100      8   20  00  00  00  00  00  00  6F     379.3230
     0100      8   20  00  00  00  00  00  00  6F     379.3258
     0100      8   20  00  00  00  00  00  00  6F     379.3285
     0100      8   20  00  00  00  00  00  00  6F     379.3312
     0100      8   20  00  00  00  00  00  00  6F     379.3339
     0100      8   20  00  00  00  00  00  00  6F     379.3366
     0100      8   20  00  00  00  00  00  00  6F     379.3394
     0100      8   20  00  00  00  00  00  00  6F     379.3421
     0100      8   20  00  00  00  00  00  00  6F     379.3448
     0100      8   20  00  00  00  00  00  00  6F     379.3475
     0100      8   20  00  00  00  00  00  00  6F     379.3502
     0100      8   20  00  00  00  00  00  00  6F     379.3530
     0100      8   20  00  00  00  00  00  00  6F     379.3557
     0100      8   20  00  00  00  00  00  00  6F     379.3584
     0100      8   20  00  00  00  00  00  00  6F     379.3611
     0100      8   20  00  00  00  00  00  00  6F     379.3638
     0100      8   20  00  00  00  00  00  00  6F     379.3665
     0100      8   20  00  00  00  00  00  00  6F     379.3693
     0100      8   20  00  00  00  00  00  00  6F     379.3720
     0100      8   20  00  00  00  00  00  00  6F     379.3747
     0100      8   20  00  00  00  00  00  00  6F     379.3774
     0100      8   20  00  00  00  00  00  00  6F     379.3801
     0100      8   20  00  00  00  00  00  00  6F     379.3829
     0100      8   20  00  00  00  00  00  00  6F     379.3856
     0100      8   20  00  00  00  00  00  00  6F     379.3883
     0100      8   20  00  00  00  00  00  00  6F     379.3910
     0100      8   20  00  00  00  00  00  00  6F     379.3937
     0100      8   20  00  00  00  00  00  00  6F     379.3965
     0100      8   20  00  00  00  00  00  00  6F     379.3992
     0100      8   20  00  00  00  00  00  00  6F     379.4019
     0100      8   20  00  00  00  00  00  00  6F     379.4046
     0100      8   20  00  00  00  00  00  00  6F     379.4073
     0100      8   20  00  00  00  00  00  00  6F     379.4101
     0100      8   20  00  00  00  00  00  00  6F     379.4128
     0100      8   20  00  00  00  00  00  00  6F     379.4155
     0100      8   20  00  00  00  00  00  00  6F     379.4182
     0100      8   20  00  00  00  00  00  00  6F     379.4209
     0100      8   20  00  00  00  00  00  00  6F     379.4237
     0100      8   20  00  00  00  00  00  00  6F     379.4264
     0100      8   20  00  00  00  00  00  00  6F     379.4291
     0100      8   20  00  00  00  00  00  00  6F     379.4318
     0100      8   20  00  00  00  00  00  00  6F     379.4345
     0100      8   20  00  00  00  00  00  00  6F     379.4373
     0100      8   20  00  00  00  00  00  00  6F     379.4400
     0100      8   20  00  00  00  00  00  00  6F     379.4427
     0100      8   20  00  00  00  00  00  00  6F     379.4454
     0100      8   20  00  00  00  00  00  00  6F     379.4481
     0100      8   20  00  00  00  00  00  00  6F     379.4508
     0100      8   20  00  00  00  00  00  00  6F     379.4536
     0100      8   20  00  00  00  00  00  00  6F     379.4563
     0100      8   20  00  00  00  00  00  00  6F     379.4590
     0100      8   20  00  00  00  00  00  00  6F     379.4617
     0100      8   20  00  00  00  00  00  00  6F     379.4644
     0100      8   20  00  00  00  00  00  00  6F     379.4672
     0100      8   20  00  00  00  00  00  00  6F     379.4699
     0100      8   20  00  00  00  00  00  00  6F     379.4726
     0100      8   20  00  00  00  00  00  00  6F     379.4753
     0100      8   20  00  00  00  00  00  00  6F     379.4780
     0100      8   20  00  00  00  00  00  00  6F     379.4808
     0100      8   20  00  00  00  00  00  00  6F     379.4835
     0100      8   20  00  00  00  00  00  00  6F     379.4862
     0100      8   20  00  00  00  00  00  00  6F     379.4889
     0100      8   20  00  00  00  00  00  00  6F     379.4916
     0100      8   20  00  00  00  00  00  00  6F     379.4944
     0100      8   20  00  00  00  00  00  00  6F     379.4971
     0100      8   20  00  00  00  00  00  00  6F     379.4998
     0100      8   20  00  00  00  00  00  00  6F     379.5025
     0100      8   20  00  00  00  00  00  00  6F     379.5052
     0100      8   20  00  00  00  00  00  00  6F     379.5080
     0100      8   20  00  00  00  00  00  00  6F     379.5107
     0100      8   20  00  00  00  00  00  00  6F     379.5134
     0100      8   20  00  00  00  00  00  00  6F     379.5161
     0100      8   20  00  00  00  00  00  00  6F     379.5188
     0100      8   20  00  00  00  00  00  00  6F     379.5216
     0100      8   20  00  00  00  00  00  00  6F     379.5243
     0100      8   20  00  00  00  00  00  00  6F     379.5270
     0100      8   20  00  00  00  00  00  00  6F     379.5297
     0100      8   20  00  00  00  00  00  00  6F     379.5324
     0100      8   20  00  00  00  00  00  00  6F     379.5352
     0100      8   20  00  00  00  00  00  00  6F     379.5379
     0100      8   20  00  00  00  00  00  00  6F     379.5406
     0100      8   20  00  00  00  00  00  00  6F     379.5433
     0100      8   20  00  00  00  00  00  00  6F     379.5460
     0100      8   20  00  00  00  00  00  00  6F     379.5487
     0100      8   20  00  00  00  00  00  00  6F     379.5515
     0100      8   20  00  00  00  00  00  00  6F     379.5542
     0100      8   20  00  00  00  00  00  00  6F     379.5569
     0100      8   20  00  00  00  00  00  00  6F     379.5596
     0100      8   20  00  00  00  00  00  00  6F     379.5623
     0100      8   20  00  00  00  00  00  00  6F     379.5651
     0100      8   20  00  00  00  00  00  00  6F     379.5678
     0100      8   20  00  00  00  00  00  00  6F     379.5705
     0100      8   20  00  00  00  00  00  00  6F     379.5732
     0100      8   20  00  00  00  00  00  00  6F     379.5759
     0100      8   20  00  00  00  00  00  00  6F     379.5787
     0100      8   20  00  00  00  00  00  00  6F     379.5814
     0100      8   20  00  00  00  00  00  00  6F     379.5841
     0100      8   20  00  00  00  00  00  00  6F     379.5868
     0100      8   20  00  00  00  00  00  00  6F     379.5895
     0100      8   20  00  00  00  00  00  00  6F     379.5923
     0100      8   20  00  00  00  00  00  00  6F     379.5950
     0100      8   20  00  00  00  00  00  00  6F     379.5977
     0100      8   20  00  00  00  00  00  00  6F     379.6004
     0100      8   20  00  00  00  00  00  00  6F     379.6031
     0100      8   20  00  00  00  00  00  00  6F     379.6059
     0100      8   20  00  00  00  00  00  00  6F     379.6086
     0100      8   20  00  00  00  00  00  00  6F     379.6113
     0100      8   20  00  00  00  00  00  00  6F     379.6140
     0100      8   20  00  00  00  00  00  00  6F     379.6167
     0100      8   20  00  00  00  00  00  00  6F     379.6195
     0100      8   20  00  00  00  00  00  00  6F     379.6222
     0100      8   20  00  00  00  00  00  00  6F     379.6249
     0100      8   20  00  00  00  00  00  00  6F     379.6276
     0100      8   20  00  00  00  00  00  00  6F     379.6303
     0100      8   20  00  00  00  00  00  00  6F     379.6330
     0100      8   20  00  00  00  00  00  00  6F     379.6358
     0100      8   20  00  00  00  00  00  00  6F     379.6385
     0100      8   20  00  00  00  00  00  00  6F     379.6412
     0100      8   20  00  00  00  00  00  00  6F     379.6439
     0100      8   20  00  00  00  00  00  00  6F     379.6466
     0100      8   20  00  00  00  00  00  00  6F     379.6494
     0100      8   20  00  00  00  00  00  00  6F     379.6521
     0100      8   20  00  00  00  00  00  00  6F     379.6548
     0100      8   20  00  00  00  00  00  00  6F     379.6575
     0100      8   20  00  00  00  00  00  00  6F     379.6602
     0100      8   20  00  00  00  00  00  00  6F     379.6630
     0100      8   20  00  00  00  00  00  00  6F     379.6657
     0100      8   20  00  00  00  00  00  00  6F     379.6684
     0100      8   20  00  00  00  00  00  00  6F     379.6711
     0100      8   20  00  00  00  00  00  00  6F     379.6738
     0100      8   20  00  00  00  00  00  00  6F     379.6766
     0100      8   20  00  00  00  00  00  00  6F     379.6793
     0100      8   20  00  00  00  00  00  00  6F     379.6820
     0100      8   20  00  00  00  00  00  00  6F     379.6847
     0100      8   20  00  00  00  00  00  00  6F     379.6874
     0100      8   20  00  00  00  00  00  00  6F     379.6902
     0100      8   20  00  00  00  00  00  00  6F     379.6929
     0100      8   20  00  00  00  00  00  00  6F     379.6956
     0100      8   20  00  00  00  00  00  00  6F     379.6983
     0100      8   20  00  00  00  00  00  00  6F     379.7010
     0100      8   20  00  00  00  00  00  00  6F     379.7038
     0100      8   20  00  00  00  00  00  00  6F     379.7065
     0100      8   20  00  00  00  00  00  00  6F     379.7092
     0100      8   20  00  00  00  00  00  00  6F     379.7119
     0100      8   20  00  00  00  00  00  00  6F     379.7146
     0100      8   20  00  00  00  00  00  00  6F     379.7173
     0100      8   20  00  00  00  00  00  00  6F     379.7201
     0100      8   20  00  00  00  00  00  00  6F     379.7228
     0100      8   20  00  00  00  00  00  00  6F     379.7255
     0100      8   20  00  00  00  00  00  00  6F     379.7282
     0100      8   20  00  00  00  00  00  00  6F     379.7309
     0100      8   20  00  00  00  00  00  00  6F     379.7337
     0100      8   20  00  00  00  00  00  00  6F     379.7364
     0100      8   20  00  00  00  00  00  00  6F     379.7391
     0100      8   20  00  00  00  00  00  00  6F     379.7418
     0100      8   20  00  00  00  00  00  00  6F     379.7445
     0100      8   20  00  00  00  00  00  00  6F     379.7473
     0100      8   20  00  00  00  00  00  00  6F     379.7500
     0100      8   20  00  00  00  00  00  00  6F     379.7527
     0100      8   20  00  00  00  00  00  00  6F     379.7554
     0100      8   20  00  00  00  00  00  00  6F     379.7581
     0100      8   20  00  00  00  00  00  00  6F     379.7609
     0100      8   20  00  00  00  00  00  00  6F     379.7636
     0100      8   20  00  00  00  00  00  00  6F     379.7663
     0100      8   20  00  00  00  00  00  00  6F     379.7690
     0100      8   20  00  00  00  00  00  00  6F     379.7717
     0100      8   20  00  00  00  00  00  00  6F     379.7745
     0100      8   20  00  00  00  00  00  00  6F     379.7772
     0100      8   20  00  00  00  00  00  00  6F     379.7799
     0100      8   20  00  00  00  00  00  00  6F     379.7826
     0100      8   20  00  00  00  00  00  00  6F     379.7853
     0100      8   20  00  00  00  00  00  00  6F     379.7881
     0100      8   20  00  00  00  00  00  00  6F     379.7908
     0100      8   20  00  00  00  00  00  00  6F     379.7935
     0100      8   20  00  00  00  00  00  00  6F     379.7962
     0100      8   20  00  00  00  00  00  00  6F     379.7989
     0100      8   20  00  00  00  00  00  00  6F     379.8017
     0100      8   20  00  00  00  00  00  00  6F     379.8044
     0100      8   20  00  00  00  00  00  00  6F     379.8071
     0100      8   20  00  00  00  00  00  00  6F     379.8098
     0100      8   20  00  00  00  00  00  00  6F     379.8125
     0100      8   20  00  00  00  00  00  00  6F     379.8152
     0100      8   20  00  00  00  00  00  00  6F     379.8180
     0100      8   20  00  00  00  00  00  00  6F     379.8207
     0100      8   20  00  00  00  00  00  00  6F     379.8234
     0100      8   20  00  00  00  00  00  00  6F     379.8261
     0100      8   20  00  00  00  00  00  00  6F     379.8288
     0100      8   20  00  00  00  00  00  00  6F     379.8316
     0100      8   20  00  00  00  00  00  00  6F     379.8343
     0100      8   20  00  00  00  00  00  00  6F     379.8370
     0100      8   20  00  00  00  00  00  00  6F     379.8397
     0100      8   20  00  00  00  00  00  00  6F     379.8424
     0100      8   20  00  00  00  00  00  00  6F     379.8452
     0100      8   20  00  00  00  00  00  00  6F     379.8479
     0100      8   20  00  00  00  00  00  00  6F     379.8506
     0100      8   20  00  00  00  00  00  00  6F     379.8533
     0100      8   20  00  00  00  00  00  00  6F     379.8560
     0100      8   20  00  00  00  00  00  00  6F     379.8588
     0100      8   20  00  00  00  00  00  00  6F     379.8615
     0100      8   20  00  00  00  00  00  00  6F     379.8642
     0100      8   20  00  00  00  00  00  00  6F     379.8669
     0100      8   20  00  00  00  00  00  00  6F     379.8696
     0100      8   20  00  00  00  00  00  00  6F     379.8724
     0100      8   20  00  00  00  00  00  00  6F     379.8751
     0100      8   20  00  00  00  00  00  00  6F     379.8778
     0100      8   20  00  00  00  00  00  00  6F     379.8805
     0100      8   20  00  00  00  00  00  00  6F     379.8832
     0100      8   20  00  00  00  00  00  00  6F     379.8860
     0100      8   20  00  00  00  00  00  00  6F     379.8887
     0100      8   20  00  00  00  00  00  00  6F     379.8914
     0100      8   20  00  00  00  00  00  00  6F     379.8941
     0100      8   20  00  00  00  00  00  00  6F     379.8968
     0100      8   20  00  00  00  00  00  00  6F     379.8996
     0100      8   20  00  00  00  00  00  00  6F     379.9023
     0100      8   20  00  00  00  00  00  00  6F     379.9050
     0100      8   20  00  00  00  00  00  00  6F     379.9077
     0100      8   20  00  00  00  00  00  00  6F     379.9104
     0100      8   20  00  00  00  00  00  00  6F     379.9131
     0100      8   20  00  00  00  00  00  00  6F     379.9159
     0100      8   20  00  00  00  00  00  00  6F     379.9186
     0100      8   20  00  00  00  00  00  00  6F     379.9213
     0100      8   20  00  00  00  00  00  00  6F     379.9240
     0100      8   20  00  00  00  00  00  00  6F     379.9267
     0100      8   20  00  00  00  00  00  00  6F     379.9295
     0100      8   20  00  00  00  00  00  00  6F     379.9322
     0100      8   20  00  00  00  00  00  00  6F     379.9349
     0100      8   20  00  00  00  00  00  00  6F     379.9376
     0100      8   20  00  00  00  00  00  00  6F     379.9403
     0100      8   20  00  00  00  00  00  00  6F     379.9431
     0100      8   20  00  00  00  00  00  00  6F     379.9458
     0100      8   20  00  00  00  00  00  00  6F     379.9485
     0100      8   20  00  00  00  00  00  00  6F     379.9512
     0100      8   20  00  00  00  00  00  00  6F     379.9539
     0100      8   20  00  00  00  00  00  00  6F     379.9567
     0100      8   20  00  00  00  00  00  00  6F     379.9594
     0100      8   20  00  00  00  00  00  00  6F     379.9621
     0100      8   20  00  00  00  00  00  00  6F     379.9648
     0100      8   20  00  00  00  00  00  00  6F     379.9675
     0100      8   20  00  00  00  00  00  00  6F     379.9703
     0100      8   20  00  00  00  00  00  00  6F     379.9730
     0100      8   20  00  00  00  00  00  00  6F     379.9757
     0100      8   20  00  00  00  00  00  00  6F     379.9784
     0100      8   20  00  00  00  00  00  00  6F     379.9811
     0100      8   20  00  00  00  00  00  00  6F     379.9839
     0100      8   20  00  00  00  00  00  00  6F     379.9866
     0100      8   20  00  00  00  00  00  00  6F     379.9893
