     0100      8   00  00  00  00  00  00  00  00    1425.8533
     0100      8   00  00  00  00  00  00  00  00    1425.8535
     0100      8   00  00  00  00  00  00  00  00    1425.8538
     0100      8   00  00  00  00  00  00  00  00    1425.8540
     0100      8   00  00  00  00  00  00  00  00    1425.8558
     0100      8   00  00  00  00  00  00  00  00    1425.8578
     0100      8   00  00  00  00  00  00  00  00    1425.8598
     0100      8   00  00  00  00  00  00  00  00    1425.8618
     0100      8   00  00  00  00  00  00  00  00    1425.8638
     0100      8   00  00  00  00  00  00  00  00    1425.8658
     0100      8   00  00  00  00  00  00  00  00    1425.8678
     0100      8   00  00  00  00  00  00  00  00    1425.8698
     0100      8   00  00  00  00  00  00  00  00    1425.8718
     0100      8   00  00  00  00  00  00  00  00    1425.8738
     0100      8   00  00  00  00  00  00  00  00    1425.8761
     0100      8   00  00  00  00  00  00  00  00    1425.8785
     0100      8   00  00  00  00  00  00  00  00    1425.8808
     0100      8   00  00  00  00  00  00  00  00    1425.8832
     0100      8   00  00  00  00  00  00  00  00    1425.8856
     0100      8   00  00  00  00  00  00  00  00    1425.8880
     0100      8   00  00  00  00  00  00  00  00    1425.8904
     0100      8   00  00  00  00  00  00  00  00    1425.8927
     0100      8   00  00  00  00  00  00  00  00    1425.8951
     0100      8   00  00  00  00  00  00  00  00    1425.8975
     0100      8   00  00  00  00  00  00  00  00    1425.8999
     0100      8   00  00  00  00  00  00  00  00    1425.9023
     0100      8   00  00  00  00  00  00  00  00    1425.9046
     0100      8   00  00  00  00  00  00  00  00    1425.9070
     0100      8   00  00  00  00  00  00  00  00    1425.9094
     0100      8   00  00  00  00  00  00  00  00    1425.9118
     0100      8   00  00  00  00  00  00  00  00    1425.9141
     0100      8   00  00  00  00  00  00  00  00    1425.9165
     0100      8   00  00  00  00  00  00  00  00    1425.9189
     0100      8   00  00  00  00  00  00  00  00    1425.9213
     0100      8   00  00  00  00  00  00  00  00    1425.9237
     0100      8   00  00  00  00  00  00  00  00    1425.9260
     0100      8   00  00  00  00  00  00  00  00    1425.9284
     0100      8   00  00  00  00  00  00  00  00    1425.9308
     0100      8   00  00  00  00  00  00  00  00    1425.9332
     0100      8   00  00  00  00  00  00  00  00    1425.9356
     0100      8   00  00  00  00  00  00  00  00    1425.9379
     0100      8   00  00  00  00  00  00  00  00    1425.9403
     0100      8   00  00  00  00  00  00  00  00    1425.9427
     0100      8   00  00  00  00  00  00  00  00    1425.9451
     0100      8   00  00  00  00  00  00  00  00    1425.9475
     0100      8   00  00  00  00  00  00  00  00    1425.9498
     0100      8   00  00  00  00  00  00  00  00    1425.9522
     0100      8   00  00  00  00  00  00  00  00    1425.9546
     0100      8   00  00  00  00  00  00  00  00    1425.9570
     0100      8   00  00  00  00  00  00  00  00    1425.9594
     0100      8   00  00  00  00  00  00  00  00    1425.9617
     0100      8   00  00  00  00  00  00  00  00    1425.9641
     0100      8   00  00  00  00  00  00  00  00    1425.9665
     0100      8   00  00  00  00  00  00  00  00    1425.9689
     0100      8   00  00  00  00  00  00  00  00    1425.9713
     0100      8   00  00  00  00  00  00  00  00    1425.9736
     0100      8   00  00  00  00  00  00  00  00    1425.9760
     0100      8   00  00  00  00  00  00  00  00    1425.9784
     0100      8   00  00  00  00  00  00  00  00    1425.9808
     0100      8   00  00  00  00  00  00  00  00    1425.9832
     0100      8   00  00  00  00  00  00  00  00    1425.9855
     0100      8   00  00  00  00  00  00  00  00    1425.9879
     0100      8   00  00  00  00  00  00  00  00    1425.9903
     0100      8   00  00  00  00  00  00  00  00    1425.9927
     0100      8   00  00  00  00  00  00  00  00    1425.9951
     0100      8   00  00  00  00  00  00  00  00    1425.9974
     0100      8   00  00  00  00  00  00  00  00    1425.9998
     0100      8   00  00  00  00  00  00  00  00    1426.0022
     0100      8   00  00  00  00  00  00  00  00    1426.0046
     0100      8   00  00  00  00  00  00  00  00    1426.0069
     0100      8   00  00  00  00  00  00  00  00    1426.0093
     0100      8   00  00  00  00  00  00  00  00    1426.0117
     0100      8   00  00  00  00  00  00  00  00    1426.0141
     0100      8   00  00  00  00  00  00  00  00    1426.0165
     0100      8   00  00  00  00  00  00  00  00    1426.0188
     0100      8   00  00  00  00  00  00  00  00    1426.0212
     0100      8   00  00  00  00  00  00  00  00    1426.0236
     0100      8   00  00  00  00  00  00  00  00    1426.0260
     0100      8   00  00  00  00  00  00  00  00    1426.0284
     0100      8   00  00  00  00  00  00  00  00    1426.0307
     0100      8   00  00  00  00  00  00  00  00    1426.0331
     0100      8   00  00  00  00  00  00  00  00    1426.0355
     0100      8   00  00  00  00  00  00  00  00    1426.0379
     0100      8   00  00  00  00  00  00  00  00    1426.0403
     0100      8   00  00  00  00  00  00  00  00    1426.0426
     0100      8   00  00  00  00  00  00  00  00    1426.0450
     0100      8   00  00  00  00  00  00  00  00    1426.0474
     0100      8   00  00  00  00  00  00  00  00    1426.0498
     0100      8   00  00  00  00  00  00  00  00    1426.0522
     0100      8   00  00  00  00  00  00  00  00    1426.0545
     0100      8   00  00  00  00  00  00  00  00    1426.0569
     0100      8   00  00  00  00  00  00  00  00    1426.0593
     0100      8   00  00  00  00  00  00  00  00    1426.0617
     0100      8   00  00  00  00  00  00  00  00    1426.0641
     0100      8   00  00  00  00  00  00  00  00    1426.0664
     0100      8   00  00  00  00  00  00  00  00    1426.0688
     0100      8   00  00  00  00  00  00  00  00    1426.0712
     0100      8   00  00  00  00  00  00  00  00    1426.0736
     0100      8   00  00  00  00  00  00  00  00    1426.0760
     0100      8   00  00  00  00  00  00  00  00    1426.0783
     0100      8   00  00  00  00  00  00  00  00    1426.0807
     0100      8   00  00  00  00  00  00  00  00    1426.0831
     0100      8   00  00  00  00  00  00  00  00    1426.0855
     0100      8   00  00  00  00  00  00  00  00    1426.0879
     0100      8   00  00  00  00  00  00  00  00    1426.0902
     0100      8   00  00  00  00  00  00  00  00    1426.0926
     0100      8   00  00  00  00  00  00  00  00    1426.0950
     0100      8   00  00  00  00  00  00  00  00    1426.0974
     0100      8   00  00  00  00  00  00  00  00    1426.0998
     0100      8   00  00  00  00  00  00  00  00    1426.1021
     0100      8   00  00  00  00  00  00  00  00    1426.1045
     0100      8   00  00  00  00  00  00  00  00    1426.1069
     0100      8   00  00  00  00  00  00  00  00    1426.1093
     0100      8   00  00  00  00  00  00  00  00    1426.1117
     0100      8   00  00  00  00  00  00  00  00    1426.1140
     0100      8   00  00  00  00  00  00  00  00    1426.1164
     0100      8   00  00  00  00  00  00  00  00    1426.1188
     0100      8   00  00  00  00  00  00  00  00    1426.1212
     0100      8   00  00  00  00  00  00  00  00    1426.1235
     0100      8   00  00  00  00  00  00  00  00    1426.1259
     0100      8   00  00  00  00  00  00  00  00    1426.1283
     0100      8   00  00  00  00  00  00  00  00    1426.1307
     0100      8   00  00  00  00  00  00  00  00    1426.1331
     0100      8   00  00  00  00  00  00  00  00    1426.1354
     0100      8   00  00  00  00  00  00  00  00    1426.1378
     0100      8   00  00  00  00  00  00  00  00    1426.1402
     0100      8   00  00  00  00  00  00  00  00    1426.1426
     0100      8   00  00  00  00  00  00  00  00    1426.1450
     0100      8   00  00  00  00  00  00  00  00    1426.1473
     0100      8   00  00  00  00  00  00  00  00    1426.1497
     0100      8   00  00  00  00  00  00  00  00    1426.1521
     0100      8   00  00  00  00  00  00  00  00    1426.1545
     0100      8   00  00  00  00  00  00  00  00    1426.1569
     0100      8   00  00  00  00  00  00  00  00    1426.1592
     0100      8   00  00  00  00  00  00  00  00    1426.1616
     0100      8   00  00  00  00  00  00  00  00    1426.1640
     0100      8   00  00  00  00  00  00  00  00    1426.1664
     0100      8   00  00  00  00  00  00  00  00    1426.1688
     0100      8   00  00  00  00  00  00  00  00    1426.1711
     0100      8   00  00  00  00  00  00  00  00    1426.1735
     0100      8   00  00  00  00  00  00  00  00    1426.1759
     0100      8   00  00  00  00  00  00  00  00    1426.1783
     0100      8   00  00  00  00  00  00  00  00    1426.1807
     0100      8   00  00  00  00  00  00  00  00    1426.1830
     0100      8   00  00  00  00  00  00  00  00    1426.1854
     0100      8   00  00  00  00  00  00  00  00    1426.1878
     0100      8   00  00  00  00  00  00  00  00    1426.1902
     0100      8   00  00  00  00  00  00  00  00    1426.1926
     0100      8   00  00  00  00  00  00  00  00    1426.1949
     0100      8   00  00  00  00  00  00  00  00    1426.1973
     0100      8   00  00  00  00  00  00  00  00    1426.1997
     0100      8   00  00  00  00  00  00  00  00    1426.2021
     0100      8   00  00  00  00  00  00  00  00    1426.2045
     0100      8   00  00  00  00  00  00  00  00    1426.2068
     0100      8   00  00  00  00  00  00  00  00    1426.2092
     0100      8   00  00  00  00  00  00  00  00    1426.2116
     0100      8   00  00  00  00  00  00  00  00    1426.2140
     0100      8   00  00  00  00  00  00  00  00    1426.2164
     0100      8   00  00  00  00  00  00  00  00    1426.2187
     0100      8   00  00  00  00  00  00  00  00    1426.2211
     0100      8   00  00  00  00  00  00  00  00    1426.2235
     0100      8   00  00  00  00  00  00  00  00    1426.2259
     0100      8   00  00  00  00  00  00  00  00    1426.2282
     0100      8   00  00  00  00  00  00  00  00    1426.2306
     0100      8   00  00  00  00  00  00  00  00    1426.2330
     0100      8   00  00  00  00  00  00  00  00    1426.2354
     0100      8   00  00  00  00  00  00  00  00    1426.2378
     0100      8   00  00  00  00  00  00  00  00    1426.2402
     0100      8   00  00  00  00  00  00  00  00    1426.2425
     0100      8   00  00  00  00  00  00  00  00    1426.2449
     0100      8   00  00  00  00  00  00  00  00    1426.2473
     0100      8   00  00  00  00  00  00  00  00    1426.2497
     0100      8   00  00  00  00  00  00  00  00    1426.2520
     0100      8   00  00  00  00  00  00  00  00    1426.2544
     0100      8   00  00  00  00  00  00  00  00    1426.2568
     0100      8   00  00  00  00  00  00  00  00    1426.2592
     0100      8   00  00  00  00  00  00  00  00    1426.2616
     0100      8   00  00  00  00  00  00  00  00    1426.2639
     0100      8   00  00  00  00  00  00  00  00    1426.2663
     0100      8   00  00  00  00  00  00  00  00    1426.2687
     0100      8   00  00  00  00  00  00  00  00    1426.2711
     0100      8   00  00  00  00  00  00  00  00    1426.2735
     0100      8   00  00  00  00  00  00  00  00    1426.2758
     0100      8   00  00  00  00  00  00  00  00    1426.2782
     0100      8   00  00  00  00  00  00  00  00    1426.2806
     0100      8   00  00  00  00  00  00  00  00    1426.2830
     0100      8   00  00  00  00  00  00  00  00    1426.2854
     0100      8   00  00  00  00  00  00  00  00    1426.2877
     0100      8   00  00  00  00  00  00  00  00    1426.2901
     0100      8   00  00  00  00  00  00  00  00    1426.2925
     0100      8   00  00  00  00  00  00  00  00    1426.2949
     0100      8   00  00  00  00  00  00  00  00    1426.2973
     0100      8   00  00  00  00  00  00  00  00    1426.2996
     0100      8   00  00  00  00  00  00  00  00    1426.3020
     0100      8   00  00  00  00  00  00  00  00    1426.3044
     0100      8   00  00  00  00  00  00  00  00    1426.3068
     0100      8   00  00  00  00  00  00  00  00    1426.3092
     0100      8   00  00  00  00  00  00  00  00    1426.3115
     0100      8   00  00  00  00  00  00  00  00    1426.3139
     0100      8   00  00  00  00  00  00  00  00    1426.3163
     0100      8   00  00  00  00  00  00  00  00    1426.3187
     0100      8   00  00  00  00  00  00  00  00    1426.3211
     0100      8   00  00  00  00  00  00  00  00    1426.3234
     0100      8   00  00  00  00  00  00  00  00    1426.3258
     0100      8   00  00  00  00  00  00  00  00    1426.3282
     0100      8   00  00  00  00  00  00  00  00    1426.3306
     0100      8   00  00  00  00  00  00  00  00    1426.3330
     0100      8   00  00  00  00  00  00  00  00    1426.3353
     0100      8   00  00  00  00  00  00  00  00    1426.3377
     0100      8   00  00  00  00  00  00  00  00    1426.3401
     0100      8   00  00  00  00  00  00  00  00    1426.3425
     0100      8   00  00  00  00  00  00  00  00    1426.3448
     0100      8   00  00  00  00  00  00  00  00    1426.3472
     0100      8   00  00  00  00  00  00  00  00    1426.3496
     0100      8   00  00  00  00  00  00  00  00    1426.3520
     0100      8   00  00  00  00  00  00  00  00    1426.3544
     0100      8   00  00  00  00  00  00  00  00    1426.3568
     0100      8   00  00  00  00  00  00  00  00    1426.3591
     0100      8   00  00  00  00  00  00  00  00    1426.3615
     0100      8   00  00  00  00  00  00  00  00    1426.3639
     0100      8   00  00  00  00  00  00  00  00    1426.3663
     0100      8   00  00  00  00  00  00  00  00    1426.3686
     0100      8   00  00  00  00  00  00  00  00    1426.3710
     0100      8   00  00  00  00  00  00  00  00    1426.3734
     0100      8   00  00  00  00  00  00  00  00    1426.3758
     0100      8   00  00  00  00  00  00  00  00    1426.3782
     0100      8   00  00  00  00  00  00  00  00    1426.3805
     0100      8   00  00  00  00  00  00  00  00    1426.3829
     0100      8   00  00  00  00  00  00  00  00    1426.3853
     0100      8   00  00  00  00  00  00  00  00    1426.3877
     0100      8   00  00  00  00  00  00  00  00    1426.3901
     0100      8   00  00  00  00  00  00  00  00    1426.3924
     0100      8   00  00  00  00  00  00  00  00    1426.3948
     0100      8   00  00  00  00  00  00  00  00    1426.3972
     0100      8   00  00  00  00  00  00  00  00    1426.3996
     0100      8   00  00  00  00  00  00  00  00    1426.4020
     0100      8   00  00  00  00  00  00  00  00    1426.4043
     0100      8   00  00  00  00  00  00  00  00    1426.4067
     0100      8   00  00  00  00  00  00  00  00    1426.4091
     0100      8   00  00  00  00  00  00  00  00    1426.4115
     0100      8   00  00  00  00  00  00  00  00    1426.4139
     0100      8   00  00  00  00  00  00  00  00    1426.4162
     0100      8   00  00  00  00  00  00  00  00    1426.4186
     0100      8   00  00  00  00  00  00  00  00    1426.4210
     0100      8   00  00  00  00  00  00  00  00    1426.4234
     0100      8   00  00  00  00  00  00  00  00    1426.4258
     0100      8   00  00  00  00  00  00  00  00    1426.4281
     0100      8   00  00  00  00  00  00  00  00    1426.4305
     0100      8   00  00  00  00  00  00  00  00    1426.4329
     0100      8   00  00  00  00  00  00  00  00    1426.4353
     0100      8   00  00  00  00  00  00  00  00    1426.4377
     0100      8   00  00  00  00  00  00  00  00    1426.4400
     0100      8   00  00  00  00  00  00  00  00    1426.4424
     0100      8   00  00  00  00  00  00  00  00    1426.4448
     0100      8   00  00  00  00  00  00  00  00    1426.4472
     0100      8   00  00  00  00  00  00  00  00    1426.4495
     0100      8   00  00  00  00  00  00  00  00    1426.4519
     0100      8   00  00  00  00  00  00  00  00    1426.4543
     0100      8   00  00  00  00  00  00  00  00    1426.4567
     0100      8   00  00  00  00  00  00  00  00    1426.4591
     0100      8   00  00  00  00  00  00  00  00    1426.4614
     0100      8   00  00  00  00  00  00  00  00    1426.4638
     0100      8   00  00  00  00  00  00  00  00    1426.4662
     0100      8   00  00  00  00  00  00  00  00    1426.4686
     0100      8   00  00  00  00  00  00  00  00    1426.4710
     0100      8   00  00  00  00  00  00  00  00    1426.4733
     0100      8   00  00  00  00  00  00  00  00    1426.4757
     0100      8   00  00  00  00  00  00  00  00    1426.4781
     0100      8   00  00  00  00  00  00  00  00    1426.4805
     0100      8   00  00  00  00  00  00  00  00    1426.4829
     0100      8   00  00  00  00  00  00  00  00    1426.4852
     0100      8   00  00  00  00  00  00  00  00    1426.4876
     0100      8   00  00  00  00  00  00  00  00    1426.4900
     0100      8   00  00  00  00  00  00  00  00    1426.4924
     0100      8   00  00  00  00  00  00  00  00    1426.4948
     0100      8   00  00  00  00  00  00  00  00    1426.4971
     0100      8   00  00  00  00  00  00  00  00    1426.4995
     0100      8   00  00  00  00  00  00  00  00    1426.5019
     0100      8   00  00  00  00  00  00  00  00    1426.5043
     0100      8   00  00  00  00  00  00  00  00    1426.5067
     0100      8   00  00  00  00  00  00  00  00    1426.5090
     0100      8   00  00  00  00  00  00  00  00    1426.5114
     0100      8   00  00  00  00  00  00  00  00    1426.5138
     0100      8   00  00  00  00  00  00  00  00    1426.5162
     0100      8   00  00  00  00  00  00  00  00    1426.5186
     0100      8   00  00  00  00  00  00  00  00    1426.5209
     0100      8   00  00  00  00  00  00  00  00    1426.5233
     0100      8   00  00  00  00  00  00  00  00    1426.5257
     0100      8   00  00  00  00  00  00  00  00    1426.5281
     0100      8   00  00  00  00  00  00  00  00    1426.5305
     0100      8   00  00  00  00  00  00  00  00    1426.5328
     0100      8   00  00  00  00  00  00  00  00    1426.5352
     0100      8   00  00  00  00  00  00  00  00    1426.5376
     0100      8   00  00  00  00  00  00  00  00    1426.5400
     0100      8   00  00  00  00  00  00  00  00    1426.5424
     0100      8   00  00  00  00  00  00  00  00    1426.5447
     0100      8   00  00  00  00  00  00  00  00    1426.5471
     0100      8   00  00  00  00  00  00  00  00    1426.5495
     0100      8   00  00  00  00  00  00  00  00    1426.5519
     0100      8   00  00  00  00  00  00  00  00    1426.5543
     0100      8   00  00  00  00  00  00  00  00    1426.5566
     0100      8   00  00  00  00  00  00  00  00    1426.5590
     0100      8   00  00  00  00  00  00  00  00    1426.5614
     0100      8   00  00  00  00  00  00  00  00    1426.5638
     0100      8   00  00  00  00  00  00  00  00    1426.5661
     0100      8   00  00  00  00  00  00  00  00    1426.5685
     0100      8   00  00  00  00  00  00  00  00    1426.5709
     0100      8   00  00  00  00  00  00  00  00    1426.5733
     0100      8   00  00  00  00  00  00  00  00    1426.5757
     0100      8   00  00  00  00  00  00  00  00    1426.5781
     0100      8   00  00  00  00  00  00  00  00    1426.5804
     0100      8   00  00  00  00  00  00  00  00    1426.5828
     0100      8   00  00  00  00  00  00  00  00    1426.5852
     0100      8   00  00  00  00  00  00  00  00    1426.5876
     0100      8   00  00  00  00  00  00  00  00    1426.5899
     0100      8   00  00  00  00  00  00  00  00    1426.5923
     0100      8   00  00  00  00  00  00  00  00    1426.5947
     0100      8   00  00  00  00  00  00  00  00    1426.5971
     0100      8   00  00  00  00  00  00  00  00    1426.5995
     0100      8   00  00  00  00  00  00  00  00    1426.6018
     0100      8   00  00  00  00  00  00  00  00    1426.6042
     0100      8   00  00  00  00  00  00  00  00    1426.6066
     0100      8   00  00  00  00  00  00  00  00    1426.6090
     0100      8   00  00  00  00  00  00  00  00    1426.6114
     0100      8   00  00  00  00  00  00  00  00    1426.6137
     0100      8   00  00  00  00  00  00  00  00    1426.6161
     0100      8   00  00  00  00  00  00  00  00    1426.6185
     0100      8   00  00  00  00  00  00  00  00    1426.6209
     0100      8   00  00  00  00  00  00  00  00    1426.6233
     0100      8   00  00  00  00  00  00  00  00    1426.6256
     0100      8   00  00  00  00  00  00  00  00    1426.6280
     0100      8   00  00  00  00  00  00  00  00    1426.6304
     0100      8   00  00  00  00  00  00  00  00    1426.6328
     0100      8   00  00  00  00  00  00  00  00    1426.6352
     0100      8   00  00  00  00  00  00  00  00    1426.6375
     0100      8   00  00  00  00  00  00  00  00    1426.6399
     0100      8   00  00  00  00  00  00  00  00    1426.6423
     0100      8   00  00  00  00  00  00  00  00    1426.6447
     0100      8   00  00  00  00  00  00  00  00    1426.6471
     0100      8   00  00  00  00  00  00  00  00    1426.6494
     0100      8   00  00  00  00  00  00  00  00    1426.6518
     0100      8   00  00  00  00  00  00  00  00    1426.6542
     0100      8   00  00  00  00  00  00  00  00    1426.6566
     0100      8   00  00  00  00  00  00  00  00    1426.6590
     0100      8   00  00  00  00  00  00  00  00    1426.6613
     0100      8   00  00  00  00  00  00  00  00    1426.6637
     0100      8   00  00  00  00  00  00  00  00    1426.6661
     0100      8   00  00  00  00  00  00  00  00    1426.6685
     0100      8   00  00  00  00  00  00  00  00    1426.6709
     0100      8   00  00  00  00  00  00  00  00    1426.6732
     0100      8   00  00  00  00  00  00  00  00    1426.6756
     0100      8   00  00  00  00  00  00  00  00    1426.6780
     0100      8   00  00  00  00  00  00  00  00    1426.6804
     0100      8   00  00  00  00  00  00  00  00    1426.6827
     0100      8   00  00  00  00  00  00  00  00    1426.6851
     0100      8   00  00  00  00  00  00  00  00    1426.6875
     0100      8   00  00  00  00  00  00  00  00    1426.6899
     0100      8   00  00  00  00  00  00  00  00    1426.6923
     0100      8   00  00  00  00  00  00  00  00    1426.6947
     0100      8   00  00  00  00  00  00  00  00    1426.6970
     0100      8   00  00  00  00  00  00  00  00    1426.6994
     0100      8   00  00  00  00  00  00  00  00    1426.7018
     0100      8   00  00  00  00  00  00  00  00    1426.7042
     0100      8   00  00  00  00  00  00  00  00    1426.7065
     0100      8   00  00  00  00  00  00  00  00    1426.7089
     0100      8   00  00  00  00  00  00  00  00    1426.7113
     0100      8   00  00  00  00  00  00  00  00    1426.7137
     0100      8   00  00  00  00  00  00  00  00    1426.7161
     0100      8   00  00  00  00  00  00  00  00    1426.7184
     0100      8   00  00  00  00  00  00  00  00    1426.7208
     0100      8   00  00  00  00  00  00  00  00    1426.7232
     0100      8   00  00  00  00  00  00  00  00    1426.7256
     0100      8   00  00  00  00  00  00  00  00    1426.7280
     0100      8   00  00  00  00  00  00  00  00    1426.7303
     0100      8   00  00  00  00  00  00  00  00    1426.7327
     0100      8   00  00  00  00  00  00  00  00    1426.7351
     0100      8   00  00  00  00  00  00  00  00    1426.7375
     0100      8   00  00  00  00  00  00  00  00    1426.7399
     0100      8   00  00  00  00  00  00  00  00    1426.7422
     0100      8   00  00  00  00  00  00  00  00    1426.7446
     0100      8   00  00  00  00  00  00  00  00    1426.7470
     0100      8   00  00  00  00  00  00  00  00    1426.7494
     0100      8   00  00  00  00  00  00  00  00    1426.7518
     0100      8   00  00  00  00  00  00  00  00    1426.7541
     0100      8   00  00  00  00  00  00  00  00    1426.7565
     0100      8   00  00  00  00  00  00  00  00    1426.7589
     0100      8   00  00  00  00  00  00  00  00    1426.7613
     0100      8   00  00  00  00  00  00  00  00    1426.7637
     0100      8   00  00  00  00  00  00  00  00    1426.7660
     0100      8   00  00  00  00  00  00  00  00    1426.7684
     0100      8   00  00  00  00  00  00  00  00    1426.7708
     0100      8   00  00  00  00  00  00  00  00    1426.7732
     0100      8   00  00  00  00  00  00  00  00    1426.7756
     0100      8   00  00  00  00  00  00  00  00    1426.7779
     0100      8   00  00  00  00  00  00  00  00    1426.7803
     0100      8   00  00  00  00  00  00  00  00    1426.7827
     0100      8   00  00  00  00  00  00  00  00    1426.7851
     0100      8   00  00  00  00  00  00  00  00    1426.7874
     0100      8   00  00  00  00  00  00  00  00    1426.7898
     0100      8   00  00  00  00  00  00  00  00    1426.7922
     0100      8   00  00  00  00  00  00  00  00    1426.7946
     0100      8   00  00  00  00  00  00  00  00    1426.7970
     0100      8   00  00  00  00  00  00  00  00    1426.7993
     0100      8   00  00  00  00  00  00  00  00    1426.8017
     0100      8   00  00  00  00  00  00  00  00    1426.8041
     0100      8   00  00  00  00  00  00  00  00    1426.8065
     0100      8   00  00  00  00  00  00  00  00    1426.8089
     0100      8   00  00  00  00  00  00  00  00    1426.8112
     0100      8   00  00  00  00  00  00  00  00    1426.8136
     0100      8   00  00  00  00  00  00  00  00    1426.8160
     0100      8   00  00  00  00  00  00  00  00    1426.8184
     0100      8   00  00  00  00  00  00  00  00    1426.8208
     0100      8   00  00  00  00  00  00  00  00    1426.8231
     0100      8   00  00  00  00  00  00  00  00    1426.8255
     0100      8   00  00  00  00  00  00  00  00    1426.8279
     0100      8   00  00  00  00  00  00  00  00    1426.8303
     0100      8   00  00  00  00  00  00  00  00    1426.8327
     0100      8   00  00  00  00  00  00  00  00    1426.8350
     0100      8   00  00  00  00  00  00  00  00    1426.8374
     0100      8   00  00  00  00  00  00  00  00    1426.8398
     0100      8   00  00  00  00  00  00  00  00    1426.8422
     0100      8   00  00  00  00  00  00  00  00    1426.8446
     0100      8   00  00  00  00  00  00  00  00    1426.8469
     0100      8   00  00  00  00  00  00  00  00    1426.8493
     0100      8   00  00  00  00  00  00  00  00    1426.8517
     0100      8   00  00  00  00  00  00  00  00    1426.8541
     0100      8   00  00  00  00  00  00  00  00    1426.8565
     0100      8   00  00  00  00  00  00  00  00    1426.8588
     0100      8   00  00  00  00  00  00  00  00    1426.8612
     0100      8   00  00  00  00  00  00  00  00    1426.8636
     0100      8   00  00  00  00  00  00  00  00    1426.8660
     0100      8   00  00  00  00  00  00  00  00    1426.8684
     0100      8   00  00  00  00  00  00  00  00    1426.8707
     0100      8   00  00  00  00  00  00  00  00    1426.8731
     0100      8   00  00  00  00  00  00  00  00    1426.8755
     0100      8   00  00  00  00  00  00  00  00    1426.8779
     0100      8   00  00  00  00  00  00  00  00    1426.8803
     0100      8   00  00  00  00  00  00  00  00    1426.8826
     0100      8   00  00  00  00  00  00  00  00    1426.8850
     0100      8   00  00  00  00  00  00  00  00    1426.8874
     0100      8   00  00  00  00  00  00  00  00    1426.8898
     0100      8   00  00  00  00  00  00  00  00    1426.8922
     0100      8   00  00  00  00  00  00  00  00    1426.8945
     0100      8   00  00  00  00  00  00  00  00    1426.8969
     0100      8   00  00  00  00  00  00  00  00    1426.8993
     0100      8   00  00  00  00  00  00  00  00    1426.9017
     0100      8   00  00  00  00  00  00  00  00    1426.9040
     0100      8   00  00  00  00  00  00  00  00    1426.9064
     0100      8   00  00  00  00  00  00  00  00    1426.9088
     0100      8   00  00  00  00  00  00  00  00    1426.9112
     0100      8   00  00  00  00  00  00  00  00    1426.9136
     0100      8   00  00  00  00  00  00  00  00    1426.9159
     0100      8   00  00  00  00  00  00  00  00    1426.9183
     0100      8   00  00  00  00  00  00  00  00    1426.9207
     0100      8   00  00  00  00  00  00  00  00    1426.9231
     0100      8   00  00  00  00  00  00  00  00    1426.9255
     0100      8   00  00  00  00  00  00  00  00    1426.9278
     0100      8   00  00  00  00  00  00  00  00    1426.9302
     0100      8   00  00  00  00  00  00  00  00    1426.9326
     0100      8   00  00  00  00  00  00  00  00    1426.9350
     0100      8   00  00  00  00  00  00  00  00    1426.9374
     0100      8   00  00  00  00  00  00  00  00    1426.9397
     0100      8   00  00  00  00  00  00  00  00    1426.9421
     0100      8   00  00  00  00  00  00  00  00    1426.9445
     0100      8   00  00  00  00  00  00  00  00    1426.9469
     0100      8   00  00  00  00  00  00  00  00    1426.9493
     0100      8   00  00  00  00  00  00  00  00    1426.9516
     0100      8   00  00  00  00  00  00  00  00    1426.9540
     0100      8   00  00  00  00  00  00  00  00    1426.9564
     0100      8   00  00  00  00  00  00  00  00    1426.9588
     0100      8   00  00  00  00  00  00  00  00    1426.9612
     0100      8   00  00  00  00  00  00  00  00    1426.9635
     0100      8   00  00  00  00  00  00  00  00    1426.9659
     0100      8   00  00  00  00  00  00  00  00    1426.9683
     0100      8   00  00  00  00  00  00  00  00    1426.9707
     0100      8   00  00  00  00  00  00  00  00    1426.9731
     0100      8   00  00  00  00  00  00  00  00    1426.9754
     0100      8   00  00  00  00  00  00  00  00    1426.9778
     0100      8   00  00  00  00  00  00  00  00    1426.9802
     0100      8   00  00  00  00  00  00  00  00    1426.9826
     0100      8   00  00  00  00  00  00  00  00    1426.9850
     0100      8   00  00  00  00  00  00  00  00    1426.9873
     0100      8   00  00  00  00  00  00  00  00    1426.9897
     0100      8   00  00  00  00  00  00  00  00    1426.9921
     0100      8   00  00  00  00  00  00  00  00    1426.9945
     0100      8   00  00  00  00  00  00  00  00    1426.9969
     0100      8   00  00  00  00  00  00  00  00    1426.9992
     0100      8   00  00  00  00  00  00  00  00    1427.0016
     0100      8   00  00  00  00  00  00  00  00    1427.0040
     0100      8   00  00  00  00  00  00  00  00    1427.0064
     0100      8   00  00  00  00  00  00  00  00    1427.0087
     0100      8   00  00  00  00  00  00  00  00    1427.0111
     0100      8   00  00  00  00  00  00  00  00    1427.0135
     0100      8   00  00  00  00  00  00  00  00    1427.0159
     0100      8   00  00  00  00  00  00  00  00    1427.0183
     0100      8   00  00  00  00  00  00  00  00    1427.0206
     0100      8   00  00  00  00  00  00  00  00    1427.0230
     0100      8   00  00  00  00  00  00  00  00    1427.0254
     0100      8   00  00  00  00  00  00  00  00    1427.0278
     0100      8   00  00  00  00  00  00  00  00    1427.0302
     0100      8   00  00  00  00  00  00  00  00    1427.0326
     0100      8   00  00  00  00  00  00  00  00    1427.0349
     0100      8   00  00  00  00  00  00  00  00    1427.0373
     0100      8   00  00  00  00  00  00  00  00    1427.0397
     0100      8   00  00  00  00  00  00  00  00    1427.0421
     0100      8   00  00  00  00  00  00  00  00    1427.0444
     0100      8   00  00  00  00  00  00  00  00    1427.0468
     0100      8   00  00  00  00  00  00  00  00    1427.0492
     0100      8   00  00  00  00  00  00  00  00    1427.0516
     0100      8   00  00  00  00  00  00  00  00    1427.0540
     0100      8   00  00  00  00  00  00  00  00    1427.0563
     0100      8   00  00  00  00  00  00  00  00    1427.0587
     0100      8   00  00  00  00  00  00  00  00    1427.0611
     0100      8   00  00  00  00  00  00  00  00    1427.0635
     0100      8   00  00  00  00  00  00  00  00    1427.0659
     0100      8   00  00  00  00  00  00  00  00    1427.0682
     0100      8   00  00  00  00  00  00  00  00    1427.0706
     0100      8   00  00  00  00  00  00  00  00    1427.0730
     0100      8   00  00  00  00  00  00  00  00    1427.0754
     0100      8   00  00  00  00  00  00  00  00    1427.0778
     0100      8   00  00  00  00  00  00  00  00    1427.0801
     0100      8   00  00  00  00  00  00  00  00    1427.0825
     0100      8   00  00  00  00  00  00  00  00    1427.0849
     0100      8   00  00  00  00  00  00  00  00    1427.0873
     0100      8   00  00  00  00  00  00  00  00    1427.0897
     0100      8   00  00  00  00  00  00  00  00    1427.0920
     0100      8   00  00  00  00  00  00  00  00    1427.0944
     0100      8   00  00  00  00  00  00  00  00    1427.0968
     0100      8   00  00  00  00  00  00  00  00    1427.0992
     0100      8   00  00  00  00  00  00  00  00    1427.1016
     0100      8   00  00  00  00  00  00  00  00    1427.1039
     0100      8   00  00  00  00  00  00  00  00    1427.1063
     0100      8   00  00  00  00  00  00  00  00    1427.1087
     0100      8   00  00  00  00  00  00  00  00    1427.1111
     0100      8   00  00  00  00  00  00  00  00    1427.1135
     0100      8   00  00  00  00  00  00  00  00    1427.1158
     0100      8   00  00  00  00  00  00  00  00    1427.1182
     0100      8   00  00  00  00  00  00  00  00    1427.1206
     0100      8   00  00  00  00  00  00  00  00    1427.1230
     0100      8   00  00  00  00  00  00  00  00    1427.1253
     0100      8   00  00  00  00  00  00  00  00    1427.1277
     0100      8   00  00  00  00  00  00  00  00    1427.1301
     0100      8   00  00  00  00  00  00  00  00    1427.1325
     0100      8   00  00  00  00  00  00  00  00    1427.1349
     0100      8   00  00  00  00  00  00  00  00    1427.1372
     0100      8   00  00  00  00  00  00  00  00    1427.1396
     0100      8   00  00  00  00  00  00  00  00    1427.1420
     0100      8   00  00  00  00  00  00  00  00    1427.1444
     0100      8   00  00  00  00  00  00  00  00    1427.1468
     0100      8   00  00  00  00  00  00  00  00    1427.1491
     0100      8   00  00  00  00  00  00  00  00    1427.1515
     0100      8   00  00  00  00  00  00  00  00    1427.1539
     0100      8   00  00  00  00  00  00  00  00    1427.1563
     0100      8   00  00  00  00  00  00  00  00    1427.1587
     0100      8   00  00  00  00  00  00  00  00    1427.1610
     0100      8   00  00  00  00  00  00  00  00    1427.1634
     0100      8   00  00  00  00  00  00  00  00    1427.1658
     0100      8   00  00  00  00  00  00  00  00    1427.1682
     0100      8   00  00  00  00  00  00  00  00    1427.1706
     0100      8   00  00  00  00  00  00  00  00    1427.1729
     0100      8   00  00  00  00  00  00  00  00    1427.1753
     0100      8   00  00  00  00  00  00  00  00    1427.1777
     0100      8   00  00  00  00  00  00  00  00    1427.1801
     0100      8   00  00  00  00  00  00  00  00    1427.1825
     0100      8   00  00  00  00  00  00  00  00    1427.1848
     0100      8   00  00  00  00  00  00  00  00    1427.1872
     0100      8   00  00  00  00  00  00  00  00    1427.1896
     0100      8   00  00  00  00  00  00  00  00    1427.1920
     0100      8   00  00  00  00  00  00  00  00    1427.1944
     0100      8   00  00  00  00  00  00  00  00    1427.1967
     0100      8   00  00  00  00  00  00  00  00    1427.1991
     0100      8   00  00  00  00  00  00  00  00    1427.2015
     0100      8   00  00  00  00  00  00  00  00    1427.2039
     0100      8   00  00  00  00  00  00  00  00    1427.2063
     0100      8   00  00  00  00  00  00  00  00    1427.2086
     0100      8   00  00  00  00  00  00  00  00    1427.2110
     0100      8   00  00  00  00  00  00  00  00    1427.2134
     0100      8   00  00  00  00  00  00  00  00    1427.2158
     0100      8   00  00  00  00  00  00  00  00    1427.2182
     0100      8   00  00  00  00  00  00  00  00    1427.2205
     0100      8   00  00  00  00  00  00  00  00    1427.2229
     0100      8   00  00  00  00  00  00  00  00    1427.2253
     0100      8   00  00  00  00  00  00  00  00    1427.2277
     0100      8   00  00  00  00  00  00  00  00    1427.2301
     0100      8   00  00  00  00  00  00  00  00    1427.2324
     0100      8   00  00  00  00  00  00  00  00    1427.2348
     0100      8   00  00  00  00  00  00  00  00    1427.2372
     0100      8   00  00  00  00  00  00  00  00    1427.2396
     0100      8   00  00  00  00  00  00  00  00    1427.2419
     0100      8   00  00  00  00  00  00  00  00    1427.2443
     0100      8   00  00  00  00  00  00  00  00    1427.2467
     0100      8   00  00  00  00  00  00  00  00    1427.2491
     0100      8   00  00  00  00  00  00  00  00    1427.2515
     0100      8   00  00  00  00  00  00  00  00    1427.2538
     0100      8   00  00  00  00  00  00  00  00    1427.2562
     0100      8   00  00  00  00  00  00  00  00    1427.2586
     0100      8   00  00  00  00  00  00  00  00    1427.2610
     0100      8   00  00  00  00  00  00  00  00    1427.2634
     0100      8   00  00  00  00  00  00  00  00    1427.2657
     0100      8   00  00  00  00  00  00  00  00    1427.2681
     0100      8   00  00  00  00  00  00  00  00    1427.2705
     0100      8   00  00  00  00  00  00  00  00    1427.2729
     0100      8   00  00  00  00  00  00  00  00    1427.2753
     0100      8   00  00  00  00  00  00  00  00    1427.2776
     0100      8   00  00  00  00  00  00  00  00    1427.2800
     0100      8   00  00  00  00  00  00  00  00    1427.2824
     0100      8   00  00  00  00  00  00  00  00    1427.2848
     0100      8   00  00  00  00  00  00  00  00    1427.2872
     0100      8   00  00  00  00  00  00  00  00    1427.2895
     0100      8   00  00  00  00  00  00  00  00    1427.2919
     0100      8   00  00  00  00  00  00  00  00    1427.2943
     0100      8   00  00  00  00  00  00  00  00    1427.2967
     0100      8   00  00  00  00  00  00  00  00    1427.2991
     0100      8   00  00  00  00  00  00  00  00    1427.3014
     0100      8   00  00  00  00  00  00  00  00    1427.3038
     0100      8   00  00  00  00  00  00  00  00    1427.3062
     0100      8   00  00  00  00  00  00  00  00    1427.3086
     0100      8   00  00  00  00  00  00  00  00    1427.3110
     0100      8   00  00  00  00  00  00  00  00    1427.3133
     0100      8   00  00  00  00  00  00  00  00    1427.3157
     0100      8   00  00  00  00  00  00  00  00    1427.3181
     0100      8   00  00  00  00  00  00  00  00    1427.3205
     0100      8   00  00  00  00  00  00  00  00    1427.3229
     0100      8   00  00  00  00  00  00  00  00    1427.3252
     0100      8   00  00  00  00  00  00  00  00    1427.3276
     0100      8   00  00  00  00  00  00  00  00    1427.3300
     0100      8   00  00  00  00  00  00  00  00    1427.3324
     0100      8   00  00  00  00  00  00  00  00    1427.3348
     0100      8   00  00  00  00  00  00  00  00    1427.3371
     0100      8   00  00  00  00  00  00  00  00    1427.3395
     0100      8   00  00  00  00  00  00  00  00    1427.3419
     0100      8   00  00  00  00  00  00  00  00    1427.3443
     0100      8   00  00  00  00  00  00  00  00    1427.3466
     0100      8   00  00  00  00  00  00  00  00    1427.3490
     0100      8   00  00  00  00  00  00  00  00    1427.3514
     0100      8   00  00  00  00  00  00  00  00    1427.3538
     0100      8   00  00  00  00  00  00  00  00    1427.3562
     0100      8   00  00  00  00  00  00  00  00    1427.3585
     0100      8   00  00  00  00  00  00  00  00    1427.3609
     0100      8   00  00  00  00  00  00  00  00    1427.3633
     0100      8   00  00  00  00  00  00  00  00    1427.3657
     0100      8   00  00  00  00  00  00  00  00    1427.3681
     0100      8   00  00  00  00  00  00  00  00    1427.3705
     0100      8   00  00  00  00  00  00  00  00    1427.3728
     0100      8   00  00  00  00  00  00  00  00    1427.3752
     0100      8   00  00  00  00  00  00  00  00    1427.3776
     0100      8   00  00  00  00  00  00  00  00    1427.3800
     0100      8   00  00  00  00  00  00  00  00    1427.3823
     0100      8   00  00  00  00  00  00  00  00    1427.3847
     0100      8   00  00  00  00  00  00  00  00    1427.3871
     0100      8   00  00  00  00  00  00  00  00    1427.3895
     0100      8   00  00  00  00  00  00  00  00    1427.3919
     0100      8   00  00  00  00  00  00  00  00    1427.3942
     0100      8   00  00  00  00  00  00  00  00    1427.3966
     0100      8   00  00  00  00  00  00  00  00    1427.3990
     0100      8   00  00  00  00  00  00  00  00    1427.4014
     0100      8   00  00  00  00  00  00  00  00    1427.4038
     0100      8   00  00  00  00  00  00  00  00    1427.4061
     0100      8   00  00  00  00  00  00  00  00    1427.4085
     0100      8   00  00  00  00  00  00  00  00    1427.4109
     0100      8   00  00  00  00  00  00  00  00    1427.4133
     0100      8   00  00  00  00  00  00  00  00    1427.4157
     0100      8   00  00  00  00  00  00  00  00    1427.4180
     0100      8   00  00  00  00  00  00  00  00    1427.4204
     0100      8   00  00  00  00  00  00  00  00    1427.4228
     0100      8   00  00  00  00  00  00  00  00    1427.4252
     0100      8   00  00  00  00  00  00  00  00    1427.4276
     0100      8   00  00  00  00  00  00  00  00    1427.4299
     0100      8   00  00  00  00  00  00  00  00    1427.4323
     0100      8   00  00  00  00  00  00  00  00    1427.4347
     0100      8   00  00  00  00  00  00  00  00    1427.4371
     0100      8   00  00  00  00  00  00  00  00    1427.4395
     0100      8   00  00  00  00  00  00  00  00    1427.4418
     0100      8   00  00  00  00  00  00  00  00    1427.4442
     0100      8   00  00  00  00  00  00  00  00    1427.4466
     0100      8   00  00  00  00  00  00  00  00    1427.4490
     0100      8   00  00  00  00  00  00  00  00    1427.4514
     0100      8   00  00  00  00  00  00  00  00    1427.4537
     0100      8   00  00  00  00  00  00  00  00    1427.4561
     0100      8   00  00  00  00  00  00  00  00    1427.4585
     0100      8   00  00  00  00  00  00  00  00    1427.4609
     0100      8   00  00  00  00  00  00  00  00    1427.4632
     0100      8   00  00  00  00  00  00  00  00    1427.4656
     0100      8   00  00  00  00  00  00  00  00    1427.4680
     0100      8   00  00  00  00  00  00  00  00    1427.4704
     0100      8   00  00  00  00  00  00  00  00    1427.4728
     0100      8   00  00  00  00  00  00  00  00    1427.4751
     0100      8   00  00  00  00  00  00  00  00    1427.4775
     0100      8   00  00  00  00  00  00  00  00    1427.4799
     0100      8   00  00  00  00  00  00  00  00    1427.4823
     0100      8   00  00  00  00  00  00  00  00    1427.4847
     0100      8   00  00  00  00  00  00  00  00    1427.4870
     0100      8   00  00  00  00  00  00  00  00    1427.4894
     0100      8   00  00  00  00  00  00  00  00    1427.4918
     0100      8   00  00  00  00  00  00  00  00    1427.4942
     0100      8   00  00  00  00  00  00  00  00    1427.4966
     0100      8   00  00  00  00  00  00  00  00    1427.4989
     0100      8   00  00  00  00  00  00  00  00    1427.5013
     0100      8   00  00  00  00  00  00  00  00    1427.5037
     0100      8   00  00  00  00  00  00  00  00    1427.5061
     0100      8   00  00  00  00  00  00  00  00    1427.5085
     0100      8   00  00  00  00  00  00  00  00    1427.5108
     0100      8   00  00  00  00  00  00  00  00    1427.5132
     0100      8   00  00  00  00  00  00  00  00    1427.5156
     0100      8   00  00  00  00  00  00  00  00    1427.5180
     0100      8   00  00  00  00  00  00  00  00    1427.5204
     0100      8   00  00  00  00  00  00  00  00    1427.5227
     0100      8   00  00  00  00  00  00  00  00    1427.5251
     0100      8   00  00  00  00  00  00  00  00    1427.5275
     0100      8   00  00  00  00  00  00  00  00    1427.5299
     0100      8   00  00  00  00  00  00  00  00    1427.5323
     0100      8   00  00  00  00  00  00  00  00    1427.5346
     0100      8   00  00  00  00  00  00  00  00    1427.5370
     0100      8   00  00  00  00  00  00  00  00    1427.5394
     0100      8   00  00  00  00  00  00  00  00    1427.5418
     0100      8   00  00  00  00  00  00  00  00    1427.5442
     0100      8   00  00  00  00  00  00  00  00    1427.5465
     0100      8   00  00  00  00  00  00  00  00    1427.5489
     0100      8   00  00  00  00  00  00  00  00    1427.5513
     0100      8   00  00  00  00  00  00  00  00    1427.5537
     0100      8   00  00  00  00  00  00  00  00    1427.5561
     0100      8   00  00  00  00  00  00  00  00    1427.5584
     0100      8   00  00  00  00  00  00  00  00    1427.5608
     0100      8   00  00  00  00  00  00  00  00    1427.5632
     0100      8   00  00  00  00  00  00  00  00    1427.5656
     0100      8   00  00  00  00  00  00  00  00    1427.5680
     0100      8   00  00  00  00  00  00  00  00    1427.5703
     0100      8   00  00  00  00  00  00  00  00    1427.5727
     0100      8   00  00  00  00  00  00  00  00    1427.5751
     0100      8   00  00  00  00  00  00  00  00    1427.5775
     0100      8   00  00  00  00  00  00  00  00    1427.5798
     0100      8   00  00  00  00  00  00  00  00    1427.5822
     0100      8   00  00  00  00  00  00  00  00    1427.5846
     0100      8   00  00  00  00  00  00  00  00    1427.5870
     0100      8   00  00  00  00  00  00  00  00    1427.5894
     0100      8   00  00  00  00  00  00  00  00    1427.5917
     0100      8   00  00  00  00  00  00  00  00    1427.5941
     0100      8   00  00  00  00  00  00  00  00    1427.5965
     0100      8   00  00  00  00  00  00  00  00    1427.5989
     0100      8   00  00  00  00  00  00  00  00    1427.6013
     0100      8   00  00  00  00  00  00  00  00    1427.6036
     0100      8   00  00  00  00  00  00  00  00    1427.6060
     0100      8   00  00  00  00  00  00  00  00    1427.6084
     0100      8   00  00  00  00  00  00  00  00    1427.6108
     0100      8   00  00  00  00  00  00  00  00    1427.6132
     0100      8   00  00  00  00  00  00  00  00    1427.6155
     0100      8   00  00  00  00  00  00  00  00    1427.6179
     0100      8   00  00  00  00  00  00  00  00    1427.6203
     0100      8   00  00  00  00  00  00  00  00    1427.6227
     0100      8   00  00  00  00  00  00  00  00    1427.6251
     0100      8   00  00  00  00  00  00  00  00    1427.6274
     0100      8   00  00  00  00  00  00  00  00    1427.6298
     0100      8   00  00  00  00  00  00  00  00    1427.6322
     0100      8   00  00  00  00  00  00  00  00    1427.6346
     0100      8   00  00  00  00  00  00  00  00    1427.6370
     0100      8   00  00  00  00  00  00  00  00    1427.6393
     0100      8   00  00  00  00  00  00  00  00    1427.6417
     0100      8   00  00  00  00  00  00  00  00    1427.6441
     0100      8   00  00  00  00  00  00  00  00    1427.6465
     0100      8   00  00  00  00  00  00  00  00    1427.6489
     0100      8   00  00  00  00  00  00  00  00    1427.6512
     0100      8   00  00  00  00  00  00  00  00    1427.6536
     0100      8   00  00  00  00  00  00  00  00    1427.6560
     0100      8   00  00  00  00  00  00  00  00    1427.6584
     0100      8   00  00  00  00  00  00  00  00    1427.6608
     0100      8   00  00  00  00  00  00  00  00    1427.6631
     0100      8   00  00  00  00  00  00  00  00    1427.6655
     0100      8   00  00  00  00  00  00  00  00    1427.6679
     0100      8   00  00  00  00  00  00  00  00    1427.6703
     0100      8   00  00  00  00  00  00  00  00    1427.6727
     0100      8   00  00  00  00  00  00  00  00    1427.6750
     0100      8   00  00  00  00  00  00  00  00    1427.6774
     0100      8   00  00  00  00  00  00  00  00    1427.6798
     0100      8   00  00  00  00  00  00  00  00    1427.6822
     0100      8   00  00  00  00  00  00  00  00    1427.6845
     0100      8   00  00  00  00  00  00  00  00    1427.6869
     0100      8   00  00  00  00  00  00  00  00    1427.6893
     0100      8   00  00  00  00  00  00  00  00    1427.6917
     0100      8   00  00  00  00  00  00  00  00    1427.6941
     0100      8   00  00  00  00  00  00  00  00    1427.6964
     0100      8   00  00  00  00  00  00  00  00    1427.6988
     0100      8   00  00  00  00  00  00  00  00    1427.7012
     0100      8   00  00  00  00  00  00  00  00    1427.7036
     0100      8   00  00  00  00  00  00  00  00    1427.7060
     0100      8   00  00  00  00  00  00  00  00    1427.7084
     0100      8   00  00  00  00  00  00  00  00    1427.7107
     0100      8   00  00  00  00  00  00  00  00    1427.7131
     0100      8   00  00  00  00  00  00  00  00    1427.7155
     0100      8   00  00  00  00  00  00  00  00    1427.7179
     0100      8   00  00  00  00  00  00  00  00    1427.7202
     0100      8   00  00  00  00  00  00  00  00    1427.7226
     0100      8   00  00  00  00  00  00  00  00    1427.7250
     0100      8   00  00  00  00  00  00  00  00    1427.7274
     0100      8   00  00  00  00  00  00  00  00    1427.7298
     0100      8   00  00  00  00  00  00  00  00    1427.7321
     0100      8   00  00  00  00  00  00  00  00    1427.7345
     0100      8   00  00  00  00  00  00  00  00    1427.7369
     0100      8   00  00  00  00  00  00  00  00    1427.7393
     0100      8   00  00  00  00  00  00  00  00    1427.7417
     0100      8   00  00  00  00  00  00  00  00    1427.7440
     0100      8   00  00  00  00  00  00  00  00    1427.7464
     0100      8   00  00  00  00  00  00  00  00    1427.7488
     0100      8   00  00  00  00  00  00  00  00    1427.7512
     0100      8   00  00  00  00  00  00  00  00    1427.7536
     0100      8   00  00  00  00  00  00  00  00    1427.7559
     0100      8   00  00  00  00  00  00  00  00    1427.7583
     0100      8   00  00  00  00  00  00  00  00    1427.7607
     0100      8   00  00  00  00  00  00  00  00    1427.7631
     0100      8   00  00  00  00  00  00  00  00    1427.7655
     0100      8   00  00  00  00  00  00  00  00    1427.7678
     0100      8   00  00  00  00  00  00  00  00    1427.7702
     0100      8   00  00  00  00  00  00  00  00    1427.7726
     0100      8   00  00  00  00  00  00  00  00    1427.7750
     0100      8   00  00  00  00  00  00  00  00    1427.7774
     0100      8   00  00  00  00  00  00  00  00    1427.7797
     0100      8   00  00  00  00  00  00  00  00    1427.7821
     0100      8   00  00  00  00  00  00  00  00    1427.7845
     0100      8   00  00  00  00  00  00  00  00    1427.7869
     0100      8   00  00  00  00  00  00  00  00    1427.7892
     0100      8   00  00  00  00  00  00  00  00    1427.7916
     0100      8   00  00  00  00  00  00  00  00    1427.7940
     0100      8   00  00  00  00  00  00  00  00    1427.7964
     0100      8   00  00  00  00  00  00  00  00    1427.7988
     0100      8   00  00  00  00  00  00  00  00    1427.8011
     0100      8   00  00  00  00  00  00  00  00    1427.8035
     0100      8   00  00  00  00  00  00  00  00    1427.8059
     0100      8   00  00  00  00  00  00  00  00    1427.8083
     0100      8   00  00  00  00  00  00  00  00    1427.8107
     0100      8   00  00  00  00  00  00  00  00    1427.8130
     0100      8   00  00  00  00  00  00  00  00    1427.8154
     0100      8   00  00  00  00  00  00  00  00    1427.8178
     0100      8   00  00  00  00  00  00  00  00    1427.8202
     0100      8   00  00  00  00  00  00  00  00    1427.8226
     0100      8   00  00  00  00  00  00  00  00    1427.8249
     0100      8   00  00  00  00  00  00  00  00    1427.8273
     0100      8   00  00  00  00  00  00  00  00    1427.8297
     0100      8   00  00  00  00  00  00  00  00    1427.8321
     0100      8   00  00  00  00  00  00  00  00    1427.8345
     0100      8   00  00  00  00  00  00  00  00    1427.8368
     0100      8   00  00  00  00  00  00  00  00    1427.8392
     0100      8   00  00  00  00  00  00  00  00    1427.8416
     0100      8   00  00  00  00  00  00  00  00    1427.8440
     0100      8   00  00  00  00  00  00  00  00    1427.8464
     0100      8   00  00  00  00  00  00  00  00    1427.8487
     0100      8   00  00  00  00  00  00  00  00    1427.8511
     0100      8   00  00  00  00  00  00  00  00    1427.8535
     0100      8   00  00  00  00  00  00  00  00    1427.8559
     0100      8   00  00  00  00  00  00  00  00    1427.8583
     0100      8   00  00  00  00  00  00  00  00    1427.8606
     0100      8   00  00  00  00  00  00  00  00    1427.8630
     0100      8   00  00  00  00  00  00  00  00    1427.8654
     0100      8   00  00  00  00  00  00  00  00    1427.8678
     0100      8   00  00  00  00  00  00  00  00    1427.8702
     0100      8   00  00  00  00  00  00  00  00    1427.8725
     0100      8   00  00  00  00  00  00  00  00    1427.8749
     0100      8   00  00  00  00  00  00  00  00    1427.8773
     0100      8   00  00  00  00  00  00  00  00    1427.8797
     0100      8   00  00  00  00  00  00  00  00    1427.8821
     0100      8   00  00  00  00  00  00  00  00    1427.8844
     0100      8   00  00  00  00  00  00  00  00    1427.8868
     0100      8   00  00  00  00  00  00  00  00    1427.8892
     0100      8   00  00  00  00  00  00  00  00    1427.8916
     0100      8   00  00  00  00  00  00  00  00    1427.8940
     0100      8   00  00  00  00  00  00  00  00    1427.8963
     0100      8   00  00  00  00  00  00  00  00    1427.8987
     0100      8   00  00  00  00  00  00  00  00    1427.9011
     0100      8   00  00  00  00  00  00  00  00    1427.9035
     0100      8   00  00  00  00  00  00  00  00    1427.9059
     0100      8   00  00  00  00  00  00  00  00    1427.9082
     0100      8   00  00  00  00  00  00  00  00    1427.9106
     0100      8   00  00  00  00  00  00  00  00    1427.9130
     0100      8   00  00  00  00  00  00  00  00    1427.9154
     0100      8   00  00  00  00  00  00  00  00    1427.9177
     0100      8   00  00  00  00  00  00  00  00    1427.9201
     0100      8   00  00  00  00  00  00  00  00    1427.9225
     0100      8   00  00  00  00  00  00  00  00    1427.9249
     0100      8   00  00  00  00  00  00  00  00    1427.9273
     0100      8   00  00  00  00  00  00  00  00    1427.9296
     0100      8   00  00  00  00  00  00  00  00    1427.9320
     0100      8   00  00  00  00  00  00  00  00    1427.9344
     0100      8   00  00  00  00  00  00  00  00    1427.9368
     0100      8   00  00  00  00  00  00  00  00    1427.9392
     0100      8   00  00  00  00  00  00  00  00    1427.9415
     0100      8   00  00  00  00  00  00  00  00    1427.9439
     0100      8   00  00  00  00  00  00  00  00    1427.9463
     0100      8   00  00  00  00  00  00  00  00    1427.9487
     0100      8   00  00  00  00  00  00  00  00    1427.9511
     0100      8   00  00  00  00  00  00  00  00    1427.9534
     0100      8   00  00  00  00  00  00  00  00    1427.9558
     0100      8   00  00  00  00  00  00  00  00    1427.9582
     0100      8   00  00  00  00  00  00  00  00    1427.9606
     0100      8   00  00  00  00  00  00  00  00    1427.9630
     0100      8   00  00  00  00  00  00  00  00    1427.9653
     0100      8   00  00  00  00  00  00  00  00    1427.9677
     0100      8   00  00  00  00  00  00  00  00    1427.9701
     0100      8   00  00  00  00  00  00  00  00    1427.9725
     0100      8   00  00  00  00  00  00  00  00    1427.9749
     0100      8   00  00  00  00  00  00  00  00    1427.9772
     0100      8   00  00  00  00  00  00  00  00    1427.9796
     0100      8   00  00  00  00  00  00  00  00    1427.9820
     0100      8   00  00  00  00  00  00  00  00    1427.9844
     0100      8   00  00  00  00  00  00  00  00    1427.9868
     0100      8   00  00  00  00  00  00  00  00    1427.9891
     0100      8   00  00  00  00  00  00  00  00    1427.9915
     0100      8   00  00  00  00  00  00  00  00    1427.9939
     0100      8   00  00  00  00  00  00  00  00    1427.9963
     0100      8   00  00  00  00  00  00  00  00    1427.9987
     0100      8   00  00  00  00  00  00  00  00    1428.0010
     0100      8   00  00  00  00  00  00  00  00    1428.0034
     0100      8   00  00  00  00  00  00  00  00    1428.0058
     0100      8   00  00  00  00  00  00  00  00    1428.0082
     0100      8   00  00  00  00  00  00  00  00    1428.0105
     0100      8   00  00  00  00  00  00  00  00    1428.0129
     0100      8   00  00  00  00  00  00  00  00    1428.0153
     0100      8   00  00  00  00  00  00  00  00    1428.0177
     0100      8   00  00  00  00  00  00  00  00    1428.0201
     0100      8   00  00  00  00  00  00  00  00    1428.0224
     0100      8   00  00  00  00  00  00  00  00    1428.0248
     0100      8   00  00  00  00  00  00  00  00    1428.0272
     0100      8   00  00  00  00  00  00  00  00    1428.0296
     0100      8   00  00  00  00  00  00  00  00    1428.0320
     0100      8   00  00  00  00  00  00  00  00    1428.0343
     0100      8   00  00  00  00  00  00  00  00    1428.0367
     0100      8   00  00  00  00  00  00  00  00    1428.0391
     0100      8   00  00  00  00  00  00  00  00    1428.0415
     0100      8   00  00  00  00  00  00  00  00    1428.0439
     0100      8   00  00  00  00  00  00  00  00    1428.0462
     0100      8   00  00  00  00  00  00  00  00    1428.0486
     0100      8   00  00  00  00  00  00  00  00    1428.0510
     0100      8   00  00  00  00  00  00  00  00    1428.0534
     0100      8   00  00  00  00  00  00  00  00    1428.0558
     0100      8   00  00  00  00  00  00  00  00    1428.0581
     0100      8   00  00  00  00  00  00  00  00    1428.0605
     0100      8   00  00  00  00  00  00  00  00    1428.0629
     0100      8   00  00  00  00  00  00  00  00    1428.0653
     0100      8   00  00  00  00  00  00  00  00    1428.0677
     0100      8   00  00  00  00  00  00  00  00    1428.0700
     0100      8   00  00  00  00  00  00  00  00    1428.0724
     0100      8   00  00  00  00  00  00  00  00    1428.0748
     0100      8   00  00  00  00  00  00  00  00    1428.0772
     0100      8   00  00  00  00  00  00  00  00    1428.0796
     0100      8   00  00  00  00  00  00  00  00    1428.0819
     0100      8   00  00  00  00  00  00  00  00    1428.0843
     0100      8   00  00  00  00  00  00  00  00    1428.0867
     0100      8   00  00  00  00  00  00  00  00    1428.0891
     0100      8   00  00  00  00  00  00  00  00    1428.0915
     0100      8   00  00  00  00  00  00  00  00    1428.0938
     0100      8   00  00  00  00  00  00  00  00    1428.0962
     0100      8   00  00  00  00  00  00  00  00    1428.0986
     0100      8   00  00  00  00  00  00  00  00    1428.1010
     0100      8   00  00  00  00  00  00  00  00    1428.1034
     0100      8   00  00  00  00  00  00  00  00    1428.1057
     0100      8   00  00  00  00  00  00  00  00    1428.1081
     0100      8   00  00  00  00  00  00  00  00    1428.1105
     0100      8   00  00  00  00  00  00  00  00    1428.1129
     0100      8   00  00  00  00  00  00  00  00    1428.1153
     0100      8   00  00  00  00  00  00  00  00    1428.1176
     0100      8   00  00  00  00  00  00  00  00    1428.1200
     0100      8   00  00  00  00  00  00  00  00    1428.1224
     0100      8   00  00  00  00  00  00  00  00    1428.1248
     0100      8   00  00  00  00  00  00  00  00    1428.1271
     0100      8   00  00  00  00  00  00  00  00    1428.1295
     0100      8   00  00  00  00  00  00  00  00    1428.1319
     0100      8   00  00  00  00  00  00  00  00    1428.1343
     0100      8   00  00  00  00  00  00  00  00    1428.1367
     0100      8   00  00  00  00  00  00  00  00    1428.1390
     0100      8   00  00  00  00  00  00  00  00    1428.1414
     0100      8   00  00  00  00  00  00  00  00    1428.1438
     0100      8   00  00  00  00  00  00  00  00    1428.1462
     0100      8   00  00  00  00  00  00  00  00    1428.1486
     0100      8   00  00  00  00  00  00  00  00    1428.1509
     0100      8   00  00  00  00  00  00  00  00    1428.1533
     0100      8   00  00  00  00  00  00  00  00    1428.1557
     0100      8   00  00  00  00  00  00  00  00    1428.1581
     0100      8   00  00  00  00  00  00  00  00    1428.1605
     0100      8   00  00  00  00  00  00  00  00    1428.1628
     0100      8   00  00  00  00  00  00  00  00    1428.1652
     0100      8   00  00  00  00  00  00  00  00    1428.1676
     0100      8   00  00  00  00  00  00  00  00    1428.1700
     0100      8   00  00  00  00  00  00  00  00    1428.1724
     0100      8   00  00  00  00  00  00  00  00    1428.1747
     0100      8   00  00  00  00  00  00  00  00    1428.1771
     0100      8   00  00  00  00  00  00  00  00    1428.1795
     0100      8   00  00  00  00  00  00  00  00    1428.1819
     0100      8   00  00  00  00  00  00  00  00    1428.1843
     0100      8   00  00  00  00  00  00  00  00    1428.1866
     0100      8   00  00  00  00  00  00  00  00    1428.1890
     0100      8   00  00  00  00  00  00  00  00    1428.1914
     0100      8   00  00  00  00  00  00  00  00    1428.1938
     0100      8   00  00  00  00  00  00  00  00    1428.1962
     0100      8   00  00  00  00  00  00  00  00    1428.1985
     0100      8   00  00  00  00  00  00  00  00    1428.2009
     0100      8   00  00  00  00  00  00  00  00    1428.2033
     0100      8   00  00  00  00  00  00  00  00    1428.2057
     0100      8   00  00  00  00  00  00  00  00    1428.2081
     0100      8   00  00  00  00  00  00  00  00    1428.2104
     0100      8   00  00  00  00  00  00  00  00    1428.2128
     0100      8   00  00  00  00  00  00  00  00    1428.2152
     0100      8   00  00  00  00  00  00  00  00    1428.2176
     0100      8   00  00  00  00  00  00  00  00    1428.2200
     0100      8   00  00  00  00  00  00  00  00    1428.2223
     0100      8   00  00  00  00  00  00  00  00    1428.2247
     0100      8   00  00  00  00  00  00  00  00    1428.2271
     0100      8   00  00  00  00  00  00  00  00    1428.2295
     0100      8   00  00  00  00  00  00  00  00    1428.2319
     0100      8   00  00  00  00  00  00  00  00    1428.2342
     0100      8   00  00  00  00  00  00  00  00    1428.2366
     0100      8   00  00  00  00  00  00  00  00    1428.2390
     0100      8   00  00  00  00  00  00  00  00    1428.2414
     0100      8   00  00  00  00  00  00  00  00    1428.2438
     0100      8   00  00  00  00  00  00  00  00    1428.2461
     0100      8   00  00  00  00  00  00  00  00    1428.2485
     0100      8   00  00  00  00  00  00  00  00    1428.2509
     0100      8   00  00  00  00  00  00  00  00    1428.2533
     0100      8   00  00  00  00  00  00  00  00    1428.2556
     0100      8   00  00  00  00  00  00  00  00    1428.2580
     0100      8   00  00  00  00  00  00  00  00    1428.2604
     0100      8   00  00  00  00  00  00  00  00    1428.2628
     0100      8   00  00  00  00  00  00  00  00    1428.2652
     0100      8   00  00  00  00  00  00  00  00    1428.2675
     0100      8   00  00  00  00  00  00  00  00    1428.2699
     0100      8   00  00  00  00  00  00  00  00    1428.2723
     0100      8   00  00  00  00  00  00  00  00    1428.2747
     0100      8   00  00  00  00  00  00  00  00    1428.2771
     0100      8   00  00  00  00  00  00  00  00    1428.2794
     0100      8   00  00  00  00  00  00  00  00    1428.2818
     0100      8   00  00  00  00  00  00  00  00    1428.2842
     0100      8   00  00  00  00  00  00  00  00    1428.2866
     0100      8   00  00  00  00  00  00  00  00    1428.2890
     0100      8   00  00  00  00  00  00  00  00    1428.2913
     0100      8   00  00  00  00  00  00  00  00    1428.2937
     0100      8   00  00  00  00  00  00  00  00    1428.2961
     0100      8   00  00  00  00  00  00  00  00    1428.2985
     0100      8   00  00  00  00  00  00  00  00    1428.3009
     0100      8   00  00  00  00  00  00  00  00    1428.3032
     0100      8   00  00  00  00  00  00  00  00    1428.3056
     0100      8   00  00  00  00  00  00  00  00    1428.3080
     0100      8   00  00  00  00  00  00  00  00    1428.3104
     0100      8   00  00  00  00  00  00  00  00    1428.3128
     0100      8   00  00  00  00  00  00  00  00    1428.3151
     0100      8   00  00  00  00  00  00  00  00    1428.3175
     0100      8   00  00  00  00  00  00  00  00    1428.3199
     0100      8   00  00  00  00  00  00  00  00    1428.3223
     0100      8   00  00  00  00  00  00  00  00    1428.3247
     0100      8   00  00  00  00  00  00  00  00    1428.3270
     0100      8   00  00  00  00  00  00  00  00    1428.3294
     0100      8   00  00  00  00  00  00  00  00    1428.3318
     0100      8   00  00  00  00  00  00  00  00    1428.3342
     0100      8   00  00  00  00  00  00  00  00    1428.3366
     0100      8   00  00  00  00  00  00  00  00    1428.3389
     0100      8   00  00  00  00  00  00  00  00    1428.3413
     0100      8   00  00  00  00  00  00  00  00    1428.3437
     0100      8   00  00  00  00  00  00  00  00    1428.3461
     0100      8   00  00  00  00  00  00  00  00    1428.3484
     0100      8   00  00  00  00  00  00  00  00    1428.3508
     0100      8   00  00  00  00  00  00  00  00    1428.3532
     0100      8   00  00  00  00  00  00  00  00    1428.3556
     0100      8   00  00  00  00  00  00  00  00    1428.3580
     0100      8   00  00  00  00  00  00  00  00    1428.3604
     0100      8   00  00  00  00  00  00  00  00    1428.3627
     0100      8   00  00  00  00  00  00  00  00    1428.3651
     0100      8   00  00  00  00  00  00  00  00    1428.3675
     0100      8   00  00  00  00  00  00  00  00    1428.3699
     0100      8   00  00  00  00  00  00  00  00    1428.3722
     0100      8   00  00  00  00  00  00  00  00    1428.3746
     0100      8   00  00  00  00  00  00  00  00    1428.3770
     0100      8   00  00  00  00  00  00  00  00    1428.3794
     0100      8   00  00  00  00  00  00  00  00    1428.3818
     0100      8   00  00  00  00  00  00  00  00    1428.3841
     0100      8   00  00  00  00  00  00  00  00    1428.3865
     0100      8   00  00  00  00  00  00  00  00    1428.3889
     0100      8   00  00  00  00  00  00  00  00    1428.3913
     0100      8   00  00  00  00  00  00  00  00    1428.3937
     0100      8   00  00  00  00  00  00  00  00    1428.3960
     0100      8   00  00  00  00  00  00  00  00    1428.3984
     0100      8   00  00  00  00  00  00  00  00    1428.4008
     0100      8   00  00  00  00  00  00  00  00    1428.4032
     0100      8   00  00  00  00  00  00  00  00    1428.4056
     0100      8   00  00  00  00  00  00  00  00    1428.4079
     0100      8   00  00  00  00  00  00  00  00    1428.4103
     0100      8   00  00  00  00  00  00  00  00    1428.4127
     0100      8   00  00  00  00  00  00  00  00    1428.4151
     0100      8   00  00  00  00  00  00  00  00    1428.4175
     0100      8   00  00  00  00  00  00  00  00    1428.4198
     0100      8   00  00  00  00  00  00  00  00    1428.4222
     0100      8   00  00  00  00  00  00  00  00    1428.4246
     0100      8   00  00  00  00  00  00  00  00    1428.4270
     0100      8   00  00  00  00  00  00  00  00    1428.4294
     0100      8   00  00  00  00  00  00  00  00    1428.4317
     0100      8   00  00  00  00  00  00  00  00    1428.4341
     0100      8   00  00  00  00  00  00  00  00    1428.4365
     0100      8   00  00  00  00  00  00  00  00    1428.4389
     0100      8   00  00  00  00  00  00  00  00    1428.4413
     0100      8   00  00  00  00  00  00  00  00    1428.4436
     0100      8   00  00  00  00  00  00  00  00    1428.4460
     0100      8   00  00  00  00  00  00  00  00    1428.4484
     0100      8   00  00  00  00  00  00  00  00    1428.4508
     0100      8   00  00  00  00  00  00  00  00    1428.4532
     0100      8   00  00  00  00  00  00  00  00    1428.4555
     0100      8   00  00  00  00  00  00  00  00    1428.4579
     0100      8   00  00  00  00  00  00  00  00    1428.4603
     0100      8   00  00  00  00  00  00  00  00    1428.4627
     0100      8   00  00  00  00  00  00  00  00    1428.4650
     0100      8   00  00  00  00  00  00  00  00    1428.4674
     0100      8   00  00  00  00  00  00  00  00    1428.4698
     0100      8   00  00  00  00  00  00  00  00    1428.4722
     0100      8   00  00  00  00  00  00  00  00    1428.4746
     0100      8   00  00  00  00  00  00  00  00    1428.4769
     0100      8   00  00  00  00  00  00  00  00    1428.4793
     0100      8   00  00  00  00  00  00  00  00    1428.4817
     0100      8   00  00  00  00  00  00  00  00    1428.4841
     0100      8   00  00  00  00  00  00  00  00    1428.4865
     0100      8   00  00  00  00  00  00  00  00    1428.4888
     0100      8   00  00  00  00  00  00  00  00    1428.4912
     0100      8   00  00  00  00  00  00  00  00    1428.4936
     0100      8   00  00  00  00  00  00  00  00    1428.4960
     0100      8   00  00  00  00  00  00  00  00    1428.4984
     0100      8   00  00  00  00  00  00  00  00    1428.5007
     0100      8   00  00  00  00  00  00  00  00    1428.5031
     0100      8   00  00  00  00  00  00  00  00    1428.5055
     0100      8   00  00  00  00  00  00  00  00    1428.5079
     0100      8   00  00  00  00  00  00  00  00    1428.5103
     0100      8   00  00  00  00  00  00  00  00    1428.5126
     0100      8   00  00  00  00  00  00  00  00    1428.5150
     0100      8   00  00  00  00  00  00  00  00    1428.5174
     0100      8   00  00  00  00  00  00  00  00    1428.5198
     0100      8   00  00  00  00  00  00  00  00    1428.5222
     0100      8   00  00  00  00  00  00  00  00    1428.5245
     0100      8   00  00  00  00  00  00  00  00    1428.5269
     0100      8   00  00  00  00  00  00  00  00    1428.5293
     0100      8   00  00  00  00  00  00  00  00    1428.5317
     0100      8   00  00  00  00  00  00  00  00    1428.5341
     0100      8   00  00  00  00  00  00  00  00    1428.5364
     0100      8   00  00  00  00  00  00  00  00    1428.5388
     0100      8   00  00  00  00  00  00  00  00    1428.5412
     0100      8   00  00  00  00  00  00  00  00    1428.5436
     0100      8   00  00  00  00  00  00  00  00    1428.5460
     0100      8   00  00  00  00  00  00  00  00    1428.5483
     0100      8   00  00  00  00  00  00  00  00    1428.5507
     0100      8   00  00  00  00  00  00  00  00    1428.5531
     0100      8   00  00  00  00  00  00  00  00    1428.5555
     0100      8   00  00  00  00  00  00  00  00    1428.5579
     0100      8   00  00  00  00  00  00  00  00    1428.5602
     0100      8   00  00  00  00  00  00  00  00    1428.5626
     0100      8   00  00  00  00  00  00  00  00    1428.5650
     0100      8   00  00  00  00  00  00  00  00    1428.5674
     0100      8   00  00  00  00  00  00  00  00    1428.5698
     0100      8   00  00  00  00  00  00  00  00    1428.5721
     0100      8   00  00  00  00  00  00  00  00    1428.5745
     0100      8   00  00  00  00  00  00  00  00    1428.5769
     0100      8   00  00  00  00  00  00  00  00    1428.5793
     0100      8   00  00  00  00  00  00  00  00    1428.5817
     0100      8   00  00  00  00  00  00  00  00    1428.5840
     0100      8   00  00  00  00  00  00  00  00    1428.5864
     0100      8   00  00  00  00  00  00  00  00    1428.5888
     0100      8   00  00  00  00  00  00  00  00    1428.5912
     0100      8   00  00  00  00  00  00  00  00    1428.5935
     0100      8   00  00  00  00  00  00  00  00    1428.5959
     0100      8   00  00  00  00  00  00  00  00    1428.5983
     0100      8   00  00  00  00  00  00  00  00    1428.6007
     0100      8   00  00  00  00  00  00  00  00    1428.6031
     0100      8   00  00  00  00  00  00  00  00    1428.6054
     0100      8   00  00  00  00  00  00  00  00    1428.6078
     0100      8   00  00  00  00  00  00  00  00    1428.6102
     0100      8   00  00  00  00  00  00  00  00    1428.6126
     0100      8   00  00  00  00  00  00  00  00    1428.6150
     0100      8   00  00  00  00  00  00  00  00    1428.6173
     0100      8   00  00  00  00  00  00  00  00    1428.6197
     0100      8   00  00  00  00  00  00  00  00    1428.6221
     0100      8   00  00  00  00  00  00  00  00    1428.6245
     0100      8   00  00  00  00  00  00  00  00    1428.6269
     0100      8   00  00  00  00  00  00  00  00    1428.6292
     0100      8   00  00  00  00  00  00  00  00    1428.6316
     0100      8   00  00  00  00  00  00  00  00    1428.6340
     0100      8   00  00  00  00  00  00  00  00    1428.6364
     0100      8   00  00  00  00  00  00  00  00    1428.6388
     0100      8   00  00  00  00  00  00  00  00    1428.6411
     0100      8   00  00  00  00  00  00  00  00    1428.6435
     0100      8   00  00  00  00  00  00  00  00    1428.6459
     0100      8   00  00  00  00  00  00  00  00    1428.6483
     0100      8   00  00  00  00  00  00  00  00    1428.6507
     0100      8   00  00  00  00  00  00  00  00    1428.6530
     0100      8   00  00  00  00  00  00  00  00    1428.6554
     0100      8   00  00  00  00  00  00  00  00    1428.6578
     0100      8   00  00  00  00  00  00  00  00    1428.6602
     0100      8   00  00  00  00  00  00  00  00    1428.6626
     0100      8   00  00  00  00  00  00  00  00    1428.6649
     0100      8   00  00  00  00  00  00  00  00    1428.6673
     0100      8   00  00  00  00  00  00  00  00    1428.6697
     0100      8   00  00  00  00  00  00  00  00    1428.6721
     0100      8   00  00  00  00  00  00  00  00    1428.6745
     0100      8   00  00  00  00  00  00  00  00    1428.6768
     0100      8   00  00  00  00  00  00  00  00    1428.6792
     0100      8   00  00  00  00  00  00  00  00    1428.6816
     0100      8   00  00  00  00  00  00  00  00    1428.6840
     0100      8   00  00  00  00  00  00  00  00    1428.6863
     0100      8   00  00  00  00  00  00  00  00    1428.6887
     0100      8   00  00  00  00  00  00  00  00    1428.6911
     0100      8   00  00  00  00  00  00  00  00    1428.6935
     0100      8   00  00  00  00  00  00  00  00    1428.6959
     0100      8   00  00  00  00  00  00  00  00    1428.6983
     0100      8   00  00  00  00  00  00  00  00    1428.7006
     0100      8   00  00  00  00  00  00  00  00    1428.7030
     0100      8   00  00  00  00  00  00  00  00    1428.7054
     0100      8   00  00  00  00  00  00  00  00    1428.7078
     0100      8   00  00  00  00  00  00  00  00    1428.7101
     0100      8   00  00  00  00  00  00  00  00    1428.7125
     0100      8   00  00  00  00  00  00  00  00    1428.7149
     0100      8   00  00  00  00  00  00  00  00    1428.7173
     0100      8   00  00  00  00  00  00  00  00    1428.7197
     0100      8   00  00  00  00  00  00  00  00    1428.7220
     0100      8   00  00  00  00  00  00  00  00    1428.7244
     0100      8   00  00  00  00  00  00  00  00    1428.7268
     0100      8   00  00  00  00  00  00  00  00    1428.7292
     0100      8   00  00  00  00  00  00  00  00    1428.7316
     0100      8   00  00  00  00  00  00  00  00    1428.7339
     0100      8   00  00  00  00  00  00  00  00    1428.7363
     0100      8   00  00  00  00  00  00  00  00    1428.7387
     0100      8   00  00  00  00  00  00  00  00    1428.7411
     0100      8   00  00  00  00  00  00  00  00    1428.7435
     0100      8   00  00  00  00  00  00  00  00    1428.7458
     0100      8   00  00  00  00  00  00  00  00    1428.7482
     0100      8   00  00  00  00  00  00  00  00    1428.7506
     0100      8   00  00  00  00  00  00  00  00    1428.7530
     0100      8   00  00  00  00  00  00  00  00    1428.7554
     0100      8   00  00  00  00  00  00  00  00    1428.7577
     0100      8   00  00  00  00  00  00  00  00    1428.7601
     0100      8   00  00  00  00  00  00  00  00    1428.7625
     0100      8   00  00  00  00  00  00  00  00    1428.7649
     0100      8   00  00  00  00  00  00  00  00    1428.7673
     0100      8   00  00  00  00  00  00  00  00    1428.7696
     0100      8   00  00  00  00  00  00  00  00    1428.7720
     0100      8   00  00  00  00  00  00  00  00    1428.7744
     0100      8   00  00  00  00  00  00  00  00    1428.7768
     0100      8   00  00  00  00  00  00  00  00    1428.7792
     0100      8   00  00  00  00  00  00  00  00    1428.7815
     0100      8   00  00  00  00  00  00  00  00    1428.7839
     0100      8   00  00  00  00  00  00  00  00    1428.7863
     0100      8   00  00  00  00  00  00  00  00    1428.7887
     0100      8   00  00  00  00  00  00  00  00    1428.7910
     0100      8   00  00  00  00  00  00  00  00    1428.7934
     0100      8   00  00  00  00  00  00  00  00    1428.7958
     0100      8   00  00  00  00  00  00  00  00    1428.7982
     0100      8   00  00  00  00  00  00  00  00    1428.8006
     0100      8   00  00  00  00  00  00  00  00    1428.8029
     0100      8   00  00  00  00  00  00  00  00    1428.8053
     0100      8   00  00  00  00  00  00  00  00    1428.8077
     0100      8   00  00  00  00  00  00  00  00    1428.8101
     0100      8   00  00  00  00  00  00  00  00    1428.8125
     0100      8   00  00  00  00  00  00  00  00    1428.8148
     0100      8   00  00  00  00  00  00  00  00    1428.8172
     0100      8   00  00  00  00  00  00  00  00    1428.8196
     0100      8   00  00  00  00  00  00  00  00    1428.8220
     0100      8   00  00  00  00  00  00  00  00    1428.8244
     0100      8   00  00  00  00  00  00  00  00    1428.8267
     0100      8   00  00  00  00  00  00  00  00    1428.8291
     0100      8   00  00  00  00  00  00  00  00    1428.8315
     0100      8   00  00  00  00  00  00  00  00    1428.8339
     0100      8   00  00  00  00  00  00  00  00    1428.8363
     0100      8   00  00  00  00  00  00  00  00    1428.8386
     0100      8   00  00  00  00  00  00  00  00    1428.8410
     0100      8   00  00  00  00  00  00  00  00    1428.8434
     0100      8   00  00  00  00  00  00  00  00    1428.8458
     0100      8   00  00  00  00  00  00  00  00    1428.8482
     0100      8   00  00  00  00  00  00  00  00    1428.8505
     0100      8   00  00  00  00  00  00  00  00    1428.8529
     0100      8   00  00  00  00  00  00  00  00    1428.8553
     0100      8   00  00  00  00  00  00  00  00    1428.8577
     0100      8   00  00  00  00  00  00  00  00    1428.8601
     0100      8   00  00  00  00  00  00  00  00    1428.8624
     0100      8   00  00  00  00  00  00  00  00    1428.8648
     0100      8   00  00  00  00  00  00  00  00    1428.8672
     0100      8   00  00  00  00  00  00  00  00    1428.8696
     0100      8   00  00  00  00  00  00  00  00    1428.8720
     0100      8   00  00  00  00  00  00  00  00    1428.8743
     0100      8   00  00  00  00  00  00  00  00    1428.8767
     0100      8   00  00  00  00  00  00  00  00    1428.8791
     0100      8   00  00  00  00  00  00  00  00    1428.8815
     0100      8   00  00  00  00  00  00  00  00    1428.8839
     0100      8   00  00  00  00  00  00  00  00    1428.8862
     0100      8   00  00  00  00  00  00  00  00    1428.8886
     0100      8   00  00  00  00  00  00  00  00    1428.8910
     0100      8   00  00  00  00  00  00  00  00    1428.8934
     0100      8   00  00  00  00  00  00  00  00    1428.8958
     0100      8   00  00  00  00  00  00  00  00    1428.8981
     0100      8   00  00  00  00  00  00  00  00    1428.9005
     0100      8   00  00  00  00  00  00  00  00    1428.9029
     0100      8   00  00  00  00  00  00  00  00    1428.9053
     0100      8   00  00  00  00  00  00  00  00    1428.9076
     0100      8   00  00  00  00  00  00  00  00    1428.9100
     0100      8   00  00  00  00  00  00  00  00    1428.9124
     0100      8   00  00  00  00  00  00  00  00    1428.9148
     0100      8   00  00  00  00  00  00  00  00    1428.9172
     0100      8   00  00  00  00  00  00  00  00    1428.9195
     0100      8   00  00  00  00  00  00  00  00    1428.9219
     0100      8   00  00  00  00  00  00  00  00    1428.9243
     0100      8   00  00  00  00  00  00  00  00    1428.9267
     0100      8   00  00  00  00  00  00  00  00    1428.9291
     0100      8   00  00  00  00  00  00  00  00    1428.9314
     0100      8   00  00  00  00  00  00  00  00    1428.9338
     0100      8   00  00  00  00  00  00  00  00    1428.9362
     0100      8   00  00  00  00  00  00  00  00    1428.9386
     0100      8   00  00  00  00  00  00  00  00    1428.9410
     0100      8   00  00  00  00  00  00  00  00    1428.9433
     0100      8   00  00  00  00  00  00  00  00    1428.9457
     0100      8   00  00  00  00  00  00  00  00    1428.9481
     0100      8   00  00  00  00  00  00  00  00    1428.9505
     0100      8   00  00  00  00  00  00  00  00    1428.9529
     0100      8   00  00  00  00  00  00  00  00    1428.9552
     0100      8   00  00  00  00  00  00  00  00    1428.9576
     0100      8   00  00  00  00  00  00  00  00    1428.9600
     0100      8   00  00  00  00  00  00  00  00    1428.9624
     0100      8   00  00  00  00  00  00  00  00    1428.9648
     0100      8   00  00  00  00  00  00  00  00    1428.9671
     0100      8   00  00  00  00  00  00  00  00    1428.9695
     0100      8   00  00  00  00  00  00  00  00    1428.9719
     0100      8   00  00  00  00  00  00  00  00    1428.9743
     0100      8   00  00  00  00  00  00  00  00    1428.9767
     0100      8   00  00  00  00  00  00  00  00    1428.9790
     0100      8   00  00  00  00  00  00  00  00    1428.9814
     0100      8   00  00  00  00  00  00  00  00    1428.9838
     0100      8   00  00  00  00  00  00  00  00    1428.9862
     0100      8   00  00  00  00  00  00  00  00    1428.9886
     0100      8   00  00  00  00  00  00  00  00    1428.9909
     0100      8   00  00  00  00  00  00  00  00    1428.9933
     0100      8   00  00  00  00  00  00  00  00    1428.9957
     0100      8   00  00  00  00  00  00  00  00    1428.9981
     0100      8   00  00  00  00  00  00  00  00    1429.0005
     0100      8   00  00  00  00  00  00  00  00    1429.0028
     0100      8   00  00  00  00  00  00  00  00    1429.0052
     0100      8   00  00  00  00  00  00  00  00    1429.0076
     0100      8   00  00  00  00  00  00  00  00    1429.0100
     0100      8   00  00  00  00  00  00  00  00    1429.0123
     0100      8   00  00  00  00  00  00  00  00    1429.0147
     0100      8   00  00  00  00  00  00  00  00    1429.0171
     0100      8   00  00  00  00  00  00  00  00    1429.0195
     0100      8   00  00  00  00  00  00  00  00    1429.0219
     0100      8   00  00  00  00  00  00  00  00    1429.0242
     0100      8   00  00  00  00  00  00  00  00    1429.0266
     0100      8   00  00  00  00  00  00  00  00    1429.0290
     0100      8   00  00  00  00  00  00  00  00    1429.0314
     0100      8   00  00  00  00  00  00  00  00    1429.0338
     0100      8   00  00  00  00  00  00  00  00    1429.0362
     0100      8   00  00  00  00  00  00  00  00    1429.0385
     0100      8   00  00  00  00  00  00  00  00    1429.0409
     0100      8   00  00  00  00  00  00  00  00    1429.0433
     0100      8   00  00  00  00  00  00  00  00    1429.0457
     0100      8   00  00  00  00  00  00  00  00    1429.0480
     0100      8   00  00  00  00  00  00  00  00    1429.0504
     0100      8   00  00  00  00  00  00  00  00    1429.0528
     0100      8   00  00  00  00  00  00  00  00    1429.0552
     0100      8   00  00  00  00  00  00  00  00    1429.0576
     0100      8   00  00  00  00  00  00  00  00    1429.0599
     0100      8   00  00  00  00  00  00  00  00    1429.0623
     0100      8   00  00  00  00  00  00  00  00    1429.0647
     0100      8   00  00  00  00  00  00  00  00    1429.0671
     0100      8   00  00  00  00  00  00  00  00    1429.0695
     0100      8   00  00  00  00  00  00  00  00    1429.0718
     0100      8   00  00  00  00  00  00  00  00    1429.0742
     0100      8   00  00  00  00  00  00  00  00    1429.0766
     0100      8   00  00  00  00  00  00  00  00    1429.0790
     0100      8   00  00  00  00  00  00  00  00    1429.0814
     0100      8   00  00  00  00  00  00  00  00    1429.0837
     0100      8   00  00  00  00  00  00  00  00    1429.0861
     0100      8   00  00  00  00  00  00  00  00    1429.0885
     0100      8   00  00  00  00  00  00  00  00    1429.0909
     0100      8   00  00  00  00  00  00  00  00    1429.0933
     0100      8   00  00  00  00  00  00  00  00    1429.0956
     0100      8   00  00  00  00  00  00  00  00    1429.0980
     0100      8   00  00  00  00  00  00  00  00    1429.1004
     0100      8   00  00  00  00  00  00  00  00    1429.1028
     0100      8   00  00  00  00  00  00  00  00    1429.1052
     0100      8   00  00  00  00  00  00  00  00    1429.1075
     0100      8   00  00  00  00  00  00  00  00    1429.1099
     0100      8   00  00  00  00  00  00  00  00    1429.1123
     0100      8   00  00  00  00  00  00  00  00    1429.1147
     0100      8   00  00  00  00  00  00  00  00    1429.1171
     0100      8   00  00  00  00  00  00  00  00    1429.1194
     0100      8   00  00  00  00  00  00  00  00    1429.1218
     0100      8   00  00  00  00  00  00  00  00    1429.1242
     0100      8   00  00  00  00  00  00  00  00    1429.1266
     0100      8   00  00  00  00  00  00  00  00    1429.1289
     0100      8   00  00  00  00  00  00  00  00    1429.1313
     0100      8   00  00  00  00  00  00  00  00    1429.1337
     0100      8   00  00  00  00  00  00  00  00    1429.1361
     0100      8   00  00  00  00  00  00  00  00    1429.1385
     0100      8   00  00  00  00  00  00  00  00    1429.1408
     0100      8   00  00  00  00  00  00  00  00    1429.1432
     0100      8   00  00  00  00  00  00  00  00    1429.1456
     0100      8   00  00  00  00  00  00  00  00    1429.1480
     0100      8   00  00  00  00  00  00  00  00    1429.1504
     0100      8   00  00  00  00  00  00  00  00    1429.1527
     0100      8   00  00  00  00  00  00  00  00    1429.1551
     0100      8   00  00  00  00  00  00  00  00    1429.1575
     0100      8   00  00  00  00  00  00  00  00    1429.1599
     0100      8   00  00  00  00  00  00  00  00    1429.1623
     0100      8   00  00  00  00  00  00  00  00    1429.1646
     0100      8   00  00  00  00  00  00  00  00    1429.1670
     0100      8   00  00  00  00  00  00  00  00    1429.1694
     0100      8   00  00  00  00  00  00  00  00    1429.1718
     0100      8   00  00  00  00  00  00  00  00    1429.1742
     0100      8   00  00  00  00  00  00  00  00    1429.1765
     0100      8   00  00  00  00  00  00  00  00    1429.1789
     0100      8   00  00  00  00  00  00  00  00    1429.1813
     0100      8   00  00  00  00  00  00  00  00    1429.1837
     0100      8   00  00  00  00  00  00  00  00    1429.1861
     0100      8   00  00  00  00  00  00  00  00    1429.1884
     0100      8   00  00  00  00  00  00  00  00    1429.1908
     0100      8   00  00  00  00  00  00  00  00    1429.1932
     0100      8   00  00  00  00  00  00  00  00    1429.1956
     0100      8   00  00  00  00  00  00  00  00    1429.1980
     0100      8   00  00  00  00  00  00  00  00    1429.2003
     0100      8   00  00  00  00  00  00  00  00    1429.2027
     0100      8   00  00  00  00  00  00  00  00    1429.2051
     0100      8   00  00  00  00  00  00  00  00    1429.2075
     0100      8   00  00  00  00  00  00  00  00    1429.2099
     0100      8   00  00  00  00  00  00  00  00    1429.2122
     0100      8   00  00  00  00  00  00  00  00    1429.2146
     0100      8   00  00  00  00  00  00  00  00    1429.2170
     0100      8   00  00  00  00  00  00  00  00    1429.2194
     0100      8   00  00  00  00  00  00  00  00    1429.2218
     0100      8   00  00  00  00  00  00  00  00    1429.2241
     0100      8   00  00  00  00  00  00  00  00    1429.2265
     0100      8   00  00  00  00  00  00  00  00    1429.2289
     0100      8   00  00  00  00  00  00  00  00    1429.2313
     0100      8   00  00  00  00  00  00  00  00    1429.2337
     0100      8   00  00  00  00  00  00  00  00    1429.2360
     0100      8   00  00  00  00  00  00  00  00    1429.2384
     0100      8   00  00  00  00  00  00  00  00    1429.2408
     0100      8   00  00  00  00  00  00  00  00    1429.2432
     0100      8   00  00  00  00  00  00  00  00    1429.2455
     0100      8   00  00  00  00  00  00  00  00    1429.2479
     0100      8   00  00  00  00  00  00  00  00    1429.2503
     0100      8   00  00  00  00  00  00  00  00    1429.2527
     0100      8   00  00  00  00  00  00  00  00    1429.2551
     0100      8   00  00  00  00  00  00  00  00    1429.2574
     0100      8   00  00  00  00  00  00  00  00    1429.2598
     0100      8   00  00  00  00  00  00  00  00    1429.2622
     0100      8   00  00  00  00  00  00  00  00    1429.2646
     0100      8   00  00  00  00  00  00  00  00    1429.2670
     0100      8   00  00  00  00  00  00  00  00    1429.2693
     0100      8   00  00  00  00  00  00  00  00    1429.2717
     0100      8   00  00  00  00  00  00  00  00    1429.2741
     0100      8   00  00  00  00  00  00  00  00    1429.2765
     0100      8   00  00  00  00  00  00  00  00    1429.2789
     0100      8   00  00  00  00  00  00  00  00    1429.2812
     0100      8   00  00  00  00  00  00  00  00    1429.2836
     0100      8   00  00  00  00  00  00  00  00    1429.2860
     0100      8   00  00  00  00  00  00  00  00    1429.2884
     0100      8   00  00  00  00  00  00  00  00    1429.2908
     0100      8   00  00  00  00  00  00  00  00    1429.2931
     0100      8   00  00  00  00  00  00  00  00    1429.2955
     0100      8   00  00  00  00  00  00  00  00    1429.2979
     0100      8   00  00  00  00  00  00  00  00    1429.3003
     0100      8   00  00  00  00  00  00  00  00    1429.3027
     0100      8   00  00  00  00  00  00  00  00    1429.3050
     0100      8   00  00  00  00  00  00  00  00    1429.3074
     0100      8   00  00  00  00  00  00  00  00    1429.3098
     0100      8   00  00  00  00  00  00  00  00    1429.3122
     0100      8   00  00  00  00  00  00  00  00    1429.3146
     0100      8   00  00  00  00  00  00  00  00    1429.3169
     0100      8   00  00  00  00  00  00  00  00    1429.3193
     0100      8   00  00  00  00  00  00  00  00    1429.3217
     0100      8   00  00  00  00  00  00  00  00    1429.3241
     0100      8   00  00  00  00  00  00  00  00    1429.3265
     0100      8   00  00  00  00  00  00  00  00    1429.3288
     0100      8   00  00  00  00  00  00  00  00    1429.3312
     0100      8   00  00  00  00  00  00  00  00    1429.3336
     0100      8   00  00  00  00  00  00  00  00    1429.3360
     0100      8   00  00  00  00  00  00  00  00    1429.3384
     0100      8   00  00  00  00  00  00  00  00    1429.3407
     0100      8   00  00  00  00  00  00  00  00    1429.3431
     0100      8   00  00  00  00  00  00  00  00    1429.3455
     0100      8   00  00  00  00  00  00  00  00    1429.3479
     0100      8   00  00  00  00  00  00  00  00    1429.3502
     0100      8   00  00  00  00  00  00  00  00    1429.3526
     0100      8   00  00  00  00  00  00  00  00    1429.3550
     0100      8   00  00  00  00  00  00  00  00    1429.3574
     0100      8   00  00  00  00  00  00  00  00    1429.3598
     0100      8   00  00  00  00  00  00  00  00    1429.3621
     0100      8   00  00  00  00  00  00  00  00    1429.3645
     0100      8   00  00  00  00  00  00  00  00    1429.3669
     0100      8   00  00  00  00  00  00  00  00    1429.3693
     0100      8   00  00  00  00  00  00  00  00    1429.3717
     0100      8   00  00  00  00  00  00  00  00    1429.3741
     0100      8   00  00  00  00  00  00  00  00    1429.3764
     0100      8   00  00  00  00  00  00  00  00    1429.3788
     0100      8   00  00  00  00  00  00  00  00    1429.3812
     0100      8   00  00  00  00  00  00  00  00    1429.3836
     0100      8   00  00  00  00  00  00  00  00    1429.3859
     0100      8   00  00  00  00  00  00  00  00    1429.3883
     0100      8   00  00  00  00  00  00  00  00    1429.3907
     0100      8   00  00  00  00  00  00  00  00    1429.3931
     0101      8   21  FF  7F  FF  00  00  00  51    1429.3952
     0102      8   00  00  00  00  00  00  00  00    1429.3954
     0100      8   00  00  00  00  00  00  00  00    1429.3957
     0100      8   20  FF  FE  09  00  00  00  E2    1429.3985
     0100      8   20  FF  FE  09  00  00  00  E2    1429.4009
     0100      8   20  FF  FE  09  00  00  00  E2    1429.4033
     0101      8   41  FF  7F  FF  00  00  00  E0    1429.4052
     0102      8   20  FF  FE  09  00  00  00  E2    1429.4054
     0100      8   20  FF  FE  09  00  00  00  E2    1429.4060
     0100      8   40  FF  FE  09  00  00  00  53    1429.4090
     0100      8   40  FF  FE  09  00  00  00  53    1429.4114
     0100      8   40  FF  FE  09  00  00  00  53    1429.4142
     0101      8   60  01  7F  FF  00  00  00  9D    1429.4152
     0102      8   40  FF  FE  09  00  00  00  53    1429.4155
     0100      8   40  FF  FE  09  00  00  00  53    1429.4169
     0100      8   60  FF  FE  09  00  00  00  3C    1429.4198
     0100      8   60  FF  FE  09  00  00  00  3C    1429.4223
     0100      8   60  FF  FE  09  00  00  00  3C    1429.4250
     0101      8   80  01  7F  FF  00  00  00  8D    1429.4253
     0102      8   60  FF  FE  09  00  00  00  3C    1429.4255
     0100      8   60  FF  FE  09  00  00  00  3C    1429.4278
     0100      8   80  FF  FE  09  00  00  00  2C    1429.4307
     0100      8   80  FF  FE  09  00  00  00  2C    1429.4332
     0101      8   A0  01  7F  FF  00  00  00  E2    1429.4352
     0102      8   80  FF  FE  09  00  00  00  2C    1429.4355
     0100      8   80  FF  FE  09  00  00  00  2C    1429.4359
     0100      8   A0  FF  FE  09  00  00  00  43    1429.4389
     0100      8   A0  FF  FE  09  00  00  00  43    1429.4413
     0100      8   A0  FF  FE  09  00  00  00  43    1429.4441
     0101      8   C0  01  7F  FF  00  00  00  53    1429.4452
     0102      8   A0  FF  FE  09  00  00  00  43    1429.4455
     0100      8   A0  FF  FE  09  00  00  00  43    1429.4468
     0100      8   C0  FF  FE  09  00  00  00  F2    1429.4497
     0100      8   C0  FF  FE  09  00  00  00  F2    1429.4522
     0100      8   C0  FF  FE  09  00  00  00  F2    1429.4549
     0101      8   E0  01  7F  FF  00  00  00  3C    1429.4552
     0102      8   C0  FF  FE  09  00  00  00  F2    1429.4555
     0100      8   C0  FF  FE  09  00  00  00  F2    1429.4577
     0100      8   E0  FF  FE  09  00  00  00  9D    1429.4605
     0100      8   E0  FF  FE  09  00  00  00  9D    1429.4631
     0101      8   00  01  7F  FF  00  00  0F  97    1429.4652
     0102      8   E0  FF  FE  09  00  00  00  9D    1429.4654
     0100      8   E0  FF  FE  09  00  00  00  9D    1429.4658
     0100      8   00  00  00  00  00  00  00  00    1429.4695
     0100      8   00  00  00  00  00  00  00  00    1429.4722
     0100      8   00  00  00  00  00  00  00  00    1429.4749
     0101      8   20  02  7F  FF  00  00  0F  32    1429.4752
     0102      8   00  00  00  00  00  00  00  00    1429.4755
     0100      8   00  00  00  00  00  00  00  00    1429.4776
     0100      8   20  00  00  00  00  00  00  6F    1429.4813
     0100      8   20  00  00  00  00  00  00  6F    1429.4840
     0101      8   40  01  7F  FF  00  00  0F  49    1429.4852
     0102      8   20  00  00  00  00  00  00  6F    1429.4855
     0501      8   06  25  00  00  00  00  00  B8    1429.4857
     0100      8   20  00  00  00  00  00  00  6F    1429.4867
     0100      8   40  00  00  00  00  00  00  DE    1429.4904
     0100      8   40  00  00  00  00  00  00  DE    1429.4931
     0101      8   60  01  7F  FF  00  00  0F  26    1429.4952
     0102      8   40  00  00  00  00  00  00  DE    1429.4954
     0100      8   40  00  00  00  00  00  00  DE    1429.4958
     0100      8   60  00  00  00  00  00  00  B1    1429.4995
     0100      8   60  00  00  00  00  00  00  B1    1429.5022
     0100      8   60  00  00  00  00  00  00  B1    1429.5049
     0101      8   80  01  7F  FF  00  00  0F  36    1429.5052
     0102      8   60  00  00  00  00  00  00  B1    1429.5054
     0100      8   60  00  00  00  00  00  00  B1    1429.5076
     0100      8   80  00  00  00  00  00  00  A1    1429.5113
     0100      8   80  00  00  00  00  00  00  A1    1429.5140
     0101      8   A0  01  7F  FF  00  00  0F  59    1429.5152
     0102      8   80  00  00  00  00  00  00  A1    1429.5154
     0100      8   80  00  00  00  00  00  00  A1    1429.5167
     0100      8   A0  00  00  00  00  00  00  CE    1429.5204
     0100      8   A0  00  00  00  00  00  00  CE    1429.5231
     0101      8   C0  01  7F  FF  00  00  0F  E8    1429.5252
     0102      8   A0  00  00  00  00  00  00  CE    1429.5254
     0100      8   A0  00  00  00  00  00  00  CE    1429.5258
     0100      8   C0  00  00  00  00  00  00  7F    1429.5295
     0100      8   C0  00  00  00  00  00  00  7F    1429.5322
     0100      8   C0  00  00  00  00  00  00  7F    1429.5349
     0101      8   E0  01  7F  FF  00  00  0F  87    1429.5352
     0102      8   C0  00  00  00  00  00  00  7F    1429.5354
     0100      8   C0  00  00  00  00  00  00  7F    1429.5376
     0100      8   E0  00  00  00  00  00  00  10    1429.5413
     0100      8   E0  00  00  00  00  00  00  10    1429.5440
     0101      8   00  01  7F  FF  00  00  0F  97    1429.5452
     0102      8   E0  00  00  00  00  00  00  10    1429.5455
     0100      8   E0  00  00  00  00  00  00  10    1429.5467
     0100      8   00  00  00  00  00  00  00  00    1429.5504
     0100      8   00  00  00  00  00  00  00  00    1429.5531
     0101      8   20  01  7F  FF  00  00  0F  F8    1429.5552
     0102      8   00  00  00  00  00  00  00  00    1429.5554
     0100      8   00  00  00  00  00  00  00  00    1429.5558
     0100      8   20  00  00  00  00  00  00  6F    1429.5595
     0100      8   20  00  00  00  00  00  00  6F    1429.5622
     0100      8   20  00  00  00  00  00  00  6F    1429.5649
     0101      8   40  01  7F  FF  00  00  0F  49    1429.5652
     0102      8   20  00  00  00  00  00  00  6F    1429.5654
     0100      8   20  00  00  00  00  00  00  6F    1429.5676
     0100      8   40  00  00  00  00  00  00  DE    1429.5713
     0100      8   40  00  00  00  00  00  00  DE    1429.5740
     0101      8   60  01  7F  FF  00  00  0F  26    1429.5752
     0102      8   40  00  00  00  00  00  00  DE    1429.5754
     0100      8   40  00  00  00  00  00  00  DE    1429.5767
     0100      8   60  00  00  00  00  00  00  B1    1429.5804
     0100      8   60  00  00  00  00  00  00  B1    1429.5831
     0101      8   80  01  7F  FF  00  00  0F  36    1429.5852
     0102      8   60  00  00  00  00  00  00  B1    1429.5854
     0501      8   07  25  00  00  00  00  00  E5    1429.5857
     0100      8   60  00  00  00  00  00  00  B1    1429.5859
     0100      8   80  00  00  00  00  00  00  A1    1429.5895
     0100      8   80  00  00  00  00  00  00  A1    1429.5922
     0100      8   80  00  00  00  00  00  00  A1    1429.5949
     0101      8   A0  01  7F  FF  00  00  0F  59    1429.5952
     0102      8   80  00  00  00  00  00  00  A1    1429.5954
     0100      8   80  00  00  00  00  00  00  A1    1429.5976
     0100      8   A0  00  00  00  00  00  00  CE    1429.6013
     0100      8   A0  00  00  00  00  00  00  CE    1429.6040
     0101      8   C0  01  7F  FF  00  00  0F  E8    1429.6052
     0102      8   A0  00  00  00  00  00  00  CE    1429.6054
     0100      8   A0  00  00  00  00  00  00  CE    1429.6067
     0100      8   C0  00  00  00  00  00  00  7F    1429.6104
     0100      8   C0  00  00  00  00  00  00  7F    1429.6131
     0101      8   E0  01  7F  FF  00  00  0F  87    1429.6152
     0102      8   C0  00  00  00  00  00  00  7F    1429.6154
     0100      8   C0  00  00  00  00  00  00  7F    1429.6158
     0100      8   E0  00  00  00  00  00  00  10    1429.6195
     0100      8   E0  00  00  00  00  00  00  10    1429.6222
     0100      8   E0  00  00  00  00  00  00  10    1429.6249
     0101      8   00  01  7F  FF  00  00  0F  97    1429.6252
     0102      8   E0  00  00  00  00  00  00  10    1429.6254
     0100      8   E0  00  00  00  00  00  00  10    1429.6276
     0100      8   00  00  00  00  00  00  00  00    1429.6313
     0100      8   00  00  00  00  00  00  00  00    1429.6340
     0101      8   20  01  7F  FF  00  00  0F  F8    1429.6352
     0102      8   00  00  00  00  00  00  00  00    1429.6354
     0100      8   00  00  00  00  00  00  00  00    1429.6367
     0100      8   20  00  00  00  00  00  00  6F    1429.6404
     0100      8   20  00  00  00  00  00  00  6F    1429.6431
     0101      8   40  01  7F  FF  00  00  0F  49    1429.6452
     0102      8   20  00  00  00  00  00  00  6F    1429.6454
     0100      8   20  00  00  00  00  00  00  6F    1429.6458
     0100      8   40  00  00  00  00  00  00  DE    1429.6495
     0100      8   40  00  00  00  00  00  00  DE    1429.6522
     0100      8   40  00  00  00  00  00  00  DE    1429.6549
     0101      8   60  01  00  00  00  00  0F  4C    1429.6552
     0102      8   40  00  00  00  00  00  00  DE    1429.6554
     0100      8   40  00  00  00  00  00  00  DE    1429.6576
     0100      8   60  00  00  00  00  00  00  B1    1429.6613
     0100      8   60  00  00  00  00  00  00  B1    1429.6637
     0101      8   80  01  00  00  00  00  0F  5C    1429.6652
     0102      8   60  00  00  00  00  00  00  B1    1429.6654
     0100      8   60  00  00  00  00  00  00  B1    1429.6660
     0100      8   80  00  00  00  00  00  00  A1    1429.6694
     0100      8   80  00  00  00  00  00  00  A1    1429.6717
     0100      8   80  00  00  00  00  00  00  A1    1429.6741
     0101      8   A0  01  00  00  00  00  0F  33    1429.6752
     0102      8   80  00  00  00  00  00  00  A1    1429.6754
     0100      8   80  00  00  00  00  00  00  A1    1429.6765
     0100      8   A0  00  00  00  00  00  00  CE    1429.6798
     0100      8   A0  00  00  00  00  00  00  CE    1429.6822
     0100      8   A0  00  00  00  00  00  00  CE    1429.6846
     0101      8   C0  01  00  00  00  00  0F  82    1429.6852
     0102      8   A0  00  00  00  00  00  00  CE    1429.6854
     0501      8   09  25  00  00  00  00  00  E4    1429.6857
     0100      8   A0  00  00  00  00  00  00  CE    1429.6870
     0100      8   C0  00  00  00  00  00  00  7F    1429.6903
     0100      8   C0  00  00  00  00  00  00  7F    1429.6927
     0100      8   C0  00  00  00  00  00  00  7F    1429.6950
     0101      8   E0  01  00  00  00  00  0F  ED    1429.6953
     0102      8   C0  00  00  00  00  00  00  7F    1429.6955
     0100      8   C0  00  00  00  00  00  00  7F    1429.6974
     0100      8   E0  00  00  00  00  00  00  10    1429.7007
     0100      8   E0  00  00  00  00  00  00  10    1429.7031
     0101      8   00  01  00  00  00  00  0F  FD    1429.7052
     0102      8   E0  00  00  00  00  00  00  10    1429.7054
     0100      8   E0  00  00  00  00  00  00  10    1429.7057
     0100      8   00  00  00  00  00  00  00  00    1429.7088
     0100      8   00  00  00  00  00  00  00  00    1429.7112
     0100      8   00  00  00  00  00  00  00  00    1429.7136
     0101      8   20  01  00  00  00  00  0F  92    1429.7152
     0102      8   00  00  00  00  00  00  00  00    1429.7154
     0100      8   00  00  00  00  00  00  00  00    1429.7159
     0100      8   20  00  00  00  00  00  00  6F    1429.7193
     0100      8   20  00  00  00  00  00  00  6F    1429.7216
     0100      8   20  00  00  00  00  00  00  6F    1429.7240
     0101      8   40  01  00  00  00  00  0F  23    1429.7252
     0102      8   20  00  00  00  00  00  00  6F    1429.7254
     0100      8   20  00  00  00  00  00  00  6F    1429.7264
     0100      8   40  00  00  00  00  00  00  DE    1429.7297
     0100      8   40  00  00  00  00  00  00  DE    1429.7321
     0100      8   40  00  00  00  00  00  00  DE    1429.7345
     0101      8   60  01  00  00  00  00  0F  4C    1429.7352
     0102      8   40  00  00  00  00  00  00  DE    1429.7354
     0100      8   40  00  00  00  00  00  00  DE    1429.7368
     0100      8   60  00  00  00  00  00  00  B1    1429.7402
     0100      8   60  00  00  00  00  00  00  B1    1429.7425
     0100      8   60  00  00  00  00  00  00  B1    1429.7449
     0101      8   80  01  00  00  00  00  0F  5C    1429.7452
     0102      8   60  00  00  00  00  00  00  B1    1429.7454
     0100      8   60  00  00  00  00  00  00  B1    1429.7473
     0100      8   80  00  00  00  00  00  00  A1    1429.7506
     0100      8   80  00  00  00  00  00  00  A1    1429.7530
     0101      8   A0  01  00  00  00  00  0F  33    1429.7552
     0100      8   80  00  00  00  00  00  00  A1    1429.7554
     0102      8   80  00  00  00  00  00  00  A1    1429.7557
     0100      8   A0  00  00  00  00  00  00  CE    1429.7587
     0100      8   A0  00  00  00  00  00  00  CE    1429.7611
     0100      8   A0  00  00  00  00  00  00  CE    1429.7634
     0101      8   C0  01  00  00  00  00  0F  82    1429.7652
     0102      8   A0  00  00  00  00  00  00  CE    1429.7654
     0100      8   A0  00  00  00  00  00  00  CE    1429.7658
     0100      8   C0  00  00  00  00  00  00  7F    1429.7691
     0100      8   C0  00  00  00  00  00  00  7F    1429.7715
     0100      8   C0  00  00  00  00  00  00  7F    1429.7739
     0101      8   E0  01  00  00  00  00  0F  ED    1429.7752
     0102      8   C0  00  00  00  00  00  00  7F    1429.7754
     0100      8   C0  00  00  00  00  00  00  7F    1429.7763
     0100      8   E0  00  00  00  00  00  00  10    1429.7796
     0100      8   E0  00  00  00  00  00  00  10    1429.7820
     0100      8   E0  00  00  00  00  00  00  10    1429.7843
     0101      8   00  01  00  00  00  00  0F  FD    1429.7852
     0102      8   E0  00  00  00  00  00  00  10    1429.7854
     0501      8   08  25  00  00  00  00  00  B9    1429.7857
     0100      8   E0  00  00  00  00  00  00  10    1429.7867
     0100      8   00  00  00  00  00  00  00  00    1429.7900
     0100      8   00  00  00  00  00  00  00  00    1429.7924
     0100      8   00  00  00  00  00  00  00  00    1429.7948
     0101      8   20  01  00  00  00  00  0F  92    1429.7952
     0102      8   00  00  00  00  00  00  00  00    1429.7954
     0100      8   00  00  00  00  00  00  00  00    1429.7972
     0100      8   20  00  00  00  00  00  00  6F    1429.8005
     0100      8   20  00  00  00  00  00  00  6F    1429.8029
     0101      8   40  01  00  00  00  00  0F  23    1429.8052
     0100      8   20  00  00  00  00  00  00  6F    1429.8054
     0102      8   20  00  00  00  00  00  00  6F    1429.8057
     0100      8   40  00  00  00  00  00  00  DE    1429.8086
     0100      8   40  00  00  00  00  00  00  DE    1429.8109
     0100      8   40  00  00  00  00  00  00  DE    1429.8133
     0101      8   60  01  00  00  00  00  0F  4C    1429.8152
     0102      8   40  00  00  00  00  00  00  DE    1429.8154
     0100      8   40  00  00  00  00  00  00  DE    1429.8157
     0100      8   60  00  00  00  00  00  00  B1    1429.8190
     0100      8   60  00  00  00  00  00  00  B1    1429.8214
     0100      8   60  00  00  00  00  00  00  B1    1429.8238
     0101      8   80  01  00  00  00  00  0F  5C    1429.8252
     0102      8   60  00  00  00  00  00  00  B1    1429.8254
     0100      8   60  00  00  00  00  00  00  B1    1429.8262
     0100      8   80  00  00  00  00  00  00  A1    1429.8295
     0100      8   80  00  00  00  00  00  00  A1    1429.8319
     0100      8   80  00  00  00  00  00  00  A1    1429.8342
     0101      8   A0  01  00  00  00  00  0F  33    1429.8352
     0102      8   80  00  00  00  00  00  00  A1    1429.8354
     0100      8   80  00  00  00  00  00  00  A1    1429.8366
     0100      8   A0  00  00  00  00  00  00  CE    1429.8399
     0100      8   A0  00  00  00  00  00  00  CE    1429.8423
     0100      8   A0  00  00  00  00  00  00  CE    1429.8447
     0101      8   C0  01  00  00  00  00  0F  82    1429.8452
     0102      8   A0  00  00  00  00  00  00  CE    1429.8454
     0100      8   A0  00  00  00  00  00  00  CE    1429.8471
     0100      8   C0  00  00  00  00  00  00  7F    1429.8504
     0100      8   C0  00  00  00  00  00  00  7F    1429.8528
     0100      8   C0  00  00  00  00  00  00  7F    1429.8551
     0101      8   E0  01  00  00  00  00  0F  ED    1429.8554
     0102      8   C0  00  00  00  00  00  00  7F    1429.8556
     0100      8   C0  00  00  00  00  00  00  7F    1429.8575
     0100      8   E0  00  00  00  00  00  00  10    1429.8608
     0100      8   E0  00  00  00  00  00  00  10    1429.8632
     0101      8   00  01  00  00  00  00  0F  FD    1429.8652
     0102      8   E0  00  00  00  00  00  00  10    1429.8654
     0100      8   E0  00  00  00  00  00  00  10    1429.8657
     0100      8   00  00  00  00  00  00  00  00    1429.8689
     0100      8   00  00  00  00  00  00  00  00    1429.8713
     0100      8   00  00  00  00  00  00  00  00    1429.8737
     0101      8   20  01  00  00  00  00  0F  92    1429.8752
     0102      8   00  00  00  00  00  00  00  00    1429.8754
     0100      8   00  00  00  00  00  00  00  00    1429.8761
     0100      8   20  00  00  00  00  00  00  6F    1429.8794
     0100      8   20  00  00  00  00  00  00  6F    1429.8817
     0100      8   20  00  00  00  00  00  00  6F    1429.8841
     0101      8   40  01  00  00  00  00  0F  23    1429.8852
     0102      8   20  00  00  00  00  00  00  6F    1429.8854
     0501      8   05  25  00  00  00  00  00  5F    1429.8856
     0100      8   20  00  00  00  00  00  00  6F    1429.8865
     0100      8   40  00  00  00  00  00  00  DE    1429.8898
     0100      8   40  00  00  00  00  00  00  DE    1429.8922
     0100      8   40  00  00  00  00  00  00  DE    1429.8946
     0101      8   60  01  00  00  00  00  0F  4C    1429.8951
     0102      8   40  00  00  00  00  00  00  DE    1429.8954
     0100      8   40  00  00  00  00  00  00  DE    1429.8970
     0100      8   60  00  00  00  00  00  00  B1    1429.9003
     0100      8   60  00  00  00  00  00  00  B1    1429.9026
     0100      8   60  00  00  00  00  00  00  B1    1429.9050
     0101      8   80  01  00  00  00  00  0F  5C    1429.9053
     0102      8   60  00  00  00  00  00  00  B1    1429.9055
     0100      8   60  00  00  00  00  00  00  B1    1429.9074
     0100      8   80  00  00  00  00  00  00  A1    1429.9107
     0100      8   80  00  00  00  00  00  00  A1    1429.9131
     0101      8   A0  01  00  00  00  00  0F  33    1429.9151
     0102      8   80  00  00  00  00  00  00  A1    1429.9154
     0100      8   80  00  00  00  00  00  00  A1    1429.9156
     0100      8   A0  00  00  00  00  00  00  CE    1429.9188
     0100      8   A0  00  00  00  00  00  00  CE    1429.9212
     0100      8   A0  00  00  00  00  00  00  CE    1429.9236
     0101      8   C0  01  00  00  00  00  0F  82    1429.9251
     0102      8   A0  00  00  00  00  00  00  CE    1429.9254
     0100      8   A0  00  00  00  00  00  00  CE    1429.9259
     0100      8   C0  00  00  00  00  00  00  7F    1429.9292
     0100      8   C0  00  00  00  00  00  00  7F    1429.9316
     0100      8   C0  00  00  00  00  00  00  7F    1429.9340
     0101      8   E0  01  00  00  00  00  0F  ED    1429.9351
     0102      8   C0  00  00  00  00  00  00  7F    1429.9354
     0100      8   C0  00  00  00  00  00  00  7F    1429.9364
     0100      8   E0  00  00  00  00  00  00  10    1429.9397
     0100      8   E0  00  00  00  00  00  00  10    1429.9421
     0100      8   E0  00  00  00  00  00  00  10    1429.9445
     0101      8   00  01  00  00  00  00  0F  FD    1429.9451
     0102      8   E0  00  00  00  00  00  00  10    1429.9454
     0100      8   E0  00  00  00  00  00  00  10    1429.9468
     0100      8   00  00  00  00  00  00  00  00    1429.9502
     0100      8   00  00  00  00  00  00  00  00    1429.9525
     0100      8   00  00  00  00  00  00  00  00    1429.9549
     0101      8   20  01  00  00  00  00  0F  92    1429.9552
     0102      8   00  00  00  00  00  00  00  00    1429.9554
     0100      8   00  00  00  00  00  00  00  00    1429.9573
     0100      8   20  00  00  00  00  00  00  6F    1429.9606
     0100      8   20  00  00  00  00  00  00  6F    1429.9630
     0101      8   40  01  00  00  00  00  0F  23    1429.9651
     0100      8   20  00  00  00  00  00  00  6F    1429.9654
     0102      8   20  00  00  00  00  00  00  6F    1429.9656
     0100      8   40  00  00  00  00  00  00  DE    1429.9687
     0100      8   40  00  00  00  00  00  00  DE    1429.9711
     0100      8   40  00  00  00  00  00  00  DE    1429.9734
     0101      8   60  01  00  00  00  00  0F  4C    1429.9751
     0102      8   40  00  00  00  00  00  00  DE    1429.9754
     0100      8   40  00  00  00  00  00  00  DE    1429.9758
     0100      8   60  00  00  00  00  00  00  B1    1429.9791
     0100      8   60  00  00  00  00  00  00  B1    1429.9815
     0100      8   60  00  00  00  00  00  00  B1    1429.9839
     0101      8   80  01  00  00  00  00  0F  5C    1429.9851
     0102      8   60  00  00  00  00  00  00  B1    1429.9854
     0501      8   07  25  00  00  00  00  00  E5    1429.9856
     0100      8   60  00  00  00  00  00  00  B1    1429.9863
     0100      8   80  00  00  00  00  00  00  A1    1429.9896
     0100      8   80  00  00  00  00  00  00  A1    1429.9920
     0100      8   80  00  00  00  00  00  00  A1    1429.9943
     0101      8   A0  01  00  00  00  00  0F  33    1429.9951
     0102      8   80  00  00  00  00  00  00  A1    1429.9954
     0100      8   80  00  00  00  00  00  00  A1    1429.9967
     0100      8   A0  00  00  00  00  00  00  CE    1430.0000
     0100      8   A0  00  00  00  00  00  00  CE    1430.0024
     0100      8   A0  00  00  00  00  00  00  CE    1430.0048
     0101      8   C0  01  00  00  00  00  0F  82    1430.0051
     0102      8   A0  00  00  00  00  00  00  CE    1430.0054
     0100      8   A0  00  00  00  00  00  00  CE    1430.0072
     0100      8   C0  00  00  00  00  00  00  7F    1430.0105
     0100      8   C0  00  00  00  00  00  00  7F    1430.0129
     0101      8   E0  01  00  00  00  00  0F  ED    1430.0151
     0100      8   C0  00  00  00  00  00  00  7F    1430.0154
     0102      8   C0  00  00  00  00  00  00  7F    1430.0156
     0100      8   E0  00  00  00  00  00  00  10    1430.0186
     0100      8   E0  00  00  00  00  00  00  10    1430.0209
     0100      8   E0  00  00  00  00  00  00  10    1430.0233
     0101      8   00  01  00  00  00  00  0F  FD    1430.0251
     0102      8   E0  00  00  00  00  00  00  10    1430.0254
     0100      8   E0  00  00  00  00  00  00  10    1430.0257
     0100      8   00  00  00  00  00  00  00  00    1430.0290
     0100      8   00  00  00  00  00  00  00  00    1430.0314
     0100      8   00  00  00  00  00  00  00  00    1430.0338
     0101      8   20  01  00  00  00  00  0F  92    1430.0351
     0102      8   00  00  00  00  00  00  00  00    1430.0354
     0100      8   00  00  00  00  00  00  00  00    1430.0362
     0100      8   20  00  00  00  00  00  00  6F    1430.0395
     0100      8   20  00  00  00  00  00  00  6F    1430.0419
     0100      8   20  00  00  00  00  00  00  6F    1430.0442
     0101      8   40  01  00  00  00  00  0F  23    1430.0451
     0102      8   20  00  00  00  00  00  00  6F    1430.0454
     0100      8   20  00  00  00  00  00  00  6F    1430.0466
     0100      8   40  00  00  00  00  00  00  DE    1430.0499
     0100      8   40  00  00  00  00  00  00  DE    1430.0523
     0100      8   40  00  00  00  00  00  00  DE    1430.0547
     0101      8   60  01  00  00  00  00  0F  4C    1430.0551
     0102      8   40  00  00  00  00  00  00  DE    1430.0554
     0100      8   40  00  00  00  00  00  00  DE    1430.0571
     0100      8   60  00  00  00  00  00  00  B1    1430.0604
     0100      8   60  00  00  00  00  00  00  B1    1430.0628
     0101      8   80  01  00  00  00  00  0F  5C    1430.0651
     0100      8   60  00  00  00  00  00  00  B1    1430.0654
     0102      8   60  00  00  00  00  00  00  B1    1430.0656
     0100      8   80  00  00  00  00  00  00  A1    1430.0685
     0100      8   80  00  00  00  00  00  00  A1    1430.0708
     0100      8   80  00  00  00  00  00  00  A1    1430.0732
     0101      8   A0  01  00  00  00  00  0F  33    1430.0751
     0102      8   80  00  00  00  00  00  00  A1    1430.0754
     0100      8   80  00  00  00  00  00  00  A1    1430.0756
     0100      8   A0  00  00  00  00  00  00  CE    1430.0789
     0100      8   A0  00  00  00  00  00  00  CE    1430.0813
     0100      8   A0  00  00  00  00  00  00  CE    1430.0837
     0101      8   C0  01  00  00  00  00  0F  82    1430.0851
     0102      8   A0  00  00  00  00  00  00  CE    1430.0854
     0501      8   08  25  00  00  00  00  00  B9    1430.0856
     0100      8   A0  00  00  00  00  00  00  CE    1430.0860
     0100      8   C0  00  00  00  00  00  00  7F    1430.0894
     0100      8   C0  00  00  00  00  00  00  7F    1430.0917
     0100      8   C0  00  00  00  00  00  00  7F    1430.0941
     0101      8   E0  01  00  00  00  00  0F  ED    1430.0951
     0102      8   C0  00  00  00  00  00  00  7F    1430.0954
     0100      8   C0  00  00  00  00  00  00  7F    1430.0965
     0100      8   E0  00  00  00  00  00  00  10    1430.0998
     0100      8   E0  00  00  00  00  00  00  10    1430.1022
     0100      8   E0  00  00  00  00  00  00  10    1430.1046
     0101      8   00  01  00  00  00  00  0F  FD    1430.1051
     0102      8   E0  00  00  00  00  00  00  10    1430.1054
     0100      8   E0  00  00  00  00  00  00  10    1430.1070
     0100      8   00  00  00  00  00  00  00  00    1430.1103
     0100      8   00  00  00  00  00  00  00  00    1430.1126
     0100      8   00  00  00  00  00  00  00  00    1430.1150
     0101      8   20  01  00  00  00  00  0F  92    1430.1153
     0102      8   00  00  00  00  00  00  00  00    1430.1155
     0100      8   00  00  00  00  00  00  00  00    1430.1174
     0100      8   20  00  00  00  00  00  00  6F    1430.1207
     0100      8   20  00  00  00  00  00  00  6F    1430.1231
     0101      8   40  01  00  00  00  00  0F  23    1430.1251
     0102      8   20  00  00  00  00  00  00  6F    1430.1254
     0100      8   20  00  00  00  00  00  00  6F    1430.1256
     0100      8   40  00  00  00  00  00  00  DE    1430.1288
     0100      8   40  00  00  00  00  00  00  DE    1430.1312
     0100      8   40  00  00  00  00  00  00  DE    1430.1335
     0101      8   60  01  00  00  00  00  0F  4C    1430.1351
     0102      8   40  00  00  00  00  00  00  DE    1430.1354
     0100      8   40  00  00  00  00  00  00  DE    1430.1359
     0100      8   60  00  00  00  00  00  00  B1    1430.1392
     0100      8   60  00  00  00  00  00  00  B1    1430.1416
     0100      8   60  00  00  00  00  00  00  B1    1430.1440
     0101      8   80  01  00  00  00  00  0F  5C    1430.1451
     0102      8   60  00  00  00  00  00  00  B1    1430.1454
     0100      8   60  00  00  00  00  00  00  B1    1430.1464
     0100      8   80  00  00  00  00  00  00  A1    1430.1497
     0100      8   80  00  00  00  00  00  00  A1    1430.1521
     0100      8   80  00  00  00  00  00  00  A1    1430.1545
     0101      8   A0  01  00  00  00  00  0F  33    1430.1551
     0102      8   80  00  00  00  00  00  00  A1    1430.1554
     0100      8   80  00  00  00  00  00  00  A1    1430.1568
     0100      8   A0  00  00  00  00  00  00  CE    1430.1601
     0100      8   A0  00  00  00  00  00  00  CE    1430.1625
     0100      8   A0  00  00  00  00  00  00  CE    1430.1649
     0101      8   C0  01  00  00  00  00  0F  82    1430.1652
     0102      8   A0  00  00  00  00  00  00  CE    1430.1654
     0100      8   A0  00  00  00  00  00  00  CE    1430.1673
     0100      8   C0  00  00  00  00  00  00  7F    1430.1706
     0100      8   C0  00  00  00  00  00  00  7F    1430.1730
     0101      8   E0  01  00  00  00  00  0F  ED    1430.1751
     0102      8   C0  00  00  00  00  00  00  7F    1430.1754
     0100      8   C0  00  00  00  00  00  00  7F    1430.1756
     0100      8   E0  00  00  00  00  00  00  10    1430.1787
     0100      8   E0  00  00  00  00  00  00  10    1430.1811
     0100      8   E0  00  00  00  00  00  00  10    1430.1834
     0101      8   00  01  00  00  00  00  0F  FD    1430.1851
     0102      8   E0  00  00  00  00  00  00  10    1430.1854
     0501      8   09  25  00  00  00  00  00  E4    1430.1856
     0100      8   E0  00  00  00  00  00  00  10    1430.1859
     0100      8   00  00  00  00  00  00  00  00    1430.1891
     0100      8   00  00  00  00  00  00  00  00    1430.1915
     0100      8   00  00  00  00  00  00  00  00    1430.1939
     0101      8   20  01  00  00  00  00  0F  92    1430.1951
     0102      8   00  00  00  00  00  00  00  00    1430.1954
     0100      8   00  00  00  00  00  00  00  00    1430.1963
     0100      8   20  00  00  00  00  00  00  6F    1430.1996
     0100      8   20  00  00  00  00  00  00  6F    1430.2020
     0100      8   20  00  00  00  00  00  00  6F    1430.2044
     0101      8   40  01  00  00  00  00  0F  23    1430.2051
     0102      8   20  00  00  00  00  00  00  6F    1430.2054
     0100      8   20  00  00  00  00  00  00  6F    1430.2067
     0100      8   40  00  00  00  00  00  00  DE    1430.2100
     0100      8   40  00  00  00  00  00  00  DE    1430.2124
     0100      8   40  00  00  00  00  00  00  DE    1430.2148
     0101      8   60  01  00  00  00  00  0F  4C    1430.2151
     0102      8   40  00  00  00  00  00  00  DE    1430.2153
     0100      8   40  00  00  00  00  00  00  DE    1430.2172
     0100      8   60  00  00  00  00  00  00  B1    1430.2205
     0100      8   60  00  00  00  00  00  00  B1    1430.2229
     0101      8   80  01  00  00  00  00  0F  5C    1430.2251
     0100      8   60  00  00  00  00  00  00  B1    1430.2253
     0102      8   60  00  00  00  00  00  00  B1    1430.2256
     0100      8   80  00  00  00  00  00  00  A1    1430.2286
     0100      8   80  00  00  00  00  00  00  A1    1430.2309
     0100      8   80  00  00  00  00  00  00  A1    1430.2333
     0101      8   A0  01  00  00  00  00  0F  33    1430.2351
     0102      8   80  00  00  00  00  00  00  A1    1430.2353
     0100      8   80  00  00  00  00  00  00  A1    1430.2357
     0100      8   A0  00  00  00  00  00  00  CE    1430.2390
     0100      8   A0  00  00  00  00  00  00  CE    1430.2414
     0100      8   A0  00  00  00  00  00  00  CE    1430.2438
     0101      8   C0  01  00  00  00  00  0F  82    1430.2451
     0102      8   A0  00  00  00  00  00  00  CE    1430.2453
     0100      8   A0  00  00  00  00  00  00  CE    1430.2462
     0100      8   C0  00  00  00  00  00  00  7F    1430.2495
     0100      8   C0  00  00  00  00  00  00  7F    1430.2519
     0100      8   C0  00  00  00  00  00  00  7F    1430.2542
     0101      8   E0  01  00  00  00  00  0F  ED    1430.2551
     0102      8   C0  00  00  00  00  00  00  7F    1430.2553
     0100      8   C0  00  00  00  00  00  00  7F    1430.2566
     0100      8   E0  00  00  00  00  00  00  10    1430.2599
     0100      8   E0  00  00  00  00  00  00  10    1430.2623
     0100      8   E0  00  00  00  00  00  00  10    1430.2647
     0101      8   00  01  00  00  00  00  0F  FD    1430.2651
     0102      8   E0  00  00  00  00  00  00  10    1430.2653
     0100      8   E0  00  00  00  00  00  00  10    1430.2671
     0100      8   00  00  00  00  00  00  00  00    1430.2704
     0100      8   00  00  00  00  00  00  00  00    1430.2728
     0101      8   20  01  00  00  00  00  0F  92    1430.2751
     0100      8   00  00  00  00  00  00  00  00    1430.2753
     0102      8   00  00  00  00  00  00  00  00    1430.2756
     0100      8   20  00  00  00  00  00  00  6F    1430.2785
     0100      8   20  00  00  00  00  00  00  6F    1430.2808
     0100      8   20  00  00  00  00  00  00  6F    1430.2832
     0101      8   40  01  00  00  00  00  0F  23    1430.2851
     0102      8   20  00  00  00  00  00  00  6F    1430.2853
     0100      8   20  00  00  00  00  00  00  6F    1430.2856
     0501      8   05  25  00  00  00  00  00  5F    1430.2858
     0100      8   40  00  00  00  00  00  00  DE    1430.2889
     0100      8   40  00  00  00  00  00  00  DE    1430.2913
     0100      8   40  00  00  00  00  00  00  DE    1430.2937
     0101      8   60  01  00  00  00  00  0F  4C    1430.2951
     0102      8   40  00  00  00  00  00  00  DE    1430.2953
     0100      8   40  00  00  00  00  00  00  DE    1430.2960
     0100      8   60  00  00  00  00  00  00  B1    1430.2994
     0100      8   60  00  00  00  00  00  00  B1    1430.3017
     0100      8   60  00  00  00  00  00  00  B1    1430.3041
     0101      8   80  01  00  00  00  00  0F  5C    1430.3051
     0102      8   60  00  00  00  00  00  00  B1    1430.3053
     0100      8   60  00  00  00  00  00  00  B1    1430.3065
     0100      8   80  00  00  00  00  00  00  A1    1430.3098
     0100      8   80  00  00  00  00  00  00  A1    1430.3122
     0100      8   80  00  00  00  00  00  00  A1    1430.3146
     0101      8   A0  01  00  00  00  00  0F  33    1430.3151
     0102      8   80  00  00  00  00  00  00  A1    1430.3153
     0100      8   80  00  00  00  00  00  00  A1    1430.3170
     0100      8   A0  00  00  00  00  00  00  CE    1430.3203
     0100      8   A0  00  00  00  00  00  00  CE    1430.3226
     0100      8   A0  00  00  00  00  00  00  CE    1430.3250
     0101      8   C0  01  00  00  00  00  0F  82    1430.3253
     0102      8   A0  00  00  00  00  00  00  CE    1430.3255
     0100      8   A0  00  00  00  00  00  00  CE    1430.3274
     0100      8   C0  00  00  00  00  00  00  7F    1430.3307
     0100      8   C0  00  00  00  00  00  00  7F    1430.3331
     0101      8   E0  01  00  00  00  00  0F  ED    1430.3351
     0102      8   C0  00  00  00  00  00  00  7F    1430.3353
     0100      8   C0  00  00  00  00  00  00  7F    1430.3356
     0100      8   E0  00  00  00  00  00  00  10    1430.3388
     0100      8   E0  00  00  00  00  00  00  10    1430.3412
     0100      8   E0  00  00  00  00  00  00  10    1430.3436
     0101      8   00  01  00  00  00  00  0F  FD    1430.3451
     0102      8   E0  00  00  00  00  00  00  10    1430.3453
     0100      8   E0  00  00  00  00  00  00  10    1430.3459
     0100      8   00  00  00  00  00  00  00  00    1430.3492
     0100      8   00  00  00  00  00  00  00  00    1430.3516
     0100      8   00  00  00  00  00  00  00  00    1430.3540
     0101      8   20  01  00  00  00  00  0F  92    1430.3551
     0102      8   00  00  00  00  00  00  00  00    1430.3553
     0100      8   00  00  00  00  00  00  00  00    1430.3564
     0100      8   20  00  00  00  00  00  00  6F    1430.3597
     0100      8   20  00  00  00  00  00  00  6F    1430.3621
     0100      8   20  00  00  00  00  00  00  6F    1430.3645
     0101      8   40  01  00  00  00  00  0F  23    1430.3651
     0102      8   20  00  00  00  00  00  00  6F    1430.3653
     0100      8   20  00  00  00  00  00  00  6F    1430.3668
     0100      8   40  00  00  00  00  00  00  DE    1430.3702
     0100      8   40  00  00  00  00  00  00  DE    1430.3725
     0100      8   40  00  00  00  00  00  00  DE    1430.3749
     0101      8   60  01  00  00  00  00  0F  4C    1430.3751
     0102      8   40  00  00  00  00  00  00  DE    1430.3754
     0100      8   40  00  00  00  00  00  00  DE    1430.3773
     0100      8   60  00  00  00  00  00  00  B1    1430.3806
     0100      8   60  00  00  00  00  00  00  B1    1430.3830
     0101      8   80  01  00  00  00  00  0F  5C    1430.3851
     0102      8   60  00  00  00  00  00  00  B1    1430.3853
     0100      8   60  00  00  00  00  00  00  B1    1430.3856
     0501      8   07  25  00  00  00  00  00  E5    1430.3858
     0100      8   80  00  00  00  00  00  00  A1    1430.3887
     0100      8   80  00  00  00  00  00  00  A1    1430.3911
     0100      8   80  00  00  00  00  00  00  A1    1430.3934
     0101      8   A0  01  00  00  00  00  0F  33    1430.3951
     0102      8   80  00  00  00  00  00  00  A1    1430.3953
     0100      8   80  00  00  00  00  00  00  A1    1430.3958
     0100      8   A0  00  00  00  00  00  00  CE    1430.3991
     0100      8   A0  00  00  00  00  00  00  CE    1430.4015
     0100      8   A0  00  00  00  00  00  00  CE    1430.4039
     0101      8   C0  01  00  00  00  00  0F  82    1430.4051
     0102      8   A0  00  00  00  00  00  00  CE    1430.4053
     0100      8   A0  00  00  00  00  00  00  CE    1430.4063
     0100      8   C0  00  00  00  00  00  00  7F    1430.4096
     0100      8   C0  00  00  00  00  00  00  7F    1430.4120
     0100      8   C0  00  00  00  00  00  00  7F    1430.4143
     0101      8   E0  01  00  00  00  00  0F  ED    1430.4151
     0102      8   C0  00  00  00  00  00  00  7F    1430.4153
     0100      8   C0  00  00  00  00  00  00  7F    1430.4167
     0100      8   E0  00  00  00  00  00  00  10    1430.4200
     0100      8   E0  00  00  00  00  00  00  10    1430.4224
     0100      8   E0  00  00  00  00  00  00  10    1430.4248
     0101      8   00  01  00  00  00  00  0F  FD    1430.4251
     0102      8   E0  00  00  00  00  00  00  10    1430.4253
     0100      8   E0  00  00  00  00  00  00  10    1430.4272
     0100      8   00  00  00  00  00  00  00  00    1430.4305
     0100      8   00  00  00  00  00  00  00  00    1430.4329
     0101      8   20  01  00  00  00  00  0F  92    1430.4351
     0100      8   00  00  00  00  00  00  00  00    1430.4353
     0102      8   00  00  00  00  00  00  00  00    1430.4356
     0100      8   20  00  00  00  00  00  00  6F    1430.4386
     0100      8   20  00  00  00  00  00  00  6F    1430.4409
     0100      8   20  00  00  00  00  00  00  6F    1430.4433
     0101      8   40  01  00  00  00  00  0F  23    1430.4451
     0102      8   20  00  00  00  00  00  00  6F    1430.4453
     0100      8   20  00  00  00  00  00  00  6F    1430.4457
     0100      8   40  00  00  00  00  00  00  DE    1430.4490
     0100      8   40  00  00  00  00  00  00  DE    1430.4514
     0100      8   40  00  00  00  00  00  00  DE    1430.4538
     0101      8   60  01  00  00  00  00  0F  4C    1430.4551
     0102      8   40  00  00  00  00  00  00  DE    1430.4553
     0100      8   40  00  00  00  00  00  00  DE    1430.4562
     0100      8   60  00  00  00  00  00  00  B1    1430.4595
     0100      8   60  00  00  00  00  00  00  B1    1430.4618
     0100      8   60  00  00  00  00  00  00  B1    1430.4642
     0101      8   80  01  00  00  00  00  0F  5C    1430.4651
     0102      8   60  00  00  00  00  00  00  B1    1430.4653
     0100      8   60  00  00  00  00  00  00  B1    1430.4666
     0100      8   80  00  00  00  00  00  00  A1    1430.4699
     0100      8   80  00  00  00  00  00  00  A1    1430.4723
     0100      8   80  00  00  00  00  00  00  A1    1430.4747
     0101      8   A0  01  00  00  00  00  0F  33    1430.4751
     0102      8   80  00  00  00  00  00  00  A1    1430.4753
     0100      8   80  00  00  00  00  00  00  A1    1430.4771
     0100      8   A0  00  00  00  00  00  00  CE    1430.4804
     0100      8   A0  00  00  00  00  00  00  CE    1430.4828
     0101      8   C0  01  00  00  00  00  0F  82    1430.4851
     0100      8   A0  00  00  00  00  00  00  CE    1430.4853
     0102      8   A0  00  00  00  00  00  00  CE    1430.4856
     0501      8   08  25  00  00  00  00  00  B9    1430.4858
     0100      8   C0  00  00  00  00  00  00  7F    1430.4884
     0100      8   C0  00  00  00  00  00  00  7F    1430.4908
     0100      8   C0  00  00  00  00  00  00  7F    1430.4932
     0101      8   E0  01  00  00  00  00  0F  ED    1430.4951
     0102      8   C0  00  00  00  00  00  00  7F    1430.4953
     0100      8   C0  00  00  00  00  00  00  7F    1430.4956
     0100      8   E0  00  00  00  00  00  00  10    1430.4989
     0100      8   E0  00  00  00  00  00  00  10    1430.5013
     0100      8   E0  00  00  00  00  00  00  10    1430.5037
     0101      8   00  01  00  00  00  00  0F  FD    1430.5051
     0102      8   E0  00  00  00  00  00  00  10    1430.5053
     0100      8   E0  00  00  00  00  00  00  10    1430.5060
     0100      8   00  00  00  00  00  00  00  00    1430.5094
     0100      8   00  00  00  00  00  00  00  00    1430.5117
     0100      8   00  00  00  00  00  00  00  00    1430.5141
     0101      8   20  01  00  00  00  00  0F  92    1430.5151
     0102      8   00  00  00  00  00  00  00  00    1430.5153
     0100      8   00  00  00  00  00  00  00  00    1430.5165
     0100      8   20  00  00  00  00  00  00  6F    1430.5198
     0100      8   20  00  00  00  00  00  00  6F    1430.5222
     0100      8   20  00  00  00  00  00  00  6F    1430.5246
     0101      8   40  01  00  00  00  00  0F  23    1430.5251
     0102      8   20  00  00  00  00  00  00  6F    1430.5253
     0100      8   20  00  00  00  00  00  00  6F    1430.5269
     0100      8   40  00  00  00  00  00  00  DE    1430.5303
     0100      8   40  00  00  00  00  00  00  DE    1430.5326
     0100      8   40  00  00  00  00  00  00  DE    1430.5350
     0101      8   60  01  00  00  00  00  0F  4C    1430.5353
     0102      8   40  00  00  00  00  00  00  DE    1430.5355
     0100      8   40  00  00  00  00  00  00  DE    1430.5374
     0100      8   60  00  00  00  00  00  00  B1    1430.5407
     0100      8   60  00  00  00  00  00  00  B1    1430.5431
     0101      8   80  01  00  00  00  00  0F  5C    1430.5451
     0102      8   60  00  00  00  00  00  00  B1    1430.5453
     0100      8   60  00  00  00  00  00  00  B1    1430.5455
     0100      8   80  00  00  00  00  00  00  A1    1430.5488
     0100      8   80  00  00  00  00  00  00  A1    1430.5512
     0100      8   80  00  00  00  00  00  00  A1    1430.5535
     0101      8   A0  01  00  00  00  00  0F  33    1430.5551
     0102      8   80  00  00  00  00  00  00  A1    1430.5553
     0100      8   80  00  00  00  00  00  00  A1    1430.5559
     0100      8   A0  00  00  00  00  00  00  CE    1430.5592
     0100      8   A0  00  00  00  00  00  00  CE    1430.5616
     0100      8   A0  00  00  00  00  00  00  CE    1430.5640
     0101      8   C0  01  00  00  00  00  0F  82    1430.5651
     0102      8   A0  00  00  00  00  00  00  CE    1430.5653
     0100      8   A0  00  00  00  00  00  00  CE    1430.5664
     0100      8   C0  00  00  00  00  00  00  7F    1430.5697
     0100      8   C0  00  00  00  00  00  00  7F    1430.5721
     0100      8   C0  00  00  00  00  00  00  7F    1430.5745
     0101      8   E0  01  00  00  00  00  0F  ED    1430.5750
     0102      8   C0  00  00  00  00  00  00  7F    1430.5753
     0100      8   C0  00  00  00  00  00  00  7F    1430.5768
     0100      8   E0  00  00  00  00  00  00  10    1430.5802
     0100      8   E0  00  00  00  00  00  00  10    1430.5825
     0100      8   E0  00  00  00  00  00  00  10    1430.5849
     0101      8   00  01  00  00  00  00  0F  FD    1430.5852
     0102      8   E0  00  00  00  00  00  00  10    1430.5854
     0501      8   09  25  00  00  00  00  00  E4    1430.5856
     0100      8   E0  00  00  00  00  00  00  10    1430.5873
     0100      8   00  00  00  00  00  00  00  00    1430.5906
     0100      8   00  00  00  00  00  00  00  00    1430.5930
     0101      8   20  01  00  00  00  00  0F  92    1430.5951
     0102      8   00  00  00  00  00  00  00  00    1430.5953
     0100      8   00  00  00  00  00  00  00  00    1430.5956
     0100      8   20  00  00  00  00  00  00  6F    1430.5987
     0100      8   20  00  00  00  00  00  00  6F    1430.6011
     0100      8   20  00  00  00  00  00  00  6F    1430.6034
     0101      8   40  01  00  00  00  00  0F  23    1430.6050
     0102      8   20  00  00  00  00  00  00  6F    1430.6053
     0100      8   20  00  00  00  00  00  00  6F    1430.6058
     0100      8   40  00  00  00  00  00  00  DE    1430.6091
     0100      8   40  00  00  00  00  00  00  DE    1430.6115
     0100      8   40  00  00  00  00  00  00  DE    1430.6139
     0101      8   60  01  00  00  00  00  0F  4C    1430.6150
     0102      8   40  00  00  00  00  00  00  DE    1430.6153
     0100      8   40  00  00  00  00  00  00  DE    1430.6163
     0100      8   60  00  00  00  00  00  00  B1    1430.6196
     0100      8   60  00  00  00  00  00  00  B1    1430.6220
     0100      8   60  00  00  00  00  00  00  B1    1430.6243
     0101      8   80  01  00  00  00  00  0F  5C    1430.6250
     0102      8   60  00  00  00  00  00  00  B1    1430.6253
     0100      8   60  00  00  00  00  00  00  B1    1430.6267
     0100      8   80  00  00  00  00  00  00  A1    1430.6300
     0100      8   80  00  00  00  00  00  00  A1    1430.6324
     0100      8   80  00  00  00  00  00  00  A1    1430.6348
     0101      8   A0  01  00  00  00  00  0F  33    1430.6350
     0102      8   80  00  00  00  00  00  00  A1    1430.6353
     0100      8   80  00  00  00  00  00  00  A1    1430.6372
     0100      8   A0  00  00  00  00  00  00  CE    1430.6405
     0100      8   A0  00  00  00  00  00  00  CE    1430.6429
     0101      8   C0  01  00  00  00  00  0F  82    1430.6450
     0100      8   A0  00  00  00  00  00  00  CE    1430.6453
     0102      8   A0  00  00  00  00  00  00  CE    1430.6455
     0100      8   C0  00  00  00  00  00  00  7F    1430.6486
     0100      8   C0  00  00  00  00  00  00  7F    1430.6509
     0100      8   C0  00  00  00  00  00  00  7F    1430.6533
     0101      8   E0  01  00  00  00  00  0F  ED    1430.6550
     0102      8   C0  00  00  00  00  00  00  7F    1430.6553
     0100      8   C0  00  00  00  00  00  00  7F    1430.6557
     0100      8   E0  00  00  00  00  00  00  10    1430.6590
     0100      8   E0  00  00  00  00  00  00  10    1430.6614
     0100      8   E0  00  00  00  00  00  00  10    1430.6638
     0101      8   00  01  00  00  00  00  0F  FD    1430.6650
     0102      8   E0  00  00  00  00  00  00  10    1430.6653
     0100      8   E0  00  00  00  00  00  00  10    1430.6662
     0100      8   00  00  00  00  00  00  00  00    1430.6695
     0100      8   00  00  00  00  00  00  00  00    1430.6718
     0100      8   00  00  00  00  00  00  00  00    1430.6742
     0101      8   20  01  00  00  00  00  0F  92    1430.6750
     0102      8   00  00  00  00  00  00  00  00    1430.6753
     0100      8   00  00  00  00  00  00  00  00    1430.6766
     0100      8   20  00  00  00  00  00  00  6F    1430.6799
     0100      8   20  00  00  00  00  00  00  6F    1430.6823
     0100      8   20  00  00  00  00  00  00  6F    1430.6847
     0101      8   40  01  00  00  00  00  0F  23    1430.6850
     0102      8   20  00  00  00  00  00  00  6F    1430.6853
     0501      8   06  25  00  00  00  00  00  B8    1430.6855
     0100      8   20  00  00  00  00  00  00  6F    1430.6871
     0100      8   40  00  00  00  00  00  00  DE    1430.6904
     0100      8   40  00  00  00  00  00  00  DE    1430.6928
     0101      8   60  01  00  00  00  00  0F  4C    1430.6950
     0100      8   40  00  00  00  00  00  00  DE    1430.6953
     0102      8   40  00  00  00  00  00  00  DE    1430.6955
     0100      8   60  00  00  00  00  00  00  B1    1430.6984
     0100      8   60  00  00  00  00  00  00  B1    1430.7008
     0100      8   60  00  00  00  00  00  00  B1    1430.7032
     0101      8   80  01  00  00  00  00  0F  5C    1430.7050
     0102      8   60  00  00  00  00  00  00  B1    1430.7053
     0100      8   60  00  00  00  00  00  00  B1    1430.7056
     0100      8   80  00  00  00  00  00  00  A1    1430.7089
     0100      8   80  00  00  00  00  00  00  A1    1430.7113
     0100      8   80  00  00  00  00  00  00  A1    1430.7137
     0101      8   A0  01  00  00  00  00  0F  33    1430.7150
     0102      8   80  00  00  00  00  00  00  A1    1430.7153
     0100      8   80  00  00  00  00  00  00  A1    1430.7160
     0100      8   A0  00  00  00  00  00  00  CE    1430.7194
     0100      8   A0  00  00  00  00  00  00  CE    1430.7217
     0100      8   A0  00  00  00  00  00  00  CE    1430.7241
     0101      8   C0  01  00  00  00  00  0F  82    1430.7250
     0102      8   A0  00  00  00  00  00  00  CE    1430.7253
     0100      8   A0  00  00  00  00  00  00  CE    1430.7265
     0100      8   C0  00  00  00  00  00  00  7F    1430.7298
     0100      8   C0  00  00  00  00  00  00  7F    1430.7322
     0100      8   C0  00  00  00  00  00  00  7F    1430.7346
     0101      8   E0  01  00  00  00  00  0F  ED    1430.7350
     0102      8   C0  00  00  00  00  00  00  7F    1430.7353
     0100      8   C0  00  00  00  00  00  00  7F    1430.7369
     0100      8   E0  00  00  00  00  00  00  10    1430.7403
     0100      8   E0  00  00  00  00  00  00  10    1430.7426
     0100      8   E0  00  00  00  00  00  00  10    1430.7450
     0101      8   00  01  00  00  00  00  0F  FD    1430.7453
     0102      8   E0  00  00  00  00  00  00  10    1430.7455
     0100      8   E0  00  00  00  00  00  00  10    1430.7474
     0100      8   00  00  00  00  00  00  00  00    1430.7507
     0100      8   00  00  00  00  00  00  00  00    1430.7531
     0101      8   20  01  00  00  00  00  0F  92    1430.7550
     0102      8   00  00  00  00  00  00  00  00    1430.7553
     0100      8   00  00  00  00  00  00  00  00    1430.7555
     0100      8   20  00  00  00  00  00  00  6F    1430.7588
     0100      8   20  00  00  00  00  00  00  6F    1430.7612
     0100      8   20  00  00  00  00  00  00  6F    1430.7635
     0101      8   40  01  00  00  00  00  0F  23    1430.7650
     0102      8   20  00  00  00  00  00  00  6F    1430.7653
     0100      8   20  00  00  00  00  00  00  6F    1430.7659
     0100      8   40  00  00  00  00  00  00  DE    1430.7692
     0100      8   40  00  00  00  00  00  00  DE    1430.7716
     0100      8   40  00  00  00  00  00  00  DE    1430.7740
     0101      8   60  01  00  00  00  00  0F  4C    1430.7750
     0102      8   40  00  00  00  00  00  00  DE    1430.7753
     0100      8   40  00  00  00  00  00  00  DE    1430.7764
     0100      8   60  00  00  00  00  00  00  B1    1430.7797
     0100      8   60  00  00  00  00  00  00  B1    1430.7821
     0100      8   60  00  00  00  00  00  00  B1    1430.7844
     0101      8   80  01  00  00  00  00  0F  5C    1430.7850
     0102      8   60  00  00  00  00  00  00  B1    1430.7853
     0501      8   06  25  00  00  00  00  00  B8    1430.7855
     0100      8   60  00  00  00  00  00  00  B1    1430.7868
     0100      8   80  00  00  00  00  00  00  A1    1430.7901
     0100      8   80  00  00  00  00  00  00  A1    1430.7925
     0100      8   80  00  00  00  00  00  00  A1    1430.7949
     0101      8   A0  01  00  00  00  00  0F  33    1430.7951
     0102      8   80  00  00  00  00  00  00  A1    1430.7954
     0100      8   80  00  00  00  00  00  00  A1    1430.7973
     0100      8   A0  00  00  00  00  00  00  CE    1430.8006
     0100      8   A0  00  00  00  00  00  00  CE    1430.8030
     0101      8   C0  01  00  00  00  00  0F  82    1430.8050
     0102      8   A0  00  00  00  00  00  00  CE    1430.8053
     0100      8   A0  00  00  00  00  00  00  CE    1430.8055
     0100      8   C0  00  00  00  00  00  00  7F    1430.8087
     0100      8   C0  00  00  00  00  00  00  7F    1430.8111
     0100      8   C0  00  00  00  00  00  00  7F    1430.8134
     0101      8   E0  01  00  00  00  00  0F  ED    1430.8150
     0102      8   C0  00  00  00  00  00  00  7F    1430.8153
     0100      8   C0  00  00  00  00  00  00  7F    1430.8158
     0100      8   E0  00  00  00  00  00  00  10    1430.8191
     0100      8   E0  00  00  00  00  00  00  10    1430.8215
     0100      8   E0  00  00  00  00  00  00  10    1430.8239
     0101      8   00  01  00  00  00  00  0F  FD    1430.8250
     0102      8   E0  00  00  00  00  00  00  10    1430.8253
     0100      8   E0  00  00  00  00  00  00  10    1430.8263
     0100      8   00  00  00  00  00  00  00  00    1430.8296
     0100      8   00  00  00  00  00  00  00  00    1430.8320
     0100      8   00  00  00  00  00  00  00  00    1430.8343
     0101      8   20  01  00  00  00  00  0F  92    1430.8350
     0102      8   00  00  00  00  00  00  00  00    1430.8353
     0100      8   00  00  00  00  00  00  00  00    1430.8367
     0100      8   20  00  00  00  00  00  00  6F    1430.8400
     0100      8   20  00  00  00  00  00  00  6F    1430.8424
     0100      8   20  00  00  00  00  00  00  6F    1430.8448
     0101      8   40  01  00  00  00  00  0F  23    1430.8450
     0102      8   20  00  00  00  00  00  00  6F    1430.8453
     0100      8   20  00  00  00  00  00  00  6F    1430.8472
     0100      8   40  00  00  00  00  00  00  DE    1430.8505
     0100      8   40  00  00  00  00  00  00  DE    1430.8529
     0101      8   60  01  00  00  00  00  0F  4C    1430.8550
     0100      8   40  00  00  00  00  00  00  DE    1430.8553
     0102      8   40  00  00  00  00  00  00  DE    1430.8555
     0100      8   60  00  00  00  00  00  00  B1    1430.8586
     0100      8   60  00  00  00  00  00  00  B1    1430.8609
     0100      8   60  00  00  00  00  00  00  B1    1430.8633
     0101      8   80  01  00  00  00  00  0F  5C    1430.8650
     0102      8   60  00  00  00  00  00  00  B1    1430.8653
     0100      8   60  00  00  00  00  00  00  B1    1430.8657
     0100      8   80  00  00  00  00  00  00  A1    1430.8690
     0100      8   80  00  00  00  00  00  00  A1    1430.8714
     0100      8   80  00  00  00  00  00  00  A1    1430.8738
     0101      8   A0  01  00  00  00  00  0F  33    1430.8750
     0102      8   80  00  00  00  00  00  00  A1    1430.8752
     0100      8   80  00  00  00  00  00  00  A1    1430.8761
     0100      8   A0  00  00  00  00  00  00  CE    1430.8795
     0100      8   A0  00  00  00  00  00  00  CE    1430.8818
     0100      8   A0  00  00  00  00  00  00  CE    1430.8842
     0101      8   C0  01  00  00  00  00  0F  82    1430.8850
     0102      8   A0  00  00  00  00  00  00  CE    1430.8853
     0501      8   08  25  00  00  00  00  00  B9    1430.8855
     0100      8   A0  00  00  00  00  00  00  CE    1430.8866
     0100      8   C0  00  00  00  00  00  00  7F    1430.8899
     0100      8   C0  00  00  00  00  00  00  7F    1430.8923
     0100      8   C0  00  00  00  00  00  00  7F    1430.8947
     0101      8   E0  01  00  00  00  00  0F  ED    1430.8950
     0102      8   C0  00  00  00  00  00  00  7F    1430.8953
     0100      8   C0  00  00  00  00  00  00  7F    1430.8971
     0100      8   E0  00  00  00  00  00  00  10    1430.9004
     0100      8   E0  00  00  00  00  00  00  10    1430.9027
     0101      8   00  01  00  00  00  00  0F  FD    1430.9050
     0100      8   E0  00  00  00  00  00  00  10    1430.9053
     0102      8   E0  00  00  00  00  00  00  10    1430.9055
     0100      8   00  00  00  00  00  00  00  00    1430.9084
     0100      8   00  00  00  00  00  00  00  00    1430.9108
     0100      8   00  00  00  00  00  00  00  00    1430.9132
     0101      8   20  01  00  00  00  00  0F  92    1430.9150
     0102      8   00  00  00  00  00  00  00  00    1430.9153
     0100      8   00  00  00  00  00  00  00  00    1430.9156
     0100      8   20  00  00  00  00  00  00  6F    1430.9189
     0100      8   20  00  00  00  00  00  00  6F    1430.9213
     0100      8   20  00  00  00  00  00  00  6F    1430.9237
     0101      8   40  01  00  00  00  00  0F  23    1430.9250
     0102      8   20  00  00  00  00  00  00  6F    1430.9253
     0100      8   20  00  00  00  00  00  00  6F    1430.9260
     0100      8   40  00  00  00  00  00  00  DE    1430.9293
     0100      8   40  00  00  00  00  00  00  DE    1430.9317
     0100      8   40  00  00  00  00  00  00  DE    1430.9341
     0101      8   60  01  00  00  00  00  0F  4C    1430.9350
     0102      8   40  00  00  00  00  00  00  DE    1430.9352
     0100      8   40  00  00  00  00  00  00  DE    1430.9365
     0100      8   60  00  00  00  00  00  00  B1    1430.9398
     0100      8   60  00  00  00  00  00  00  B1    1430.9422
     0100      8   60  00  00  00  00  00  00  B1    1430.9446
     0101      8   80  01  00  00  00  00  0F  5C    1430.9450
     0102      8   60  00  00  00  00  00  00  B1    1430.9452
     0100      8   60  00  00  00  00  00  00  B1    1430.9469
     0100      8   80  00  00  00  00  00  00  A1    1430.9503
     0100      8   80  00  00  00  00  00  00  A1    1430.9526
     0101      8   A0  01  00  00  00  00  0F  33    1430.9550
     0100      8   80  00  00  00  00  00  00  A1    1430.9552
     0102      8   80  00  00  00  00  00  00  A1    1430.9555
     0100      8   A0  00  00  00  00  00  00  CE    1430.9583
     0100      8   A0  00  00  00  00  00  00  CE    1430.9607
     0100      8   A0  00  00  00  00  00  00  CE    1430.9631
     0101      8   C0  01  00  00  00  00  0F  82    1430.9650
     0102      8   A0  00  00  00  00  00  00  CE    1430.9652
     0100      8   A0  00  00  00  00  00  00  CE    1430.9655
     0100      8   C0  00  00  00  00  00  00  7F    1430.9688
     0100      8   C0  00  00  00  00  00  00  7F    1430.9712
     0100      8   C0  00  00  00  00  00  00  7F    1430.9735
     0101      8   E0  01  00  00  00  00  0F  ED    1430.9750
     0102      8   C0  00  00  00  00  00  00  7F    1430.9752
     0100      8   C0  00  00  00  00  00  00  7F    1430.9759
     0100      8   E0  00  00  00  00  00  00  10    1430.9792
     0100      8   E0  00  00  00  00  00  00  10    1430.9816
     0100      8   E0  00  00  00  00  00  00  10    1430.9840
     0101      8   00  01  00  00  00  00  0F  FD    1430.9850
     0102      8   E0  00  00  00  00  00  00  10    1430.9852
     0501      8   09  25  00  00  00  00  00  E4    1430.9855
     0100      8   E0  00  00  00  00  00  00  10    1430.9864
     0100      8   00  00  00  00  00  00  00  00    1430.9897
     0100      8   00  00  00  00  00  00  00  00    1430.9921
     0100      8   00  00  00  00  00  00  00  00    1430.9944
     0101      8   20  01  00  00  00  00  0F  92    1430.9950
     0102      8   00  00  00  00  00  00  00  00    1430.9952
     0100      8   00  00  00  00  00  00  00  00    1430.9968
     0100      8   20  00  00  00  00  00  00  6F    1431.0001
     0100      8   20  00  00  00  00  00  00  6F    1431.0025
     0100      8   20  00  00  00  00  00  00  6F    1431.0049
     0101      8   40  01  00  00  00  00  0F  23    1431.0052
     0102      8   20  00  00  00  00  00  00  6F    1431.0054
     0100      8   20  00  00  00  00  00  00  6F    1431.0073
     0100      8   40  00  00  00  00  00  00  DE    1431.0106
     0100      8   40  00  00  00  00  00  00  DE    1431.0130
     0101      8   60  01  00  00  00  00  0F  4C    1431.0150
     0102      8   40  00  00  00  00  00  00  DE    1431.0152
     0100      8   40  00  00  00  00  00  00  DE    1431.0155
     0100      8   60  00  00  00  00  00  00  B1    1431.0187
     0100      8   60  00  00  00  00  00  00  B1    1431.0210
     0100      8   60  00  00  00  00  00  00  B1    1431.0234
     0101      8   80  01  00  00  00  00  0F  5C    1431.0250
     0102      8   60  00  00  00  00  00  00  B1    1431.0252
     0100      8   60  00  00  00  00  00  00  B1    1431.0258
     0100      8   80  00  00  00  00  00  00  A1    1431.0291
     0100      8   80  00  00  00  00  00  00  A1    1431.0315
     0100      8   80  00  00  00  00  00  00  A1    1431.0339
     0101      8   A0  01  00  00  00  00  0F  33    1431.0350
     0102      8   80  00  00  00  00  00  00  A1    1431.0352
     0100      8   80  00  00  00  00  00  00  A1    1431.0363
     0100      8   A0  00  00  00  00  00  00  CE    1431.0396
     0100      8   A0  00  00  00  00  00  00  CE    1431.0419
     0100      8   A0  00  00  00  00  00  00  CE    1431.0443
     0101      8   C0  01  00  00  00  00  0F  82    1431.0450
     0102      8   A0  00  00  00  00  00  00  CE    1431.0452
     0100      8   A0  00  00  00  00  00  00  CE    1431.0467
     0100      8   C0  00  00  00  00  00  00  7F    1431.0500
     0100      8   C0  00  00  00  00  00  00  7F    1431.0524
     0100      8   C0  00  00  00  00  00  00  7F    1431.0548
     0101      8   E0  01  00  00  00  00  0F  ED    1431.0550
     0102      8   C0  00  00  00  00  00  00  7F    1431.0553
     0100      8   C0  00  00  00  00  00  00  7F    1431.0572
     0100      8   E0  00  00  00  00  00  00  10    1431.0605
     0100      8   E0  00  00  00  00  00  00  10    1431.0629
     0101      8   00  01  00  00  00  00  0F  FD    1431.0650
     0102      8   E0  00  00  00  00  00  00  10    1431.0652
     0100      8   E0  00  00  00  00  00  00  10    1431.0655
     0100      8   00  00  00  00  00  00  00  00    1431.0686
     0100      8   00  00  00  00  00  00  00  00    1431.0709
     0100      8   00  00  00  00  00  00  00  00    1431.0733
     0101      8   20  01  00  00  00  00  0F  92    1431.0750
     0102      8   00  00  00  00  00  00  00  00    1431.0752
     0100      8   00  00  00  00  00  00  00  00    1431.0757
     0100      8   20  00  00  00  00  00  00  6F    1431.0790
     0100      8   20  00  00  00  00  00  00  6F    1431.0814
     0100      8   20  00  00  00  00  00  00  6F    1431.0838
     0101      8   40  01  00  00  00  00  0F  23    1431.0850
     0102      8   20  00  00  00  00  00  00  6F    1431.0852
     0501      8   07  25  00  00  00  00  00  E5    1431.0855
     0100      8   20  00  00  00  00  00  00  6F    1431.0861
     0100      8   40  00  00  00  00  00  00  DE    1431.0895
     0100      8   40  00  00  00  00  00  00  DE    1431.0918
     0100      8   40  00  00  00  00  00  00  DE    1431.0942
     0101      8   60  01  00  00  00  00  0F  4C    1431.0950
     0102      8   40  00  00  00  00  00  00  DE    1431.0952
     0100      8   40  00  00  00  00  00  00  DE    1431.0966
     0100      8   60  00  00  00  00  00  00  B1    1431.0999
     0100      8   60  00  00  00  00  00  00  B1    1431.1023
     0100      8   60  00  00  00  00  00  00  B1    1431.1047
     0101      8   80  01  00  00  00  00  0F  5C    1431.1050
     0102      8   60  00  00  00  00  00  00  B1    1431.1052
     0100      8   60  00  00  00  00  00  00  B1    1431.1070
     0100      8   80  00  00  00  00  00  00  A1    1431.1104
     0100      8   80  00  00  00  00  00  00  A1    1431.1127
     0101      8   A0  01  00  00  00  00  0F  33    1431.1150
     0100      8   80  00  00  00  00  00  00  A1    1431.1152
     0102      8   80  00  00  00  00  00  00  A1    1431.1155
     0100      8   A0  00  00  00  00  00  00  CE    1431.1184
     0100      8   A0  00  00  00  00  00  00  CE    1431.1208
     0100      8   A0  00  00  00  00  00  00  CE    1431.1232
     0101      8   C0  01  00  00  00  00  0F  82    1431.1250
     0102      8   A0  00  00  00  00  00  00  CE    1431.1252
     0100      8   A0  00  00  00  00  00  00  CE    1431.1256
     0100      8   C0  00  00  00  00  00  00  7F    1431.1289
     0100      8   C0  00  00  00  00  00  00  7F    1431.1313
     0100      8   C0  00  00  00  00  00  00  7F    1431.1337
     0101      8   E0  01  00  00  00  00  0F  ED    1431.1350
     0102      8   C0  00  00  00  00  00  00  7F    1431.1352
     0100      8   C0  00  00  00  00  00  00  7F    1431.1360
     0100      8   E0  00  00  00  00  00  00  10    1431.1393
     0100      8   E0  00  00  00  00  00  00  10    1431.1417
     0100      8   E0  00  00  00  00  00  00  10    1431.1441
     0101      8   00  01  00  00  00  00  0F  FD    1431.1450
     0102      8   E0  00  00  00  00  00  00  10    1431.1452
     0100      8   E0  00  00  00  00  00  00  10    1431.1465
     0100      8   00  00  00  00  00  00  00  00    1431.1498
     0100      8   00  00  00  00  00  00  00  00    1431.1522
     0100      8   00  00  00  00  00  00  00  00    1431.1546
     0101      8   20  01  00  00  00  00  0F  92    1431.1550
     0102      8   00  00  00  00  00  00  00  00    1431.1552
     0100      8   00  00  00  00  00  00  00  00    1431.1569
     0100      8   20  00  00  00  00  00  00  6F    1431.1603
     0100      8   20  00  00  00  00  00  00  6F    1431.1626
     0101      8   40  01  00  00  00  00  0F  23    1431.1650
     0100      8   20  00  00  00  00  00  00  6F    1431.1652
     0102      8   20  00  00  00  00  00  00  6F    1431.1655
     0100      8   40  00  00  00  00  00  00  DE    1431.1683
     0100      8   40  00  00  00  00  00  00  DE    1431.1707
     0100      8   40  00  00  00  00  00  00  DE    1431.1731
     0101      8   60  01  00  00  00  00  0F  4C    1431.1750
     0102      8   40  00  00  00  00  00  00  DE    1431.1752
     0100      8   40  00  00  00  00  00  00  DE    1431.1755
     0100      8   60  00  00  00  00  00  00  B1    1431.1788
     0100      8   60  00  00  00  00  00  00  B1    1431.1812
     0100      8   60  00  00  00  00  00  00  B1    1431.1835
     0101      8   80  01  00  00  00  00  0F  5C    1431.1850
     0102      8   60  00  00  00  00  00  00  B1    1431.1852
     0501      8   06  25  00  00  00  00  00  B8    1431.1854
     0100      8   60  00  00  00  00  00  00  B1    1431.1859
     0100      8   80  00  00  00  00  00  00  A1    1431.1892
     0100      8   80  00  00  00  00  00  00  A1    1431.1916
     0100      8   80  00  00  00  00  00  00  A1    1431.1940
     0101      8   A0  01  00  00  00  00  0F  33    1431.1950
     0102      8   80  00  00  00  00  00  00  A1    1431.1952
     0100      8   80  00  00  00  00  00  00  A1    1431.1964
     0100      8   A0  00  00  00  00  00  00  CE    1431.1997
     0100      8   A0  00  00  00  00  00  00  CE    1431.2021
     0100      8   A0  00  00  00  00  00  00  CE    1431.2044
     0101      8   C0  01  00  00  00  00  0F  82    1431.2050
     0102      8   A0  00  00  00  00  00  00  CE    1431.2052
     0100      8   A0  00  00  00  00  00  00  CE    1431.2068
     0100      8   C0  00  00  00  00  00  00  7F    1431.2101
     0100      8   C0  00  00  00  00  00  00  7F    1431.2125
     0100      8   C0  00  00  00  00  00  00  7F    1431.2149
     0101      8   E0  01  00  00  00  00  0F  ED    1431.2152
     0102      8   C0  00  00  00  00  00  00  7F    1431.2154
     0100      8   C0  00  00  00  00  00  00  7F    1431.2173
     0100      8   E0  00  00  00  00  00  00  10    1431.2206
     0100      8   E0  00  00  00  00  00  00  10    1431.2230
     0101      8   00  01  00  00  00  00  0F  FD    1431.2250
     0102      8   E0  00  00  00  00  00  00  10    1431.2252
     0100      8   E0  00  00  00  00  00  00  10    1431.2255
     0100      8   00  00  00  00  00  00  00  00    1431.2287
     0100      8   00  00  00  00  00  00  00  00    1431.2310
     0100      8   00  00  00  00  00  00  00  00    1431.2334
     0101      8   20  01  00  00  00  00  0F  92    1431.2350
     0102      8   00  00  00  00  00  00  00  00    1431.2352
     0100      8   00  00  00  00  00  00  00  00    1431.2358
     0100      8   20  00  00  00  00  00  00  6F    1431.2391
     0100      8   20  00  00  00  00  00  00  6F    1431.2415
     0100      8   20  00  00  00  00  00  00  6F    1431.2439
     0101      8   40  01  00  00  00  00  0F  23    1431.2450
     0102      8   20  00  00  00  00  00  00  6F    1431.2452
     0100      8   20  00  00  00  00  00  00  6F    1431.2463
     0100      8   40  00  00  00  00  00  00  DE    1431.2496
     0100      8   40  00  00  00  00  00  00  DE    1431.2519
     0100      8   40  00  00  00  00  00  00  DE    1431.2543
     0101      8   60  01  00  00  00  00  0F  4C    1431.2550
     0102      8   40  00  00  00  00  00  00  DE    1431.2552
     0100      8   40  00  00  00  00  00  00  DE    1431.2567
     0100      8   60  00  00  00  00  00  00  B1    1431.2600
     0100      8   60  00  00  00  00  00  00  B1    1431.2624
     0100      8   60  00  00  00  00  00  00  B1    1431.2648
     0101      8   80  01  00  00  00  00  0F  5C    1431.2650
     0102      8   60  00  00  00  00  00  00  B1    1431.2653
     0100      8   60  00  00  00  00  00  00  B1    1431.2672
     0100      8   80  00  00  00  00  00  00  A1    1431.2705
     0100      8   80  00  00  00  00  00  00  A1    1431.2729
     0101      8   A0  01  00  00  00  00  0F  33    1431.2749
     0102      8   80  00  00  00  00  00  00  A1    1431.2752
     0100      8   80  00  00  00  00  00  00  A1    1431.2754
     0100      8   A0  00  00  00  00  00  00  CE    1431.2785
     0100      8   A0  00  00  00  00  00  00  CE    1431.2809
     0100      8   A0  00  00  00  00  00  00  CE    1431.2833
     0101      8   C0  01  00  00  00  00  0F  82    1431.2849
     0102      8   A0  00  00  00  00  00  00  CE    1431.2852
     0501      8   07  25  00  00  00  00  00  E5    1431.2854
     0100      8   A0  00  00  00  00  00  00  CE    1431.2857
     0100      8   C0  00  00  00  00  00  00  7F    1431.2890
     0100      8   C0  00  00  00  00  00  00  7F    1431.2914
     0100      8   C0  00  00  00  00  00  00  7F    1431.2938
     0101      8   E0  01  00  00  00  00  0F  ED    1431.2949
     0102      8   C0  00  00  00  00  00  00  7F    1431.2952
     0100      8   C0  00  00  00  00  00  00  7F    1431.2961
     0100      8   E0  00  00  00  00  00  00  10    1431.2995
     0100      8   E0  00  00  00  00  00  00  10    1431.3018
     0100      8   E0  00  00  00  00  00  00  10    1431.3042
     0101      8   00  01  00  00  00  00  0F  FD    1431.3049
     0102      8   E0  00  00  00  00  00  00  10    1431.3052
     0100      8   E0  00  00  00  00  00  00  10    1431.3066
     0100      8   00  00  00  00  00  00  00  00    1431.3099
     0100      8   00  00  00  00  00  00  00  00    1431.3123
     0100      8   00  00  00  00  00  00  00  00    1431.3147
     0101      8   20  01  00  00  00  00  0F  92    1431.3149
     0102      8   00  00  00  00  00  00  00  00    1431.3152
     0100      8   00  00  00  00  00  00  00  00    1431.3170
     0100      8   20  00  00  00  00  00  00  6F    1431.3204
     0100      8   20  00  00  00  00  00  00  6F    1431.3227
     0101      8   40  01  00  00  00  00  0F  23    1431.3249
     0100      8   20  00  00  00  00  00  00  6F    1431.3252
     0102      8   20  00  00  00  00  00  00  6F    1431.3254
     0100      8   40  00  00  00  00  00  00  DE    1431.3284
     0100      8   40  00  00  00  00  00  00  DE    1431.3308
     0100      8   40  00  00  00  00  00  00  DE    1431.3332
     0101      8   60  01  00  00  00  00  0F  4C    1431.3349
     0102      8   40  00  00  00  00  00  00  DE    1431.3352
     0100      8   40  00  00  00  00  00  00  DE    1431.3356
     0100      8   60  00  00  00  00  00  00  B1    1431.3389
     0100      8   60  00  00  00  00  00  00  B1    1431.3413
     0100      8   60  00  00  00  00  00  00  B1    1431.3436
     0100      8   60  00  00  00  00  00  00  B1    1431.3460
     0100      8   60  00  00  00  00  00  00  B1    1431.3484
     0100      8   60  00  00  00  00  00  00  B1    1431.3508
     0100      8   60  00  00  00  00  00  00  B1    1431.3532
     0100      8   60  00  00  00  00  00  00  B1    1431.3555
     0100      8   60  00  00  00  00  00  00  B1    1431.3579
     0100      8   60  00  00  00  00  00  00  B1    1431.3603
     0100      8   60  00  00  00  00  00  00  B1    1431.3627
     0100      8   60  00  00  00  00  00  00  B1    1431.3651
     0100      8   60  00  00  00  00  00  00  B1    1431.3674
     0100      8   60  00  00  00  00  00  00  B1    1431.3698
     0100      8   60  00  00  00  00  00  00  B1    1431.3722
     0100      8   60  00  00  00  00  00  00  B1    1431.3746
     0100      8   60  00  00  00  00  00  00  B1    1431.3770
     0100      8   60  00  00  00  00  00  00  B1    1431.3793
     0100      8   60  00  00  00  00  00  00  B1    1431.3817
     0100      8   60  00  00  00  00  00  00  B1    1431.3841
     0100      8   60  00  00  00  00  00  00  B1    1431.3865
     0100      8   60  00  00  00  00  00  00  B1    1431.3889
     0100      8   60  00  00  00  00  00  00  B1    1431.3912
     0100      8   60  00  00  00  00  00  00  B1    1431.3936
     0100      8   60  00  00  00  00  00  00  B1    1431.3960
     0100      8   60  00  00  00  00  00  00  B1    1431.3984
     0100      8   60  00  00  00  00  00  00  B1    1431.4008
     0100      8   60  00  00  00  00  00  00  B1    1431.4031
     0100      8   60  00  00  00  00  00  00  B1    1431.4055
     0100      8   60  00  00  00  00  00  00  B1    1431.4079
     0100      8   60  00  00  00  00  00  00  B1    1431.4103
     0100      8   60  00  00  00  00  00  00  B1    1431.4127
     0100      8   60  00  00  00  00  00  00  B1    1431.4150
     0100      8   60  00  00  00  00  00  00  B1    1431.4174
     0100      8   60  00  00  00  00  00  00  B1    1431.4198
     0100      8   60  00  00  00  00  00  00  B1    1431.4222
     0100      8   60  00  00  00  00  00  00  B1    1431.4246
     0100      8   60  00  00  00  00  00  00  B1    1431.4269
     0100      8   60  00  00  00  00  00  00  B1    1431.4293
     0100      8   60  00  00  00  00  00  00  B1    1431.4317
     0100      8   60  00  00  00  00  00  00  B1    1431.4341
     0100      8   60  00  00  00  00  00  00  B1    1431.4365
     0100      8   60  00  00  00  00  00  00  B1    1431.4388
     0100      8   60  00  00  00  00  00  00  B1    1431.4412
     0100      8   60  00  00  00  00  00  00  B1    1431.4436
     0100      8   60  00  00  00  00  00  00  B1    1431.4460
     0100      8   60  00  00  00  00  00  00  B1    1431.4484
     0100      8   60  00  00  00  00  00  00  B1    1431.4507
     0100      8   60  00  00  00  00  00  00  B1    1431.4531
     0100      8   60  00  00  00  00  00  00  B1    1431.4555
     0100      8   60  00  00  00  00  00  00  B1    1431.4579
     0100      8   60  00  00  00  00  00  00  B1    1431.4602
     0100      8   60  00  00  00  00  00  00  B1    1431.4626
     0100      8   60  00  00  00  00  00  00  B1    1431.4650
     0100      8   60  00  00  00  00  00  00  B1    1431.4674
     0100      8   60  00  00  00  00  00  00  B1    1431.4698
     0100      8   60  00  00  00  00  00  00  B1    1431.4721
     0100      8   60  00  00  00  00  00  00  B1    1431.4745
     0100      8   60  00  00  00  00  00  00  B1    1431.4769
     0100      8   60  00  00  00  00  00  00  B1    1431.4793
     0100      8   60  00  00  00  00  00  00  B1    1431.4817
     0100      8   60  00  00  00  00  00  00  B1    1431.4840
     0100      8   60  00  00  00  00  00  00  B1    1431.4864
     0100      8   60  00  00  00  00  00  00  B1    1431.4888
     0100      8   60  00  00  00  00  00  00  B1    1431.4912
     0100      8   60  00  00  00  00  00  00  B1    1431.4936
     0100      8   60  00  00  00  00  00  00  B1    1431.4959
     0100      8   60  00  00  00  00  00  00  B1    1431.4983
     0100      8   60  00  00  00  00  00  00  B1    1431.5007
     0100      8   60  00  00  00  00  00  00  B1    1431.5031
     0100      8   60  00  00  00  00  00  00  B1    1431.5055
     0100      8   60  00  00  00  00  00  00  B1    1431.5078
     0100      8   60  00  00  00  00  00  00  B1    1431.5102
     0100      8   60  00  00  00  00  00  00  B1    1431.5126
     0100      8   60  00  00  00  00  00  00  B1    1431.5150
     0100      8   60  00  00  00  00  00  00  B1    1431.5174
     0100      8   60  00  00  00  00  00  00  B1    1431.5197
     0100      8   60  00  00  00  00  00  00  B1    1431.5221
     0100      8   60  00  00  00  00  00  00  B1    1431.5245
     0100      8   60  00  00  00  00  00  00  B1    1431.5269
     0100      8   60  00  00  00  00  00  00  B1    1431.5293
     0100      8   60  00  00  00  00  00  00  B1    1431.5316
     0100      8   60  00  00  00  00  00  00  B1    1431.5340
     0100      8   60  00  00  00  00  00  00  B1    1431.5364
     0100      8   60  00  00  00  00  00  00  B1    1431.5388
     0100      8   60  00  00  00  00  00  00  B1    1431.5412
     0100      8   60  00  00  00  00  00  00  B1    1431.5435
     0100      8   60  00  00  00  00  00  00  B1    1431.5459
     0100      8   60  00  00  00  00  00  00  B1    1431.5483
     0100      8   60  00  00  00  00  00  00  B1    1431.5507
     0100      8   60  00  00  00  00  00  00  B1    1431.5530
     0100      8   60  00  00  00  00  00  00  B1    1431.5554
     0100      8   60  00  00  00  00  00  00  B1    1431.5578
     0100      8   60  00  00  00  00  00  00  B1    1431.5602
     0100      8   60  00  00  00  00  00  00  B1    1431.5626
     0100      8   60  00  00  00  00  00  00  B1    1431.5650
     0100      8   60  00  00  00  00  00  00  B1    1431.5673
     0100      8   60  00  00  00  00  00  00  B1    1431.5697
     0100      8   60  00  00  00  00  00  00  B1    1431.5721
     0100      8   60  00  00  00  00  00  00  B1    1431.5745
     0100      8   60  00  00  00  00  00  00  B1    1431.5768
     0100      8   60  00  00  00  00  00  00  B1    1431.5792
     0100      8   60  00  00  00  00  00  00  B1    1431.5816
     0100      8   60  00  00  00  00  00  00  B1    1431.5840
     0100      8   60  00  00  00  00  00  00  B1    1431.5864
     0100      8   60  00  00  00  00  00  00  B1    1431.5887
     0100      8   60  00  00  00  00  00  00  B1    1431.5911
     0100      8   60  00  00  00  00  00  00  B1    1431.5935
     0100      8   60  00  00  00  00  00  00  B1    1431.5959
     0100      8   60  00  00  00  00  00  00  B1    1431.5983
     0100      8   60  00  00  00  00  00  00  B1    1431.6006
     0100      8   60  00  00  00  00  00  00  B1    1431.6030
     0100      8   60  00  00  00  00  00  00  B1    1431.6054
     0100      8   60  00  00  00  00  00  00  B1    1431.6078
     0100      8   60  00  00  00  00  00  00  B1    1431.6102
     0100      8   60  00  00  00  00  00  00  B1    1431.6125
     0100      8   60  00  00  00  00  00  00  B1    1431.6149
     0100      8   60  00  00  00  00  00  00  B1    1431.6173
     0100      8   60  00  00  00  00  00  00  B1    1431.6197
     0100      8   60  00  00  00  00  00  00  B1    1431.6221
     0100      8   60  00  00  00  00  00  00  B1    1431.6244
     0100      8   60  00  00  00  00  00  00  B1    1431.6268
     0100      8   60  00  00  00  00  00  00  B1    1431.6292
     0100      8   60  00  00  00  00  00  00  B1    1431.6316
     0100      8   60  00  00  00  00  00  00  B1    1431.6340
     0100      8   60  00  00  00  00  00  00  B1    1431.6363
     0100      8   60  00  00  00  00  00  00  B1    1431.6387
     0100      8   60  00  00  00  00  00  00  B1    1431.6411
     0100      8   60  00  00  00  00  00  00  B1    1431.6435
     0100      8   60  00  00  00  00  00  00  B1    1431.6459
     0100      8   60  00  00  00  00  00  00  B1    1431.6482
     0100      8   60  00  00  00  00  00  00  B1    1431.6506
     0100      8   60  00  00  00  00  00  00  B1    1431.6530
     0100      8   60  00  00  00  00  00  00  B1    1431.6554
     0100      8   60  00  00  00  00  00  00  B1    1431.6578
     0100      8   60  00  00  00  00  00  00  B1    1431.6601
     0100      8   60  00  00  00  00  00  00  B1    1431.6625
     0100      8   60  00  00  00  00  00  00  B1    1431.6649
     0100      8   60  00  00  00  00  00  00  B1    1431.6673
     0100      8   60  00  00  00  00  00  00  B1    1431.6696
     0100      8   60  00  00  00  00  00  00  B1    1431.6720
     0100      8   60  00  00  00  00  00  00  B1    1431.6744
     0100      8   60  00  00  00  00  00  00  B1    1431.6768
     0100      8   60  00  00  00  00  00  00  B1    1431.6792
     0100      8   60  00  00  00  00  00  00  B1    1431.6815
     0100      8   60  00  00  00  00  00  00  B1    1431.6839
     0100      8   60  00  00  00  00  00  00  B1    1431.6863
     0100      8   60  00  00  00  00  00  00  B1    1431.6887
     0100      8   60  00  00  00  00  00  00  B1    1431.6911
     0100      8   60  00  00  00  00  00  00  B1    1431.6934
     0100      8   60  00  00  00  00  00  00  B1    1431.6958
     0100      8   60  00  00  00  00  00  00  B1    1431.6982
     0100      8   60  00  00  00  00  00  00  B1    1431.7006
     0100      8   60  00  00  00  00  00  00  B1    1431.7030
     0100      8   60  00  00  00  00  00  00  B1    1431.7053
     0100      8   60  00  00  00  00  00  00  B1    1431.7077
     0100      8   60  00  00  00  00  00  00  B1    1431.7101
     0100      8   60  00  00  00  00  00  00  B1    1431.7125
     0100      8   60  00  00  00  00  00  00  B1    1431.7149
     0100      8   60  00  00  00  00  00  00  B1    1431.7172
     0100      8   60  00  00  00  00  00  00  B1    1431.7196
     0100      8   60  00  00  00  00  00  00  B1    1431.7220
     0100      8   60  00  00  00  00  00  00  B1    1431.7244
     0100      8   60  00  00  00  00  00  00  B1    1431.7268
     0100      8   60  00  00  00  00  00  00  B1    1431.7291
     0100      8   60  00  00  00  00  00  00  B1    1431.7315
     0100      8   60  00  00  00  00  00  00  B1    1431.7339
     0100      8   60  00  00  00  00  00  00  B1    1431.7363
     0100      8   60  00  00  00  00  00  00  B1    1431.7387
     0100      8   60  00  00  00  00  00  00  B1    1431.7410
     0100      8   60  00  00  00  00  00  00  B1    1431.7434
     0100      8   60  00  00  00  00  00  00  B1    1431.7458
     0100      8   60  00  00  00  00  00  00  B1    1431.7482
     0100      8   60  00  00  00  00  00  00  B1    1431.7506
     0100      8   60  00  00  00  00  00  00  B1    1431.7529
     0100      8   60  00  00  00  00  00  00  B1    1431.7553
     0100      8   60  00  00  00  00  00  00  B1    1431.7577
     0100      8   60  00  00  00  00  00  00  B1    1431.7601
     0100      8   60  00  00  00  00  00  00  B1    1431.7625
     0100      8   60  00  00  00  00  00  00  B1    1431.7648
     0100      8   60  00  00  00  00  00  00  B1    1431.7672
     0100      8   60  00  00  00  00  00  00  B1    1431.7696
     0100      8   60  00  00  00  00  00  00  B1    1431.7720
     0100      8   60  00  00  00  00  00  00  B1    1431.7743
     0100      8   60  00  00  00  00  00  00  B1    1431.7767
     0100      8   60  00  00  00  00  00  00  B1    1431.7791
     0100      8   60  00  00  00  00  00  00  B1    1431.7815
     0100      8   60  00  00  00  00  00  00  B1    1431.7839
     0100      8   60  00  00  00  00  00  00  B1    1431.7862
     0100      8   60  00  00  00  00  00  00  B1    1431.7886
     0100      8   60  00  00  00  00  00  00  B1    1431.7910
     0100      8   60  00  00  00  00  00  00  B1    1431.7934
     0100      8   60  00  00  00  00  00  00  B1    1431.7958
     0100      8   60  00  00  00  00  00  00  B1    1431.7981
     0100      8   60  00  00  00  00  00  00  B1    1431.8005
     0100      8   60  00  00  00  00  00  00  B1    1431.8029
     0100      8   60  00  00  00  00  00  00  B1    1431.8053
     0100      8   60  00  00  00  00  00  00  B1    1431.8077
     0100      8   60  00  00  00  00  00  00  B1    1431.8100
     0100      8   60  00  00  00  00  00  00  B1    1431.8124
     0100      8   60  00  00  00  00  00  00  B1    1431.8148
     0100      8   60  00  00  00  00  00  00  B1    1431.8172
     0100      8   60  00  00  00  00  00  00  B1    1431.8196
     0100      8   60  00  00  00  00  00  00  B1    1431.8219
     0100      8   60  00  00  00  00  00  00  B1    1431.8243
     0100      8   60  00  00  00  00  00  00  B1    1431.8267
     0100      8   60  00  00  00  00  00  00  B1    1431.8291
     0100      8   60  00  00  00  00  00  00  B1    1431.8315
     0100      8   60  00  00  00  00  00  00  B1    1431.8338
     0100      8   60  00  00  00  00  00  00  B1    1431.8362
     0100      8   60  00  00  00  00  00  00  B1    1431.8386
     0100      8   60  00  00  00  00  00  00  B1    1431.8410
     0100      8   60  00  00  00  00  00  00  B1    1431.8434
     0100      8   60  00  00  00  00  00  00  B1    1431.8457
     0100      8   60  00  00  00  00  00  00  B1    1431.8481
     0100      8   60  00  00  00  00  00  00  B1    1431.8505
     0100      8   60  00  00  00  00  00  00  B1    1431.8529
     0100      8   60  00  00  00  00  00  00  B1    1431.8553
     0100      8   60  00  00  00  00  00  00  B1    1431.8576
     0100      8   60  00  00  00  00  00  00  B1    1431.8600
     0100      8   60  00  00  00  00  00  00  B1    1431.8624
     0100      8   60  00  00  00  00  00  00  B1    1431.8648
     0100      8   60  00  00  00  00  00  00  B1    1431.8672
     0100      8   60  00  00  00  00  00  00  B1    1431.8695
     0100      8   60  00  00  00  00  00  00  B1    1431.8719
     0100      8   60  00  00  00  00  00  00  B1    1431.8743
     0100      8   60  00  00  00  00  00  00  B1    1431.8767
     0100      8   60  00  00  00  00  00  00  B1    1431.8790
     0100      8   60  00  00  00  00  00  00  B1    1431.8814
     0100      8   60  00  00  00  00  00  00  B1    1431.8838
     0100      8   60  00  00  00  00  00  00  B1    1431.8862
     0100      8   60  00  00  00  00  00  00  B1    1431.8886
     0100      8   60  00  00  00  00  00  00  B1    1431.8909
     0100      8   60  00  00  00  00  00  00  B1    1431.8933
     0100      8   60  00  00  00  00  00  00  B1    1431.8957
     0100      8   60  00  00  00  00  00  00  B1    1431.8981
     0100      8   60  00  00  00  00  00  00  B1    1431.9005
     0100      8   60  00  00  00  00  00  00  B1    1431.9029
     0100      8   60  00  00  00  00  00  00  B1    1431.9052
     0100      8   60  00  00  00  00  00  00  B1    1431.9076
     0100      8   60  00  00  00  00  00  00  B1    1431.9100
     0100      8   60  00  00  00  00  00  00  B1    1431.9124
     0100      8   60  00  00  00  00  00  00  B1    1431.9147
     0100      8   60  00  00  00  00  00  00  B1    1431.9171
     0100      8   60  00  00  00  00  00  00  B1    1431.9195
     0100      8   60  00  00  00  00  00  00  B1    1431.9219
     0100      8   60  00  00  00  00  00  00  B1    1431.9243
     0100      8   60  00  00  00  00  00  00  B1    1431.9266
     0100      8   60  00  00  00  00  00  00  B1    1431.9290
     0100      8   60  00  00  00  00  00  00  B1    1431.9314
     0100      8   60  00  00  00  00  00  00  B1    1431.9338
     0100      8   60  00  00  00  00  00  00  B1    1431.9362
     0100      8   60  00  00  00  00  00  00  B1    1431.9385
     0100      8   60  00  00  00  00  00  00  B1    1431.9409
     0100      8   60  00  00  00  00  00  00  B1    1431.9433
     0100      8   60  00  00  00  00  00  00  B1    1431.9457
     0100      8   60  00  00  00  00  00  00  B1    1431.9481
     0100      8   60  00  00  00  00  00  00  B1    1431.9504
     0100      8   60  00  00  00  00  00  00  B1    1431.9528
     0100      8   60  00  00  00  00  00  00  B1    1431.9552
     0100      8   60  00  00  00  00  00  00  B1    1431.9576
     0100      8   60  00  00  00  00  00  00  B1    1431.9600
     0100      8   60  00  00  00  00  00  00  B1    1431.9623
     0100      8   60  00  00  00  00  00  00  B1    1431.9647
     0100      8   60  00  00  00  00  00  00  B1    1431.9671
     0100      8   60  00  00  00  00  00  00  B1    1431.9695
     0100      8   60  00  00  00  00  00  00  B1    1431.9719
     0100      8   60  00  00  00  00  00  00  B1    1431.9742
     0100      8   60  00  00  00  00  00  00  B1    1431.9766
     0100      8   60  00  00  00  00  00  00  B1    1431.9790
     0100      8   60  00  00  00  00  00  00  B1    1431.9814
     0100      8   60  00  00  00  00  00  00  B1    1431.9838
     0100      8   60  00  00  00  00  00  00  B1    1431.9861
     0100      8   60  00  00  00  00  00  00  B1    1431.9885
     0100      8   60  00  00  00  00  00  00  B1    1431.9909
     0100      8   60  00  00  00  00  00  00  B1    1431.9933
     0100      8   60  00  00  00  00  00  00  B1    1431.9956
     0100      8   60  00  00  00  00  00  00  B1    1431.9980
     0100      8   60  00  00  00  00  00  00  B1    1432.0004
     0100      8   60  00  00  00  00  00  00  B1    1432.0028
     0100      8   60  00  00  00  00  00  00  B1    1432.0052
     0100      8   60  00  00  00  00  00  00  B1    1432.0075
     0100      8   60  00  00  00  00  00  00  B1    1432.0099
     0100      8   60  00  00  00  00  00  00  B1    1432.0123
     0100      8   60  00  00  00  00  00  00  B1    1432.0147
     0100      8   60  00  00  00  00  00  00  B1    1432.0171
     0100      8   60  00  00  00  00  00  00  B1    1432.0194
     0100      8   60  00  00  00  00  00  00  B1    1432.0218
     0100      8   60  00  00  00  00  00  00  B1    1432.0242
     0100      8   60  00  00  00  00  00  00  B1    1432.0266
     0100      8   60  00  00  00  00  00  00  B1    1432.0290
     0100      8   60  00  00  00  00  00  00  B1    1432.0313
     0100      8   60  00  00  00  00  00  00  B1    1432.0337
     0100      8   60  00  00  00  00  00  00  B1    1432.0361
     0100      8   60  00  00  00  00  00  00  B1    1432.0385
     0100      8   60  00  00  00  00  00  00  B1    1432.0409
     0100      8   60  00  00  00  00  00  00  B1    1432.0432
     0100      8   60  00  00  00  00  00  00  B1    1432.0456
     0100      8   60  00  00  00  00  00  00  B1    1432.0480
     0100      8   60  00  00  00  00  00  00  B1    1432.0504
     0100      8   60  00  00  00  00  00  00  B1    1432.0528
     0100      8   60  00  00  00  00  00  00  B1    1432.0551
     0100      8   60  00  00  00  00  00  00  B1    1432.0575
     0100      8   60  00  00  00  00  00  00  B1    1432.0599
     0100      8   60  00  00  00  00  00  00  B1    1432.0623
     0100      8   60  00  00  00  00  00  00  B1    1432.0647
     0100      8   60  00  00  00  00  00  00  B1    1432.0670
     0100      8   60  00  00  00  00  00  00  B1    1432.0694
     0100      8   60  00  00  00  00  00  00  B1    1432.0718
     0100      8   60  00  00  00  00  00  00  B1    1432.0742
     0100      8   60  00  00  00  00  00  00  B1    1432.0766
     0100      8   60  00  00  00  00  00  00  B1    1432.0789
     0100      8   60  00  00  00  00  00  00  B1    1432.0813
     0100      8   60  00  00  00  00  00  00  B1    1432.0837
     0100      8   60  00  00  00  00  00  00  B1    1432.0861
     0100      8   60  00  00  00  00  00  00  B1    1432.0885
     0100      8   60  00  00  00  00  00  00  B1    1432.0908
     0100      8   60  00  00  00  00  00  00  B1    1432.0932
     0100      8   60  00  00  00  00  00  00  B1    1432.0956
     0100      8   60  00  00  00  00  00  00  B1    1432.0980
     0100      8   60  00  00  00  00  00  00  B1    1432.1004
     0100      8   60  00  00  00  00  00  00  B1    1432.1027
     0100      8   60  00  00  00  00  00  00  B1    1432.1051
     0100      8   60  00  00  00  00  00  00  B1    1432.1075
     0100      8   60  00  00  00  00  00  00  B1    1432.1099
     0100      8   60  00  00  00  00  00  00  B1    1432.1122
     0100      8   60  00  00  00  00  00  00  B1    1432.1146
     0100      8   60  00  00  00  00  00  00  B1    1432.1170
     0100      8   60  00  00  00  00  00  00  B1    1432.1194
     0100      8   60  00  00  00  00  00  00  B1    1432.1218
     0100      8   60  00  00  00  00  00  00  B1    1432.1241
     0100      8   60  00  00  00  00  00  00  B1    1432.1265
     0100      8   60  00  00  00  00  00  00  B1    1432.1289
     0100      8   60  00  00  00  00  00  00  B1    1432.1313
     0100      8   60  00  00  00  00  00  00  B1    1432.1337
     0100      8   60  00  00  00  00  00  00  B1    1432.1360
     0100      8   60  00  00  00  00  00  00  B1    1432.1384
     0100      8   60  00  00  00  00  00  00  B1    1432.1408
     0100      8   60  00  00  00  00  00  00  B1    1432.1432
     0100      8   60  00  00  00  00  00  00  B1    1432.1456
     0100      8   60  00  00  00  00  00  00  B1    1432.1479
     0100      8   60  00  00  00  00  00  00  B1    1432.1503
     0100      8   60  00  00  00  00  00  00  B1    1432.1527
     0100      8   60  00  00  00  00  00  00  B1    1432.1551
     0100      8   60  00  00  00  00  00  00  B1    1432.1575
     0100      8   60  00  00  00  00  00  00  B1    1432.1598
     0100      8   60  00  00  00  00  00  00  B1    1432.1622
     0100      8   60  00  00  00  00  00  00  B1    1432.1646
     0100      8   60  00  00  00  00  00  00  B1    1432.1670
     0100      8   60  00  00  00  00  00  00  B1    1432.1694
     0100      8   60  00  00  00  00  00  00  B1    1432.1717
     0100      8   60  00  00  00  00  00  00  B1    1432.1741
     0100      8   60  00  00  00  00  00  00  B1    1432.1765
     0100      8   60  00  00  00  00  00  00  B1    1432.1789
     0100      8   60  00  00  00  00  00  00  B1    1432.1813
     0100      8   60  00  00  00  00  00  00  B1    1432.1836
     0100      8   60  00  00  00  00  00  00  B1    1432.1860
     0100      8   60  00  00  00  00  00  00  B1    1432.1884
     0100      8   60  00  00  00  00  00  00  B1    1432.1908
     0100      8   60  00  00  00  00  00  00  B1    1432.1932
     0100      8   60  00  00  00  00  00  00  B1    1432.1955
     0100      8   60  00  00  00  00  00  00  B1    1432.1979
     0100      8   60  00  00  00  00  00  00  B1    1432.2003
     0100      8   60  00  00  00  00  00  00  B1    1432.2027
     0100      8   60  00  00  00  00  00  00  B1    1432.2051
     0100      8   60  00  00  00  00  00  00  B1    1432.2074
     0100      8   60  00  00  00  00  00  00  B1    1432.2098
     0100      8   60  00  00  00  00  00  00  B1    1432.2122
     0100      8   60  00  00  00  00  00  00  B1    1432.2146
     0100      8   60  00  00  00  00  00  00  B1    1432.2170
     0100      8   60  00  00  00  00  00  00  B1    1432.2193
     0100      8   60  00  00  00  00  00  00  B1    1432.2217
     0100      8   60  00  00  00  00  00  00  B1    1432.2241
     0100      8   60  00  00  00  00  00  00  B1    1432.2265
     0100      8   60  00  00  00  00  00  00  B1    1432.2288
     0100      8   60  00  00  00  00  00  00  B1    1432.2312
     0100      8   60  00  00  00  00  00  00  B1    1432.2336
     0100      8   60  00  00  00  00  00  00  B1    1432.2360
     0100      8   60  00  00  00  00  00  00  B1    1432.2384
     0100      8   60  00  00  00  00  00  00  B1    1432.2408
     0100      8   60  00  00  00  00  00  00  B1    1432.2431
     0100      8   60  00  00  00  00  00  00  B1    1432.2455
     0100      8   60  00  00  00  00  00  00  B1    1432.2479
     0100      8   60  00  00  00  00  00  00  B1    1432.2503
     0100      8   60  00  00  00  00  00  00  B1    1432.2526
     0100      8   60  00  00  00  00  00  00  B1    1432.2550
     0100      8   60  00  00  00  00  00  00  B1    1432.2574
     0100      8   60  00  00  00  00  00  00  B1    1432.2598
     0100      8   60  00  00  00  00  00  00  B1    1432.2622
     0100      8   60  00  00  00  00  00  00  B1    1432.2645
     0100      8   60  00  00  00  00  00  00  B1    1432.2669
     0100      8   60  00  00  00  00  00  00  B1    1432.2693
     0100      8   60  00  00  00  00  00  00  B1    1432.2717
     0100      8   60  00  00  00  00  00  00  B1    1432.2741
     0100      8   60  00  00  00  00  00  00  B1    1432.2764
     0100      8   60  00  00  00  00  00  00  B1    1432.2788
     0100      8   60  00  00  00  00  00  00  B1    1432.2812
     0100      8   60  00  00  00  00  00  00  B1    1432.2836
     0100      8   60  00  00  00  00  00  00  B1    1432.2860
     0100      8   60  00  00  00  00  00  00  B1    1432.2883
     0100      8   60  00  00  00  00  00  00  B1    1432.2907
     0100      8   60  00  00  00  00  00  00  B1    1432.2931
     0100      8   60  00  00  00  00  00  00  B1    1432.2955
     0100      8   60  00  00  00  00  00  00  B1    1432.2979
     0100      8   60  00  00  00  00  00  00  B1    1432.3002
     0100      8   60  00  00  00  00  00  00  B1    1432.3026
     0100      8   60  00  00  00  00  00  00  B1    1432.3050
     0100      8   60  00  00  00  00  00  00  B1    1432.3074
     0100      8   60  00  00  00  00  00  00  B1    1432.3098
     0100      8   60  00  00  00  00  00  00  B1    1432.3121
     0100      8   60  00  00  00  00  00  00  B1    1432.3145
     0100      8   60  00  00  00  00  00  00  B1    1432.3169
     0100      8   60  00  00  00  00  00  00  B1    1432.3193
     0100      8   60  00  00  00  00  00  00  B1    1432.3217
     0100      8   60  00  00  00  00  00  00  B1    1432.3240
     0100      8   60  00  00  00  00  00  00  B1    1432.3264
     0100      8   60  00  00  00  00  00  00  B1    1432.3288
     0100      8   60  00  00  00  00  00  00  B1    1432.3312
     0100      8   60  00  00  00  00  00  00  B1    1432.3335
     0100      8   60  00  00  00  00  00  00  B1    1432.3359
     0100      8   60  00  00  00  00  00  00  B1    1432.3383
     0100      8   60  00  00  00  00  00  00  B1    1432.3407
     0100      8   60  00  00  00  00  00  00  B1    1432.3431
     0100      8   60  00  00  00  00  00  00  B1    1432.3454
     0100      8   60  00  00  00  00  00  00  B1    1432.3478
     0100      8   60  00  00  00  00  00  00  B1    1432.3502
     0100      8   60  00  00  00  00  00  00  B1    1432.3526
     0100      8   60  00  00  00  00  00  00  B1    1432.3550
     0100      8   60  00  00  00  00  00  00  B1    1432.3574
     0100      8   60  00  00  00  00  00  00  B1    1432.3597
     0100      8   60  00  00  00  00  00  00  B1    1432.3621
     0100      8   60  00  00  00  00  00  00  B1    1432.3645
     0100      8   60  00  00  00  00  00  00  B1    1432.3669
     0100      8   60  00  00  00  00  00  00  B1    1432.3692
     0100      8   60  00  00  00  00  00  00  B1    1432.3716
     0100      8   60  00  00  00  00  00  00  B1    1432.3740
     0100      8   60  00  00  00  00  00  00  B1    1432.3764
     0100      8   60  00  00  00  00  00  00  B1    1432.3788
     0100      8   60  00  00  00  00  00  00  B1    1432.3811
     0100      8   60  00  00  00  00  00  00  B1    1432.3835
     0100      8   60  00  00  00  00  00  00  B1    1432.3859
     0100      8   60  00  00  00  00  00  00  B1    1432.3883
     0100      8   60  00  00  00  00  00  00  B1    1432.3907
     0100      8   60  00  00  00  00  00  00  B1    1432.3930
     0100      8   60  00  00  00  00  00  00  B1    1432.3954
     0100      8   60  00  00  00  00  00  00  B1    1432.3978
     0100      8   60  00  00  00  00  00  00  B1    1432.4002
     0100      8   60  00  00  00  00  00  00  B1    1432.4026
     0100      8   60  00  00  00  00  00  00  B1    1432.4049
     0100      8   60  00  00  00  00  00  00  B1    1432.4073
     0100      8   60  00  00  00  00  00  00  B1    1432.4097
     0100      8   60  00  00  00  00  00  00  B1    1432.4121
     0100      8   60  00  00  00  00  00  00  B1    1432.4145
     0100      8   60  00  00  00  00  00  00  B1    1432.4168
     0100      8   60  00  00  00  00  00  00  B1    1432.4192
     0100      8   60  00  00  00  00  00  00  B1    1432.4216
     0100      8   60  00  00  00  00  00  00  B1    1432.4240
     0100      8   60  00  00  00  00  00  00  B1    1432.4264
     0100      8   60  00  00  00  00  00  00  B1    1432.4287
     0100      8   60  00  00  00  00  00  00  B1    1432.4311
     0100      8   60  00  00  00  00  00  00  B1    1432.4335
     0100      8   60  00  00  00  00  00  00  B1    1432.4359
     0100      8   60  00  00  00  00  00  00  B1    1432.4383
     0100      8   60  00  00  00  00  00  00  B1    1432.4406
     0100      8   60  00  00  00  00  00  00  B1    1432.4430
     0100      8   60  00  00  00  00  00  00  B1    1432.4454
     0100      8   60  00  00  00  00  00  00  B1    1432.4478
     0100      8   60  00  00  00  00  00  00  B1    1432.4501
     0100      8   60  00  00  00  00  00  00  B1    1432.4525
     0100      8   60  00  00  00  00  00  00  B1    1432.4549
     0100      8   60  00  00  00  00  00  00  B1    1432.4573
     0100      8   60  00  00  00  00  00  00  B1    1432.4597
     0100      8   60  00  00  00  00  00  00  B1    1432.4620
     0100      8   60  00  00  00  00  00  00  B1    1432.4644
     0100      8   60  00  00  00  00  00  00  B1    1432.4668
     0100      8   60  00  00  00  00  00  00  B1    1432.4692
     0100      8   60  00  00  00  00  00  00  B1    1432.4716
     0100      8   60  00  00  00  00  00  00  B1    1432.4739
     0100      8   60  00  00  00  00  00  00  B1    1432.4763
     0100      8   60  00  00  00  00  00  00  B1    1432.4787
     0100      8   60  00  00  00  00  00  00  B1    1432.4811
     0100      8   60  00  00  00  00  00  00  B1    1432.4835
     0100      8   60  00  00  00  00  00  00  B1    1432.4858
     0100      8   60  00  00  00  00  00  00  B1    1432.4882
     0100      8   60  00  00  00  00  00  00  B1    1432.4906
     0100      8   60  00  00  00  00  00  00  B1    1432.4930
     0100      8   60  00  00  00  00  00  00  B1    1432.4954
     0100      8   60  00  00  00  00  00  00  B1    1432.4977
     0100      8   60  00  00  00  00  00  00  B1    1432.5001
     0100      8   60  00  00  00  00  00  00  B1    1432.5025
     0100      8   60  00  00  00  00  00  00  B1    1432.5049
     0100      8   60  00  00  00  00  00  00  B1    1432.5073
     0100      8   60  00  00  00  00  00  00  B1    1432.5096
     0100      8   60  00  00  00  00  00  00  B1    1432.5120
     0100      8   60  00  00  00  00  00  00  B1    1432.5144
     0100      8   60  00  00  00  00  00  00  B1    1432.5168
     0100      8   60  00  00  00  00  00  00  B1    1432.5192
     0100      8   60  00  00  00  00  00  00  B1    1432.5215
     0100      8   60  00  00  00  00  00  00  B1    1432.5239
     0100      8   60  00  00  00  00  00  00  B1    1432.5263
     0100      8   60  00  00  00  00  00  00  B1    1432.5287
     0100      8   60  00  00  00  00  00  00  B1    1432.5311
     0100      8   60  00  00  00  00  00  00  B1    1432.5334
     0100      8   60  00  00  00  00  00  00  B1    1432.5358
     0100      8   60  00  00  00  00  00  00  B1    1432.5382
     0100      8   60  00  00  00  00  00  00  B1    1432.5406
     0100      8   60  00  00  00  00  00  00  B1    1432.5430
     0100      8   60  00  00  00  00  00  00  B1    1432.5453
     0100      8   60  00  00  00  00  00  00  B1    1432.5477
     0100      8   60  00  00  00  00  00  00  B1    1432.5501
     0100      8   60  00  00  00  00  00  00  B1    1432.5525
     0100      8   60  00  00  00  00  00  00  B1    1432.5548
     0100      8   60  00  00  00  00  00  00  B1    1432.5572
     0100      8   60  00  00  00  00  00  00  B1    1432.5596
     0100      8   60  00  00  00  00  00  00  B1    1432.5620
     0100      8   60  00  00  00  00  00  00  B1    1432.5644
     0100      8   60  00  00  00  00  00  00  B1    1432.5667
     0100      8   60  00  00  00  00  00  00  B1    1432.5691
     0100      8   60  00  00  00  00  00  00  B1    1432.5715
     0100      8   60  00  00  00  00  00  00  B1    1432.5739
     0100      8   60  00  00  00  00  00  00  B1    1432.5763
     0100      8   60  00  00  00  00  00  00  B1    1432.5786
     0100      8   60  00  00  00  00  00  00  B1    1432.5810
     0100      8   60  00  00  00  00  00  00  B1    1432.5834
     0100      8   60  00  00  00  00  00  00  B1    1432.5858
     0100      8   60  00  00  00  00  00  00  B1    1432.5882
     0100      8   60  00  00  00  00  00  00  B1    1432.5905
     0100      8   60  00  00  00  00  00  00  B1    1432.5929
     0100      8   60  00  00  00  00  00  00  B1    1432.5953
     0100      8   60  00  00  00  00  00  00  B1    1432.5977
     0100      8   60  00  00  00  00  00  00  B1    1432.6001
     0100      8   60  00  00  00  00  00  00  B1    1432.6024
     0100      8   60  00  00  00  00  00  00  B1    1432.6048
     0100      8   60  00  00  00  00  00  00  B1    1432.6072
     0100      8   60  00  00  00  00  00  00  B1    1432.6096
     0100      8   60  00  00  00  00  00  00  B1    1432.6120
     0100      8   60  00  00  00  00  00  00  B1    1432.6143
     0100      8   60  00  00  00  00  00  00  B1    1432.6167
     0100      8   60  00  00  00  00  00  00  B1    1432.6191
     0100      8   60  00  00  00  00  00  00  B1    1432.6215
     0100      8   60  00  00  00  00  00  00  B1    1432.6239
     0100      8   60  00  00  00  00  00  00  B1    1432.6262
     0100      8   60  00  00  00  00  00  00  B1    1432.6286
     0100      8   60  00  00  00  00  00  00  B1    1432.6310
     0100      8   60  00  00  00  00  00  00  B1    1432.6334
     0100      8   60  00  00  00  00  00  00  B1    1432.6358
     0100      8   60  00  00  00  00  00  00  B1    1432.6381
     0100      8   60  00  00  00  00  00  00  B1    1432.6405
     0100      8   60  00  00  00  00  00  00  B1    1432.6429
     0100      8   60  00  00  00  00  00  00  B1    1432.6453
     0100      8   60  00  00  00  00  00  00  B1    1432.6477
     0100      8   60  00  00  00  00  00  00  B1    1432.6500
     0100      8   60  00  00  00  00  00  00  B1    1432.6524
     0100      8   60  00  00  00  00  00  00  B1    1432.6548
     0100      8   60  00  00  00  00  00  00  B1    1432.6572
     0100      8   60  00  00  00  00  00  00  B1    1432.6596
     0100      8   60  00  00  00  00  00  00  B1    1432.6619
     0100      8   60  00  00  00  00  00  00  B1    1432.6643
     0100      8   60  00  00  00  00  00  00  B1    1432.6667
     0100      8   60  00  00  00  00  00  00  B1    1432.6691
     0100      8   60  00  00  00  00  00  00  B1    1432.6714
     0100      8   60  00  00  00  00  00  00  B1    1432.6738
     0100      8   60  00  00  00  00  00  00  B1    1432.6762
     0100      8   60  00  00  00  00  00  00  B1    1432.6786
     0100      8   60  00  00  00  00  00  00  B1    1432.6810
     0100      8   60  00  00  00  00  00  00  B1    1432.6833
     0100      8   60  00  00  00  00  00  00  B1    1432.6857
     0100      8   60  00  00  00  00  00  00  B1    1432.6881
     0100      8   60  00  00  00  00  00  00  B1    1432.6905
     0100      8   60  00  00  00  00  00  00  B1    1432.6929
     0100      8   60  00  00  00  00  00  00  B1    1432.6953
     0100      8   60  00  00  00  00  00  00  B1    1432.6976
     0100      8   60  00  00  00  00  00  00  B1    1432.7000
     0100      8   60  00  00  00  00  00  00  B1    1432.7024
     0100      8   60  00  00  00  00  00  00  B1    1432.7048
     0100      8   60  00  00  00  00  00  00  B1    1432.7071
     0100      8   60  00  00  00  00  00  00  B1    1432.7095
     0100      8   60  00  00  00  00  00  00  B1    1432.7119
     0100      8   60  00  00  00  00  00  00  B1    1432.7143
     0100      8   60  00  00  00  00  00  00  B1    1432.7167
     0100      8   60  00  00  00  00  00  00  B1    1432.7190
     0100      8   60  00  00  00  00  00  00  B1    1432.7214
     0100      8   60  00  00  00  00  00  00  B1    1432.7238
     0100      8   60  00  00  00  00  00  00  B1    1432.7262
     0100      8   60  00  00  00  00  00  00  B1    1432.7286
     0100      8   60  00  00  00  00  00  00  B1    1432.7309
     0100      8   60  00  00  00  00  00  00  B1    1432.7333
     0100      8   60  00  00  00  00  00  00  B1    1432.7357
     0100      8   60  00  00  00  00  00  00  B1    1432.7381
     0100      8   60  00  00  00  00  00  00  B1    1432.7405
     0100      8   60  00  00  00  00  00  00  B1    1432.7428
     0100      8   60  00  00  00  00  00  00  B1    1432.7452
     0100      8   60  00  00  00  00  00  00  B1    1432.7476
     0100      8   60  00  00  00  00  00  00  B1    1432.7500
     0100      8   60  00  00  00  00  00  00  B1    1432.7524
     0100      8   60  00  00  00  00  00  00  B1    1432.7547
     0100      8   60  00  00  00  00  00  00  B1    1432.7571
     0100      8   60  00  00  00  00  00  00  B1    1432.7595
     0100      8   60  00  00  00  00  00  00  B1    1432.7619
     0100      8   60  00  00  00  00  00  00  B1    1432.7643
     0100      8   60  00  00  00  00  00  00  B1    1432.7666
     0100      8   60  00  00  00  00  00  00  B1    1432.7690
     0100      8   60  00  00  00  00  00  00  B1    1432.7714
     0100      8   60  00  00  00  00  00  00  B1    1432.7738
     0100      8   60  00  00  00  00  00  00  B1    1432.7762
     0100      8   60  00  00  00  00  00  00  B1    1432.7785
     0100      8   60  00  00  00  00  00  00  B1    1432.7809
     0100      8   60  00  00  00  00  00  00  B1    1432.7833
     0100      8   60  00  00  00  00  00  00  B1    1432.7857
     0100      8   60  00  00  00  00  00  00  B1    1432.7880
     0100      8   60  00  00  00  00  00  00  B1    1432.7904
     0100      8   60  00  00  00  00  00  00  B1    1432.7928
     0100      8   60  00  00  00  00  00  00  B1    1432.7952
     0100      8   60  00  00  00  00  00  00  B1    1432.7976
     0100      8   60  00  00  00  00  00  00  B1    1432.7999
     0100      8   60  00  00  00  00  00  00  B1    1432.8023
     0100      8   60  00  00  00  00  00  00  B1    1432.8047
     0100      8   60  00  00  00  00  00  00  B1    1432.8071
     0100      8   60  00  00  00  00  00  00  B1    1432.8095
     0100      8   60  00  00  00  00  00  00  B1    1432.8118
     0100      8   60  00  00  00  00  00  00  B1    1432.8142
     0100      8   60  00  00  00  00  00  00  B1    1432.8166
     0100      8   60  00  00  00  00  00  00  B1    1432.8190
     0100      8   60  00  00  00  00  00  00  B1    1432.8214
     0100      8   60  00  00  00  00  00  00  B1    1432.8237
     0100      8   60  00  00  00  00  00  00  B1    1432.8261
     0100      8   60  00  00  00  00  00  00  B1    1432.8285
     0100      8   60  00  00  00  00  00  00  B1    1432.8309
     0100      8   60  00  00  00  00  00  00  B1    1432.8333
     0100      8   60  00  00  00  00  00  00  B1    1432.8356
     0100      8   60  00  00  00  00  00  00  B1    1432.8380
     0100      8   60  00  00  00  00  00  00  B1    1432.8404
     0100      8   60  00  00  00  00  00  00  B1    1432.8428
     0100      8   60  00  00  00  00  00  00  B1    1432.8452
     0100      8   60  00  00  00  00  00  00  B1    1432.8475
     0100      8   60  00  00  00  00  00  00  B1    1432.8499
     0100      8   60  00  00  00  00  00  00  B1    1432.8523
     0100      8   60  00  00  00  00  00  00  B1    1432.8547
     0100      8   60  00  00  00  00  00  00  B1    1432.8571
     0100      8   60  00  00  00  00  00  00  B1    1432.8594
     0100      8   60  00  00  00  00  00  00  B1    1432.8618
     0100      8   60  00  00  00  00  00  00  B1    1432.8642
     0100      8   60  00  00  00  00  00  00  B1    1432.8666
     0100      8   60  00  00  00  00  00  00  B1    1432.8690
     0100      8   60  00  00  00  00  00  00  B1    1432.8713
     0100      8   60  00  00  00  00  00  00  B1    1432.8737
     0100      8   60  00  00  00  00  00  00  B1    1432.8761
     0100      8   60  00  00  00  00  00  00  B1    1432.8785
     0100      8   60  00  00  00  00  00  00  B1    1432.8809
     0100      8   60  00  00  00  00  00  00  B1    1432.8832
     0100      8   60  00  00  00  00  00  00  B1    1432.8856
     0100      8   60  00  00  00  00  00  00  B1    1432.8880
     0100      8   60  00  00  00  00  00  00  B1    1432.8904
     0100      8   60  00  00  00  00  00  00  B1    1432.8928
     0100      8   60  00  00  00  00  00  00  B1    1432.8951
     0100      8   60  00  00  00  00  00  00  B1    1432.8975
     0100      8   60  00  00  00  00  00  00  B1    1432.8999
     0100      8   60  00  00  00  00  00  00  B1    1432.9023
     0100      8   60  00  00  00  00  00  00  B1    1432.9046
     0100      8   60  00  00  00  00  00  00  B1    1432.9070
     0100      8   60  00  00  00  00  00  00  B1    1432.9094
     0100      8   60  00  00  00  00  00  00  B1    1432.9118
     0100      8   60  00  00  00  00  00  00  B1    1432.9142
     0100      8   60  00  00  00  00  00  00  B1    1432.9165
     0100      8   60  00  00  00  00  00  00  B1    1432.9189
     0100      8   60  00  00  00  00  00  00  B1    1432.9213
     0100      8   60  00  00  00  00  00  00  B1    1432.9237
     0100      8   60  00  00  00  00  00  00  B1    1432.9261
     0100      8   60  00  00  00  00  00  00  B1    1432.9284
     0100      8   60  00  00  00  00  00  00  B1    1432.9308
     0100      8   60  00  00  00  00  00  00  B1    1432.9332
     0100      8   60  00  00  00  00  00  00  B1    1432.9356
     0100      8   60  00  00  00  00  00  00  B1    1432.9380
     0100      8   60  00  00  00  00  00  00  B1    1432.9403
     0100      8   60  00  00  00  00  00  00  B1    1432.9427
     0100      8   60  00  00  00  00  00  00  B1    1432.9451
     0100      8   60  00  00  00  00  00  00  B1    1432.9475
     0100      8   60  00  00  00  00  00  00  B1    1432.9499
     0100      8   60  00  00  00  00  00  00  B1    1432.9522
     0100      8   60  00  00  00  00  00  00  B1    1432.9546
     0100      8   60  00  00  00  00  00  00  B1    1432.9570
     0100      8   60  00  00  00  00  00  00  B1    1432.9594
     0100      8   60  00  00  00  00  00  00  B1    1432.9618
     0100      8   60  00  00  00  00  00  00  B1    1432.9641
     0100      8   60  00  00  00  00  00  00  B1    1432.9665
     0100      8   60  00  00  00  00  00  00  B1    1432.9689
     0100      8   60  00  00  00  00  00  00  B1    1432.9713
     0100      8   60  00  00  00  00  00  00  B1    1432.9737
     0100      8   60  00  00  00  00  00  00  B1    1432.9760
     0100      8   60  00  00  00  00  00  00  B1    1432.9784
     0100      8   60  00  00  00  00  00  00  B1    1432.9808
     0100      8   60  00  00  00  00  00  00  B1    1432.9832
     0100      8   60  00  00  00  00  00  00  B1    1432.9856
     0100      8   60  00  00  00  00  00  00  B1    1432.9879
     0100      8   60  00  00  00  00  00  00  B1    1432.9903
     0100      8   60  00  00  00  00  00  00  B1    1432.9927
     0100      8   60  00  00  00  00  00  00  B1    1432.9951
     0100      8   60  00  00  00  00  00  00  B1    1432.9975
     0100      8   60  00  00  00  00  00  00  B1    1432.9998
     0100      8   60  00  00  00  00  00  00  B1    1433.0022
     0100      8   60  00  00  00  00  00  00  B1    1433.0046
     0100      8   60  00  00  00  00  00  00  B1    1433.0070
     0100      8   60  00  00  00  00  00  00  B1    1433.0093
     0100      8   60  00  00  00  00  00  00  B1    1433.0117
     0100      8   60  00  00  00  00  00  00  B1    1433.0141
     0100      8   60  00  00  00  00  00  00  B1    1433.0165
     0100      8   60  00  00  00  00  00  00  B1    1433.0189
     0100      8   60  00  00  00  00  00  00  B1    1433.0212
     0100      8   60  00  00  00  00  00  00  B1    1433.0236
     0100      8   60  00  00  00  00  00  00  B1    1433.0260
     0100      8   60  00  00  00  00  00  00  B1    1433.0284
     0100      8   60  00  00  00  00  00  00  B1    1433.0308
     0100      8   60  00  00  00  00  00  00  B1    1433.0332
     0100      8   60  00  00  00  00  00  00  B1    1433.0355
     0100      8   60  00  00  00  00  00  00  B1    1433.0379
     0100      8   60  00  00  00  00  00  00  B1    1433.0403
     0100      8   60  00  00  00  00  00  00  B1    1433.0427
     0100      8   60  00  00  00  00  00  00  B1    1433.0450
     0100      8   60  00  00  00  00  00  00  B1    1433.0474
     0100      8   60  00  00  00  00  00  00  B1    1433.0498
     0100      8   60  00  00  00  00  00  00  B1    1433.0522
     0100      8   60  00  00  00  00  00  00  B1    1433.0546
     0100      8   60  00  00  00  00  00  00  B1    1433.0569
     0100      8   60  00  00  00  00  00  00  B1    1433.0593
     0100      8   60  00  00  00  00  00  00  B1    1433.0617
     0100      8   60  00  00  00  00  00  00  B1    1433.0641
     0100      8   60  00  00  00  00  00  00  B1    1433.0665
     0100      8   60  00  00  00  00  00  00  B1    1433.0688
     0100      8   60  00  00  00  00  00  00  B1    1433.0712
     0100      8   60  00  00  00  00  00  00  B1    1433.0736
     0100      8   60  00  00  00  00  00  00  B1    1433.0760
     0100      8   60  00  00  00  00  00  00  B1    1433.0784
     0100      8   60  00  00  00  00  00  00  B1    1433.0807
     0100      8   60  00  00  00  00  00  00  B1    1433.0831
     0100      8   60  00  00  00  00  00  00  B1    1433.0855
     0100      8   60  00  00  00  00  00  00  B1    1433.0879
     0100      8   60  00  00  00  00  00  00  B1    1433.0903
     0100      8   60  00  00  00  00  00  00  B1    1433.0926
     0100      8   60  00  00  00  00  00  00  B1    1433.0950
     0100      8   60  00  00  00  00  00  00  B1    1433.0974
     0100      8   60  00  00  00  00  00  00  B1    1433.0998
     0100      8   60  00  00  00  00  00  00  B1    1433.1022
     0100      8   60  00  00  00  00  00  00  B1    1433.1045
     0100      8   60  00  00  00  00  00  00  B1    1433.1069
     0100      8   60  00  00  00  00  00  00  B1    1433.1093
     0100      8   60  00  00  00  00  00  00  B1    1433.1117
     0100      8   60  00  00  00  00  00  00  B1    1433.1141
     0100      8   60  00  00  00  00  00  00  B1    1433.1164
     0100      8   60  00  00  00  00  00  00  B1    1433.1188
     0100      8   60  00  00  00  00  00  00  B1    1433.1212
     0100      8   60  00  00  00  00  00  00  B1    1433.1236
     0100      8   60  00  00  00  00  00  00  B1    1433.1259
     0100      8   60  00  00  00  00  00  00  B1    1433.1283
     0100      8   60  00  00  00  00  00  00  B1    1433.1307
     0100      8   60  00  00  00  00  00  00  B1    1433.1331
     0100      8   60  00  00  00  00  00  00  B1    1433.1355
     0100      8   60  00  00  00  00  00  00  B1    1433.1378
     0100      8   60  00  00  00  00  00  00  B1    1433.1402
     0100      8   60  00  00  00  00  00  00  B1    1433.1426
     0100      8   60  00  00  00  00  00  00  B1    1433.1450
     0100      8   60  00  00  00  00  00  00  B1    1433.1474
     0100      8   60  00  00  00  00  00  00  B1    1433.1497
     0100      8   60  00  00  00  00  00  00  B1    1433.1521
     0100      8   60  00  00  00  00  00  00  B1    1433.1545
     0100      8   60  00  00  00  00  00  00  B1    1433.1569
     0100      8   60  00  00  00  00  00  00  B1    1433.1593
     0100      8   60  00  00  00  00  00  00  B1    1433.1616
     0100      8   60  00  00  00  00  00  00  B1    1433.1640
     0100      8   60  00  00  00  00  00  00  B1    1433.1664
     0100      8   60  00  00  00  00  00  00  B1    1433.1688
     0100      8   60  00  00  00  00  00  00  B1    1433.1712
     0100      8   60  00  00  00  00  00  00  B1    1433.1735
     0100      8   60  00  00  00  00  00  00  B1    1433.1759
     0100      8   60  00  00  00  00  00  00  B1    1433.1783
     0100      8   60  00  00  00  00  00  00  B1    1433.1807
     0100      8   60  00  00  00  00  00  00  B1    1433.1831
     0100      8   60  00  00  00  00  00  00  B1    1433.1854
     0100      8   60  00  00  00  00  00  00  B1    1433.1878
     0100      8   60  00  00  00  00  00  00  B1    1433.1902
     0100      8   60  00  00  00  00  00  00  B1    1433.1926
     0100      8   60  00  00  00  00  00  00  B1    1433.1950
     0100      8   60  00  00  00  00  00  00  B1    1433.1973
     0100      8   60  00  00  00  00  00  00  B1    1433.1997
     0100      8   60  00  00  00  00  00  00  B1    1433.2021
     0100      8   60  00  00  00  00  00  00  B1    1433.2045
     0100      8   60  00  00  00  00  00  00  B1    1433.2069
     0100      8   60  00  00  00  00  00  00  B1    1433.2092
     0100      8   60  00  00  00  00  00  00  B1    1433.2116
     0100      8   60  00  00  00  00  00  00  B1    1433.2140
     0100      8   60  00  00  00  00  00  00  B1    1433.2164
     0100      8   60  00  00  00  00  00  00  B1    1433.2188
     0100      8   60  00  00  00  00  00  00  B1    1433.2211
     0100      8   60  00  00  00  00  00  00  B1    1433.2235
     0100      8   60  00  00  00  00  00  00  B1    1433.2259
     0100      8   60  00  00  00  00  00  00  B1    1433.2283
     0100      8   60  00  00  00  00  00  00  B1    1433.2307
     0100      8   60  00  00  00  00  00  00  B1    1433.2330
     0100      8   60  00  00  00  00  00  00  B1    1433.2354
     0100      8   60  00  00  00  00  00  00  B1    1433.2378
     0100      8   60  00  00  00  00  00  00  B1    1433.2402
     0100      8   60  00  00  00  00  00  00  B1    1433.2425
     0100      8   60  00  00  00  00  00  00  B1    1433.2449
     0100      8   60  00  00  00  00  00  00  B1    1433.2473
     0100      8   60  00  00  00  00  00  00  B1    1433.2497
     0100      8   60  00  00  00  00  00  00  B1    1433.2521
     0100      8   60  00  00  00  00  00  00  B1    1433.2544
     0100      8   60  00  00  00  00  00  00  B1    1433.2568
     0100      8   60  00  00  00  00  00  00  B1    1433.2592
     0100      8   60  00  00  00  00  00  00  B1    1433.2616
     0100      8   60  00  00  00  00  00  00  B1    1433.2640
     0100      8   60  00  00  00  00  00  00  B1    1433.2663
     0100      8   60  00  00  00  00  00  00  B1    1433.2687
     0100      8   60  00  00  00  00  00  00  B1    1433.2711
     0100      8   60  00  00  00  00  00  00  B1    1433.2735
     0100      8   60  00  00  00  00  00  00  B1    1433.2759
     0100      8   60  00  00  00  00  00  00  B1    1433.2782
     0100      8   60  00  00  00  00  00  00  B1    1433.2806
     0100      8   60  00  00  00  00  00  00  B1    1433.2830
     0100      8   60  00  00  00  00  00  00  B1    1433.2854
     0100      8   60  00  00  00  00  00  00  B1    1433.2878
     0100      8   60  00  00  00  00  00  00  B1    1433.2901
     0100      8   60  00  00  00  00  00  00  B1    1433.2925
     0100      8   60  00  00  00  00  00  00  B1    1433.2949
     0100      8   60  00  00  00  00  00  00  B1    1433.2973
     0100      8   60  00  00  00  00  00  00  B1    1433.2997
     0100      8   60  00  00  00  00  00  00  B1    1433.3020
     0100      8   60  00  00  00  00  00  00  B1    1433.3044
     0100      8   60  00  00  00  00  00  00  B1    1433.3068
     0100      8   60  00  00  00  00  00  00  B1    1433.3092
     0100      8   60  00  00  00  00  00  00  B1    1433.3116
     0100      8   60  00  00  00  00  00  00  B1    1433.3139
     0100      8   60  00  00  00  00  00  00  B1    1433.3163
     0100      8   60  00  00  00  00  00  00  B1    1433.3187
     0100      8   60  00  00  00  00  00  00  B1    1433.3211
     0100      8   60  00  00  00  00  00  00  B1    1433.3235
     0100      8   60  00  00  00  00  00  00  B1    1433.3258
     0100      8   60  00  00  00  00  00  00  B1    1433.3282
     0100      8   60  00  00  00  00  00  00  B1    1433.3306
     0100      8   60  00  00  00  00  00  00  B1    1433.3330
     0100      8   60  00  00  00  00  00  00  B1    1433.3353
     0100      8   60  00  00  00  00  00  00  B1    1433.3377
     0100      8   60  00  00  00  00  00  00  B1    1433.3401
     0100      8   60  00  00  00  00  00  00  B1    1433.3425
     0100      8   60  00  00  00  00  00  00  B1    1433.3449
     0100      8   60  00  00  00  00  00  00  B1    1433.3472
     0100      8   60  00  00  00  00  00  00  B1    1433.3496
     0100      8   60  00  00  00  00  00  00  B1    1433.3520
     0100      8   60  00  00  00  00  00  00  B1    1433.3544
     0100      8   60  00  00  00  00  00  00  B1    1433.3568
     0100      8   60  00  00  00  00  00  00  B1    1433.3591
     0100      8   60  00  00  00  00  00  00  B1    1433.3615
     0100      8   60  00  00  00  00  00  00  B1    1433.3639
     0100      8   60  00  00  00  00  00  00  B1    1433.3663
     0100      8   60  00  00  00  00  00  00  B1    1433.3687
     0100      8   60  00  00  00  00  00  00  B1    1433.3711
     0100      8   60  00  00  00  00  00  00  B1    1433.3734
     0100      8   60  00  00  00  00  00  00  B1    1433.3758
     0100      8   60  00  00  00  00  00  00  B1    1433.3782
     0100      8   60  00  00  00  00  00  00  B1    1433.3806
     0100      8   60  00  00  00  00  00  00  B1    1433.3829
     0100      8   60  00  00  00  00  00  00  B1    1433.3853
     0100      8   60  00  00  00  00  00  00  B1    1433.3877
     0100      8   60  00  00  00  00  00  00  B1    1433.3901
     0100      8   60  00  00  00  00  00  00  B1    1433.3925
     0100      8   60  00  00  00  00  00  00  B1    1433.3948
     0100      8   60  00  00  00  00  00  00  B1    1433.3972
     0100      8   60  00  00  00  00  00  00  B1    1433.3996
     0100      8   60  00  00  00  00  00  00  B1    1433.4020
     0100      8   60  00  00  00  00  00  00  B1    1433.4044
     0100      8   60  00  00  00  00  00  00  B1    1433.4067
     0100      8   60  00  00  00  00  00  00  B1    1433.4091
     0100      8   60  00  00  00  00  00  00  B1    1433.4115
     0100      8   60  00  00  00  00  00  00  B1    1433.4139
     0100      8   60  00  00  00  00  00  00  B1    1433.4163
     0100      8   60  00  00  00  00  00  00  B1    1433.4186
     0100      8   60  00  00  00  00  00  00  B1    1433.4210
     0100      8   60  00  00  00  00  00  00  B1    1433.4234
     0100      8   60  00  00  00  00  00  00  B1    1433.4258
     0100      8   60  00  00  00  00  00  00  B1    1433.4282
     0100      8   60  00  00  00  00  00  00  B1    1433.4305
     0100      8   60  00  00  00  00  00  00  B1    1433.4329
     0100      8   60  00  00  00  00  00  00  B1    1433.4353
     0100      8   60  00  00  00  00  00  00  B1    1433.4377
     0100      8   60  00  00  00  00  00  00  B1    1433.4401
     0100      8   60  00  00  00  00  00  00  B1    1433.4424
     0100      8   60  00  00  00  00  00  00  B1    1433.4448
     0100      8   60  00  00  00  00  00  00  B1    1433.4472
     0100      8   60  00  00  00  00  00  00  B1    1433.4496
     0100      8   60  00  00  00  00  00  00  B1    1433.4520
     0100      8   60  00  00  00  00  00  00  B1    1433.4543
     0100      8   60  00  00  00  00  00  00  B1    1433.4567
     0100      8   60  00  00  00  00  00  00  B1    1433.4591
     0100      8   60  00  00  00  00  00  00  B1    1433.4615
     0100      8   60  00  00  00  00  00  00  B1    1433.4638
     0100      8   60  00  00  00  00  00  00  B1    1433.4662
     0100      8   60  00  00  00  00  00  00  B1    1433.4686
     0100      8   60  00  00  00  00  00  00  B1    1433.4710
     0100      8   60  00  00  00  00  00  00  B1    1433.4734
     0100      8   60  00  00  00  00  00  00  B1    1433.4757
     0100      8   60  00  00  00  00  00  00  B1    1433.4781
     0100      8   60  00  00  00  00  00  00  B1    1433.4805
     0100      8   60  00  00  00  00  00  00  B1    1433.4829
     0100      8   60  00  00  00  00  00  00  B1    1433.4853
     0100      8   60  00  00  00  00  00  00  B1    1433.4876
     0100      8   60  00  00  00  00  00  00  B1    1433.4900
     0100      8   60  00  00  00  00  00  00  B1    1433.4924
     0100      8   60  00  00  00  00  00  00  B1    1433.4948
     0100      8   60  00  00  00  00  00  00  B1    1433.4972
     0100      8   60  00  00  00  00  00  00  B1    1433.4995
     0100      8   60  00  00  00  00  00  00  B1    1433.5019
     0100      8   60  00  00  00  00  00  00  B1    1433.5043
     0100      8   60  00  00  00  00  00  00  B1    1433.5067
     0100      8   60  00  00  00  00  00  00  B1    1433.5091
     0100      8   60  00  00  00  00  00  00  B1    1433.5114
     0100      8   60  00  00  00  00  00  00  B1    1433.5138
     0100      8   60  00  00  00  00  00  00  B1    1433.5162
     0100      8   60  00  00  00  00  00  00  B1    1433.5186
     0100      8   60  00  00  00  00  00  00  B1    1433.5210
     0100      8   60  00  00  00  00  00  00  B1    1433.5233
     0100      8   60  00  00  00  00  00  00  B1    1433.5257
     0100      8   60  00  00  00  00  00  00  B1    1433.5281
     0100      8   60  00  00  00  00  00  00  B1    1433.5305
     0100      8   60  00  00  00  00  00  00  B1    1433.5329
     0100      8   60  00  00  00  00  00  00  B1    1433.5352
     0100      8   60  00  00  00  00  00  00  B1    1433.5376
     0100      8   60  00  00  00  00  00  00  B1    1433.5400
     0100      8   60  00  00  00  00  00  00  B1    1433.5424
     0100      8   60  00  00  00  00  00  00  B1    1433.5448
     0100      8   60  00  00  00  00  00  00  B1    1433.5471
     0100      8   60  00  00  00  00  00  00  B1    1433.5495
     0100      8   60  00  00  00  00  00  00  B1    1433.5519
     0100      8   60  00  00  00  00  00  00  B1    1433.5543
     0100      8   60  00  00  00  00  00  00  B1    1433.5567
     0100      8   60  00  00  00  00  00  00  B1    1433.5590
     0100      8   60  00  00  00  00  00  00  B1    1433.5614
     0100      8   60  00  00  00  00  00  00  B1    1433.5638
     0100      8   60  00  00  00  00  00  00  B1    1433.5662
     0100      8   60  00  00  00  00  00  00  B1    1433.5686
     0100      8   60  00  00  00  00  00  00  B1    1433.5709
     0100      8   60  00  00  00  00  00  00  B1    1433.5733
