     0100      8   00  00  00  00  00  00  00  00     514.5168
     0100      8   00  00  00  00  00  00  00  00     514.5170
     0100      8   00  00  00  00  00  00  00  00     514.5173
     0100      8   00  00  00  00  00  00  00  00     514.5181
     0100      8   00  00  00  00  00  00  00  00     514.5201
     0100      8   00  00  00  00  00  00  00  00     514.5221
     0100      8   00  00  00  00  00  00  00  00     514.5241
     0100      8   00  00  00  00  00  00  00  00     514.5261
     0100      8   00  00  00  00  00  00  00  00     514.5281
     0100      8   00  00  00  00  00  00  00  00     514.5301
     0100      8   00  00  00  00  00  00  00  00     514.5321
     0100      8   00  00  00  00  00  00  00  00     514.5341
     0100      8   00  00  00  00  00  00  00  00     514.5361
     0100      8   00  00  00  00  00  00  00  00     514.5384
     0100      8   00  00  00  00  00  00  00  00     514.5408
     0100      8   00  00  00  00  00  00  00  00     514.5432
     0100      8   00  00  00  00  00  00  00  00     514.5456
     0100      8   00  00  00  00  00  00  00  00     514.5479
     0100      8   00  00  00  00  00  00  00  00     514.5503
     0100      8   00  00  00  00  00  00  00  00     514.5527
     0100      8   00  00  00  00  00  00  00  00     514.5551
     0100      8   00  00  00  00  00  00  00  00     514.5575
     0100      8   00  00  00  00  00  00  00  00     514.5598
     0100      8   00  00  00  00  00  00  00  00     514.5622
     0100      8   00  00  00  00  00  00  00  00     514.5646
     0100      8   00  00  00  00  00  00  00  00     514.5670
     0100      8   00  00  00  00  00  00  00  00     514.5694
     0100      8   00  00  00  00  00  00  00  00     514.5717
     0100      8   00  00  00  00  00  00  00  00     514.5741
     0100      8   00  00  00  00  00  00  00  00     514.5765
     0100      8   00  00  00  00  00  00  00  00     514.5789
     0100      8   00  00  00  00  00  00  00  00     514.5813
     0100      8   00  00  00  00  00  00  00  00     514.5836
     0100      8   00  00  00  00  00  00  00  00     514.5860
     0100      8   00  00  00  00  00  00  00  00     514.5884
     0100      8   00  00  00  00  00  00  00  00     514.5908
     0100      8   00  00  00  00  00  00  00  00     514.5932
     0100      8   00  00  00  00  00  00  00  00     514.5955
     0100      8   00  00  00  00  00  00  00  00     514.5979
     0100      8   00  00  00  00  00  00  00  00     514.6003
     0100      8   00  00  00  00  00  00  00  00     514.6027
     0100      8   00  00  00  00  00  00  00  00     514.6051
     0100      8   00  00  00  00  00  00  00  00     514.6074
     0100      8   00  00  00  00  00  00  00  00     514.6098
     0100      8   00  00  00  00  00  00  00  00     514.6122
     0100      8   00  00  00  00  00  00  00  00     514.6146
     0100      8   00  00  00  00  00  00  00  00     514.6169
     0100      8   00  00  00  00  00  00  00  00     514.6193
     0100      8   00  00  00  00  00  00  00  00     514.6217
     0100      8   00  00  00  00  00  00  00  00     514.6241
     0100      8   00  00  00  00  00  00  00  00     514.6265
     0100      8   00  00  00  00  00  00  00  00     514.6288
     0100      8   00  00  00  00  00  00  00  00     514.6312
     0100      8   00  00  00  00  00  00  00  00     514.6336
     0100      8   00  00  00  00  00  00  00  00     514.6360
     0100      8   00  00  00  00  00  00  00  00     514.6384
     0100      8   00  00  00  00  00  00  00  00     514.6407
     0100      8   00  00  00  00  00  00  00  00     514.6431
     0100      8   00  00  00  00  00  00  00  00     514.6455
     0100      8   00  00  00  00  00  00  00  00     514.6479
     0100      8   00  00  00  00  00  00  00  00     514.6503
     0100      8   00  00  00  00  00  00  00  00     514.6527
     0100      8   00  00  00  00  00  00  00  00     514.6550
     0100      8   00  00  00  00  00  00  00  00     514.6574
     0100      8   00  00  00  00  00  00  00  00     514.6598
     0100      8   00  00  00  00  00  00  00  00     514.6622
     0100      8   00  00  00  00  00  00  00  00     514.6645
     0100      8   00  00  00  00  00  00  00  00     514.6669
     0100      8   00  00  00  00  00  00  00  00     514.6693
     0100      8   00  00  00  00  00  00  00  00     514.6717
     0100      8   00  00  00  00  00  00  00  00     514.6741
     0100      8   00  00  00  00  00  00  00  00     514.6764
     0100      8   00  00  00  00  00  00  00  00     514.6788
     0100      8   00  00  00  00  00  00  00  00     514.6812
     0100      8   00  00  00  00  00  00  00  00     514.6836
     0100      8   00  00  00  00  00  00  00  00     514.6860
     0100      8   00  00  00  00  00  00  00  00     514.6883
     0100      8   00  00  00  00  00  00  00  00     514.6907
     0100      8   00  00  00  00  00  00  00  00     514.6931
     0100      8   00  00  00  00  00  00  00  00     514.6955
     0100      8   00  00  00  00  00  00  00  00     514.6979
     0100      8   00  00  00  00  00  00  00  00     514.7002
     0100      8   00  00  00  00  00  00  00  00     514.7026
     0100      8   00  00  00  00  00  00  00  00     514.7050
     0100      8   00  00  00  00  00  00  00  00     514.7074
     0100      8   00  00  00  00  00  00  00  00     514.7098
     0100      8   00  00  00  00  00  00  00  00     514.7121
     0100      8   00  00  00  00  00  00  00  00     514.7145
     0100      8   00  00  00  00  00  00  00  00     514.7169
     0100      8   00  00  00  00  00  00  00  00     514.7193
     0100      8   00  00  00  00  00  00  00  00     514.7217
     0100      8   00  00  00  00  00  00  00  00     514.7240
     0100      8   00  00  00  00  00  00  00  00     514.7264
     0100      8   00  00  00  00  00  00  00  00     514.7288
     0100      8   00  00  00  00  00  00  00  00     514.7312
     0100      8   00  00  00  00  00  00  00  00     514.7336
     0100      8   00  00  00  00  00  00  00  00     514.7359
     0100      8   00  00  00  00  00  00  00  00     514.7383
     0100      8   00  00  00  00  00  00  00  00     514.7407
     0100      8   00  00  00  00  00  00  00  00     514.7431
     0100      8   00  00  00  00  00  00  00  00     514.7454
     0100      8   00  00  00  00  00  00  00  00     514.7478
     0100      8   00  00  00  00  00  00  00  00     514.7502
     0100      8   00  00  00  00  00  00  00  00     514.7526
     0100      8   00  00  00  00  00  00  00  00     514.7550
     0100      8   00  00  00  00  00  00  00  00     514.7573
     0100      8   00  00  00  00  00  00  00  00     514.7597
     0100      8   00  00  00  00  00  00  00  00     514.7621
     0100      8   00  00  00  00  00  00  00  00     514.7645
     0100      8   00  00  00  00  00  00  00  00     514.7669
     0100      8   00  00  00  00  00  00  00  00     514.7692
     0100      8   00  00  00  00  00  00  00  00     514.7716
     0100      8   00  00  00  00  00  00  00  00     514.7740
     0100      8   00  00  00  00  00  00  00  00     514.7764
     0100      8   00  00  00  00  00  00  00  00     514.7788
     0100      8   00  00  00  00  00  00  00  00     514.7811
     0100      8   00  00  00  00  00  00  00  00     514.7835
     0100      8   00  00  00  00  00  00  00  00     514.7859
     0100      8   00  00  00  00  00  00  00  00     514.7883
     0100      8   00  00  00  00  00  00  00  00     514.7907
     0100      8   00  00  00  00  00  00  00  00     514.7930
     0100      8   00  00  00  00  00  00  00  00     514.7954
     0100      8   00  00  00  00  00  00  00  00     514.7978
     0100      8   00  00  00  00  00  00  00  00     514.8002
     0100      8   00  00  00  00  00  00  00  00     514.8026
     0100      8   00  00  00  00  00  00  00  00     514.8049
     0100      8   00  00  00  00  00  00  00  00     514.8073
     0100      8   00  00  00  00  00  00  00  00     514.8097
     0100      8   00  00  00  00  00  00  00  00     514.8121
     0100      8   00  00  00  00  00  00  00  00     514.8145
     0100      8   00  00  00  00  00  00  00  00     514.8168
     0100      8   00  00  00  00  00  00  00  00     514.8192
     0100      8   00  00  00  00  00  00  00  00     514.8216
     0100      8   00  00  00  00  00  00  00  00     514.8240
     0100      8   00  00  00  00  00  00  00  00     514.8264
     0100      8   00  00  00  00  00  00  00  00     514.8287
     0100      8   00  00  00  00  00  00  00  00     514.8311
     0100      8   00  00  00  00  00  00  00  00     514.8335
     0100      8   00  00  00  00  00  00  00  00     514.8359
     0100      8   00  00  00  00  00  00  00  00     514.8383
     0100      8   00  00  00  00  00  00  00  00     514.8406
     0100      8   00  00  00  00  00  00  00  00     514.8430
     0100      8   00  00  00  00  00  00  00  00     514.8454
     0100      8   00  00  00  00  00  00  00  00     514.8478
     0100      8   00  00  00  00  00  00  00  00     514.8502
     0100      8   00  00  00  00  00  00  00  00     514.8525
     0100      8   00  00  00  00  00  00  00  00     514.8549
     0100      8   00  00  00  00  00  00  00  00     514.8573
     0100      8   00  00  00  00  00  00  00  00     514.8597
     0100      8   00  00  00  00  00  00  00  00     514.8620
     0100      8   00  00  00  00  00  00  00  00     514.8644
     0100      8   00  00  00  00  00  00  00  00     514.8668
     0100      8   00  00  00  00  00  00  00  00     514.8692
     0100      8   00  00  00  00  00  00  00  00     514.8716
     0100      8   00  00  00  00  00  00  00  00     514.8739
     0100      8   00  00  00  00  00  00  00  00     514.8763
     0100      8   00  00  00  00  00  00  00  00     514.8787
     0100      8   00  00  00  00  00  00  00  00     514.8811
     0100      8   00  00  00  00  00  00  00  00     514.8835
     0100      8   00  00  00  00  00  00  00  00     514.8858
     0100      8   00  00  00  00  00  00  00  00     514.8882
     0100      8   00  00  00  00  00  00  00  00     514.8906
     0100      8   00  00  00  00  00  00  00  00     514.8930
     0100      8   00  00  00  00  00  00  00  00     514.8954
     0100      8   00  00  00  00  00  00  00  00     514.8977
     0100      8   00  00  00  00  00  00  00  00     514.9001
     0100      8   00  00  00  00  00  00  00  00     514.9025
     0100      8   00  00  00  00  00  00  00  00     514.9049
     0100      8   00  00  00  00  00  00  00  00     514.9073
     0100      8   00  00  00  00  00  00  00  00     514.9096
     0100      8   00  00  00  00  00  00  00  00     514.9120
     0100      8   00  00  00  00  00  00  00  00     514.9144
     0100      8   00  00  00  00  00  00  00  00     514.9168
     0100      8   00  00  00  00  00  00  00  00     514.9192
     0100      8   00  00  00  00  00  00  00  00     514.9215
     0100      8   00  00  00  00  00  00  00  00     514.9239
     0100      8   00  00  00  00  00  00  00  00     514.9263
     0100      8   00  00  00  00  00  00  00  00     514.9287
     0100      8   00  00  00  00  00  00  00  00     514.9311
     0100      8   00  00  00  00  00  00  00  00     514.9334
     0100      8   00  00  00  00  00  00  00  00     514.9358
     0100      8   00  00  00  00  00  00  00  00     514.9382
     0100      8   00  00  00  00  00  00  00  00     514.9406
     0100      8   00  00  00  00  00  00  00  00     514.9430
     0100      8   00  00  00  00  00  00  00  00     514.9453
     0100      8   00  00  00  00  00  00  00  00     514.9477
     0100      8   00  00  00  00  00  00  00  00     514.9501
     0100      8   00  00  00  00  00  00  00  00     514.9525
     0100      8   00  00  00  00  00  00  00  00     514.9549
     0100      8   00  00  00  00  00  00  00  00     514.9572
     0100      8   00  00  00  00  00  00  00  00     514.9596
     0100      8   00  00  00  00  00  00  00  00     514.9620
     0100      8   00  00  00  00  00  00  00  00     514.9644
     0100      8   00  00  00  00  00  00  00  00     514.9667
     0100      8   00  00  00  00  00  00  00  00     514.9691
     0100      8   00  00  00  00  00  00  00  00     514.9715
     0100      8   00  00  00  00  00  00  00  00     514.9739
     0100      8   00  00  00  00  00  00  00  00     514.9763
     0100      8   00  00  00  00  00  00  00  00     514.9786
     0100      8   00  00  00  00  00  00  00  00     514.9810
     0100      8   00  00  00  00  00  00  00  00     514.9834
     0100      8   00  00  00  00  00  00  00  00     514.9858
     0100      8   00  00  00  00  00  00  00  00     514.9882
     0100      8   00  00  00  00  00  00  00  00     514.9906
     0100      8   00  00  00  00  00  00  00  00     514.9929
     0100      8   00  00  00  00  00  00  00  00     514.9953
     0100      8   00  00  00  00  00  00  00  00     514.9977
     0100      8   00  00  00  00  00  00  00  00     515.0001
     0100      8   00  00  00  00  00  00  00  00     515.0024
     0100      8   00  00  00  00  00  00  00  00     515.0048
     0100      8   00  00  00  00  00  00  00  00     515.0072
     0100      8   00  00  00  00  00  00  00  00     515.0096
     0100      8   00  00  00  00  00  00  00  00     515.0120
     0100      8   00  00  00  00  00  00  00  00     515.0143
     0100      8   00  00  00  00  00  00  00  00     515.0167
     0100      8   00  00  00  00  00  00  00  00     515.0191
     0100      8   00  00  00  00  00  00  00  00     515.0215
     0100      8   00  00  00  00  00  00  00  00     515.0239
     0100      8   00  00  00  00  00  00  00  00     515.0262
     0100      8   00  00  00  00  00  00  00  00     515.0286
     0100      8   00  00  00  00  00  00  00  00     515.0310
     0100      8   00  00  00  00  00  00  00  00     515.0334
     0100      8   00  00  00  00  00  00  00  00     515.0358
     0100      8   00  00  00  00  00  00  00  00     515.0381
     0100      8   00  00  00  00  00  00  00  00     515.0405
     0100      8   00  00  00  00  00  00  00  00     515.0429
     0100      8   00  00  00  00  00  00  00  00     515.0453
     0100      8   00  00  00  00  00  00  00  00     515.0477
     0100      8   00  00  00  00  00  00  00  00     515.0500
     0100      8   00  00  00  00  00  00  00  00     515.0524
     0100      8   00  00  00  00  00  00  00  00     515.0548
     0100      8   00  00  00  00  00  00  00  00     515.0572
     0100      8   00  00  00  00  00  00  00  00     515.0596
     0100      8   00  00  00  00  00  00  00  00     515.0619
     0100      8   00  00  00  00  00  00  00  00     515.0643
     0100      8   00  00  00  00  00  00  00  00     515.0667
     0100      8   00  00  00  00  00  00  00  00     515.0691
     0100      8   00  00  00  00  00  00  00  00     515.0715
     0100      8   00  00  00  00  00  00  00  00     515.0738
     0100      8   00  00  00  00  00  00  00  00     515.0762
     0100      8   00  00  00  00  00  00  00  00     515.0786
     0100      8   00  00  00  00  00  00  00  00     515.0810
     0100      8   00  00  00  00  00  00  00  00     515.0833
     0100      8   00  00  00  00  00  00  00  00     515.0857
     0100      8   00  00  00  00  00  00  00  00     515.0881
     0100      8   00  00  00  00  00  00  00  00     515.0905
     0100      8   00  00  00  00  00  00  00  00     515.0929
     0100      8   00  00  00  00  00  00  00  00     515.0952
     0100      8   00  00  00  00  00  00  00  00     515.0976
     0100      8   00  00  00  00  00  00  00  00     515.1000
     0100      8   00  00  00  00  00  00  00  00     515.1024
     0100      8   00  00  00  00  00  00  00  00     515.1048
     0100      8   00  00  00  00  00  00  00  00     515.1072
     0100      8   00  00  00  00  00  00  00  00     515.1095
     0100      8   00  00  00  00  00  00  00  00     515.1119
     0100      8   00  00  00  00  00  00  00  00     515.1143
     0100      8   00  00  00  00  00  00  00  00     515.1167
     0100      8   00  00  00  00  00  00  00  00     515.1190
     0100      8   00  00  00  00  00  00  00  00     515.1214
     0100      8   00  00  00  00  00  00  00  00     515.1238
     0100      8   00  00  00  00  00  00  00  00     515.1262
     0100      8   00  00  00  00  00  00  00  00     515.1286
     0100      8   00  00  00  00  00  00  00  00     515.1309
     0100      8   00  00  00  00  00  00  00  00     515.1333
     0100      8   00  00  00  00  00  00  00  00     515.1357
     0100      8   00  00  00  00  00  00  00  00     515.1381
     0100      8   00  00  00  00  00  00  00  00     515.1405
     0100      8   00  00  00  00  00  00  00  00     515.1428
     0100      8   00  00  00  00  00  00  00  00     515.1452
     0100      8   00  00  00  00  00  00  00  00     515.1476
     0100      8   00  00  00  00  00  00  00  00     515.1500
     0100      8   00  00  00  00  00  00  00  00     515.1524
     0100      8   00  00  00  00  00  00  00  00     515.1547
     0100      8   00  00  00  00  00  00  00  00     515.1571
     0100      8   00  00  00  00  00  00  00  00     515.1595
     0100      8   00  00  00  00  00  00  00  00     515.1619
     0100      8   00  00  00  00  00  00  00  00     515.1643
     0100      8   00  00  00  00  00  00  00  00     515.1666
     0100      8   00  00  00  00  00  00  00  00     515.1690
     0100      8   00  00  00  00  00  00  00  00     515.1714
     0100      8   00  00  00  00  00  00  00  00     515.1738
     0100      8   00  00  00  00  00  00  00  00     515.1762
     0100      8   00  00  00  00  00  00  00  00     515.1785
     0100      8   00  00  00  00  00  00  00  00     515.1809
     0100      8   00  00  00  00  00  00  00  00     515.1833
     0100      8   00  00  00  00  00  00  00  00     515.1857
     0100      8   00  00  00  00  00  00  00  00     515.1881
     0100      8   00  00  00  00  00  00  00  00     515.1904
     0100      8   00  00  00  00  00  00  00  00     515.1928
     0100      8   00  00  00  00  00  00  00  00     515.1952
     0100      8   00  00  00  00  00  00  00  00     515.1976
     0100      8   00  00  00  00  00  00  00  00     515.2000
     0100      8   00  00  00  00  00  00  00  00     515.2023
     0100      8   00  00  00  00  00  00  00  00     515.2047
     0100      8   00  00  00  00  00  00  00  00     515.2071
     0100      8   00  00  00  00  00  00  00  00     515.2095
     0100      8   00  00  00  00  00  00  00  00     515.2118
     0100      8   00  00  00  00  00  00  00  00     515.2142
     0100      8   00  00  00  00  00  00  00  00     515.2166
     0100      8   00  00  00  00  00  00  00  00     515.2190
     0100      8   00  00  00  00  00  00  00  00     515.2214
     0100      8   00  00  00  00  00  00  00  00     515.2237
     0100      8   00  00  00  00  00  00  00  00     515.2261
     0100      8   00  00  00  00  00  00  00  00     515.2285
     0100      8   00  00  00  00  00  00  00  00     515.2309
     0100      8   00  00  00  00  00  00  00  00     515.2333
     0100      8   00  00  00  00  00  00  00  00     515.2356
     0100      8   00  00  00  00  00  00  00  00     515.2380
     0100      8   00  00  00  00  00  00  00  00     515.2404
     0100      8   00  00  00  00  00  00  00  00     515.2428
     0100      8   00  00  00  00  00  00  00  00     515.2452
     0100      8   00  00  00  00  00  00  00  00     515.2475
     0100      8   00  00  00  00  00  00  00  00     515.2499
     0100      8   00  00  00  00  00  00  00  00     515.2523
     0100      8   00  00  00  00  00  00  00  00     515.2547
     0100      8   00  00  00  00  00  00  00  00     515.2571
     0100      8   00  00  00  00  00  00  00  00     515.2594
     0100      8   00  00  00  00  00  00  00  00     515.2618
     0100      8   00  00  00  00  00  00  00  00     515.2642
     0100      8   00  00  00  00  00  00  00  00     515.2666
     0100      8   00  00  00  00  00  00  00  00     515.2690
     0100      8   00  00  00  00  00  00  00  00     515.2713
     0100      8   00  00  00  00  00  00  00  00     515.2737
     0100      8   00  00  00  00  00  00  00  00     515.2761
     0100      8   00  00  00  00  00  00  00  00     515.2785
     0100      8   00  00  00  00  00  00  00  00     515.2809
     0100      8   00  00  00  00  00  00  00  00     515.2832
     0100      8   00  00  00  00  00  00  00  00     515.2856
     0100      8   00  00  00  00  00  00  00  00     515.2880
     0100      8   00  00  00  00  00  00  00  00     515.2904
     0100      8   00  00  00  00  00  00  00  00     515.2928
     0100      8   00  00  00  00  00  00  00  00     515.2951
     0100      8   00  00  00  00  00  00  00  00     515.2975
     0100      8   00  00  00  00  00  00  00  00     515.2999
     0100      8   00  00  00  00  00  00  00  00     515.3023
     0100      8   00  00  00  00  00  00  00  00     515.3047
     0100      8   00  00  00  00  00  00  00  00     515.3070
     0100      8   00  00  00  00  00  00  00  00     515.3094
     0100      8   00  00  00  00  00  00  00  00     515.3118
     0100      8   00  00  00  00  00  00  00  00     515.3142
     0100      8   00  00  00  00  00  00  00  00     515.3165
     0100      8   00  00  00  00  00  00  00  00     515.3189
     0100      8   00  00  00  00  00  00  00  00     515.3213
     0100      8   00  00  00  00  00  00  00  00     515.3237
     0100      8   00  00  00  00  00  00  00  00     515.3261
     0100      8   00  00  00  00  00  00  00  00     515.3285
     0100      8   00  00  00  00  00  00  00  00     515.3308
     0100      8   00  00  00  00  00  00  00  00     515.3332
     0100      8   00  00  00  00  00  00  00  00     515.3356
     0100      8   00  00  00  00  00  00  00  00     515.3380
     0100      8   00  00  00  00  00  00  00  00     515.3403
     0100      8   00  00  00  00  00  00  00  00     515.3427
     0100      8   00  00  00  00  00  00  00  00     515.3451
     0100      8   00  00  00  00  00  00  00  00     515.3475
     0100      8   00  00  00  00  00  00  00  00     515.3499
     0100      8   00  00  00  00  00  00  00  00     515.3522
     0100      8   00  00  00  00  00  00  00  00     515.3546
     0100      8   00  00  00  00  00  00  00  00     515.3570
     0100      8   00  00  00  00  00  00  00  00     515.3594
     0100      8   00  00  00  00  00  00  00  00     515.3618
     0100      8   00  00  00  00  00  00  00  00     515.3641
     0100      8   00  00  00  00  00  00  00  00     515.3665
     0100      8   00  00  00  00  00  00  00  00     515.3689
     0100      8   00  00  00  00  00  00  00  00     515.3713
     0100      8   00  00  00  00  00  00  00  00     515.3737
     0100      8   00  00  00  00  00  00  00  00     515.3760
     0100      8   00  00  00  00  00  00  00  00     515.3784
     0100      8   00  00  00  00  00  00  00  00     515.3808
     0100      8   00  00  00  00  00  00  00  00     515.3832
     0100      8   00  00  00  00  00  00  00  00     515.3856
     0100      8   00  00  00  00  00  00  00  00     515.3879
     0100      8   00  00  00  00  00  00  00  00     515.3903
     0100      8   00  00  00  00  00  00  00  00     515.3927
     0100      8   00  00  00  00  00  00  00  00     515.3951
     0100      8   00  00  00  00  00  00  00  00     515.3975
     0100      8   00  00  00  00  00  00  00  00     515.3998
     0100      8   00  00  00  00  00  00  00  00     515.4022
     0100      8   00  00  00  00  00  00  00  00     515.4046
     0100      8   00  00  00  00  00  00  00  00     515.4070
     0100      8   00  00  00  00  00  00  00  00     515.4094
     0100      8   00  00  00  00  00  00  00  00     515.4117
     0100      8   00  00  00  00  00  00  00  00     515.4141
     0100      8   00  00  00  00  00  00  00  00     515.4165
     0100      8   00  00  00  00  00  00  00  00     515.4189
     0100      8   00  00  00  00  00  00  00  00     515.4213
     0100      8   00  00  00  00  00  00  00  00     515.4236
     0100      8   00  00  00  00  00  00  00  00     515.4260
     0100      8   00  00  00  00  00  00  00  00     515.4284
     0100      8   00  00  00  00  00  00  00  00     515.4308
     0100      8   00  00  00  00  00  00  00  00     515.4332
     0100      8   00  00  00  00  00  00  00  00     515.4355
     0100      8   00  00  00  00  00  00  00  00     515.4379
     0100      8   00  00  00  00  00  00  00  00     515.4403
     0100      8   00  00  00  00  00  00  00  00     515.4427
     0100      8   00  00  00  00  00  00  00  00     515.4451
     0100      8   00  00  00  00  00  00  00  00     515.4474
     0100      8   00  00  00  00  00  00  00  00     515.4498
     0100      8   00  00  00  00  00  00  00  00     515.4522
     0100      8   00  00  00  00  00  00  00  00     515.4546
     0100      8   00  00  00  00  00  00  00  00     515.4569
     0100      8   00  00  00  00  00  00  00  00     515.4593
     0100      8   00  00  00  00  00  00  00  00     515.4617
     0100      8   00  00  00  00  00  00  00  00     515.4641
     0100      8   00  00  00  00  00  00  00  00     515.4665
     0100      8   00  00  00  00  00  00  00  00     515.4688
     0100      8   00  00  00  00  00  00  00  00     515.4712
     0100      8   00  00  00  00  00  00  00  00     515.4736
     0100      8   00  00  00  00  00  00  00  00     515.4760
     0100      8   00  00  00  00  00  00  00  00     515.4784
     0100      8   00  00  00  00  00  00  00  00     515.4807
     0100      8   00  00  00  00  00  00  00  00     515.4831
     0100      8   00  00  00  00  00  00  00  00     515.4855
     0100      8   00  00  00  00  00  00  00  00     515.4879
     0100      8   00  00  00  00  00  00  00  00     515.4903
     0100      8   00  00  00  00  00  00  00  00     515.4926
     0100      8   00  00  00  00  00  00  00  00     515.4950
     0100      8   00  00  00  00  00  00  00  00     515.4974
     0100      8   00  00  00  00  00  00  00  00     515.4998
     0100      8   00  00  00  00  00  00  00  00     515.5022
     0100      8   00  00  00  00  00  00  00  00     515.5045
     0100      8   00  00  00  00  00  00  00  00     515.5069
     0100      8   00  00  00  00  00  00  00  00     515.5093
     0100      8   00  00  00  00  00  00  00  00     515.5117
     0100      8   00  00  00  00  00  00  00  00     515.5141
     0100      8   00  00  00  00  00  00  00  00     515.5164
     0100      8   00  00  00  00  00  00  00  00     515.5188
     0100      8   00  00  00  00  00  00  00  00     515.5212
     0100      8   00  00  00  00  00  00  00  00     515.5236
     0100      8   00  00  00  00  00  00  00  00     515.5260
     0100      8   00  00  00  00  00  00  00  00     515.5283
     0100      8   00  00  00  00  00  00  00  00     515.5307
     0100      8   00  00  00  00  00  00  00  00     515.5331
     0100      8   00  00  00  00  00  00  00  00     515.5355
     0100      8   00  00  00  00  00  00  00  00     515.5379
     0100      8   00  00  00  00  00  00  00  00     515.5402
     0100      8   00  00  00  00  00  00  00  00     515.5426
     0100      8   00  00  00  00  00  00  00  00     515.5450
     0100      8   00  00  00  00  00  00  00  00     515.5474
     0100      8   00  00  00  00  00  00  00  00     515.5497
     0100      8   00  00  00  00  00  00  00  00     515.5521
     0100      8   00  00  00  00  00  00  00  00     515.5545
     0100      8   00  00  00  00  00  00  00  00     515.5569
     0100      8   00  00  00  00  00  00  00  00     515.5593
     0100      8   00  00  00  00  00  00  00  00     515.5616
     0100      8   00  00  00  00  00  00  00  00     515.5640
     0100      8   00  00  00  00  00  00  00  00     515.5664
     0100      8   00  00  00  00  00  00  00  00     515.5688
     0100      8   00  00  00  00  00  00  00  00     515.5712
     0100      8   00  00  00  00  00  00  00  00     515.5735
     0100      8   00  00  00  00  00  00  00  00     515.5759
     0100      8   00  00  00  00  00  00  00  00     515.5783
     0100      8   00  00  00  00  00  00  00  00     515.5807
     0100      8   00  00  00  00  00  00  00  00     515.5831
     0100      8   00  00  00  00  00  00  00  00     515.5854
     0100      8   00  00  00  00  00  00  00  00     515.5878
     0100      8   00  00  00  00  00  00  00  00     515.5902
     0100      8   00  00  00  00  00  00  00  00     515.5926
     0100      8   00  00  00  00  00  00  00  00     515.5950
     0100      8   00  00  00  00  00  00  00  00     515.5973
     0100      8   00  00  00  00  00  00  00  00     515.5997
     0100      8   00  00  00  00  00  00  00  00     515.6021
     0100      8   00  00  00  00  00  00  00  00     515.6045
     0100      8   00  00  00  00  00  00  00  00     515.6069
     0100      8   00  00  00  00  00  00  00  00     515.6092
     0100      8   00  00  00  00  00  00  00  00     515.6116
     0100      8   00  00  00  00  00  00  00  00     515.6140
     0100      8   00  00  00  00  00  00  00  00     515.6164
     0100      8   00  00  00  00  00  00  00  00     515.6188
     0100      8   00  00  00  00  00  00  00  00     515.6211
     0100      8   00  00  00  00  00  00  00  00     515.6235
     0100      8   00  00  00  00  00  00  00  00     515.6259
     0100      8   00  00  00  00  00  00  00  00     515.6283
     0100      8   00  00  00  00  00  00  00  00     515.6307
     0100      8   00  00  00  00  00  00  00  00     515.6330
     0100      8   00  00  00  00  00  00  00  00     515.6354
     0100      8   00  00  00  00  00  00  00  00     515.6378
     0100      8   00  00  00  00  00  00  00  00     515.6402
     0100      8   00  00  00  00  00  00  00  00     515.6426
     0100      8   00  00  00  00  00  00  00  00     515.6449
     0100      8   00  00  00  00  00  00  00  00     515.6473
     0100      8   00  00  00  00  00  00  00  00     515.6497
     0100      8   00  00  00  00  00  00  00  00     515.6521
     0100      8   00  00  00  00  00  00  00  00     515.6545
     0100      8   00  00  00  00  00  00  00  00     515.6568
     0100      8   00  00  00  00  00  00  00  00     515.6592
     0100      8   00  00  00  00  00  00  00  00     515.6616
     0100      8   00  00  00  00  00  00  00  00     515.6640
     0100      8   00  00  00  00  00  00  00  00     515.6664
     0100      8   00  00  00  00  00  00  00  00     515.6687
     0100      8   00  00  00  00  00  00  00  00     515.6711
     0100      8   00  00  00  00  00  00  00  00     515.6735
     0100      8   00  00  00  00  00  00  00  00     515.6759
     0100      8   00  00  00  00  00  00  00  00     515.6782
     0100      8   00  00  00  00  00  00  00  00     515.6806
     0100      8   00  00  00  00  00  00  00  00     515.6830
     0100      8   00  00  00  00  00  00  00  00     515.6854
     0100      8   00  00  00  00  00  00  00  00     515.6878
     0100      8   00  00  00  00  00  00  00  00     515.6901
     0100      8   00  00  00  00  00  00  00  00     515.6925
     0100      8   00  00  00  00  00  00  00  00     515.6949
     0100      8   00  00  00  00  00  00  00  00     515.6973
     0100      8   00  00  00  00  00  00  00  00     515.6997
     0100      8   00  00  00  00  00  00  00  00     515.7020
     0100      8   00  00  00  00  00  00  00  00     515.7044
     0100      8   00  00  00  00  00  00  00  00     515.7068
     0100      8   00  00  00  00  00  00  00  00     515.7092
     0100      8   00  00  00  00  00  00  00  00     515.7116
     0100      8   00  00  00  00  00  00  00  00     515.7139
     0100      8   00  00  00  00  00  00  00  00     515.7163
     0100      8   00  00  00  00  00  00  00  00     515.7187
     0100      8   00  00  00  00  00  00  00  00     515.7211
     0100      8   00  00  00  00  00  00  00  00     515.7235
     0100      8   00  00  00  00  00  00  00  00     515.7258
     0100      8   00  00  00  00  00  00  00  00     515.7282
     0100      8   00  00  00  00  00  00  00  00     515.7306
     0100      8   00  00  00  00  00  00  00  00     515.7330
     0100      8   00  00  00  00  00  00  00  00     515.7354
     0100      8   00  00  00  00  00  00  00  00     515.7377
     0100      8   00  00  00  00  00  00  00  00     515.7401
     0100      8   00  00  00  00  00  00  00  00     515.7425
     0100      8   00  00  00  00  00  00  00  00     515.7449
     0100      8   00  00  00  00  00  00  00  00     515.7473
     0100      8   00  00  00  00  00  00  00  00     515.7496
     0100      8   00  00  00  00  00  00  00  00     515.7520
     0100      8   00  00  00  00  00  00  00  00     515.7544
     0100      8   00  00  00  00  00  00  00  00     515.7568
     0100      8   00  00  00  00  00  00  00  00     515.7592
     0100      8   00  00  00  00  00  00  00  00     515.7615
     0100      8   00  00  00  00  00  00  00  00     515.7639
     0100      8   00  00  00  00  00  00  00  00     515.7663
     0100      8   00  00  00  00  00  00  00  00     515.7687
     0100      8   00  00  00  00  00  00  00  00     515.7711
     0100      8   00  00  00  00  00  00  00  00     515.7734
     0100      8   00  00  00  00  00  00  00  00     515.7758
     0100      8   00  00  00  00  00  00  00  00     515.7782
     0100      8   00  00  00  00  00  00  00  00     515.7806
     0100      8   00  00  00  00  00  00  00  00     515.7830
     0100      8   00  00  00  00  00  00  00  00     515.7853
     0100      8   00  00  00  00  00  00  00  00     515.7877
     0100      8   00  00  00  00  00  00  00  00     515.7901
     0100      8   00  00  00  00  00  00  00  00     515.7925
     0100      8   00  00  00  00  00  00  00  00     515.7948
     0100      8   00  00  00  00  00  00  00  00     515.7972
     0100      8   00  00  00  00  00  00  00  00     515.7996
     0100      8   00  00  00  00  00  00  00  00     515.8020
     0100      8   00  00  00  00  00  00  00  00     515.8044
     0100      8   00  00  00  00  00  00  00  00     515.8067
     0100      8   00  00  00  00  00  00  00  00     515.8091
     0100      8   00  00  00  00  00  00  00  00     515.8115
     0100      8   00  00  00  00  00  00  00  00     515.8139
     0100      8   00  00  00  00  00  00  00  00     515.8163
     0100      8   00  00  00  00  00  00  00  00     515.8186
     0100      8   00  00  00  00  00  00  00  00     515.8210
     0100      8   00  00  00  00  00  00  00  00     515.8234
     0100      8   00  00  00  00  00  00  00  00     515.8258
     0100      8   00  00  00  00  00  00  00  00     515.8282
     0100      8   00  00  00  00  00  00  00  00     515.8305
     0100      8   00  00  00  00  00  00  00  00     515.8329
     0100      8   00  00  00  00  00  00  00  00     515.8353
     0100      8   00  00  00  00  00  00  00  00     515.8377
     0100      8   00  00  00  00  00  00  00  00     515.8401
     0100      8   00  00  00  00  00  00  00  00     515.8424
     0100      8   00  00  00  00  00  00  00  00     515.8448
     0100      8   00  00  00  00  00  00  00  00     515.8472
     0100      8   00  00  00  00  00  00  00  00     515.8496
     0100      8   00  00  00  00  00  00  00  00     515.8520
     0100      8   00  00  00  00  00  00  00  00     515.8543
     0100      8   00  00  00  00  00  00  00  00     515.8567
     0100      8   00  00  00  00  00  00  00  00     515.8591
     0100      8   00  00  00  00  00  00  00  00     515.8615
     0100      8   00  00  00  00  00  00  00  00     515.8639
     0100      8   00  00  00  00  00  00  00  00     515.8662
     0100      8   00  00  00  00  00  00  00  00     515.8686
     0100      8   00  00  00  00  00  00  00  00     515.8710
     0100      8   00  00  00  00  00  00  00  00     515.8734
     0100      8   00  00  00  00  00  00  00  00     515.8758
     0100      8   00  00  00  00  00  00  00  00     515.8781
     0100      8   00  00  00  00  00  00  00  00     515.8805
     0100      8   00  00  00  00  00  00  00  00     515.8829
     0100      8   00  00  00  00  00  00  00  00     515.8853
     0100      8   00  00  00  00  00  00  00  00     515.8877
     0100      8   00  00  00  00  00  00  00  00     515.8900
     0100      8   00  00  00  00  00  00  00  00     515.8924
     0100      8   00  00  00  00  00  00  00  00     515.8948
     0100      8   00  00  00  00  00  00  00  00     515.8972
     0100      8   00  00  00  00  00  00  00  00     515.8996
     0100      8   00  00  00  00  00  00  00  00     515.9019
     0100      8   00  00  00  00  00  00  00  00     515.9043
     0100      8   00  00  00  00  00  00  00  00     515.9067
     0100      8   00  00  00  00  00  00  00  00     515.9091
     0100      8   00  00  00  00  00  00  00  00     515.9114
     0100      8   00  00  00  00  00  00  00  00     515.9138
     0100      8   00  00  00  00  00  00  00  00     515.9162
     0100      8   00  00  00  00  00  00  00  00     515.9186
     0100      8   00  00  00  00  00  00  00  00     515.9210
     0100      8   00  00  00  00  00  00  00  00     515.9233
     0100      8   00  00  00  00  00  00  00  00     515.9257
     0100      8   00  00  00  00  00  00  00  00     515.9281
     0100      8   00  00  00  00  00  00  00  00     515.9305
     0100      8   00  00  00  00  00  00  00  00     515.9329
     0100      8   00  00  00  00  00  00  00  00     515.9352
     0100      8   00  00  00  00  00  00  00  00     515.9376
     0100      8   00  00  00  00  00  00  00  00     515.9400
     0100      8   00  00  00  00  00  00  00  00     515.9424
     0100      8   00  00  00  00  00  00  00  00     515.9448
     0100      8   00  00  00  00  00  00  00  00     515.9471
     0100      8   00  00  00  00  00  00  00  00     515.9495
     0100      8   00  00  00  00  00  00  00  00     515.9519
     0100      8   00  00  00  00  00  00  00  00     515.9543
     0100      8   00  00  00  00  00  00  00  00     515.9567
     0100      8   00  00  00  00  00  00  00  00     515.9590
     0100      8   00  00  00  00  00  00  00  00     515.9614
     0100      8   00  00  00  00  00  00  00  00     515.9638
     0100      8   00  00  00  00  00  00  00  00     515.9662
     0100      8   00  00  00  00  00  00  00  00     515.9686
     0100      8   00  00  00  00  00  00  00  00     515.9709
     0100      8   00  00  00  00  00  00  00  00     515.9733
     0100      8   00  00  00  00  00  00  00  00     515.9757
     0100      8   00  00  00  00  00  00  00  00     515.9781
     0100      8   00  00  00  00  00  00  00  00     515.9805
     0100      8   00  00  00  00  00  00  00  00     515.9828
     0100      8   00  00  00  00  00  00  00  00     515.9852
     0100      8   00  00  00  00  00  00  00  00     515.9876
     0100      8   00  00  00  00  00  00  00  00     515.9900
     0100      8   00  00  00  00  00  00  00  00     515.9924
     0100      8   00  00  00  00  00  00  00  00     515.9947
     0100      8   00  00  00  00  00  00  00  00     515.9971
     0100      8   00  00  00  00  00  00  00  00     515.9995
     0100      8   00  00  00  00  00  00  00  00     516.0019
     0100      8   00  00  00  00  00  00  00  00     516.0043
     0100      8   00  00  00  00  00  00  00  00     516.0066
     0100      8   00  00  00  00  00  00  00  00     516.0090
     0100      8   00  00  00  00  00  00  00  00     516.0114
     0100      8   00  00  00  00  00  00  00  00     516.0138
     0100      8   00  00  00  00  00  00  00  00     516.0161
     0100      8   00  00  00  00  00  00  00  00     516.0185
     0100      8   00  00  00  00  00  00  00  00     516.0209
     0100      8   00  00  00  00  00  00  00  00     516.0233
     0100      8   00  00  00  00  00  00  00  00     516.0257
     0100      8   00  00  00  00  00  00  00  00     516.0280
     0100      8   00  00  00  00  00  00  00  00     516.0304
     0100      8   00  00  00  00  00  00  00  00     516.0328
     0100      8   00  00  00  00  00  00  00  00     516.0352
     0100      8   00  00  00  00  00  00  00  00     516.0376
     0100      8   00  00  00  00  00  00  00  00     516.0400
     0100      8   00  00  00  00  00  00  00  00     516.0423
     0100      8   00  00  00  00  00  00  00  00     516.0447
     0100      8   00  00  00  00  00  00  00  00     516.0471
     0100      8   00  00  00  00  00  00  00  00     516.0495
     0100      8   00  00  00  00  00  00  00  00     516.0518
     0100      8   00  00  00  00  00  00  00  00     516.0542
     0100      8   00  00  00  00  00  00  00  00     516.0566
     0100      8   00  00  00  00  00  00  00  00     516.0590
     0100      8   00  00  00  00  00  00  00  00     516.0614
     0100      8   00  00  00  00  00  00  00  00     516.0637
     0100      8   00  00  00  00  00  00  00  00     516.0661
     0100      8   00  00  00  00  00  00  00  00     516.0685
     0100      8   00  00  00  00  00  00  00  00     516.0709
     0100      8   00  00  00  00  00  00  00  00     516.0733
     0100      8   00  00  00  00  00  00  00  00     516.0756
     0100      8   00  00  00  00  00  00  00  00     516.0780
     0100      8   00  00  00  00  00  00  00  00     516.0804
     0100      8   00  00  00  00  00  00  00  00     516.0828
     0100      8   00  00  00  00  00  00  00  00     516.0852
     0100      8   00  00  00  00  00  00  00  00     516.0875
     0100      8   00  00  00  00  00  00  00  00     516.0899
     0100      8   00  00  00  00  00  00  00  00     516.0923
     0100      8   00  00  00  00  00  00  00  00     516.0947
     0100      8   00  00  00  00  00  00  00  00     516.0971
     0100      8   00  00  00  00  00  00  00  00     516.0994
     0100      8   00  00  00  00  00  00  00  00     516.1018
     0100      8   00  00  00  00  00  00  00  00     516.1042
     0100      8   00  00  00  00  00  00  00  00     516.1066
     0100      8   00  00  00  00  00  00  00  00     516.1090
     0100      8   00  00  00  00  00  00  00  00     516.1113
     0100      8   00  00  00  00  00  00  00  00     516.1137
     0100      8   00  00  00  00  00  00  00  00     516.1161
     0100      8   00  00  00  00  00  00  00  00     516.1185
     0100      8   00  00  00  00  00  00  00  00     516.1209
     0100      8   00  00  00  00  00  00  00  00     516.1232
     0100      8   00  00  00  00  00  00  00  00     516.1256
     0100      8   00  00  00  00  00  00  00  00     516.1280
     0100      8   00  00  00  00  00  00  00  00     516.1304
     0100      8   00  00  00  00  00  00  00  00     516.1328
     0100      8   00  00  00  00  00  00  00  00     516.1351
     0100      8   00  00  00  00  00  00  00  00     516.1375
     0100      8   00  00  00  00  00  00  00  00     516.1399
     0100      8   00  00  00  00  00  00  00  00     516.1423
     0100      8   00  00  00  00  00  00  00  00     516.1446
     0100      8   00  00  00  00  00  00  00  00     516.1470
     0100      8   00  00  00  00  00  00  00  00     516.1494
     0100      8   00  00  00  00  00  00  00  00     516.1518
     0100      8   00  00  00  00  00  00  00  00     516.1542
     0100      8   00  00  00  00  00  00  00  00     516.1565
     0100      8   00  00  00  00  00  00  00  00     516.1589
     0100      8   00  00  00  00  00  00  00  00     516.1613
     0100      8   00  00  00  00  00  00  00  00     516.1637
     0100      8   00  00  00  00  00  00  00  00     516.1661
     0100      8   00  00  00  00  00  00  00  00     516.1684
     0100      8   00  00  00  00  00  00  00  00     516.1708
     0100      8   00  00  00  00  00  00  00  00     516.1732
     0100      8   00  00  00  00  00  00  00  00     516.1756
     0100      8   00  00  00  00  00  00  00  00     516.1780
     0100      8   00  00  00  00  00  00  00  00     516.1803
     0100      8   00  00  00  00  00  00  00  00     516.1827
     0100      8   00  00  00  00  00  00  00  00     516.1851
     0100      8   00  00  00  00  00  00  00  00     516.1875
     0100      8   00  00  00  00  00  00  00  00     516.1899
     0100      8   00  00  00  00  00  00  00  00     516.1922
     0100      8   00  00  00  00  00  00  00  00     516.1946
     0100      8   00  00  00  00  00  00  00  00     516.1970
     0100      8   00  00  00  00  00  00  00  00     516.1994
     0100      8   00  00  00  00  00  00  00  00     516.2018
     0100      8   00  00  00  00  00  00  00  00     516.2041
     0100      8   00  00  00  00  00  00  00  00     516.2065
     0100      8   00  00  00  00  00  00  00  00     516.2089
     0100      8   00  00  00  00  00  00  00  00     516.2113
     0100      8   00  00  00  00  00  00  00  00     516.2137
     0100      8   00  00  00  00  00  00  00  00     516.2160
     0100      8   00  00  00  00  00  00  00  00     516.2184
     0100      8   00  00  00  00  00  00  00  00     516.2208
     0100      8   00  00  00  00  00  00  00  00     516.2232
     0100      8   00  00  00  00  00  00  00  00     516.2256
     0100      8   00  00  00  00  00  00  00  00     516.2279
     0100      8   00  00  00  00  00  00  00  00     516.2303
     0100      8   00  00  00  00  00  00  00  00     516.2327
     0100      8   00  00  00  00  00  00  00  00     516.2351
     0100      8   00  00  00  00  00  00  00  00     516.2375
     0100      8   00  00  00  00  00  00  00  00     516.2398
     0100      8   00  00  00  00  00  00  00  00     516.2422
     0100      8   00  00  00  00  00  00  00  00     516.2446
     0100      8   00  00  00  00  00  00  00  00     516.2470
     0100      8   00  00  00  00  00  00  00  00     516.2493
     0100      8   00  00  00  00  00  00  00  00     516.2517
     0100      8   00  00  00  00  00  00  00  00     516.2541
     0100      8   00  00  00  00  00  00  00  00     516.2565
     0100      8   00  00  00  00  00  00  00  00     516.2589
     0100      8   00  00  00  00  00  00  00  00     516.2612
     0100      8   00  00  00  00  00  00  00  00     516.2636
     0100      8   00  00  00  00  00  00  00  00     516.2660
     0100      8   00  00  00  00  00  00  00  00     516.2684
     0100      8   00  00  00  00  00  00  00  00     516.2708
     0100      8   00  00  00  00  00  00  00  00     516.2731
     0100      8   00  00  00  00  00  00  00  00     516.2755
     0100      8   00  00  00  00  00  00  00  00     516.2779
     0100      8   00  00  00  00  00  00  00  00     516.2803
     0100      8   00  00  00  00  00  00  00  00     516.2827
     0100      8   00  00  00  00  00  00  00  00     516.2850
     0100      8   00  00  00  00  00  00  00  00     516.2874
     0100      8   00  00  00  00  00  00  00  00     516.2898
     0100      8   00  00  00  00  00  00  00  00     516.2922
     0100      8   00  00  00  00  00  00  00  00     516.2946
     0100      8   00  00  00  00  00  00  00  00     516.2969
     0100      8   00  00  00  00  00  00  00  00     516.2993
     0100      8   00  00  00  00  00  00  00  00     516.3017
     0100      8   00  00  00  00  00  00  00  00     516.3041
     0100      8   00  00  00  00  00  00  00  00     516.3065
     0100      8   00  00  00  00  00  00  00  00     516.3088
     0100      8   00  00  00  00  00  00  00  00     516.3112
     0100      8   00  00  00  00  00  00  00  00     516.3136
     0100      8   00  00  00  00  00  00  00  00     516.3160
     0100      8   00  00  00  00  00  00  00  00     516.3184
     0100      8   00  00  00  00  00  00  00  00     516.3207
     0100      8   00  00  00  00  00  00  00  00     516.3231
     0100      8   00  00  00  00  00  00  00  00     516.3255
     0100      8   00  00  00  00  00  00  00  00     516.3279
     0100      8   00  00  00  00  00  00  00  00     516.3303
     0100      8   00  00  00  00  00  00  00  00     516.3326
     0100      8   00  00  00  00  00  00  00  00     516.3350
     0100      8   00  00  00  00  00  00  00  00     516.3374
     0100      8   00  00  00  00  00  00  00  00     516.3398
     0100      8   00  00  00  00  00  00  00  00     516.3422
     0100      8   00  00  00  00  00  00  00  00     516.3445
     0100      8   00  00  00  00  00  00  00  00     516.3469
     0100      8   00  00  00  00  00  00  00  00     516.3493
     0100      8   00  00  00  00  00  00  00  00     516.3517
     0100      8   00  00  00  00  00  00  00  00     516.3541
     0100      8   00  00  00  00  00  00  00  00     516.3564
     0100      8   00  00  00  00  00  00  00  00     516.3588
     0100      8   00  00  00  00  00  00  00  00     516.3612
     0100      8   00  00  00  00  00  00  00  00     516.3636
     0100      8   00  00  00  00  00  00  00  00     516.3660
     0100      8   00  00  00  00  00  00  00  00     516.3683
     0100      8   00  00  00  00  00  00  00  00     516.3707
     0100      8   00  00  00  00  00  00  00  00     516.3731
     0100      8   00  00  00  00  00  00  00  00     516.3755
     0100      8   00  00  00  00  00  00  00  00     516.3779
     0100      8   00  00  00  00  00  00  00  00     516.3802
     0100      8   00  00  00  00  00  00  00  00     516.3826
     0100      8   00  00  00  00  00  00  00  00     516.3850
     0100      8   00  00  00  00  00  00  00  00     516.3874
     0100      8   00  00  00  00  00  00  00  00     516.3897
     0100      8   00  00  00  00  00  00  00  00     516.3921
     0100      8   00  00  00  00  00  00  00  00     516.3945
     0100      8   00  00  00  00  00  00  00  00     516.3969
     0100      8   00  00  00  00  00  00  00  00     516.3993
     0100      8   00  00  00  00  00  00  00  00     516.4016
     0100      8   00  00  00  00  00  00  00  00     516.4040
     0100      8   00  00  00  00  00  00  00  00     516.4064
     0100      8   00  00  00  00  00  00  00  00     516.4088
     0100      8   00  00  00  00  00  00  00  00     516.4112
     0100      8   00  00  00  00  00  00  00  00     516.4135
     0100      8   00  00  00  00  00  00  00  00     516.4159
     0100      8   00  00  00  00  00  00  00  00     516.4183
     0100      8   00  00  00  00  00  00  00  00     516.4207
     0100      8   00  00  00  00  00  00  00  00     516.4231
     0100      8   00  00  00  00  00  00  00  00     516.4254
     0100      8   00  00  00  00  00  00  00  00     516.4278
     0100      8   00  00  00  00  00  00  00  00     516.4302
     0100      8   00  00  00  00  00  00  00  00     516.4326
     0100      8   00  00  00  00  00  00  00  00     516.4350
     0100      8   00  00  00  00  00  00  00  00     516.4373
     0100      8   00  00  00  00  00  00  00  00     516.4397
     0100      8   00  00  00  00  00  00  00  00     516.4421
     0100      8   00  00  00  00  00  00  00  00     516.4445
     0100      8   00  00  00  00  00  00  00  00     516.4469
     0100      8   00  00  00  00  00  00  00  00     516.4492
     0100      8   00  00  00  00  00  00  00  00     516.4516
     0100      8   00  00  00  00  00  00  00  00     516.4540
     0100      8   00  00  00  00  00  00  00  00     516.4564
     0100      8   00  00  00  00  00  00  00  00     516.4588
     0100      8   00  00  00  00  00  00  00  00     516.4611
     0100      8   00  00  00  00  00  00  00  00     516.4635
     0100      8   00  00  00  00  00  00  00  00     516.4659
     0100      8   00  00  00  00  00  00  00  00     516.4683
     0100      8   00  00  00  00  00  00  00  00     516.4707
     0100      8   00  00  00  00  00  00  00  00     516.4730
     0100      8   00  00  00  00  00  00  00  00     516.4754
     0100      8   00  00  00  00  00  00  00  00     516.4778
     0100      8   00  00  00  00  00  00  00  00     516.4802
     0100      8   00  00  00  00  00  00  00  00     516.4826
     0100      8   00  00  00  00  00  00  00  00     516.4849
     0100      8   00  00  00  00  00  00  00  00     516.4873
     0100      8   00  00  00  00  00  00  00  00     516.4897
     0100      8   00  00  00  00  00  00  00  00     516.4921
     0100      8   00  00  00  00  00  00  00  00     516.4945
     0100      8   00  00  00  00  00  00  00  00     516.4968
     0100      8   00  00  00  00  00  00  00  00     516.4992
     0100      8   00  00  00  00  00  00  00  00     516.5016
     0100      8   00  00  00  00  00  00  00  00     516.5040
     0100      8   00  00  00  00  00  00  00  00     516.5063
     0100      8   00  00  00  00  00  00  00  00     516.5087
     0100      8   00  00  00  00  00  00  00  00     516.5111
     0100      8   00  00  00  00  00  00  00  00     516.5135
     0100      8   00  00  00  00  00  00  00  00     516.5159
     0100      8   00  00  00  00  00  00  00  00     516.5182
     0100      8   00  00  00  00  00  00  00  00     516.5206
     0100      8   00  00  00  00  00  00  00  00     516.5230
     0100      8   00  00  00  00  00  00  00  00     516.5254
     0100      8   00  00  00  00  00  00  00  00     516.5278
     0100      8   00  00  00  00  00  00  00  00     516.5301
     0100      8   00  00  00  00  00  00  00  00     516.5325
     0100      8   00  00  00  00  00  00  00  00     516.5349
     0100      8   00  00  00  00  00  00  00  00     516.5373
     0100      8   00  00  00  00  00  00  00  00     516.5397
     0100      8   00  00  00  00  00  00  00  00     516.5420
     0100      8   00  00  00  00  00  00  00  00     516.5444
     0100      8   00  00  00  00  00  00  00  00     516.5468
     0100      8   00  00  00  00  00  00  00  00     516.5492
     0100      8   00  00  00  00  00  00  00  00     516.5516
     0100      8   00  00  00  00  00  00  00  00     516.5539
     0100      8   00  00  00  00  00  00  00  00     516.5563
     0100      8   00  00  00  00  00  00  00  00     516.5587
     0100      8   00  00  00  00  00  00  00  00     516.5611
     0100      8   00  00  00  00  00  00  00  00     516.5635
     0100      8   00  00  00  00  00  00  00  00     516.5658
     0100      8   00  00  00  00  00  00  00  00     516.5682
     0100      8   00  00  00  00  00  00  00  00     516.5706
     0100      8   00  00  00  00  00  00  00  00     516.5730
     0100      8   00  00  00  00  00  00  00  00     516.5754
     0100      8   00  00  00  00  00  00  00  00     516.5777
     0100      8   00  00  00  00  00  00  00  00     516.5801
     0100      8   00  00  00  00  00  00  00  00     516.5825
     0100      8   00  00  00  00  00  00  00  00     516.5849
     0100      8   00  00  00  00  00  00  00  00     516.5873
     0100      8   00  00  00  00  00  00  00  00     516.5896
     0100      8   00  00  00  00  00  00  00  00     516.5920
     0100      8   00  00  00  00  00  00  00  00     516.5944
     0100      8   00  00  00  00  00  00  00  00     516.5968
     0100      8   00  00  00  00  00  00  00  00     516.5992
     0100      8   00  00  00  00  00  00  00  00     516.6015
     0100      8   00  00  00  00  00  00  00  00     516.6039
     0100      8   00  00  00  00  00  00  00  00     516.6063
     0100      8   00  00  00  00  00  00  00  00     516.6087
     0100      8   00  00  00  00  00  00  00  00     516.6110
     0100      8   00  00  00  00  00  00  00  00     516.6134
     0100      8   00  00  00  00  00  00  00  00     516.6158
     0100      8   00  00  00  00  00  00  00  00     516.6182
     0100      8   00  00  00  00  00  00  00  00     516.6206
     0100      8   00  00  00  00  00  00  00  00     516.6229
     0100      8   00  00  00  00  00  00  00  00     516.6253
     0100      8   00  00  00  00  00  00  00  00     516.6277
     0100      8   00  00  00  00  00  00  00  00     516.6301
     0100      8   00  00  00  00  00  00  00  00     516.6325
     0100      8   00  00  00  00  00  00  00  00     516.6349
     0100      8   00  00  00  00  00  00  00  00     516.6372
     0100      8   00  00  00  00  00  00  00  00     516.6396
     0100      8   00  00  00  00  00  00  00  00     516.6420
     0100      8   00  00  00  00  00  00  00  00     516.6444
     0100      8   00  00  00  00  00  00  00  00     516.6467
     0100      8   00  00  00  00  00  00  00  00     516.6491
     0100      8   00  00  00  00  00  00  00  00     516.6515
     0100      8   00  00  00  00  00  00  00  00     516.6539
     0100      8   00  00  00  00  00  00  00  00     516.6563
     0100      8   00  00  00  00  00  00  00  00     516.6586
     0100      8   00  00  00  00  00  00  00  00     516.6610
     0100      8   00  00  00  00  00  00  00  00     516.6634
     0100      8   00  00  00  00  00  00  00  00     516.6658
     0100      8   00  00  00  00  00  00  00  00     516.6682
     0100      8   00  00  00  00  00  00  00  00     516.6705
     0100      8   00  00  00  00  00  00  00  00     516.6729
     0100      8   00  00  00  00  00  00  00  00     516.6753
     0100      8   00  00  00  00  00  00  00  00     516.6777
     0100      8   00  00  00  00  00  00  00  00     516.6801
     0100      8   00  00  00  00  00  00  00  00     516.6824
     0100      8   00  00  00  00  00  00  00  00     516.6848
     0100      8   00  00  00  00  00  00  00  00     516.6872
     0100      8   00  00  00  00  00  00  00  00     516.6896
     0100      8   00  00  00  00  00  00  00  00     516.6920
     0100      8   00  00  00  00  00  00  00  00     516.6943
     0100      8   00  00  00  00  00  00  00  00     516.6967
     0100      8   00  00  00  00  00  00  00  00     516.6991
     0100      8   00  00  00  00  00  00  00  00     516.7015
     0100      8   00  00  00  00  00  00  00  00     516.7039
     0100      8   00  00  00  00  00  00  00  00     516.7062
     0100      8   00  00  00  00  00  00  00  00     516.7086
     0100      8   00  00  00  00  00  00  00  00     516.7110
     0100      8   00  00  00  00  00  00  00  00     516.7134
     0100      8   00  00  00  00  00  00  00  00     516.7158
     0100      8   00  00  00  00  00  00  00  00     516.7181
     0100      8   00  00  00  00  00  00  00  00     516.7205
     0100      8   00  00  00  00  00  00  00  00     516.7229
     0100      8   00  00  00  00  00  00  00  00     516.7253
     0100      8   00  00  00  00  00  00  00  00     516.7276
     0100      8   00  00  00  00  00  00  00  00     516.7300
     0100      8   00  00  00  00  00  00  00  00     516.7324
     0100      8   00  00  00  00  00  00  00  00     516.7348
     0100      8   00  00  00  00  00  00  00  00     516.7372
     0100      8   00  00  00  00  00  00  00  00     516.7395
     0100      8   00  00  00  00  00  00  00  00     516.7419
     0100      8   00  00  00  00  00  00  00  00     516.7443
     0100      8   00  00  00  00  00  00  00  00     516.7467
     0100      8   00  00  00  00  00  00  00  00     516.7491
     0100      8   00  00  00  00  00  00  00  00     516.7515
     0100      8   00  00  00  00  00  00  00  00     516.7538
     0100      8   00  00  00  00  00  00  00  00     516.7562
     0100      8   00  00  00  00  00  00  00  00     516.7586
     0100      8   00  00  00  00  00  00  00  00     516.7610
     0100      8   00  00  00  00  00  00  00  00     516.7633
     0100      8   00  00  00  00  00  00  00  00     516.7657
     0100      8   00  00  00  00  00  00  00  00     516.7681
     0100      8   00  00  00  00  00  00  00  00     516.7705
     0100      8   00  00  00  00  00  00  00  00     516.7729
     0100      8   00  00  00  00  00  00  00  00     516.7752
     0100      8   00  00  00  00  00  00  00  00     516.7776
     0100      8   00  00  00  00  00  00  00  00     516.7800
     0100      8   00  00  00  00  00  00  00  00     516.7824
     0100      8   00  00  00  00  00  00  00  00     516.7848
     0100      8   00  00  00  00  00  00  00  00     516.7871
     0100      8   00  00  00  00  00  00  00  00     516.7895
     0100      8   00  00  00  00  00  00  00  00     516.7919
     0100      8   00  00  00  00  00  00  00  00     516.7943
     0100      8   00  00  00  00  00  00  00  00     516.7967
     0100      8   00  00  00  00  00  00  00  00     516.7990
     0100      8   00  00  00  00  00  00  00  00     516.8014
     0100      8   00  00  00  00  00  00  00  00     516.8038
     0100      8   00  00  00  00  00  00  00  00     516.8062
     0100      8   00  00  00  00  00  00  00  00     516.8086
     0100      8   00  00  00  00  00  00  00  00     516.8109
     0100      8   00  00  00  00  00  00  00  00     516.8133
     0100      8   00  00  00  00  00  00  00  00     516.8157
     0100      8   00  00  00  00  00  00  00  00     516.8181
     0100      8   00  00  00  00  00  00  00  00     516.8205
     0100      8   00  00  00  00  00  00  00  00     516.8228
     0100      8   00  00  00  00  00  00  00  00     516.8252
     0100      8   00  00  00  00  00  00  00  00     516.8276
     0100      8   00  00  00  00  00  00  00  00     516.8300
     0100      8   00  00  00  00  00  00  00  00     516.8324
     0100      8   00  00  00  00  00  00  00  00     516.8347
     0100      8   00  00  00  00  00  00  00  00     516.8371
     0100      8   00  00  00  00  00  00  00  00     516.8395
     0100      8   00  00  00  00  00  00  00  00     516.8419
     0100      8   00  00  00  00  00  00  00  00     516.8442
     0100      8   00  00  00  00  00  00  00  00     516.8466
     0100      8   00  00  00  00  00  00  00  00     516.8490
     0100      8   00  00  00  00  00  00  00  00     516.8514
     0100      8   00  00  00  00  00  00  00  00     516.8538
     0100      8   00  00  00  00  00  00  00  00     516.8561
     0100      8   00  00  00  00  00  00  00  00     516.8585
     0100      8   00  00  00  00  00  00  00  00     516.8609
     0100      8   00  00  00  00  00  00  00  00     516.8633
     0100      8   00  00  00  00  00  00  00  00     516.8657
     0100      8   00  00  00  00  00  00  00  00     516.8680
     0100      8   00  00  00  00  00  00  00  00     516.8704
     0100      8   00  00  00  00  00  00  00  00     516.8728
     0100      8   00  00  00  00  00  00  00  00     516.8752
     0100      8   00  00  00  00  00  00  00  00     516.8776
     0100      8   00  00  00  00  00  00  00  00     516.8799
     0100      8   00  00  00  00  00  00  00  00     516.8823
     0100      8   00  00  00  00  00  00  00  00     516.8847
     0100      8   00  00  00  00  00  00  00  00     516.8871
     0100      8   00  00  00  00  00  00  00  00     516.8895
     0100      8   00  00  00  00  00  00  00  00     516.8918
     0100      8   00  00  00  00  00  00  00  00     516.8942
     0100      8   00  00  00  00  00  00  00  00     516.8966
     0100      8   00  00  00  00  00  00  00  00     516.8990
     0100      8   00  00  00  00  00  00  00  00     516.9014
     0100      8   00  00  00  00  00  00  00  00     516.9037
     0100      8   00  00  00  00  00  00  00  00     516.9061
     0100      8   00  00  00  00  00  00  00  00     516.9085
     0100      8   00  00  00  00  00  00  00  00     516.9109
     0100      8   00  00  00  00  00  00  00  00     516.9133
     0100      8   00  00  00  00  00  00  00  00     516.9156
     0100      8   00  00  00  00  00  00  00  00     516.9180
     0100      8   00  00  00  00  00  00  00  00     516.9204
     0100      8   00  00  00  00  00  00  00  00     516.9228
     0100      8   00  00  00  00  00  00  00  00     516.9252
     0100      8   00  00  00  00  00  00  00  00     516.9275
     0100      8   00  00  00  00  00  00  00  00     516.9299
     0100      8   00  00  00  00  00  00  00  00     516.9323
     0100      8   00  00  00  00  00  00  00  00     516.9347
     0100      8   00  00  00  00  00  00  00  00     516.9371
     0100      8   00  00  00  00  00  00  00  00     516.9394
     0100      8   00  00  00  00  00  00  00  00     516.9418
     0100      8   00  00  00  00  00  00  00  00     516.9442
     0100      8   00  00  00  00  00  00  00  00     516.9466
     0100      8   00  00  00  00  00  00  00  00     516.9490
     0100      8   00  00  00  00  00  00  00  00     516.9513
     0100      8   00  00  00  00  00  00  00  00     516.9537
     0100      8   00  00  00  00  00  00  00  00     516.9561
     0100      8   00  00  00  00  00  00  00  00     516.9585
     0100      8   00  00  00  00  00  00  00  00     516.9608
     0100      8   00  00  00  00  00  00  00  00     516.9632
     0100      8   00  00  00  00  00  00  00  00     516.9656
     0100      8   00  00  00  00  00  00  00  00     516.9680
     0100      8   00  00  00  00  00  00  00  00     516.9704
     0100      8   00  00  00  00  00  00  00  00     516.9727
     0100      8   00  00  00  00  00  00  00  00     516.9751
     0100      8   00  00  00  00  00  00  00  00     516.9775
     0100      8   00  00  00  00  00  00  00  00     516.9799
     0100      8   00  00  00  00  00  00  00  00     516.9823
     0100      8   00  00  00  00  00  00  00  00     516.9846
     0100      8   00  00  00  00  00  00  00  00     516.9870
     0100      8   00  00  00  00  00  00  00  00     516.9894
     0100      8   00  00  00  00  00  00  00  00     516.9918
     0100      8   00  00  00  00  00  00  00  00     516.9942
     0100      8   00  00  00  00  00  00  00  00     516.9965
     0100      8   00  00  00  00  00  00  00  00     516.9989
     0100      8   00  00  00  00  00  00  00  00     517.0013
     0100      8   00  00  00  00  00  00  00  00     517.0037
     0100      8   00  00  00  00  00  00  00  00     517.0061
     0100      8   00  00  00  00  00  00  00  00     517.0084
     0100      8   00  00  00  00  00  00  00  00     517.0108
     0100      8   00  00  00  00  00  00  00  00     517.0132
     0100      8   00  00  00  00  00  00  00  00     517.0156
     0100      8   00  00  00  00  00  00  00  00     517.0180
     0100      8   00  00  00  00  00  00  00  00     517.0203
     0100      8   00  00  00  00  00  00  00  00     517.0227
     0100      8   00  00  00  00  00  00  00  00     517.0251
     0100      8   00  00  00  00  00  00  00  00     517.0275
     0100      8   00  00  00  00  00  00  00  00     517.0299
     0100      8   00  00  00  00  00  00  00  00     517.0322
     0100      8   00  00  00  00  00  00  00  00     517.0346
     0100      8   00  00  00  00  00  00  00  00     517.0370
     0100      8   00  00  00  00  00  00  00  00     517.0394
     0100      8   00  00  00  00  00  00  00  00     517.0418
     0100      8   00  00  00  00  00  00  00  00     517.0441
     0100      8   00  00  00  00  00  00  00  00     517.0465
     0100      8   00  00  00  00  00  00  00  00     517.0489
     0100      8   00  00  00  00  00  00  00  00     517.0513
     0100      8   00  00  00  00  00  00  00  00     517.0537
     0100      8   00  00  00  00  00  00  00  00     517.0560
     0100      8   00  00  00  00  00  00  00  00     517.0584
     0100      8   00  00  00  00  00  00  00  00     517.0608
     0100      8   00  00  00  00  00  00  00  00     517.0632
     0100      8   00  00  00  00  00  00  00  00     517.0656
     0100      8   00  00  00  00  00  00  00  00     517.0679
     0100      8   00  00  00  00  00  00  00  00     517.0703
     0100      8   00  00  00  00  00  00  00  00     517.0727
     0100      8   00  00  00  00  00  00  00  00     517.0751
     0100      8   00  00  00  00  00  00  00  00     517.0774
     0100      8   00  00  00  00  00  00  00  00     517.0798
     0100      8   00  00  00  00  00  00  00  00     517.0822
     0100      8   00  00  00  00  00  00  00  00     517.0846
     0100      8   00  00  00  00  00  00  00  00     517.0870
     0100      8   00  00  00  00  00  00  00  00     517.0894
     0100      8   00  00  00  00  00  00  00  00     517.0917
     0100      8   00  00  00  00  00  00  00  00     517.0941
     0100      8   00  00  00  00  00  00  00  00     517.0965
     0100      8   00  00  00  00  00  00  00  00     517.0989
     0100      8   00  00  00  00  00  00  00  00     517.1012
     0100      8   00  00  00  00  00  00  00  00     517.1036
     0100      8   00  00  00  00  00  00  00  00     517.1060
     0100      8   00  00  00  00  00  00  00  00     517.1084
     0100      8   00  00  00  00  00  00  00  00     517.1108
     0100      8   00  00  00  00  00  00  00  00     517.1131
     0100      8   00  00  00  00  00  00  00  00     517.1155
     0100      8   00  00  00  00  00  00  00  00     517.1179
     0100      8   00  00  00  00  00  00  00  00     517.1203
     0100      8   00  00  00  00  00  00  00  00     517.1227
     0100      8   00  00  00  00  00  00  00  00     517.1250
     0100      8   00  00  00  00  00  00  00  00     517.1274
     0100      8   00  00  00  00  00  00  00  00     517.1298
     0100      8   00  00  00  00  00  00  00  00     517.1322
     0100      8   00  00  00  00  00  00  00  00     517.1346
     0100      8   00  00  00  00  00  00  00  00     517.1369
     0100      8   00  00  00  00  00  00  00  00     517.1393
     0100      8   00  00  00  00  00  00  00  00     517.1417
     0100      8   00  00  00  00  00  00  00  00     517.1441
     0100      8   00  00  00  00  00  00  00  00     517.1465
     0100      8   00  00  00  00  00  00  00  00     517.1488
     0100      8   00  00  00  00  00  00  00  00     517.1512
     0100      8   00  00  00  00  00  00  00  00     517.1536
     0100      8   00  00  00  00  00  00  00  00     517.1560
     0100      8   00  00  00  00  00  00  00  00     517.1584
     0100      8   00  00  00  00  00  00  00  00     517.1607
     0100      8   00  00  00  00  00  00  00  00     517.1631
     0100      8   00  00  00  00  00  00  00  00     517.1655
     0100      8   00  00  00  00  00  00  00  00     517.1679
     0100      8   00  00  00  00  00  00  00  00     517.1703
     0100      8   00  00  00  00  00  00  00  00     517.1726
     0100      8   00  00  00  00  00  00  00  00     517.1750
     0100      8   00  00  00  00  00  00  00  00     517.1774
     0100      8   00  00  00  00  00  00  00  00     517.1798
     0100      8   00  00  00  00  00  00  00  00     517.1822
     0100      8   00  00  00  00  00  00  00  00     517.1845
     0100      8   00  00  00  00  00  00  00  00     517.1869
     0100      8   00  00  00  00  00  00  00  00     517.1893
     0100      8   00  00  00  00  00  00  00  00     517.1917
     0100      8   00  00  00  00  00  00  00  00     517.1940
     0100      8   00  00  00  00  00  00  00  00     517.1964
     0100      8   00  00  00  00  00  00  00  00     517.1988
     0100      8   00  00  00  00  00  00  00  00     517.2012
     0100      8   00  00  00  00  00  00  00  00     517.2036
     0100      8   00  00  00  00  00  00  00  00     517.2059
     0100      8   00  00  00  00  00  00  00  00     517.2083
     0100      8   00  00  00  00  00  00  00  00     517.2107
     0100      8   00  00  00  00  00  00  00  00     517.2131
     0100      8   00  00  00  00  00  00  00  00     517.2155
     0100      8   00  00  00  00  00  00  00  00     517.2178
     0100      8   00  00  00  00  00  00  00  00     517.2202
     0100      8   00  00  00  00  00  00  00  00     517.2226
     0100      8   00  00  00  00  00  00  00  00     517.2250
     0100      8   00  00  00  00  00  00  00  00     517.2274
     0100      8   00  00  00  00  00  00  00  00     517.2297
     0100      8   00  00  00  00  00  00  00  00     517.2321
     0100      8   00  00  00  00  00  00  00  00     517.2345
     0100      8   00  00  00  00  00  00  00  00     517.2369
     0100      8   00  00  00  00  00  00  00  00     517.2393
     0100      8   00  00  00  00  00  00  00  00     517.2416
     0100      8   00  00  00  00  00  00  00  00     517.2440
     0100      8   00  00  00  00  00  00  00  00     517.2464
     0100      8   00  00  00  00  00  00  00  00     517.2488
     0100      8   00  00  00  00  00  00  00  00     517.2512
     0100      8   00  00  00  00  00  00  00  00     517.2535
     0100      8   00  00  00  00  00  00  00  00     517.2559
     0100      8   00  00  00  00  00  00  00  00     517.2583
     0100      8   00  00  00  00  00  00  00  00     517.2607
     0100      8   00  00  00  00  00  00  00  00     517.2631
     0100      8   00  00  00  00  00  00  00  00     517.2654
     0100      8   00  00  00  00  00  00  00  00     517.2678
     0100      8   00  00  00  00  00  00  00  00     517.2702
     0100      8   00  00  00  00  00  00  00  00     517.2726
     0100      8   00  00  00  00  00  00  00  00     517.2750
     0100      8   00  00  00  00  00  00  00  00     517.2773
     0100      8   00  00  00  00  00  00  00  00     517.2797
     0100      8   00  00  00  00  00  00  00  00     517.2821
     0100      8   00  00  00  00  00  00  00  00     517.2845
     0100      8   00  00  00  00  00  00  00  00     517.2869
     0100      8   00  00  00  00  00  00  00  00     517.2892
     0100      8   00  00  00  00  00  00  00  00     517.2916
     0100      8   00  00  00  00  00  00  00  00     517.2940
     0100      8   00  00  00  00  00  00  00  00     517.2964
     0100      8   00  00  00  00  00  00  00  00     517.2988
     0100      8   00  00  00  00  00  00  00  00     517.3011
     0100      8   00  00  00  00  00  00  00  00     517.3035
     0100      8   00  00  00  00  00  00  00  00     517.3059
     0100      8   00  00  00  00  00  00  00  00     517.3083
     0100      8   00  00  00  00  00  00  00  00     517.3106
     0100      8   00  00  00  00  00  00  00  00     517.3130
     0100      8   00  00  00  00  00  00  00  00     517.3154
     0100      8   00  00  00  00  00  00  00  00     517.3178
     0100      8   00  00  00  00  00  00  00  00     517.3202
     0100      8   00  00  00  00  00  00  00  00     517.3225
     0100      8   00  00  00  00  00  00  00  00     517.3249
     0100      8   00  00  00  00  00  00  00  00     517.3273
     0100      8   00  00  00  00  00  00  00  00     517.3297
     0100      8   00  00  00  00  00  00  00  00     517.3321
     0100      8   00  00  00  00  00  00  00  00     517.3344
     0100      8   00  00  00  00  00  00  00  00     517.3368
     0100      8   00  00  00  00  00  00  00  00     517.3392
     0100      8   00  00  00  00  00  00  00  00     517.3416
     0100      8   00  00  00  00  00  00  00  00     517.3440
     0100      8   00  00  00  00  00  00  00  00     517.3464
     0100      8   00  00  00  00  00  00  00  00     517.3487
     0100      8   00  00  00  00  00  00  00  00     517.3511
     0100      8   00  00  00  00  00  00  00  00     517.3535
     0100      8   00  00  00  00  00  00  00  00     517.3559
     0100      8   00  00  00  00  00  00  00  00     517.3582
     0100      8   00  00  00  00  00  00  00  00     517.3606
     0100      8   00  00  00  00  00  00  00  00     517.3630
     0100      8   00  00  00  00  00  00  00  00     517.3654
     0100      8   00  00  00  00  00  00  00  00     517.3678
     0100      8   00  00  00  00  00  00  00  00     517.3701
     0100      8   00  00  00  00  00  00  00  00     517.3725
     0100      8   00  00  00  00  00  00  00  00     517.3749
     0100      8   00  00  00  00  00  00  00  00     517.3773
     0100      8   00  00  00  00  00  00  00  00     517.3797
     0100      8   00  00  00  00  00  00  00  00     517.3820
     0100      8   00  00  00  00  00  00  00  00     517.3844
     0100      8   00  00  00  00  00  00  00  00     517.3868
     0100      8   00  00  00  00  00  00  00  00     517.3892
     0100      8   00  00  00  00  00  00  00  00     517.3916
     0100      8   00  00  00  00  00  00  00  00     517.3939
     0100      8   00  00  00  00  00  00  00  00     517.3963
     0100      8   00  00  00  00  00  00  00  00     517.3987
     0100      8   00  00  00  00  00  00  00  00     517.4011
     0100      8   00  00  00  00  00  00  00  00     517.4035
     0100      8   00  00  00  00  00  00  00  00     517.4058
     0100      8   00  00  00  00  00  00  00  00     517.4082
     0100      8   00  00  00  00  00  00  00  00     517.4106
     0100      8   00  00  00  00  00  00  00  00     517.4130
     0100      8   00  00  00  00  00  00  00  00     517.4154
     0100      8   00  00  00  00  00  00  00  00     517.4177
     0100      8   00  00  00  00  00  00  00  00     517.4201
     0100      8   00  00  00  00  00  00  00  00     517.4225
     0100      8   00  00  00  00  00  00  00  00     517.4249
     0100      8   00  00  00  00  00  00  00  00     517.4273
     0100      8   00  00  00  00  00  00  00  00     517.4296
     0100      8   00  00  00  00  00  00  00  00     517.4320
     0100      8   00  00  00  00  00  00  00  00     517.4344
     0100      8   00  00  00  00  00  00  00  00     517.4368
     0100      8   00  00  00  00  00  00  00  00     517.4391
     0100      8   00  00  00  00  00  00  00  00     517.4415
     0100      8   00  00  00  00  00  00  00  00     517.4439
     0100      8   00  00  00  00  00  00  00  00     517.4463
     0100      8   00  00  00  00  00  00  00  00     517.4487
     0100      8   00  00  00  00  00  00  00  00     517.4510
     0100      8   00  00  00  00  00  00  00  00     517.4534
     0100      8   00  00  00  00  00  00  00  00     517.4558
     0100      8   00  00  00  00  00  00  00  00     517.4582
     0100      8   00  00  00  00  00  00  00  00     517.4606
     0100      8   00  00  00  00  00  00  00  00     517.4629
     0100      8   00  00  00  00  00  00  00  00     517.4653
     0100      8   00  00  00  00  00  00  00  00     517.4677
     0100      8   00  00  00  00  00  00  00  00     517.4701
     0100      8   00  00  00  00  00  00  00  00     517.4725
     0100      8   00  00  00  00  00  00  00  00     517.4748
     0100      8   00  00  00  00  00  00  00  00     517.4772
     0100      8   00  00  00  00  00  00  00  00     517.4796
     0100      8   00  00  00  00  00  00  00  00     517.4820
     0100      8   00  00  00  00  00  00  00  00     517.4844
     0100      8   00  00  00  00  00  00  00  00     517.4867
     0100      8   00  00  00  00  00  00  00  00     517.4891
     0100      8   00  00  00  00  00  00  00  00     517.4915
     0100      8   00  00  00  00  00  00  00  00     517.4939
     0100      8   00  00  00  00  00  00  00  00     517.4963
     0100      8   00  00  00  00  00  00  00  00     517.4986
     0100      8   00  00  00  00  00  00  00  00     517.5010
     0100      8   00  00  00  00  00  00  00  00     517.5034
     0100      8   00  00  00  00  00  00  00  00     517.5058
     0100      8   00  00  00  00  00  00  00  00     517.5082
     0100      8   00  00  00  00  00  00  00  00     517.5105
     0100      8   00  00  00  00  00  00  00  00     517.5129
     0100      8   00  00  00  00  00  00  00  00     517.5153
     0100      8   00  00  00  00  00  00  00  00     517.5177
     0100      8   00  00  00  00  00  00  00  00     517.5201
     0100      8   00  00  00  00  00  00  00  00     517.5224
     0100      8   00  00  00  00  00  00  00  00     517.5248
     0100      8   00  00  00  00  00  00  00  00     517.5272
     0100      8   00  00  00  00  00  00  00  00     517.5296
     0100      8   00  00  00  00  00  00  00  00     517.5320
     0100      8   00  00  00  00  00  00  00  00     517.5343
     0100      8   00  00  00  00  00  00  00  00     517.5367
     0100      8   00  00  00  00  00  00  00  00     517.5391
     0100      8   00  00  00  00  00  00  00  00     517.5415
     0100      8   00  00  00  00  00  00  00  00     517.5439
     0100      8   00  00  00  00  00  00  00  00     517.5462
     0100      8   00  00  00  00  00  00  00  00     517.5486
     0100      8   00  00  00  00  00  00  00  00     517.5510
     0100      8   00  00  00  00  00  00  00  00     517.5534
     0100      8   00  00  00  00  00  00  00  00     517.5557
     0100      8   00  00  00  00  00  00  00  00     517.5581
     0100      8   00  00  00  00  00  00  00  00     517.5605
     0100      8   00  00  00  00  00  00  00  00     517.5629
     0100      8   00  00  00  00  00  00  00  00     517.5653
     0100      8   00  00  00  00  00  00  00  00     517.5676
     0100      8   00  00  00  00  00  00  00  00     517.5700
     0100      8   00  00  00  00  00  00  00  00     517.5724
     0100      8   00  00  00  00  00  00  00  00     517.5748
     0100      8   00  00  00  00  00  00  00  00     517.5772
     0100      8   00  00  00  00  00  00  00  00     517.5795
     0100      8   00  00  00  00  00  00  00  00     517.5819
     0100      8   00  00  00  00  00  00  00  00     517.5843
     0100      8   00  00  00  00  00  00  00  00     517.5867
     0100      8   00  00  00  00  00  00  00  00     517.5891
     0100      8   00  00  00  00  00  00  00  00     517.5914
     0100      8   00  00  00  00  00  00  00  00     517.5938
     0100      8   00  00  00  00  00  00  00  00     517.5962
     0100      8   00  00  00  00  00  00  00  00     517.5986
     0100      8   00  00  00  00  00  00  00  00     517.6010
     0100      8   00  00  00  00  00  00  00  00     517.6033
     0100      8   00  00  00  00  00  00  00  00     517.6057
     0100      8   00  00  00  00  00  00  00  00     517.6081
     0100      8   00  00  00  00  00  00  00  00     517.6105
     0100      8   00  00  00  00  00  00  00  00     517.6129
     0100      8   00  00  00  00  00  00  00  00     517.6152
     0100      8   00  00  00  00  00  00  00  00     517.6176
     0100      8   00  00  00  00  00  00  00  00     517.6200
     0100      8   00  00  00  00  00  00  00  00     517.6224
     0100      8   00  00  00  00  00  00  00  00     517.6248
     0100      8   00  00  00  00  00  00  00  00     517.6271
     0100      8   00  00  00  00  00  00  00  00     517.6295
     0100      8   00  00  00  00  00  00  00  00     517.6319
     0100      8   00  00  00  00  00  00  00  00     517.6343
     0100      8   00  00  00  00  00  00  00  00     517.6367
     0100      8   00  00  00  00  00  00  00  00     517.6390
     0100      8   00  00  00  00  00  00  00  00     517.6414
     0100      8   00  00  00  00  00  00  00  00     517.6438
     0100      8   00  00  00  00  00  00  00  00     517.6462
     0100      8   00  00  00  00  00  00  00  00     517.6486
     0100      8   00  00  00  00  00  00  00  00     517.6509
     0100      8   00  00  00  00  00  00  00  00     517.6533
     0100      8   00  00  00  00  00  00  00  00     517.6557
     0100      8   00  00  00  00  00  00  00  00     517.6581
     0100      8   00  00  00  00  00  00  00  00     517.6605
     0100      8   00  00  00  00  00  00  00  00     517.6628
     0100      8   00  00  00  00  00  00  00  00     517.6652
     0100      8   00  00  00  00  00  00  00  00     517.6676
     0100      8   00  00  00  00  00  00  00  00     517.6700
     0100      8   00  00  00  00  00  00  00  00     517.6723
     0100      8   00  00  00  00  00  00  00  00     517.6747
     0100      8   00  00  00  00  00  00  00  00     517.6771
     0100      8   00  00  00  00  00  00  00  00     517.6795
     0100      8   00  00  00  00  00  00  00  00     517.6819
     0100      8   00  00  00  00  00  00  00  00     517.6843
     0100      8   00  00  00  00  00  00  00  00     517.6866
     0100      8   00  00  00  00  00  00  00  00     517.6890
     0100      8   00  00  00  00  00  00  00  00     517.6914
     0100      8   00  00  00  00  00  00  00  00     517.6938
     0100      8   00  00  00  00  00  00  00  00     517.6961
     0100      8   00  00  00  00  00  00  00  00     517.6985
     0100      8   00  00  00  00  00  00  00  00     517.7009
     0100      8   00  00  00  00  00  00  00  00     517.7033
     0100      8   00  00  00  00  00  00  00  00     517.7057
     0100      8   00  00  00  00  00  00  00  00     517.7080
     0100      8   00  00  00  00  00  00  00  00     517.7104
     0100      8   00  00  00  00  00  00  00  00     517.7128
     0100      8   00  00  00  00  00  00  00  00     517.7152
     0100      8   00  00  00  00  00  00  00  00     517.7176
     0100      8   00  00  00  00  00  00  00  00     517.7199
     0100      8   00  00  00  00  00  00  00  00     517.7223
     0100      8   00  00  00  00  00  00  00  00     517.7247
     0100      8   00  00  00  00  00  00  00  00     517.7271
     0100      8   00  00  00  00  00  00  00  00     517.7295
     0100      8   00  00  00  00  00  00  00  00     517.7318
     0100      8   00  00  00  00  00  00  00  00     517.7342
     0100      8   00  00  00  00  00  00  00  00     517.7366
     0100      8   00  00  00  00  00  00  00  00     517.7390
     0100      8   00  00  00  00  00  00  00  00     517.7414
     0100      8   00  00  00  00  00  00  00  00     517.7437
     0100      8   00  00  00  00  00  00  00  00     517.7461
     0100      8   00  00  00  00  00  00  00  00     517.7485
     0100      8   00  00  00  00  00  00  00  00     517.7509
     0100      8   00  00  00  00  00  00  00  00     517.7533
     0100      8   00  00  00  00  00  00  00  00     517.7556
     0100      8   00  00  00  00  00  00  00  00     517.7580
     0100      8   00  00  00  00  00  00  00  00     517.7604
     0100      8   00  00  00  00  00  00  00  00     517.7628
     0100      8   00  00  00  00  00  00  00  00     517.7652
     0100      8   00  00  00  00  00  00  00  00     517.7675
     0100      8   00  00  00  00  00  00  00  00     517.7699
     0100      8   00  00  00  00  00  00  00  00     517.7723
     0100      8   00  00  00  00  00  00  00  00     517.7747
     0100      8   00  00  00  00  00  00  00  00     517.7770
     0100      8   00  00  00  00  00  00  00  00     517.7794
     0100      8   00  00  00  00  00  00  00  00     517.7818
     0100      8   00  00  00  00  00  00  00  00     517.7842
     0100      8   00  00  00  00  00  00  00  00     517.7866
     0100      8   00  00  00  00  00  00  00  00     517.7889
     0100      8   00  00  00  00  00  00  00  00     517.7913
     0100      8   00  00  00  00  00  00  00  00     517.7937
     0100      8   00  00  00  00  00  00  00  00     517.7961
     0100      8   00  00  00  00  00  00  00  00     517.7985
     0100      8   00  00  00  00  00  00  00  00     517.8009
     0100      8   00  00  00  00  00  00  00  00     517.8032
     0100      8   00  00  00  00  00  00  00  00     517.8056
     0100      8   00  00  00  00  00  00  00  00     517.8080
     0100      8   00  00  00  00  00  00  00  00     517.8104
     0100      8   00  00  00  00  00  00  00  00     517.8127
     0100      8   00  00  00  00  00  00  00  00     517.8151
     0100      8   00  00  00  00  00  00  00  00     517.8175
     0100      8   00  00  00  00  00  00  00  00     517.8199
     0100      8   00  00  00  00  00  00  00  00     517.8223
     0100      8   00  00  00  00  00  00  00  00     517.8246
     0100      8   00  00  00  00  00  00  00  00     517.8270
     0100      8   00  00  00  00  00  00  00  00     517.8294
     0100      8   00  00  00  00  00  00  00  00     517.8318
     0100      8   00  00  00  00  00  00  00  00     517.8342
     0100      8   00  00  00  00  00  00  00  00     517.8365
     0100      8   00  00  00  00  00  00  00  00     517.8389
     0100      8   00  00  00  00  00  00  00  00     517.8413
     0100      8   00  00  00  00  00  00  00  00     517.8437
     0100      8   00  00  00  00  00  00  00  00     517.8461
     0100      8   00  00  00  00  00  00  00  00     517.8484
     0100      8   00  00  00  00  00  00  00  00     517.8508
     0100      8   00  00  00  00  00  00  00  00     517.8532
     0100      8   00  00  00  00  00  00  00  00     517.8556
     0100      8   00  00  00  00  00  00  00  00     517.8580
     0100      8   00  00  00  00  00  00  00  00     517.8603
     0100      8   00  00  00  00  00  00  00  00     517.8627
     0100      8   00  00  00  00  00  00  00  00     517.8651
     0100      8   00  00  00  00  00  00  00  00     517.8675
     0100      8   00  00  00  00  00  00  00  00     517.8699
     0100      8   00  00  00  00  00  00  00  00     517.8722
     0100      8   00  00  00  00  00  00  00  00     517.8746
     0100      8   00  00  00  00  00  00  00  00     517.8770
     0100      8   00  00  00  00  00  00  00  00     517.8794
     0100      8   00  00  00  00  00  00  00  00     517.8818
     0100      8   00  00  00  00  00  00  00  00     517.8841
     0100      8   00  00  00  00  00  00  00  00     517.8865
     0100      8   00  00  00  00  00  00  00  00     517.8889
     0100      8   00  00  00  00  00  00  00  00     517.8913
     0100      8   00  00  00  00  00  00  00  00     517.8937
     0100      8   00  00  00  00  00  00  00  00     517.8960
     0100      8   00  00  00  00  00  00  00  00     517.8984
     0100      8   00  00  00  00  00  00  00  00     517.9008
     0100      8   00  00  00  00  00  00  00  00     517.9032
     0100      8   00  00  00  00  00  00  00  00     517.9055
     0100      8   00  00  00  00  00  00  00  00     517.9079
     0100      8   00  00  00  00  00  00  00  00     517.9103
     0100      8   00  00  00  00  00  00  00  00     517.9127
     0100      8   00  00  00  00  00  00  00  00     517.9151
     0100      8   00  00  00  00  00  00  00  00     517.9174
     0100      8   00  00  00  00  00  00  00  00     517.9198
     0100      8   00  00  00  00  00  00  00  00     517.9222
     0100      8   00  00  00  00  00  00  00  00     517.9246
     0100      8   00  00  00  00  00  00  00  00     517.9270
     0100      8   00  00  00  00  00  00  00  00     517.9293
     0100      8   00  00  00  00  00  00  00  00     517.9317
     0100      8   00  00  00  00  00  00  00  00     517.9341
     0100      8   00  00  00  00  00  00  00  00     517.9365
     0100      8   00  00  00  00  00  00  00  00     517.9389
     0100      8   00  00  00  00  00  00  00  00     517.9412
     0100      8   00  00  00  00  00  00  00  00     517.9436
     0100      8   00  00  00  00  00  00  00  00     517.9460
     0100      8   00  00  00  00  00  00  00  00     517.9484
     0100      8   00  00  00  00  00  00  00  00     517.9508
     0100      8   00  00  00  00  00  00  00  00     517.9531
     0100      8   00  00  00  00  00  00  00  00     517.9555
     0100      8   00  00  00  00  00  00  00  00     517.9579
     0100      8   00  00  00  00  00  00  00  00     517.9603
     0100      8   00  00  00  00  00  00  00  00     517.9627
     0100      8   00  00  00  00  00  00  00  00     517.9650
     0100      8   00  00  00  00  00  00  00  00     517.9674
     0100      8   00  00  00  00  00  00  00  00     517.9698
     0100      8   00  00  00  00  00  00  00  00     517.9722
     0100      8   00  00  00  00  00  00  00  00     517.9746
     0100      8   00  00  00  00  00  00  00  00     517.9769
     0100      8   00  00  00  00  00  00  00  00     517.9793
     0100      8   00  00  00  00  00  00  00  00     517.9817
     0100      8   00  00  00  00  00  00  00  00     517.9841
     0100      8   00  00  00  00  00  00  00  00     517.9865
     0100      8   00  00  00  00  00  00  00  00     517.9888
     0100      8   00  00  00  00  00  00  00  00     517.9912
     0100      8   00  00  00  00  00  00  00  00     517.9936
     0100      8   00  00  00  00  00  00  00  00     517.9960
     0100      8   00  00  00  00  00  00  00  00     517.9984
     0100      8   00  00  00  00  00  00  00  00     518.0007
     0100      8   00  00  00  00  00  00  00  00     518.0031
     0100      8   00  00  00  00  00  00  00  00     518.0055
     0100      8   00  00  00  00  00  00  00  00     518.0079
     0100      8   00  00  00  00  00  00  00  00     518.0103
     0100      8   00  00  00  00  00  00  00  00     518.0126
     0100      8   00  00  00  00  00  00  00  00     518.0150
     0100      8   00  00  00  00  00  00  00  00     518.0174
     0100      8   00  00  00  00  00  00  00  00     518.0198
     0100      8   00  00  00  00  00  00  00  00     518.0221
     0100      8   00  00  00  00  00  00  00  00     518.0245
     0100      8   00  00  00  00  00  00  00  00     518.0269
     0100      8   00  00  00  00  00  00  00  00     518.0293
     0100      8   00  00  00  00  00  00  00  00     518.0317
     0100      8   00  00  00  00  00  00  00  00     518.0340
     0100      8   00  00  00  00  00  00  00  00     518.0364
     0100      8   00  00  00  00  00  00  00  00     518.0388
     0100      8   00  00  00  00  00  00  00  00     518.0412
     0100      8   00  00  00  00  00  00  00  00     518.0436
     0100      8   00  00  00  00  00  00  00  00     518.0459
     0100      8   00  00  00  00  00  00  00  00     518.0483
     0100      8   00  00  00  00  00  00  00  00     518.0507
     0100      8   00  00  00  00  00  00  00  00     518.0531
     0100      8   00  00  00  00  00  00  00  00     518.0555
     0100      8   00  00  00  00  00  00  00  00     518.0578
     0100      8   00  00  00  00  00  00  00  00     518.0602
     0100      8   00  00  00  00  00  00  00  00     518.0626
     0100      8   00  00  00  00  00  00  00  00     518.0650
     0100      8   00  00  00  00  00  00  00  00     518.0674
     0100      8   00  00  00  00  00  00  00  00     518.0697
     0100      8   00  00  00  00  00  00  00  00     518.0721
     0100      8   00  00  00  00  00  00  00  00     518.0745
     0100      8   00  00  00  00  00  00  00  00     518.0769
     0100      8   00  00  00  00  00  00  00  00     518.0793
     0100      8   00  00  00  00  00  00  00  00     518.0816
     0100      8   00  00  00  00  00  00  00  00     518.0840
     0100      8   00  00  00  00  00  00  00  00     518.0864
     0100      8   00  00  00  00  00  00  00  00     518.0888
     0100      8   00  00  00  00  00  00  00  00     518.0912
     0100      8   00  00  00  00  00  00  00  00     518.0935
     0100      8   00  00  00  00  00  00  00  00     518.0959
     0100      8   00  00  00  00  00  00  00  00     518.0983
     0100      8   00  00  00  00  00  00  00  00     518.1007
     0100      8   00  00  00  00  00  00  00  00     518.1031
     0100      8   00  00  00  00  00  00  00  00     518.1054
     0100      8   00  00  00  00  00  00  00  00     518.1078
     0100      8   00  00  00  00  00  00  00  00     518.1102
     0100      8   00  00  00  00  00  00  00  00     518.1126
     0100      8   00  00  00  00  00  00  00  00     518.1150
     0100      8   00  00  00  00  00  00  00  00     518.1173
     0100      8   00  00  00  00  00  00  00  00     518.1197
     0100      8   00  00  00  00  00  00  00  00     518.1221
     0100      8   00  00  00  00  00  00  00  00     518.1245
     0100      8   00  00  00  00  00  00  00  00     518.1269
     0100      8   00  00  00  00  00  00  00  00     518.1292
     0100      8   00  00  00  00  00  00  00  00     518.1316
     0100      8   00  00  00  00  00  00  00  00     518.1340
     0100      8   00  00  00  00  00  00  00  00     518.1364
     0100      8   00  00  00  00  00  00  00  00     518.1388
     0100      8   00  00  00  00  00  00  00  00     518.1411
     0100      8   00  00  00  00  00  00  00  00     518.1435
     0100      8   00  00  00  00  00  00  00  00     518.1459
     0100      8   00  00  00  00  00  00  00  00     518.1483
     0100      8   00  00  00  00  00  00  00  00     518.1506
     0100      8   00  00  00  00  00  00  00  00     518.1530
     0100      8   00  00  00  00  00  00  00  00     518.1554
     0100      8   00  00  00  00  00  00  00  00     518.1578
     0100      8   00  00  00  00  00  00  00  00     518.1602
     0100      8   00  00  00  00  00  00  00  00     518.1625
     0100      8   00  00  00  00  00  00  00  00     518.1649
     0100      8   00  00  00  00  00  00  00  00     518.1673
     0100      8   00  00  00  00  00  00  00  00     518.1697
     0100      8   00  00  00  00  00  00  00  00     518.1721
     0100      8   00  00  00  00  00  00  00  00     518.1744
     0100      8   00  00  00  00  00  00  00  00     518.1768
     0100      8   00  00  00  00  00  00  00  00     518.1792
     0100      8   00  00  00  00  00  00  00  00     518.1816
     0100      8   00  00  00  00  00  00  00  00     518.1840
     0100      8   00  00  00  00  00  00  00  00     518.1863
     0100      8   00  00  00  00  00  00  00  00     518.1887
     0100      8   00  00  00  00  00  00  00  00     518.1911
     0100      8   00  00  00  00  00  00  00  00     518.1935
     0100      8   00  00  00  00  00  00  00  00     518.1959
     0100      8   00  00  00  00  00  00  00  00     518.1982
     0100      8   00  00  00  00  00  00  00  00     518.2006
     0100      8   00  00  00  00  00  00  00  00     518.2030
     0100      8   00  00  00  00  00  00  00  00     518.2054
     0100      8   00  00  00  00  00  00  00  00     518.2078
     0100      8   00  00  00  00  00  00  00  00     518.2101
     0100      8   00  00  00  00  00  00  00  00     518.2125
     0100      8   00  00  00  00  00  00  00  00     518.2149
     0100      8   00  00  00  00  00  00  00  00     518.2173
     0100      8   00  00  00  00  00  00  00  00     518.2197
     0100      8   00  00  00  00  00  00  00  00     518.2220
     0100      8   00  00  00  00  00  00  00  00     518.2244
     0100      8   00  00  00  00  00  00  00  00     518.2268
     0100      8   00  00  00  00  00  00  00  00     518.2292
     0100      8   00  00  00  00  00  00  00  00     518.2316
     0100      8   00  00  00  00  00  00  00  00     518.2339
     0100      8   00  00  00  00  00  00  00  00     518.2363
     0100      8   00  00  00  00  00  00  00  00     518.2387
     0100      8   00  00  00  00  00  00  00  00     518.2411
     0100      8   00  00  00  00  00  00  00  00     518.2435
     0100      8   00  00  00  00  00  00  00  00     518.2458
     0100      8   00  00  00  00  00  00  00  00     518.2482
     0100      8   00  00  00  00  00  00  00  00     518.2506
     0100      8   00  00  00  00  00  00  00  00     518.2530
     0100      8   00  00  00  00  00  00  00  00     518.2553
     0100      8   00  00  00  00  00  00  00  00     518.2577
     0100      8   00  00  00  00  00  00  00  00     518.2601
     0100      8   00  00  00  00  00  00  00  00     518.2625
     0100      8   00  00  00  00  00  00  00  00     518.2649
     0100      8   00  00  00  00  00  00  00  00     518.2672
     0100      8   00  00  00  00  00  00  00  00     518.2696
     0100      8   00  00  00  00  00  00  00  00     518.2720
     0100      8   00  00  00  00  00  00  00  00     518.2744
     0100      8   00  00  00  00  00  00  00  00     518.2768
     0100      8   00  00  00  00  00  00  00  00     518.2791
     0100      8   00  00  00  00  00  00  00  00     518.2815
     0100      8   00  00  00  00  00  00  00  00     518.2839
     0100      8   00  00  00  00  00  00  00  00     518.2863
     0100      8   00  00  00  00  00  00  00  00     518.2887
     0100      8   00  00  00  00  00  00  00  00     518.2910
     0100      8   00  00  00  00  00  00  00  00     518.2934
     0100      8   00  00  00  00  00  00  00  00     518.2958
     0100      8   00  00  00  00  00  00  00  00     518.2982
     0100      8   00  00  00  00  00  00  00  00     518.3006
     0100      8   00  00  00  00  00  00  00  00     518.3029
     0100      8   00  00  00  00  00  00  00  00     518.3053
     0100      8   00  00  00  00  00  00  00  00     518.3077
     0100      8   00  00  00  00  00  00  00  00     518.3101
     0100      8   00  00  00  00  00  00  00  00     518.3125
     0100      8   00  00  00  00  00  00  00  00     518.3148
     0100      8   00  00  00  00  00  00  00  00     518.3172
     0100      8   00  00  00  00  00  00  00  00     518.3196
     0100      8   00  00  00  00  00  00  00  00     518.3220
     0100      8   00  00  00  00  00  00  00  00     518.3244
     0100      8   00  00  00  00  00  00  00  00     518.3267
     0100      8   00  00  00  00  00  00  00  00     518.3291
     0100      8   00  00  00  00  00  00  00  00     518.3315
     0100      8   00  00  00  00  00  00  00  00     518.3339
     0100      8   00  00  00  00  00  00  00  00     518.3363
     0100      8   00  00  00  00  00  00  00  00     518.3386
     0100      8   00  00  00  00  00  00  00  00     518.3410
     0100      8   00  00  00  00  00  00  00  00     518.3434
     0100      8   00  00  00  00  00  00  00  00     518.3458
     0100      8   00  00  00  00  00  00  00  00     518.3482
     0100      8   00  00  00  00  00  00  00  00     518.3505
     0100      8   00  00  00  00  00  00  00  00     518.3529
     0100      8   00  00  00  00  00  00  00  00     518.3553
     0100      8   00  00  00  00  00  00  00  00     518.3577
     0100      8   00  00  00  00  00  00  00  00     518.3601
     0100      8   00  00  00  00  00  00  00  00     518.3624
     0100      8   00  00  00  00  00  00  00  00     518.3648
     0100      8   00  00  00  00  00  00  00  00     518.3672
     0100      8   00  00  00  00  00  00  00  00     518.3696
     0100      8   00  00  00  00  00  00  00  00     518.3719
     0100      8   00  00  00  00  00  00  00  00     518.3743
     0100      8   00  00  00  00  00  00  00  00     518.3767
     0100      8   00  00  00  00  00  00  00  00     518.3791
     0100      8   00  00  00  00  00  00  00  00     518.3815
     0100      8   00  00  00  00  00  00  00  00     518.3838
     0100      8   00  00  00  00  00  00  00  00     518.3862
     0100      8   00  00  00  00  00  00  00  00     518.3886
     0100      8   00  00  00  00  00  00  00  00     518.3910
     0100      8   00  00  00  00  00  00  00  00     518.3934
     0100      8   00  00  00  00  00  00  00  00     518.3958
     0100      8   00  00  00  00  00  00  00  00     518.3981
     0100      8   00  00  00  00  00  00  00  00     518.4005
     0100      8   00  00  00  00  00  00  00  00     518.4029
     0100      8   00  00  00  00  00  00  00  00     518.4053
     0100      8   00  00  00  00  00  00  00  00     518.4076
     0100      8   00  00  00  00  00  00  00  00     518.4100
     0100      8   00  00  00  00  00  00  00  00     518.4124
     0100      8   00  00  00  00  00  00  00  00     518.4148
     0100      8   00  00  00  00  00  00  00  00     518.4172
     0100      8   00  00  00  00  00  00  00  00     518.4195
     0100      8   00  00  00  00  00  00  00  00     518.4219
     0100      8   00  00  00  00  00  00  00  00     518.4243
     0100      8   00  00  00  00  00  00  00  00     518.4267
     0100      8   00  00  00  00  00  00  00  00     518.4291
     0100      8   00  00  00  00  00  00  00  00     518.4314
     0100      8   00  00  00  00  00  00  00  00     518.4338
     0100      8   00  00  00  00  00  00  00  00     518.4362
     0100      8   00  00  00  00  00  00  00  00     518.4386
     0100      8   00  00  00  00  00  00  00  00     518.4410
     0100      8   00  00  00  00  00  00  00  00     518.4433
     0100      8   00  00  00  00  00  00  00  00     518.4457
     0100      8   00  00  00  00  00  00  00  00     518.4481
     0100      8   00  00  00  00  00  00  00  00     518.4505
     0100      8   00  00  00  00  00  00  00  00     518.4529
     0100      8   00  00  00  00  00  00  00  00     518.4552
     0100      8   00  00  00  00  00  00  00  00     518.4576
     0100      8   00  00  00  00  00  00  00  00     518.4600
     0100      8   00  00  00  00  00  00  00  00     518.4624
     0100      8   00  00  00  00  00  00  00  00     518.4648
     0100      8   00  00  00  00  00  00  00  00     518.4671
     0100      8   00  00  00  00  00  00  00  00     518.4695
     0100      8   00  00  00  00  00  00  00  00     518.4719
     0100      8   00  00  00  00  00  00  00  00     518.4743
     0100      8   00  00  00  00  00  00  00  00     518.4767
     0100      8   00  00  00  00  00  00  00  00     518.4790
     0100      8   00  00  00  00  00  00  00  00     518.4814
     0100      8   00  00  00  00  00  00  00  00     518.4838
     0100      8   00  00  00  00  00  00  00  00     518.4862
     0100      8   00  00  00  00  00  00  00  00     518.4885
     0100      8   00  00  00  00  00  00  00  00     518.4909
     0100      8   00  00  00  00  00  00  00  00     518.4933
     0100      8   00  00  00  00  00  00  00  00     518.4957
     0100      8   00  00  00  00  00  00  00  00     518.4981
     0100      8   00  00  00  00  00  00  00  00     518.5004
     0100      8   00  00  00  00  00  00  00  00     518.5028
     0100      8   00  00  00  00  00  00  00  00     518.5052
     0100      8   00  00  00  00  00  00  00  00     518.5076
     0100      8   00  00  00  00  00  00  00  00     518.5100
     0100      8   00  00  00  00  00  00  00  00     518.5123
     0100      8   00  00  00  00  00  00  00  00     518.5147
     0100      8   00  00  00  00  00  00  00  00     518.5171
     0100      8   00  00  00  00  00  00  00  00     518.5195
     0100      8   00  00  00  00  00  00  00  00     518.5219
     0100      8   00  00  00  00  00  00  00  00     518.5242
     0100      8   00  00  00  00  00  00  00  00     518.5266
     0100      8   00  00  00  00  00  00  00  00     518.5290
     0100      8   00  00  00  00  00  00  00  00     518.5314
     0100      8   00  00  00  00  00  00  00  00     518.5338
     0100      8   00  00  00  00  00  00  00  00     518.5361
     0100      8   00  00  00  00  00  00  00  00     518.5385
     0100      8   00  00  00  00  00  00  00  00     518.5409
     0100      8   00  00  00  00  00  00  00  00     518.5433
     0100      8   00  00  00  00  00  00  00  00     518.5457
     0100      8   00  00  00  00  00  00  00  00     518.5480
     0100      8   00  00  00  00  00  00  00  00     518.5504
     0100      8   00  00  00  00  00  00  00  00     518.5528
     0100      8   00  00  00  00  00  00  00  00     518.5552
     0100      8   00  00  00  00  00  00  00  00     518.5576
     0100      8   00  00  00  00  00  00  00  00     518.5599
     0100      8   00  00  00  00  00  00  00  00     518.5623
     0100      8   00  00  00  00  00  00  00  00     518.5647
     0100      8   00  00  00  00  00  00  00  00     518.5671
     0100      8   00  00  00  00  00  00  00  00     518.5695
     0100      8   00  00  00  00  00  00  00  00     518.5718
     0100      8   00  00  00  00  00  00  00  00     518.5742
     0100      8   00  00  00  00  00  00  00  00     518.5766
     0100      8   00  00  00  00  00  00  00  00     518.5790
     0100      8   00  00  00  00  00  00  00  00     518.5814
     0100      8   00  00  00  00  00  00  00  00     518.5837
     0100      8   00  00  00  00  00  00  00  00     518.5861
     0100      8   00  00  00  00  00  00  00  00     518.5885
     0100      8   00  00  00  00  00  00  00  00     518.5909
     0100      8   00  00  00  00  00  00  00  00     518.5933
     0100      8   00  00  00  00  00  00  00  00     518.5956
     0100      8   00  00  00  00  00  00  00  00     518.5980
     0100      8   00  00  00  00  00  00  00  00     518.6004
     0100      8   00  00  00  00  00  00  00  00     518.6028
     0100      8   00  00  00  00  00  00  00  00     518.6051
     0100      8   00  00  00  00  00  00  00  00     518.6075
     0100      8   00  00  00  00  00  00  00  00     518.6099
     0100      8   00  00  00  00  00  00  00  00     518.6123
     0100      8   00  00  00  00  00  00  00  00     518.6147
     0100      8   00  00  00  00  00  00  00  00     518.6170
     0100      8   00  00  00  00  00  00  00  00     518.6194
     0100      8   00  00  00  00  00  00  00  00     518.6218
     0100      8   00  00  00  00  00  00  00  00     518.6242
     0100      8   00  00  00  00  00  00  00  00     518.6266
     0100      8   00  00  00  00  00  00  00  00     518.6289
     0100      8   00  00  00  00  00  00  00  00     518.6313
     0100      8   00  00  00  00  00  00  00  00     518.6337
     0100      8   00  00  00  00  00  00  00  00     518.6361
     0100      8   00  00  00  00  00  00  00  00     518.6385
     0100      8   00  00  00  00  00  00  00  00     518.6408
     0100      8   00  00  00  00  00  00  00  00     518.6432
     0100      8   00  00  00  00  00  00  00  00     518.6456
     0100      8   00  00  00  00  00  00  00  00     518.6480
     0100      8   00  00  00  00  00  00  00  00     518.6504
     0100      8   00  00  00  00  00  00  00  00     518.6527
     0100      8   00  00  00  00  00  00  00  00     518.6551
     0100      8   00  00  00  00  00  00  00  00     518.6575
     0100      8   00  00  00  00  00  00  00  00     518.6599
     0100      8   00  00  00  00  00  00  00  00     518.6623
     0100      8   00  00  00  00  00  00  00  00     518.6646
     0100      8   00  00  00  00  00  00  00  00     518.6670
     0100      8   00  00  00  00  00  00  00  00     518.6694
     0100      8   00  00  00  00  00  00  00  00     518.6718
     0100      8   00  00  00  00  00  00  00  00     518.6742
     0100      8   00  00  00  00  00  00  00  00     518.6765
     0100      8   00  00  00  00  00  00  00  00     518.6789
     0100      8   00  00  00  00  00  00  00  00     518.6813
     0100      8   00  00  00  00  00  00  00  00     518.6837
     0100      8   00  00  00  00  00  00  00  00     518.6861
     0100      8   00  00  00  00  00  00  00  00     518.6884
     0100      8   00  00  00  00  00  00  00  00     518.6908
     0100      8   00  00  00  00  00  00  00  00     518.6932
     0100      8   00  00  00  00  00  00  00  00     518.6956
     0100      8   00  00  00  00  00  00  00  00     518.6980
     0100      8   00  00  00  00  00  00  00  00     518.7003
     0100      8   00  00  00  00  00  00  00  00     518.7027
     0100      8   00  00  00  00  00  00  00  00     518.7051
     0100      8   00  00  00  00  00  00  00  00     518.7075
     0100      8   00  00  00  00  00  00  00  00     518.7099
     0100      8   00  00  00  00  00  00  00  00     518.7122
     0100      8   00  00  00  00  00  00  00  00     518.7146
     0100      8   00  00  00  00  00  00  00  00     518.7170
     0100      8   00  00  00  00  00  00  00  00     518.7194
     0100      8   00  00  00  00  00  00  00  00     518.7217
     0100      8   00  00  00  00  00  00  00  00     518.7241
     0100      8   00  00  00  00  00  00  00  00     518.7265
     0100      8   00  00  00  00  00  00  00  00     518.7289
     0100      8   00  00  00  00  00  00  00  00     518.7313
     0100      8   00  00  00  00  00  00  00  00     518.7337
     0100      8   00  00  00  00  00  00  00  00     518.7360
     0100      8   00  00  00  00  00  00  00  00     518.7384
     0100      8   00  00  00  00  00  00  00  00     518.7408
     0100      8   00  00  00  00  00  00  00  00     518.7432
     0100      8   00  00  00  00  00  00  00  00     518.7455
     0100      8   00  00  00  00  00  00  00  00     518.7479
     0100      8   00  00  00  00  00  00  00  00     518.7503
     0100      8   00  00  00  00  00  00  00  00     518.7527
     0100      8   00  00  00  00  00  00  00  00     518.7551
     0100      8   00  00  00  00  00  00  00  00     518.7574
     0100      8   00  00  00  00  00  00  00  00     518.7598
     0100      8   00  00  00  00  00  00  00  00     518.7622
     0100      8   00  00  00  00  00  00  00  00     518.7646
     0100      8   00  00  00  00  00  00  00  00     518.7670
     0100      8   00  00  00  00  00  00  00  00     518.7693
     0100      8   00  00  00  00  00  00  00  00     518.7717
     0100      8   00  00  00  00  00  00  00  00     518.7741
     0100      8   00  00  00  00  00  00  00  00     518.7765
     0100      8   00  00  00  00  00  00  00  00     518.7789
     0100      8   00  00  00  00  00  00  00  00     518.7812
     0100      8   00  00  00  00  00  00  00  00     518.7836
     0100      8   00  00  00  00  00  00  00  00     518.7860
     0100      8   00  00  00  00  00  00  00  00     518.7884
     0100      8   00  00  00  00  00  00  00  00     518.7908
     0100      8   00  00  00  00  00  00  00  00     518.7931
     0100      8   00  00  00  00  00  00  00  00     518.7955
     0100      8   00  00  00  00  00  00  00  00     518.7979
     0100      8   00  00  00  00  00  00  00  00     518.8003
     0100      8   00  00  00  00  00  00  00  00     518.8027
     0100      8   00  00  00  00  00  00  00  00     518.8050
     0100      8   00  00  00  00  00  00  00  00     518.8074
     0100      8   00  00  00  00  00  00  00  00     518.8098
     0100      8   00  00  00  00  00  00  00  00     518.8122
     0100      8   00  00  00  00  00  00  00  00     518.8146
     0100      8   00  00  00  00  00  00  00  00     518.8169
     0100      8   00  00  00  00  00  00  00  00     518.8193
     0100      8   00  00  00  00  00  00  00  00     518.8217
     0100      8   00  00  00  00  00  00  00  00     518.8241
     0100      8   00  00  00  00  00  00  00  00     518.8265
     0100      8   00  00  00  00  00  00  00  00     518.8288
     0100      8   00  00  00  00  00  00  00  00     518.8312
     0100      8   00  00  00  00  00  00  00  00     518.8336
     0100      8   00  00  00  00  00  00  00  00     518.8360
     0100      8   00  00  00  00  00  00  00  00     518.8383
     0100      8   00  00  00  00  00  00  00  00     518.8407
     0100      8   00  00  00  00  00  00  00  00     518.8431
     0100      8   00  00  00  00  00  00  00  00     518.8455
     0100      8   00  00  00  00  00  00  00  00     518.8479
     0100      8   00  00  00  00  00  00  00  00     518.8503
     0100      8   00  00  00  00  00  00  00  00     518.8526
     0100      8   00  00  00  00  00  00  00  00     518.8550
     0100      8   00  00  00  00  00  00  00  00     518.8574
     0100      8   00  00  00  00  00  00  00  00     518.8598
     0100      8   00  00  00  00  00  00  00  00     518.8621
     0100      8   00  00  00  00  00  00  00  00     518.8645
     0100      8   00  00  00  00  00  00  00  00     518.8669
     0100      8   00  00  00  00  00  00  00  00     518.8693
     0100      8   00  00  00  00  00  00  00  00     518.8717
     0100      8   00  00  00  00  00  00  00  00     518.8740
     0100      8   00  00  00  00  00  00  00  00     518.8764
     0100      8   00  00  00  00  00  00  00  00     518.8788
     0100      8   00  00  00  00  00  00  00  00     518.8812
     0100      8   00  00  00  00  00  00  00  00     518.8836
     0100      8   00  00  00  00  00  00  00  00     518.8859
     0100      8   00  00  00  00  00  00  00  00     518.8883
     0100      8   00  00  00  00  00  00  00  00     518.8907
     0100      8   00  00  00  00  00  00  00  00     518.8931
     0100      8   00  00  00  00  00  00  00  00     518.8955
     0100      8   00  00  00  00  00  00  00  00     518.8978
     0100      8   00  00  00  00  00  00  00  00     518.9002
     0100      8   00  00  00  00  00  00  00  00     518.9026
     0100      8   00  00  00  00  00  00  00  00     518.9050
     0100      8   00  00  00  00  00  00  00  00     518.9074
     0100      8   00  00  00  00  00  00  00  00     518.9097
     0100      8   00  00  00  00  00  00  00  00     518.9121
     0100      8   00  00  00  00  00  00  00  00     518.9145
     0100      8   00  00  00  00  00  00  00  00     518.9169
     0100      8   00  00  00  00  00  00  00  00     518.9193
     0100      8   00  00  00  00  00  00  00  00     518.9216
     0100      8   00  00  00  00  00  00  00  00     518.9240
     0100      8   00  00  00  00  00  00  00  00     518.9264
     0100      8   00  00  00  00  00  00  00  00     518.9288
     0100      8   00  00  00  00  00  00  00  00     518.9312
     0100      8   00  00  00  00  00  00  00  00     518.9335
     0100      8   00  00  00  00  00  00  00  00     518.9359
     0100      8   00  00  00  00  00  00  00  00     518.9383
     0100      8   00  00  00  00  00  00  00  00     518.9407
     0100      8   00  00  00  00  00  00  00  00     518.9431
     0100      8   00  00  00  00  00  00  00  00     518.9454
     0100      8   00  00  00  00  00  00  00  00     518.9478
     0100      8   00  00  00  00  00  00  00  00     518.9502
     0100      8   00  00  00  00  00  00  00  00     518.9526
     0100      8   00  00  00  00  00  00  00  00     518.9550
     0100      8   00  00  00  00  00  00  00  00     518.9573
     0100      8   00  00  00  00  00  00  00  00     518.9597
     0100      8   00  00  00  00  00  00  00  00     518.9621
     0100      8   00  00  00  00  00  00  00  00     518.9645
     0100      8   00  00  00  00  00  00  00  00     518.9668
     0100      8   00  00  00  00  00  00  00  00     518.9692
     0100      8   00  00  00  00  00  00  00  00     518.9716
     0100      8   00  00  00  00  00  00  00  00     518.9740
     0100      8   00  00  00  00  00  00  00  00     518.9764
     0100      8   00  00  00  00  00  00  00  00     518.9787
     0100      8   00  00  00  00  00  00  00  00     518.9811
     0100      8   00  00  00  00  00  00  00  00     518.9835
     0100      8   00  00  00  00  00  00  00  00     518.9859
     0100      8   00  00  00  00  00  00  00  00     518.9883
     0100      8   00  00  00  00  00  00  00  00     518.9907
     0100      8   00  00  00  00  00  00  00  00     518.9930
     0100      8   00  00  00  00  00  00  00  00     518.9954
     0100      8   00  00  00  00  00  00  00  00     518.9978
     0100      8   00  00  00  00  00  00  00  00     519.0002
     0100      8   00  00  00  00  00  00  00  00     519.0025
     0100      8   00  00  00  00  00  00  00  00     519.0049
     0100      8   00  00  00  00  00  00  00  00     519.0073
     0100      8   00  00  00  00  00  00  00  00     519.0097
     0100      8   00  00  00  00  00  00  00  00     519.0121
     0100      8   00  00  00  00  00  00  00  00     519.0144
     0100      8   00  00  00  00  00  00  00  00     519.0168
     0100      8   00  00  00  00  00  00  00  00     519.0192
     0100      8   00  00  00  00  00  00  00  00     519.0216
     0100      8   00  00  00  00  00  00  00  00     519.0240
     0100      8   00  00  00  00  00  00  00  00     519.0263
     0100      8   00  00  00  00  00  00  00  00     519.0287
     0100      8   00  00  00  00  00  00  00  00     519.0311
     0100      8   00  00  00  00  00  00  00  00     519.0335
     0100      8   00  00  00  00  00  00  00  00     519.0359
     0100      8   00  00  00  00  00  00  00  00     519.0382
     0100      8   00  00  00  00  00  00  00  00     519.0406
     0100      8   00  00  00  00  00  00  00  00     519.0430
     0100      8   00  00  00  00  00  00  00  00     519.0454
     0100      8   00  00  00  00  00  00  00  00     519.0478
     0100      8   00  00  00  00  00  00  00  00     519.0501
     0100      8   00  00  00  00  00  00  00  00     519.0525
     0100      8   00  00  00  00  00  00  00  00     519.0549
     0100      8   00  00  00  00  00  00  00  00     519.0573
     0100      8   00  00  00  00  00  00  00  00     519.0597
     0100      8   00  00  00  00  00  00  00  00     519.0620
     0100      8   00  00  00  00  00  00  00  00     519.0644
     0100      8   00  00  00  00  00  00  00  00     519.0668
     0100      8   00  00  00  00  00  00  00  00     519.0692
     0100      8   00  00  00  00  00  00  00  00     519.0716
     0100      8   00  00  00  00  00  00  00  00     519.0739
     0100      8   00  00  00  00  00  00  00  00     519.0763
     0100      8   00  00  00  00  00  00  00  00     519.0787
     0100      8   00  00  00  00  00  00  00  00     519.0811
     0100      8   00  00  00  00  00  00  00  00     519.0834
     0100      8   00  00  00  00  00  00  00  00     519.0858
     0100      8   00  00  00  00  00  00  00  00     519.0882
     0100      8   00  00  00  00  00  00  00  00     519.0906
     0100      8   00  00  00  00  00  00  00  00     519.0930
     0100      8   00  00  00  00  00  00  00  00     519.0953
     0100      8   00  00  00  00  00  00  00  00     519.0977
     0100      8   00  00  00  00  00  00  00  00     519.1001
     0100      8   00  00  00  00  00  00  00  00     519.1025
     0100      8   00  00  00  00  00  00  00  00     519.1049
     0100      8   00  00  00  00  00  00  00  00     519.1073
     0100      8   00  00  00  00  00  00  00  00     519.1096
     0100      8   00  00  00  00  00  00  00  00     519.1120
     0100      8   00  00  00  00  00  00  00  00     519.1144
     0100      8   00  00  00  00  00  00  00  00     519.1168
     0100      8   00  00  00  00  00  00  00  00     519.1191
     0100      8   00  00  00  00  00  00  00  00     519.1215
     0100      8   00  00  00  00  00  00  00  00     519.1239
     0100      8   00  00  00  00  00  00  00  00     519.1263
     0100      8   00  00  00  00  00  00  00  00     519.1287
     0100      8   00  00  00  00  00  00  00  00     519.1310
     0100      8   00  00  00  00  00  00  00  00     519.1334
     0100      8   00  00  00  00  00  00  00  00     519.1358
     0100      8   00  00  00  00  00  00  00  00     519.1382
     0100      8   00  00  00  00  00  00  00  00     519.1406
     0100      8   00  00  00  00  00  00  00  00     519.1429
     0100      8   00  00  00  00  00  00  00  00     519.1453
     0100      8   00  00  00  00  00  00  00  00     519.1477
     0100      8   00  00  00  00  00  00  00  00     519.1501
     0100      8   00  00  00  00  00  00  00  00     519.1525
     0100      8   00  00  00  00  00  00  00  00     519.1548
     0100      8   00  00  00  00  00  00  00  00     519.1572
     0100      8   00  00  00  00  00  00  00  00     519.1596
     0100      8   00  00  00  00  00  00  00  00     519.1620
     0100      8   00  00  00  00  00  00  00  00     519.1644
     0100      8   00  00  00  00  00  00  00  00     519.1667
     0100      8   00  00  00  00  00  00  00  00     519.1691
     0100      8   00  00  00  00  00  00  00  00     519.1715
     0100      8   00  00  00  00  00  00  00  00     519.1739
     0100      8   00  00  00  00  00  00  00  00     519.1763
     0100      8   00  00  00  00  00  00  00  00     519.1786
     0100      8   00  00  00  00  00  00  00  00     519.1810
     0100      8   00  00  00  00  00  00  00  00     519.1834
     0100      8   00  00  00  00  00  00  00  00     519.1858
     0100      8   00  00  00  00  00  00  00  00     519.1882
     0100      8   00  00  00  00  00  00  00  00     519.1905
     0100      8   00  00  00  00  00  00  00  00     519.1929
     0100      8   00  00  00  00  00  00  00  00     519.1953
     0100      8   00  00  00  00  00  00  00  00     519.1977
     0100      8   00  00  00  00  00  00  00  00     519.2000
     0100      8   00  00  00  00  00  00  00  00     519.2024
     0100      8   00  00  00  00  00  00  00  00     519.2048
     0100      8   00  00  00  00  00  00  00  00     519.2072
     0100      8   00  00  00  00  00  00  00  00     519.2096
     0100      8   00  00  00  00  00  00  00  00     519.2119
     0100      8   00  00  00  00  00  00  00  00     519.2143
     0100      8   00  00  00  00  00  00  00  00     519.2167
     0100      8   00  00  00  00  00  00  00  00     519.2191
     0100      8   00  00  00  00  00  00  00  00     519.2215
     0100      8   00  00  00  00  00  00  00  00     519.2238
     0100      8   00  00  00  00  00  00  00  00     519.2262
     0100      8   00  00  00  00  00  00  00  00     519.2286
     0100      8   00  00  00  00  00  00  00  00     519.2310
     0100      8   00  00  00  00  00  00  00  00     519.2334
     0100      8   00  00  00  00  00  00  00  00     519.2357
     0100      8   00  00  00  00  00  00  00  00     519.2381
     0100      8   00  00  00  00  00  00  00  00     519.2405
     0100      8   00  00  00  00  00  00  00  00     519.2429
     0100      8   00  00  00  00  00  00  00  00     519.2453
     0100      8   00  00  00  00  00  00  00  00     519.2476
     0100      8   00  00  00  00  00  00  00  00     519.2500
     0100      8   00  00  00  00  00  00  00  00     519.2524
     0100      8   00  00  00  00  00  00  00  00     519.2548
     0100      8   00  00  00  00  00  00  00  00     519.2572
     0100      8   00  00  00  00  00  00  00  00     519.2595
     0100      8   00  00  00  00  00  00  00  00     519.2619
     0100      8   00  00  00  00  00  00  00  00     519.2643
     0100      8   00  00  00  00  00  00  00  00     519.2667
     0100      8   00  00  00  00  00  00  00  00     519.2691
     0100      8   00  00  00  00  00  00  00  00     519.2714
     0100      8   00  00  00  00  00  00  00  00     519.2738
     0100      8   00  00  00  00  00  00  00  00     519.2762
     0100      8   00  00  00  00  00  00  00  00     519.2786
     0100      8   00  00  00  00  00  00  00  00     519.2810
     0100      8   00  00  00  00  00  00  00  00     519.2833
     0100      8   00  00  00  00  00  00  00  00     519.2857
     0100      8   00  00  00  00  00  00  00  00     519.2881
     0100      8   00  00  00  00  00  00  00  00     519.2905
     0100      8   00  00  00  00  00  00  00  00     519.2929
     0100      8   00  00  00  00  00  00  00  00     519.2952
     0100      8   00  00  00  00  00  00  00  00     519.2976
     0100      8   00  00  00  00  00  00  00  00     519.3000
     0100      8   00  00  00  00  00  00  00  00     519.3024
     0100      8   00  00  00  00  00  00  00  00     519.3047
     0100      8   00  00  00  00  00  00  00  00     519.3071
     0100      8   00  00  00  00  00  00  00  00     519.3095
     0100      8   00  00  00  00  00  00  00  00     519.3119
     0100      8   00  00  00  00  00  00  00  00     519.3143
     0100      8   00  00  00  00  00  00  00  00     519.3166
     0100      8   00  00  00  00  00  00  00  00     519.3190
     0100      8   00  00  00  00  00  00  00  00     519.3214
     0100      8   00  00  00  00  00  00  00  00     519.3238
     0100      8   00  00  00  00  00  00  00  00     519.3262
     0100      8   00  00  00  00  00  00  00  00     519.3285
     0100      8   00  00  00  00  00  00  00  00     519.3309
     0100      8   00  00  00  00  00  00  00  00     519.3333
     0100      8   00  00  00  00  00  00  00  00     519.3357
     0100      8   00  00  00  00  00  00  00  00     519.3381
     0100      8   00  00  00  00  00  00  00  00     519.3404
     0100      8   00  00  00  00  00  00  00  00     519.3428
     0100      8   00  00  00  00  00  00  00  00     519.3452
     0100      8   00  00  00  00  00  00  00  00     519.3476
     0100      8   00  00  00  00  00  00  00  00     519.3500
     0100      8   00  00  00  00  00  00  00  00     519.3523
     0100      8   00  00  00  00  00  00  00  00     519.3547
     0100      8   00  00  00  00  00  00  00  00     519.3571
     0100      8   00  00  00  00  00  00  00  00     519.3595
     0100      8   00  00  00  00  00  00  00  00     519.3619
     0100      8   00  00  00  00  00  00  00  00     519.3642
     0100      8   00  00  00  00  00  00  00  00     519.3666
     0100      8   00  00  00  00  00  00  00  00     519.3690
     0100      8   00  00  00  00  00  00  00  00     519.3714
     0100      8   00  00  00  00  00  00  00  00     519.3738
     0100      8   00  00  00  00  00  00  00  00     519.3761
     0100      8   00  00  00  00  00  00  00  00     519.3785
     0100      8   00  00  00  00  00  00  00  00     519.3809
     0100      8   00  00  00  00  00  00  00  00     519.3833
     0100      8   00  00  00  00  00  00  00  00     519.3857
     0100      8   00  00  00  00  00  00  00  00     519.3880
     0100      8   00  00  00  00  00  00  00  00     519.3904
     0100      8   00  00  00  00  00  00  00  00     519.3928
     0100      8   00  00  00  00  00  00  00  00     519.3952
     0100      8   00  00  00  00  00  00  00  00     519.3976
     0100      8   00  00  00  00  00  00  00  00     519.3999
     0100      8   00  00  00  00  00  00  00  00     519.4023
     0100      8   00  00  00  00  00  00  00  00     519.4047
     0100      8   00  00  00  00  00  00  00  00     519.4071
     0100      8   00  00  00  00  00  00  00  00     519.4095
     0100      8   00  00  00  00  00  00  00  00     519.4118
     0100      8   00  00  00  00  00  00  00  00     519.4142
     0100      8   00  00  00  00  00  00  00  00     519.4166
     0100      8   00  00  00  00  00  00  00  00     519.4190
     0100      8   00  00  00  00  00  00  00  00     519.4214
     0100      8   00  00  00  00  00  00  00  00     519.4237
     0100      8   00  00  00  00  00  00  00  00     519.4261
     0100      8   00  00  00  00  00  00  00  00     519.4285
     0100      8   00  00  00  00  00  00  00  00     519.4309
     0100      8   00  00  00  00  00  00  00  00     519.4332
     0100      8   00  00  00  00  00  00  00  00     519.4356
     0100      8   00  00  00  00  00  00  00  00     519.4380
     0100      8   00  00  00  00  00  00  00  00     519.4404
     0100      8   00  00  00  00  00  00  00  00     519.4428
     0100      8   00  00  00  00  00  00  00  00     519.4452
     0100      8   00  00  00  00  00  00  00  00     519.4475
     0100      8   00  00  00  00  00  00  00  00     519.4499
     0100      8   00  00  00  00  00  00  00  00     519.4523
     0100      8   00  00  00  00  00  00  00  00     519.4547
     0100      8   00  00  00  00  00  00  00  00     519.4570
     0100      8   00  00  00  00  00  00  00  00     519.4594
     0100      8   00  00  00  00  00  00  00  00     519.4618
     0100      8   00  00  00  00  00  00  00  00     519.4642
     0100      8   00  00  00  00  00  00  00  00     519.4666
     0100      8   00  00  00  00  00  00  00  00     519.4689
     0100      8   00  00  00  00  00  00  00  00     519.4713
     0100      8   00  00  00  00  00  00  00  00     519.4737
     0100      8   00  00  00  00  00  00  00  00     519.4761
     0100      8   00  00  00  00  00  00  00  00     519.4785
     0100      8   00  00  00  00  00  00  00  00     519.4808
     0100      8   00  00  00  00  00  00  00  00     519.4832
     0100      8   00  00  00  00  00  00  00  00     519.4856
     0100      8   00  00  00  00  00  00  00  00     519.4880
     0100      8   00  00  00  00  00  00  00  00     519.4904
     0100      8   00  00  00  00  00  00  00  00     519.4927
     0100      8   00  00  00  00  00  00  00  00     519.4951
     0100      8   00  00  00  00  00  00  00  00     519.4975
     0100      8   00  00  00  00  00  00  00  00     519.4999
     0100      8   00  00  00  00  00  00  00  00     519.5023
     0100      8   00  00  00  00  00  00  00  00     519.5046
     0100      8   00  00  00  00  00  00  00  00     519.5070
     0100      8   00  00  00  00  00  00  00  00     519.5094
     0100      8   00  00  00  00  00  00  00  00     519.5118
     0100      8   00  00  00  00  00  00  00  00     519.5142
     0100      8   00  00  00  00  00  00  00  00     519.5165
     0100      8   00  00  00  00  00  00  00  00     519.5189
     0100      8   00  00  00  00  00  00  00  00     519.5213
     0100      8   00  00  00  00  00  00  00  00     519.5237
     0100      8   00  00  00  00  00  00  00  00     519.5261
     0100      8   00  00  00  00  00  00  00  00     519.5284
     0100      8   00  00  00  00  00  00  00  00     519.5308
     0100      8   00  00  00  00  00  00  00  00     519.5332
     0100      8   00  00  00  00  00  00  00  00     519.5356
     0100      8   00  00  00  00  00  00  00  00     519.5379
     0100      8   00  00  00  00  00  00  00  00     519.5403
     0100      8   00  00  00  00  00  00  00  00     519.5427
     0100      8   00  00  00  00  00  00  00  00     519.5451
     0100      8   00  00  00  00  00  00  00  00     519.5475
     0100      8   00  00  00  00  00  00  00  00     519.5498
     0100      8   00  00  00  00  00  00  00  00     519.5522
     0100      8   00  00  00  00  00  00  00  00     519.5546
     0100      8   00  00  00  00  00  00  00  00     519.5570
     0100      8   00  00  00  00  00  00  00  00     519.5594
     0100      8   00  00  00  00  00  00  00  00     519.5617
     0100      8   00  00  00  00  00  00  00  00     519.5641
     0100      8   00  00  00  00  00  00  00  00     519.5665
     0100      8   00  00  00  00  00  00  00  00     519.5689
     0100      8   00  00  00  00  00  00  00  00     519.5713
     0100      8   00  00  00  00  00  00  00  00     519.5736
     0100      8   00  00  00  00  00  00  00  00     519.5760
     0100      8   00  00  00  00  00  00  00  00     519.5784
     0100      8   00  00  00  00  00  00  00  00     519.5808
     0100      8   00  00  00  00  00  00  00  00     519.5832
     0100      8   00  00  00  00  00  00  00  00     519.5855
     0100      8   00  00  00  00  00  00  00  00     519.5879
     0100      8   00  00  00  00  00  00  00  00     519.5903
     0100      8   00  00  00  00  00  00  00  00     519.5927
     0100      8   00  00  00  00  00  00  00  00     519.5951
     0100      8   00  00  00  00  00  00  00  00     519.5974
     0100      8   00  00  00  00  00  00  00  00     519.5998
     0100      8   00  00  00  00  00  00  00  00     519.6022
     0100      8   00  00  00  00  00  00  00  00     519.6046
     0100      8   00  00  00  00  00  00  00  00     519.6070
     0100      8   00  00  00  00  00  00  00  00     519.6093
     0100      8   00  00  00  00  00  00  00  00     519.6117
     0100      8   00  00  00  00  00  00  00  00     519.6141
     0100      8   00  00  00  00  00  00  00  00     519.6165
     0100      8   00  00  00  00  00  00  00  00     519.6189
     0100      8   00  00  00  00  00  00  00  00     519.6212
     0100      8   00  00  00  00  00  00  00  00     519.6236
     0100      8   00  00  00  00  00  00  00  00     519.6260
     0100      8   00  00  00  00  00  00  00  00     519.6284
     0100      8   00  00  00  00  00  00  00  00     519.6308
     0100      8   00  00  00  00  00  00  00  00     519.6331
     0100      8   00  00  00  00  00  00  00  00     519.6355
     0100      8   00  00  00  00  00  00  00  00     519.6379
     0100      8   00  00  00  00  00  00  00  00     519.6403
     0100      8   00  00  00  00  00  00  00  00     519.6427
     0100      8   00  00  00  00  00  00  00  00     519.6450
     0100      8   00  00  00  00  00  00  00  00     519.6474
     0100      8   00  00  00  00  00  00  00  00     519.6498
     0100      8   00  00  00  00  00  00  00  00     519.6522
     0100      8   00  00  00  00  00  00  00  00     519.6546
     0100      8   00  00  00  00  00  00  00  00     519.6569
     0100      8   00  00  00  00  00  00  00  00     519.6593
     0100      8   00  00  00  00  00  00  00  00     519.6617
     0100      8   00  00  00  00  00  00  00  00     519.6641
     0100      8   00  00  00  00  00  00  00  00     519.6664
     0100      8   00  00  00  00  00  00  00  00     519.6688
     0100      8   00  00  00  00  00  00  00  00     519.6712
     0100      8   00  00  00  00  00  00  00  00     519.6736
     0100      8   00  00  00  00  00  00  00  00     519.6760
     0100      8   00  00  00  00  00  00  00  00     519.6783
     0100      8   00  00  00  00  00  00  00  00     519.6807
     0100      8   00  00  00  00  00  00  00  00     519.6831
     0100      8   00  00  00  00  00  00  00  00     519.6855
     0100      8   00  00  00  00  00  00  00  00     519.6879
     0100      8   00  00  00  00  00  00  00  00     519.6902
     0100      8   00  00  00  00  00  00  00  00     519.6926
     0100      8   00  00  00  00  00  00  00  00     519.6950
     0100      8   00  00  00  00  00  00  00  00     519.6974
     0100      8   00  00  00  00  00  00  00  00     519.6998
     0100      8   00  00  00  00  00  00  00  00     519.7021
     0100      8   00  00  00  00  00  00  00  00     519.7045
     0100      8   00  00  00  00  00  00  00  00     519.7069
     0100      8   00  00  00  00  00  00  00  00     519.7093
     0100      8   00  00  00  00  00  00  00  00     519.7117
     0100      8   00  00  00  00  00  00  00  00     519.7140
     0100      8   00  00  00  00  00  00  00  00     519.7164
     0100      8   00  00  00  00  00  00  00  00     519.7188
     0100      8   00  00  00  00  00  00  00  00     519.7212
     0100      8   00  00  00  00  00  00  00  00     519.7236
     0100      8   00  00  00  00  00  00  00  00     519.7259
     0100      8   00  00  00  00  00  00  00  00     519.7283
     0100      8   00  00  00  00  00  00  00  00     519.7307
     0100      8   00  00  00  00  00  00  00  00     519.7331
     0100      8   00  00  00  00  00  00  00  00     519.7355
     0100      8   00  00  00  00  00  00  00  00     519.7378
     0100      8   00  00  00  00  00  00  00  00     519.7402
     0100      8   00  00  00  00  00  00  00  00     519.7426
     0100      8   00  00  00  00  00  00  00  00     519.7450
     0100      8   00  00  00  00  00  00  00  00     519.7474
     0100      8   00  00  00  00  00  00  00  00     519.7497
     0100      8   00  00  00  00  00  00  00  00     519.7521
     0101      8   21  FF  7F  FF  00  00  00  51     519.7535
     0102      8   00  00  00  00  00  00  00  00     519.7538
     0100      8   00  00  00  00  00  00  00  00     519.7545
     0100      8   20  FF  FE  09  00  00  00  E2     519.7573
     0100      8   20  FF  FE  09  00  00  00  E2     519.7596
     0100      8   20  FF  FE  09  00  00  00  E2     519.7623
     0101      8   41  FF  7F  FF  00  00  00  E0     519.7636
     0102      8   20  FF  FE  09  00  00  00  E2     519.7638
     0100      8   20  FF  FE  09  00  00  00  E2     519.7650
     0100      8   40  FF  FE  09  00  00  00  53     519.7680
     0100      8   40  FF  FE  09  00  00  00  53     519.7705
     0100      8   40  FF  FE  09  00  00  00  53     519.7732
     0101      8   60  01  7F  FF  00  00  00  9D     519.7736
     0102      8   40  FF  FE  09  00  00  00  53     519.7738
     0100      8   40  FF  FE  09  00  00  00  53     519.7759
     0100      8   60  FF  FE  09  00  00  00  3C     519.7789
     0100      8   60  FF  FE  09  00  00  00  3C     519.7813
     0101      8   80  01  7F  FF  00  00  00  8D     519.7836
     0102      8   60  FF  FE  09  00  00  00  3C     519.7839
     0100      8   60  FF  FE  09  00  00  00  3C     519.7841
     0100      8   80  FF  FE  09  00  00  00  2C     519.7871
     0100      8   80  FF  FE  09  00  00  00  2C     519.7895
     0100      8   80  FF  FE  09  00  00  00  2C     519.7922
     0101      8   A0  01  7F  FF  00  00  00  E2     519.7936
     0102      8   80  FF  FE  09  00  00  00  2C     519.7939
     0100      8   80  FF  FE  09  00  00  00  2C     519.7949
     0100      8   A0  FF  FE  09  00  00  00  43     519.7979
     0100      8   A0  FF  FE  09  00  00  00  43     519.8004
     0100      8   A0  FF  FE  09  00  00  00  43     519.8031
     0101      8   C0  02  7F  FF  00  00  00  99     519.8036
     0102      8   A0  FF  FE  09  00  00  00  43     519.8039
     0100      8   A0  FF  FE  09  00  00  00  43     519.8058
     0100      8   C0  FF  FE  09  00  00  00  F2     519.8087
     0100      8   C0  FF  FE  09  00  00  00  F2     519.8113
     0101      8   E0  02  7F  FF  00  00  00  F6     519.8136
     0102      8   C0  FF  FE  09  00  00  00  F2     519.8139
     0100      8   C0  FF  FE  09  00  00  00  F2     519.8141
     0100      8   E0  FF  FE  09  00  00  00  9D     519.8170
     0100      8   E0  FF  FE  09  00  00  00  9D     519.8194
     0100      8   E0  FF  FE  09  00  00  00  9D     519.8221
     0101      8   00  01  7F  FF  00  00  0F  97     519.8236
     0102      8   E0  FF  FE  09  00  00  00  9D     519.8238
     0100      8   E0  FF  FE  09  00  00  00  9D     519.8249
     0100      8   00  00  00  00  00  00  00  00     519.8285
     0100      8   00  00  00  00  00  00  00  00     519.8312
     0101      8   20  02  7F  FF  00  00  0F  32     519.8336
     0102      8   00  00  00  00  00  00  00  00     519.8338
     0100      8   00  00  00  00  00  00  00  00     519.8341
     0100      8   20  00  00  00  00  00  00  6F     519.8376
     0100      8   20  00  00  00  00  00  00  6F     519.8403
     0100      8   20  00  00  00  00  00  00  6F     519.8430
     0101      8   40  02  7F  FF  00  00  0F  83     519.8436
     0102      8   20  00  00  00  00  00  00  6F     519.8438
     0501      8   06  25  00  00  00  00  00  B8     519.8441
     0100      8   20  00  00  00  00  00  00  6F     519.8458
     0100      8   40  00  00  00  00  00  00  DE     519.8494
     0100      8   40  00  00  00  00  00  00  DE     519.8521
     0101      8   60  01  7F  FF  00  00  0F  26     519.8536
     0102      8   40  00  00  00  00  00  00  DE     519.8538
     0100      8   40  00  00  00  00  00  00  DE     519.8549
     0100      8   60  00  00  00  00  00  00  B1     519.8585
     0100      8   60  00  00  00  00  00  00  B1     519.8612
     0101      8   80  02  7F  FF  00  00  0F  FC     519.8636
     0102      8   60  00  00  00  00  00  00  B1     519.8638
     0100      8   60  00  00  00  00  00  00  B1     519.8641
     0100      8   80  00  00  00  00  00  00  A1     519.8676
     0100      8   80  00  00  00  00  00  00  A1     519.8703
     0100      8   80  00  00  00  00  00  00  A1     519.8730
     0101      8   A0  02  7F  FF  00  00  0F  93     519.8736
     0102      8   80  00  00  00  00  00  00  A1     519.8738
     0100      8   80  00  00  00  00  00  00  A1     519.8758
     0100      8   A0  00  00  00  00  00  00  CE     519.8794
     0100      8   A0  00  00  00  00  00  00  CE     519.8821
     0101      8   C0  01  7F  FF  00  00  0F  E8     519.8836
     0102      8   A0  00  00  00  00  00  00  CE     519.8838
     0100      8   A0  00  00  00  00  00  00  CE     519.8849
     0100      8   C0  00  00  00  00  00  00  7F     519.8885
     0100      8   C0  00  00  00  00  00  00  7F     519.8912
     0101      8   E0  01  7F  FF  00  00  0F  87     519.8936
     0102      8   C0  00  00  00  00  00  00  7F     519.8938
     0100      8   C0  00  00  00  00  00  00  7F     519.8941
     0100      8   E0  00  00  00  00  00  00  10     519.8976
     0100      8   E0  00  00  00  00  00  00  10     519.9003
     0100      8   E0  00  00  00  00  00  00  10     519.9030
     0101      8   00  02  7F  FF  00  00  0F  5D     519.9036
     0102      8   E0  00  00  00  00  00  00  10     519.9038
     0100      8   E0  00  00  00  00  00  00  10     519.9058
     0100      8   00  00  00  00  00  00  00  00     519.9094
     0100      8   00  00  00  00  00  00  00  00     519.9121
     0101      8   20  01  7F  FF  00  00  0F  F8     519.9136
     0102      8   00  00  00  00  00  00  00  00     519.9138
     0100      8   00  00  00  00  00  00  00  00     519.9149
     0100      8   20  00  00  00  00  00  00  6F     519.9185
     0100      8   20  00  00  00  00  00  00  6F     519.9212
     0101      8   40  01  7F  FF  00  00  0F  49     519.9236
     0102      8   20  00  00  00  00  00  00  6F     519.9238
     0100      8   20  00  00  00  00  00  00  6F     519.9241
     0100      8   40  00  00  00  00  00  00  DE     519.9276
     0100      8   40  00  00  00  00  00  00  DE     519.9303
     0100      8   40  00  00  00  00  00  00  DE     519.9330
     0101      8   60  02  7F  FF  00  00  0F  EC     519.9336
     0102      8   40  00  00  00  00  00  00  DE     519.9338
     0100      8   40  00  00  00  00  00  00  DE     519.9358
     0100      8   60  00  00  00  00  00  00  B1     519.9394
     0100      8   60  00  00  00  00  00  00  B1     519.9421
     0101      8   80  02  7F  FF  00  00  0F  FC     519.9436
     0102      8   60  00  00  00  00  00  00  B1     519.9438
     0501      8   06  25  00  00  00  00  00  B8     519.9441
     0100      8   60  00  00  00  00  00  00  B1     519.9449
     0100      8   80  00  00  00  00  00  00  A1     519.9485
     0100      8   80  00  00  00  00  00  00  A1     519.9512
     0101      8   A0  01  7F  FF  00  00  0F  59     519.9536
     0102      8   80  00  00  00  00  00  00  A1     519.9538
     0100      8   80  00  00  00  00  00  00  A1     519.9541
     0100      8   A0  00  00  00  00  00  00  CE     519.9576
     0100      8   A0  00  00  00  00  00  00  CE     519.9603
     0100      8   A0  00  00  00  00  00  00  CE     519.9630
     0101      8   C0  02  7F  FF  00  00  0F  22     519.9636
     0102      8   A0  00  00  00  00  00  00  CE     519.9638
     0100      8   A0  00  00  00  00  00  00  CE     519.9658
     0100      8   C0  00  00  00  00  00  00  7F     519.9694
     0100      8   C0  00  00  00  00  00  00  7F     519.9721
     0101      8   E0  02  7F  FF  00  00  0F  4D     519.9736
     0102      8   C0  00  00  00  00  00  00  7F     519.9738
     0100      8   C0  00  00  00  00  00  00  7F     519.9749
     0100      8   E0  00  00  00  00  00  00  10     519.9785
     0100      8   E0  00  00  00  00  00  00  10     519.9812
     0101      8   00  01  7F  FF  00  00  0F  97     519.9836
     0102      8   E0  00  00  00  00  00  00  10     519.9838
     0100      8   E0  00  00  00  00  00  00  10     519.9841
     0100      8   00  00  00  00  00  00  00  00     519.9876
     0100      8   00  00  00  00  00  00  00  00     519.9903
     0100      8   00  00  00  00  00  00  00  00     519.9930
     0101      8   20  02  7F  FF  00  00  0F  32     519.9936
     0102      8   00  00  00  00  00  00  00  00     519.9938
     0100      8   00  00  00  00  00  00  00  00     519.9958
     0100      8   20  00  00  00  00  00  00  6F     519.9994
     0100      8   20  00  00  00  00  00  00  6F     520.0021
     0101      8   40  02  7F  FF  00  00  0F  83     520.0036
     0102      8   20  00  00  00  00  00  00  6F     520.0038
     0100      8   20  00  00  00  00  00  00  6F     520.0049
     0100      8   40  00  00  00  00  00  00  DE     520.0085
     0100      8   40  00  00  00  00  00  00  DE     520.0112
     0101      8   60  01  00  00  00  00  0F  4C     520.0136
     0102      8   40  00  00  00  00  00  00  DE     520.0138
     0100      8   40  00  00  00  00  00  00  DE     520.0141
     0100      8   60  00  00  00  00  00  00  B1     520.0176
     0100      8   60  00  00  00  00  00  00  B1     520.0200
     0100      8   60  00  00  00  00  00  00  B1     520.0224
     0101      8   80  02  00  00  00  00  0F  96     520.0236
     0102      8   60  00  00  00  00  00  00  B1     520.0238
     0100      8   60  00  00  00  00  00  00  B1     520.0247
     0100      8   80  00  00  00  00  00  00  A1     520.0281
     0100      8   80  00  00  00  00  00  00  A1     520.0304
     0100      8   80  00  00  00  00  00  00  A1     520.0328
     0101      8   A0  02  00  00  00  00  0F  F9     520.0336
     0102      8   80  00  00  00  00  00  00  A1     520.0338
     0100      8   80  00  00  00  00  00  00  A1     520.0352
     0100      8   A0  00  00  00  00  00  00  CE     520.0385
     0100      8   A0  00  00  00  00  00  00  CE     520.0409
     0100      8   A0  00  00  00  00  00  00  CE     520.0433
     0101      8   C0  01  00  00  00  00  0F  82     520.0436
     0102      8   A0  00  00  00  00  00  00  CE     520.0438
     0501      8   08  25  00  00  00  00  00  B9     520.0441
     0100      8   A0  00  00  00  00  00  00  CE     520.0456
     0100      8   C0  00  00  00  00  00  00  7F     520.0490
     0100      8   C0  00  00  00  00  00  00  7F     520.0514
     0101      8   E0  02  00  00  00  00  0F  27     520.0536
     0100      8   C0  00  00  00  00  00  00  7F     520.0538
     0102      8   C0  00  00  00  00  00  00  7F     520.0541
     0100      8   E0  00  00  00  00  00  00  10     520.0570
     0100      8   E0  00  00  00  00  00  00  10     520.0594
     0100      8   E0  00  00  00  00  00  00  10     520.0618
     0101      8   00  02  00  00  00  00  0F  37     520.0636
     0102      8   E0  00  00  00  00  00  00  10     520.0638
     0100      8   E0  00  00  00  00  00  00  10     520.0642
     0100      8   00  00  00  00  00  00  00  00     520.0675
     0100      8   00  00  00  00  00  00  00  00     520.0699
     0100      8   00  00  00  00  00  00  00  00     520.0723
     0101      8   20  01  00  00  00  00  0F  92     520.0736
     0102      8   00  00  00  00  00  00  00  00     520.0738
     0100      8   00  00  00  00  00  00  00  00     520.0746
     0100      8   20  00  00  00  00  00  00  6F     520.0780
     0100      8   20  00  00  00  00  00  00  6F     520.0803
     0100      8   20  00  00  00  00  00  00  6F     520.0827
     0101      8   40  02  00  00  00  00  0F  E9     520.0836
     0102      8   20  00  00  00  00  00  00  6F     520.0838
     0100      8   20  00  00  00  00  00  00  6F     520.0851
     0100      8   40  00  00  00  00  00  00  DE     520.0884
     0100      8   40  00  00  00  00  00  00  DE     520.0908
     0100      8   40  00  00  00  00  00  00  DE     520.0932
     0101      8   60  01  00  00  00  00  0F  4C     520.0936
     0102      8   40  00  00  00  00  00  00  DE     520.0938
     0100      8   40  00  00  00  00  00  00  DE     520.0955
     0100      8   60  00  00  00  00  00  00  B1     520.0988
     0100      8   60  00  00  00  00  00  00  B1     520.1012
     0101      8   80  01  00  00  00  00  0F  5C     520.1036
     0100      8   60  00  00  00  00  00  00  B1     520.1038
     0102      8   60  00  00  00  00  00  00  B1     520.1041
     0100      8   80  00  00  00  00  00  00  A1     520.1069
     0100      8   80  00  00  00  00  00  00  A1     520.1093
     0100      8   80  00  00  00  00  00  00  A1     520.1117
     0101      8   A0  02  00  00  00  00  0F  F9     520.1136
     0102      8   80  00  00  00  00  00  00  A1     520.1138
     0100      8   80  00  00  00  00  00  00  A1     520.1141
     0100      8   A0  00  00  00  00  00  00  CE     520.1174
     0100      8   A0  00  00  00  00  00  00  CE     520.1198
     0100      8   A0  00  00  00  00  00  00  CE     520.1221
     0101      8   C0  02  00  00  00  00  0F  48     520.1236
     0102      8   A0  00  00  00  00  00  00  CE     520.1238
     0100      8   A0  00  00  00  00  00  00  CE     520.1245
     0100      8   C0  00  00  00  00  00  00  7F     520.1278
     0100      8   C0  00  00  00  00  00  00  7F     520.1302
     0100      8   C0  00  00  00  00  00  00  7F     520.1326
     0101      8   E0  01  00  00  00  00  0F  ED     520.1336
     0102      8   C0  00  00  00  00  00  00  7F     520.1338
     0100      8   C0  00  00  00  00  00  00  7F     520.1350
     0100      8   E0  00  00  00  00  00  00  10     520.1383
     0100      8   E0  00  00  00  00  00  00  10     520.1407
     0100      8   E0  00  00  00  00  00  00  10     520.1430
     0101      8   00  02  00  00  00  00  0F  37     520.1436
     0102      8   E0  00  00  00  00  00  00  10     520.1438
     0501      8   09  25  00  00  00  00  00  E4     520.1440
     0100      8   E0  00  00  00  00  00  00  10     520.1454
     0100      8   00  00  00  00  00  00  00  00     520.1487
     0100      8   00  00  00  00  00  00  00  00     520.1511
     0100      8   00  00  00  00  00  00  00  00     520.1535
     0101      8   20  02  00  00  00  00  0F  58     520.1537
     0102      8   00  00  00  00  00  00  00  00     520.1540
     0100      8   00  00  00  00  00  00  00  00     520.1559
     0100      8   20  00  00  00  00  00  00  6F     520.1592
     0100      8   20  00  00  00  00  00  00  6F     520.1616
     0101      8   40  01  00  00  00  00  0F  23     520.1635
     0102      8   20  00  00  00  00  00  00  6F     520.1638
     0100      8   20  00  00  00  00  00  00  6F     520.1640
     0100      8   40  00  00  00  00  00  00  DE     520.1673
     0100      8   40  00  00  00  00  00  00  DE     520.1696
     0100      8   40  00  00  00  00  00  00  DE     520.1720
     0101      8   60  02  00  00  00  00  0F  86     520.1736
     0102      8   40  00  00  00  00  00  00  DE     520.1738
     0100      8   40  00  00  00  00  00  00  DE     520.1744
     0100      8   60  00  00  00  00  00  00  B1     520.1777
     0100      8   60  00  00  00  00  00  00  B1     520.1801
     0100      8   60  00  00  00  00  00  00  B1     520.1825
     0101      8   80  02  00  00  00  00  0F  96     520.1835
     0102      8   60  00  00  00  00  00  00  B1     520.1838
     0100      8   60  00  00  00  00  00  00  B1     520.1849
     0100      8   80  00  00  00  00  00  00  A1     520.1882
     0100      8   80  00  00  00  00  00  00  A1     520.1906
     0100      8   80  00  00  00  00  00  00  A1     520.1929
     0101      8   A0  01  00  00  00  00  0F  33     520.1935
     0102      8   80  00  00  00  00  00  00  A1     520.1938
     0100      8   80  00  00  00  00  00  00  A1     520.1953
     0100      8   A0  00  00  00  00  00  00  CE     520.1986
     0100      8   A0  00  00  00  00  00  00  CE     520.2010
     0100      8   A0  00  00  00  00  00  00  CE     520.2034
     0101      8   C0  02  00  00  00  00  0F  48     520.2036
     0102      8   A0  00  00  00  00  00  00  CE     520.2039
     0100      8   A0  00  00  00  00  00  00  CE     520.2058
     0100      8   C0  00  00  00  00  00  00  7F     520.2091
     0100      8   C0  00  00  00  00  00  00  7F     520.2115
     0101      8   E0  02  00  00  00  00  0F  27     520.2135
     0102      8   C0  00  00  00  00  00  00  7F     520.2138
     0100      8   C0  00  00  00  00  00  00  7F     520.2140
     0100      8   E0  00  00  00  00  00  00  10     520.2172
     0100      8   E0  00  00  00  00  00  00  10     520.2195
     0100      8   E0  00  00  00  00  00  00  10     520.2219
     0101      8   00  02  00  00  00  00  0F  37     520.2235
     0102      8   E0  00  00  00  00  00  00  10     520.2238
     0100      8   E0  00  00  00  00  00  00  10     520.2243
     0100      8   00  00  00  00  00  00  00  00     520.2276
     0100      8   00  00  00  00  00  00  00  00     520.2300
     0100      8   00  00  00  00  00  00  00  00     520.2324
     0101      8   20  01  00  00  00  00  0F  92     520.2335
     0102      8   00  00  00  00  00  00  00  00     520.2338
     0100      8   00  00  00  00  00  00  00  00     520.2347
     0100      8   20  00  00  00  00  00  00  6F     520.2381
     0100      8   20  00  00  00  00  00  00  6F     520.2404
     0100      8   20  00  00  00  00  00  00  6F     520.2428
     0101      8   40  02  00  00  00  00  0F  E9     520.2435
     0102      8   20  00  00  00  00  00  00  6F     520.2438
     0501      8   07  25  00  00  00  00  00  E5     520.2440
     0100      8   20  00  00  00  00  00  00  6F     520.2452
     0100      8   40  00  00  00  00  00  00  DE     520.2485
     0100      8   40  00  00  00  00  00  00  DE     520.2509
     0100      8   40  00  00  00  00  00  00  DE     520.2533
     0101      8   60  01  00  00  00  00  0F  4C     520.2535
     0102      8   40  00  00  00  00  00  00  DE     520.2538
     0100      8   40  00  00  00  00  00  00  DE     520.2556
     0100      8   60  00  00  00  00  00  00  B1     520.2590
     0100      8   60  00  00  00  00  00  00  B1     520.2613
     0101      8   80  01  00  00  00  00  0F  5C     520.2635
     0100      8   60  00  00  00  00  00  00  B1     520.2638
     0102      8   60  00  00  00  00  00  00  B1     520.2640
     0100      8   80  00  00  00  00  00  00  A1     520.2670
     0100      8   80  00  00  00  00  00  00  A1     520.2694
     0100      8   80  00  00  00  00  00  00  A1     520.2718
     0101      8   A0  02  00  00  00  00  0F  F9     520.2735
     0102      8   80  00  00  00  00  00  00  A1     520.2738
     0100      8   80  00  00  00  00  00  00  A1     520.2742
     0100      8   A0  00  00  00  00  00  00  CE     520.2775
     0100      8   A0  00  00  00  00  00  00  CE     520.2799
     0100      8   A0  00  00  00  00  00  00  CE     520.2822
     0101      8   C0  01  00  00  00  00  0F  82     520.2835
     0102      8   A0  00  00  00  00  00  00  CE     520.2838
     0100      8   A0  00  00  00  00  00  00  CE     520.2846
     0100      8   C0  00  00  00  00  00  00  7F     520.2879
     0100      8   C0  00  00  00  00  00  00  7F     520.2903
     0100      8   C0  00  00  00  00  00  00  7F     520.2927
     0101      8   E0  01  00  00  00  00  0F  ED     520.2935
     0102      8   C0  00  00  00  00  00  00  7F     520.2938
     0100      8   C0  00  00  00  00  00  00  7F     520.2951
     0100      8   E0  00  00  00  00  00  00  10     520.2984
     0100      8   E0  00  00  00  00  00  00  10     520.3008
     0100      8   E0  00  00  00  00  00  00  10     520.3032
     0101      8   00  02  00  00  00  00  0F  37     520.3035
     0102      8   E0  00  00  00  00  00  00  10     520.3038
     0100      8   E0  00  00  00  00  00  00  10     520.3055
     0100      8   00  00  00  00  00  00  00  00     520.3089
     0100      8   00  00  00  00  00  00  00  00     520.3112
     0101      8   20  02  00  00  00  00  0F  58     520.3135
     0100      8   00  00  00  00  00  00  00  00     520.3138
     0102      8   00  00  00  00  00  00  00  00     520.3140
     0100      8   20  00  00  00  00  00  00  6F     520.3169
     0100      8   20  00  00  00  00  00  00  6F     520.3193
     0100      8   20  00  00  00  00  00  00  6F     520.3217
     0101      8   40  01  00  00  00  00  0F  23     520.3235
     0102      8   20  00  00  00  00  00  00  6F     520.3238
     0100      8   20  00  00  00  00  00  00  6F     520.3241
     0100      8   40  00  00  00  00  00  00  DE     520.3274
     0100      8   40  00  00  00  00  00  00  DE     520.3298
     0100      8   40  00  00  00  00  00  00  DE     520.3321
     0101      8   60  02  00  00  00  00  0F  86     520.3335
     0102      8   40  00  00  00  00  00  00  DE     520.3338
     0100      8   40  00  00  00  00  00  00  DE     520.3345
     0100      8   60  00  00  00  00  00  00  B1     520.3378
     0100      8   60  00  00  00  00  00  00  B1     520.3402
     0100      8   60  00  00  00  00  00  00  B1     520.3426
     0101      8   80  02  00  00  00  00  0F  96     520.3435
     0102      8   60  00  00  00  00  00  00  B1     520.3438
     0501      8   06  25  00  00  00  00  00  B8     520.3440
     0100      8   60  00  00  00  00  00  00  B1     520.3450
     0100      8   80  00  00  00  00  00  00  A1     520.3483
     0100      8   80  00  00  00  00  00  00  A1     520.3507
     0100      8   80  00  00  00  00  00  00  A1     520.3530
     0101      8   A0  01  00  00  00  00  0F  33     520.3535
     0102      8   80  00  00  00  00  00  00  A1     520.3538
     0100      8   80  00  00  00  00  00  00  A1     520.3554
     0100      8   A0  00  00  00  00  00  00  CE     520.3587
     0100      8   A0  00  00  00  00  00  00  CE     520.3611
     0100      8   A0  00  00  00  00  00  00  CE     520.3635
     0101      8   C0  02  00  00  00  00  0F  48     520.3637
     0102      8   A0  00  00  00  00  00  00  CE     520.3640
     0100      8   A0  00  00  00  00  00  00  CE     520.3659
     0100      8   C0  00  00  00  00  00  00  7F     520.3692
     0100      8   C0  00  00  00  00  00  00  7F     520.3716
     0101      8   E0  02  00  00  00  00  0F  27     520.3735
     0102      8   C0  00  00  00  00  00  00  7F     520.3738
     0100      8   C0  00  00  00  00  00  00  7F     520.3740
     0100      8   E0  00  00  00  00  00  00  10     520.3773
     0100      8   E0  00  00  00  00  00  00  10     520.3796
     0100      8   E0  00  00  00  00  00  00  10     520.3820
     0101      8   00  01  00  00  00  00  0F  FD     520.3835
     0102      8   E0  00  00  00  00  00  00  10     520.3838
     0100      8   E0  00  00  00  00  00  00  10     520.3844
     0100      8   00  00  00  00  00  00  00  00     520.3877
     0100      8   00  00  00  00  00  00  00  00     520.3901
     0100      8   00  00  00  00  00  00  00  00     520.3925
     0101      8   20  02  00  00  00  00  0F  58     520.3935
     0102      8   00  00  00  00  00  00  00  00     520.3938
     0100      8   00  00  00  00  00  00  00  00     520.3949
     0100      8   20  00  00  00  00  00  00  6F     520.3982
     0100      8   20  00  00  00  00  00  00  6F     520.4005
     0100      8   20  00  00  00  00  00  00  6F     520.4029
     0101      8   40  02  00  00  00  00  0F  E9     520.4035
     0102      8   20  00  00  00  00  00  00  6F     520.4038
     0100      8   20  00  00  00  00  00  00  6F     520.4053
     0100      8   40  00  00  00  00  00  00  DE     520.4086
     0100      8   40  00  00  00  00  00  00  DE     520.4110
     0100      8   40  00  00  00  00  00  00  DE     520.4134
     0101      8   60  01  00  00  00  00  0F  4C     520.4136
     0102      8   40  00  00  00  00  00  00  DE     520.4139
     0100      8   40  00  00  00  00  00  00  DE     520.4158
     0100      8   60  00  00  00  00  00  00  B1     520.4191
     0100      8   60  00  00  00  00  00  00  B1     520.4215
     0101      8   80  02  00  00  00  00  0F  96     520.4235
     0102      8   60  00  00  00  00  00  00  B1     520.4238
     0100      8   60  00  00  00  00  00  00  B1     520.4240
     0100      8   80  00  00  00  00  00  00  A1     520.4271
     0100      8   80  00  00  00  00  00  00  A1     520.4295
     0100      8   80  00  00  00  00  00  00  A1     520.4319
     0101      8   A0  02  00  00  00  00  0F  F9     520.4335
     0102      8   80  00  00  00  00  00  00  A1     520.4338
     0100      8   80  00  00  00  00  00  00  A1     520.4343
     0100      8   A0  00  00  00  00  00  00  CE     520.4376
     0100      8   A0  00  00  00  00  00  00  CE     520.4400
     0100      8   A0  00  00  00  00  00  00  CE     520.4424
     0101      8   C0  01  00  00  00  00  0F  82     520.4435
     0102      8   A0  00  00  00  00  00  00  CE     520.4438
     0501      8   07  25  00  00  00  00  00  E5     520.4440
     0100      8   A0  00  00  00  00  00  00  CE     520.4447
     0100      8   C0  00  00  00  00  00  00  7F     520.4481
     0100      8   C0  00  00  00  00  00  00  7F     520.4504
     0100      8   C0  00  00  00  00  00  00  7F     520.4528
     0101      8   E0  02  00  00  00  00  0F  27     520.4535
     0102      8   C0  00  00  00  00  00  00  7F     520.4538
     0100      8   C0  00  00  00  00  00  00  7F     520.4552
     0100      8   E0  00  00  00  00  00  00  10     520.4585
     0100      8   E0  00  00  00  00  00  00  10     520.4609
     0100      8   E0  00  00  00  00  00  00  10     520.4633
     0101      8   00  02  00  00  00  00  0F  37     520.4635
     0102      8   E0  00  00  00  00  00  00  10     520.4638
     0100      8   E0  00  00  00  00  00  00  10     520.4656
     0100      8   00  00  00  00  00  00  00  00     520.4690
     0100      8   00  00  00  00  00  00  00  00     520.4713
     0101      8   20  01  00  00  00  00  0F  92     520.4735
     0100      8   00  00  00  00  00  00  00  00     520.4738
     0102      8   00  00  00  00  00  00  00  00     520.4740
     0100      8   20  00  00  00  00  00  00  6F     520.4770
     0100      8   20  00  00  00  00  00  00  6F     520.4794
     0100      8   20  00  00  00  00  00  00  6F     520.4818
     0101      8   40  02  00  00  00  00  0F  E9     520.4835
     0102      8   20  00  00  00  00  00  00  6F     520.4838
     0100      8   20  00  00  00  00  00  00  6F     520.4842
     0100      8   40  00  00  00  00  00  00  DE     520.4875
     0100      8   40  00  00  00  00  00  00  DE     520.4899
     0100      8   40  00  00  00  00  00  00  DE     520.4922
     0101      8   60  02  00  00  00  00  0F  86     520.4935
     0102      8   40  00  00  00  00  00  00  DE     520.4937
     0100      8   40  00  00  00  00  00  00  DE     520.4946
     0100      8   60  00  00  00  00  00  00  B1     520.4979
     0100      8   60  00  00  00  00  00  00  B1     520.5003
     0100      8   60  00  00  00  00  00  00  B1     520.5027
     0101      8   80  01  00  00  00  00  0F  5C     520.5035
     0102      8   60  00  00  00  00  00  00  B1     520.5037
     0100      8   60  00  00  00  00  00  00  B1     520.5051
     0100      8   80  00  00  00  00  00  00  A1     520.5084
     0100      8   80  00  00  00  00  00  00  A1     520.5108
     0100      8   80  00  00  00  00  00  00  A1     520.5132
     0101      8   A0  02  00  00  00  00  0F  F9     520.5135
     0102      8   80  00  00  00  00  00  00  A1     520.5137
     0100      8   80  00  00  00  00  00  00  A1     520.5155
     0100      8   A0  00  00  00  00  00  00  CE     520.5188
     0100      8   A0  00  00  00  00  00  00  CE     520.5212
     0101      8   C0  02  00  00  00  00  0F  48     520.5235
     0100      8   A0  00  00  00  00  00  00  CE     520.5237
     0102      8   A0  00  00  00  00  00  00  CE     520.5240
     0100      8   C0  00  00  00  00  00  00  7F     520.5269
     0100      8   C0  00  00  00  00  00  00  7F     520.5293
     0100      8   C0  00  00  00  00  00  00  7F     520.5317
     0101      8   E0  01  00  00  00  00  0F  ED     520.5335
     0102      8   C0  00  00  00  00  00  00  7F     520.5337
     0100      8   C0  00  00  00  00  00  00  7F     520.5341
     0100      8   E0  00  00  00  00  00  00  10     520.5374
     0100      8   E0  00  00  00  00  00  00  10     520.5398
     0100      8   E0  00  00  00  00  00  00  10     520.5421
     0101      8   00  02  00  00  00  00  0F  37     520.5435
     0102      8   E0  00  00  00  00  00  00  10     520.5437
     0501      8   09  25  00  00  00  00  00  E4     520.5440
     0100      8   E0  00  00  00  00  00  00  10     520.5445
     0100      8   00  00  00  00  00  00  00  00     520.5478
     0100      8   00  00  00  00  00  00  00  00     520.5502
     0100      8   00  00  00  00  00  00  00  00     520.5526
     0101      8   20  02  00  00  00  00  0F  58     520.5535
     0102      8   00  00  00  00  00  00  00  00     520.5537
     0100      8   00  00  00  00  00  00  00  00     520.5550
     0100      8   20  00  00  00  00  00  00  6F     520.5583
     0100      8   20  00  00  00  00  00  00  6F     520.5607
     0100      8   20  00  00  00  00  00  00  6F     520.5630
     0101      8   40  02  00  00  00  00  0F  E9     520.5635
     0102      8   20  00  00  00  00  00  00  6F     520.5637
     0100      8   20  00  00  00  00  00  00  6F     520.5654
     0100      8   40  00  00  00  00  00  00  DE     520.5687
     0100      8   40  00  00  00  00  00  00  DE     520.5711
     0101      8   60  01  00  00  00  00  0F  4C     520.5735
     0100      8   40  00  00  00  00  00  00  DE     520.5737
     0102      8   40  00  00  00  00  00  00  DE     520.5740
     0100      8   60  00  00  00  00  00  00  B1     520.5768
     0100      8   60  00  00  00  00  00  00  B1     520.5792
     0100      8   60  00  00  00  00  00  00  B1     520.5816
     0101      8   80  02  00  00  00  00  0F  96     520.5835
     0102      8   60  00  00  00  00  00  00  B1     520.5837
     0100      8   60  00  00  00  00  00  00  B1     520.5840
     0100      8   80  00  00  00  00  00  00  A1     520.5873
     0100      8   80  00  00  00  00  00  00  A1     520.5896
     0100      8   80  00  00  00  00  00  00  A1     520.5920
     0101      8   A0  02  00  00  00  00  0F  F9     520.5935
     0102      8   80  00  00  00  00  00  00  A1     520.5937
     0100      8   80  00  00  00  00  00  00  A1     520.5944
     0100      8   A0  00  00  00  00  00  00  CE     520.5977
     0100      8   A0  00  00  00  00  00  00  CE     520.6001
     0100      8   A0  00  00  00  00  00  00  CE     520.6025
     0101      8   C0  01  00  00  00  00  0F  82     520.6035
     0102      8   A0  00  00  00  00  00  00  CE     520.6037
     0100      8   A0  00  00  00  00  00  00  CE     520.6049
     0100      8   C0  00  00  00  00  00  00  7F     520.6082
     0100      8   C0  00  00  00  00  00  00  7F     520.6106
     0100      8   C0  00  00  00  00  00  00  7F     520.6129
     0101      8   E0  02  00  00  00  00  0F  27     520.6135
     0102      8   C0  00  00  00  00  00  00  7F     520.6137
     0100      8   C0  00  00  00  00  00  00  7F     520.6153
     0100      8   E0  00  00  00  00  00  00  10     520.6186
     0100      8   E0  00  00  00  00  00  00  10     520.6210
     0100      8   E0  00  00  00  00  00  00  10     520.6234
     0101      8   00  02  00  00  00  00  0F  37     520.6236
     0102      8   E0  00  00  00  00  00  00  10     520.6239
     0100      8   E0  00  00  00  00  00  00  10     520.6258
     0100      8   00  00  00  00  00  00  00  00     520.6291
     0100      8   00  00  00  00  00  00  00  00     520.6315
     0101      8   20  01  00  00  00  00  0F  92     520.6335
     0102      8   00  00  00  00  00  00  00  00     520.6337
     0100      8   00  00  00  00  00  00  00  00     520.6340
     0100      8   20  00  00  00  00  00  00  6F     520.6371
     0100      8   20  00  00  00  00  00  00  6F     520.6395
     0100      8   20  00  00  00  00  00  00  6F     520.6419
     0101      8   40  02  00  00  00  00  0F  E9     520.6435
     0102      8   20  00  00  00  00  00  00  6F     520.6437
     0501      8   08  25  00  00  00  00  00  B9     520.6440
     0100      8   20  00  00  00  00  00  00  6F     520.6443
     0100      8   40  00  00  00  00  00  00  DE     520.6476
     0100      8   40  00  00  00  00  00  00  DE     520.6500
     0100      8   40  00  00  00  00  00  00  DE     520.6524
     0101      8   60  01  00  00  00  00  0F  4C     520.6535
     0102      8   40  00  00  00  00  00  00  DE     520.6537
     0100      8   40  00  00  00  00  00  00  DE     520.6547
     0100      8   60  00  00  00  00  00  00  B1     520.6581
     0100      8   60  00  00  00  00  00  00  B1     520.6604
     0100      8   60  00  00  00  00  00  00  B1     520.6628
     0101      8   80  01  00  00  00  00  0F  5C     520.6635
     0102      8   60  00  00  00  00  00  00  B1     520.6637
     0100      8   60  00  00  00  00  00  00  B1     520.6652
     0100      8   80  00  00  00  00  00  00  A1     520.6685
     0100      8   80  00  00  00  00  00  00  A1     520.6709
     0100      8   80  00  00  00  00  00  00  A1     520.6733
     0101      8   A0  02  00  00  00  00  0F  F9     520.6735
     0102      8   80  00  00  00  00  00  00  A1     520.6738
     0100      8   80  00  00  00  00  00  00  A1     520.6756
     0100      8   A0  00  00  00  00  00  00  CE     520.6790
     0100      8   A0  00  00  00  00  00  00  CE     520.6813
     0101      8   C0  02  00  00  00  00  0F  48     520.6835
     0100      8   A0  00  00  00  00  00  00  CE     520.6837
     0102      8   A0  00  00  00  00  00  00  CE     520.6840
     0100      8   C0  00  00  00  00  00  00  7F     520.6870
     0100      8   C0  00  00  00  00  00  00  7F     520.6894
     0100      8   C0  00  00  00  00  00  00  7F     520.6918
     0101      8   E0  01  00  00  00  00  0F  ED     520.6935
     0102      8   C0  00  00  00  00  00  00  7F     520.6937
     0100      8   C0  00  00  00  00  00  00  7F     520.6942
     0100      8   E0  00  00  00  00  00  00  10     520.6975
     0100      8   E0  00  00  00  00  00  00  10     520.6999
     0100      8   E0  00  00  00  00  00  00  10     520.7022
     0101      8   00  02  00  00  00  00  0F  37     520.7035
     0102      8   E0  00  00  00  00  00  00  10     520.7037
     0100      8   E0  00  00  00  00  00  00  10     520.7046
     0100      8   00  00  00  00  00  00  00  00     520.7079
     0100      8   00  00  00  00  00  00  00  00     520.7103
     0100      8   00  00  00  00  00  00  00  00     520.7127
     0101      8   20  02  00  00  00  00  0F  58     520.7135
     0102      8   00  00  00  00  00  00  00  00     520.7137
     0100      8   00  00  00  00  00  00  00  00     520.7151
     0100      8   20  00  00  00  00  00  00  6F     520.7184
     0100      8   20  00  00  00  00  00  00  6F     520.7208
     0100      8   20  00  00  00  00  00  00  6F     520.7232
     0101      8   40  01  00  00  00  00  0F  23     520.7235
     0102      8   20  00  00  00  00  00  00  6F     520.7237
     0100      8   20  00  00  00  00  00  00  6F     520.7255
     0100      8   40  00  00  00  00  00  00  DE     520.7288
     0100      8   40  00  00  00  00  00  00  DE     520.7312
     0101      8   60  02  00  00  00  00  0F  86     520.7335
     0100      8   40  00  00  00  00  00  00  DE     520.7337
     0102      8   40  00  00  00  00  00  00  DE     520.7340
     0100      8   60  00  00  00  00  00  00  B1     520.7369
     0100      8   60  00  00  00  00  00  00  B1     520.7393
     0100      8   60  00  00  00  00  00  00  B1     520.7417
     0101      8   80  02  00  00  00  00  0F  96     520.7435
     0102      8   60  00  00  00  00  00  00  B1     520.7437
     0501      8   05  25  00  00  00  00  00  5F     520.7440
     0100      8   60  00  00  00  00  00  00  B1     520.7442
     0100      8   80  00  00  00  00  00  00  A1     520.7474
     0100      8   80  00  00  00  00  00  00  A1     520.7498
     0100      8   80  00  00  00  00  00  00  A1     520.7521
     0101      8   A0  01  00  00  00  00  0F  33     520.7535
     0102      8   80  00  00  00  00  00  00  A1     520.7537
     0100      8   80  00  00  00  00  00  00  A1     520.7545
     0100      8   A0  00  00  00  00  00  00  CE     520.7578
     0100      8   A0  00  00  00  00  00  00  CE     520.7602
     0100      8   A0  00  00  00  00  00  00  CE     520.7626
     0101      8   C0  02  00  00  00  00  0F  48     520.7635
     0102      8   A0  00  00  00  00  00  00  CE     520.7637
     0100      8   A0  00  00  00  00  00  00  CE     520.7650
     0100      8   C0  00  00  00  00  00  00  7F     520.7683
     0100      8   C0  00  00  00  00  00  00  7F     520.7707
     0100      8   C0  00  00  00  00  00  00  7F     520.7730
     0101      8   E0  02  00  00  00  00  0F  27     520.7735
     0102      8   C0  00  00  00  00  00  00  7F     520.7737
     0100      8   C0  00  00  00  00  00  00  7F     520.7754
     0100      8   E0  00  00  00  00  00  00  10     520.7787
     0100      8   E0  00  00  00  00  00  00  10     520.7811
     0101      8   00  01  00  00  00  00  0F  FD     520.7835
     0100      8   E0  00  00  00  00  00  00  10     520.7837
     0102      8   E0  00  00  00  00  00  00  10     520.7840
     0100      8   00  00  00  00  00  00  00  00     520.7868
     0100      8   00  00  00  00  00  00  00  00     520.7892
     0100      8   00  00  00  00  00  00  00  00     520.7916
     0101      8   20  02  00  00  00  00  0F  58     520.7935
     0102      8   00  00  00  00  00  00  00  00     520.7937
     0100      8   00  00  00  00  00  00  00  00     520.7940
     0100      8   20  00  00  00  00  00  00  6F     520.7973
     0100      8   20  00  00  00  00  00  00  6F     520.7996
     0100      8   20  00  00  00  00  00  00  6F     520.8020
     0101      8   40  02  00  00  00  00  0F  E9     520.8035
     0102      8   20  00  00  00  00  00  00  6F     520.8037
     0100      8   20  00  00  00  00  00  00  6F     520.8044
     0100      8   40  00  00  00  00  00  00  DE     520.8077
     0100      8   40  00  00  00  00  00  00  DE     520.8101
     0100      8   40  00  00  00  00  00  00  DE     520.8125
     0101      8   60  01  00  00  00  00  0F  4C     520.8135
     0102      8   40  00  00  00  00  00  00  DE     520.8137
     0100      8   40  00  00  00  00  00  00  DE     520.8148
     0100      8   60  00  00  00  00  00  00  B1     520.8182
     0100      8   60  00  00  00  00  00  00  B1     520.8205
     0100      8   60  00  00  00  00  00  00  B1     520.8229
     0101      8   80  02  00  00  00  00  0F  96     520.8235
     0102      8   60  00  00  00  00  00  00  B1     520.8237
     0100      8   60  00  00  00  00  00  00  B1     520.8253
     0100      8   80  00  00  00  00  00  00  A1     520.8286
     0100      8   80  00  00  00  00  00  00  A1     520.8310
     0100      8   80  00  00  00  00  00  00  A1     520.8334
     0101      8   A0  02  00  00  00  00  0F  F9     520.8336
     0102      8   80  00  00  00  00  00  00  A1     520.8339
     0100      8   80  00  00  00  00  00  00  A1     520.8358
     0100      8   A0  00  00  00  00  00  00  CE     520.8391
     0100      8   A0  00  00  00  00  00  00  CE     520.8415
     0101      8   C0  01  00  00  00  00  0F  82     520.8435
     0102      8   A0  00  00  00  00  00  00  CE     520.8437
     0100      8   A0  00  00  00  00  00  00  CE     520.8439
     0501      8   07  25  00  00  00  00  00  E5     520.8442
     0100      8   C0  00  00  00  00  00  00  7F     520.8472
     0100      8   C0  00  00  00  00  00  00  7F     520.8495
     0100      8   C0  00  00  00  00  00  00  7F     520.8519
     0101      8   E0  02  00  00  00  00  0F  27     520.8535
     0102      8   C0  00  00  00  00  00  00  7F     520.8537
     0100      8   C0  00  00  00  00  00  00  7F     520.8543
     0100      8   E0  00  00  00  00  00  00  10     520.8576
     0100      8   E0  00  00  00  00  00  00  10     520.8600
     0100      8   E0  00  00  00  00  00  00  10     520.8624
     0101      8   00  02  00  00  00  00  0F  37     520.8634
     0102      8   E0  00  00  00  00  00  00  10     520.8637
     0100      8   E0  00  00  00  00  00  00  10     520.8647
     0100      8   00  00  00  00  00  00  00  00     520.8681
     0100      8   00  00  00  00  00  00  00  00     520.8704
     0100      8   00  00  00  00  00  00  00  00     520.8728
     0101      8   20  01  00  00  00  00  0F  92     520.8735
     0102      8   00  00  00  00  00  00  00  00     520.8737
     0100      8   00  00  00  00  00  00  00  00     520.8752
     0100      8   20  00  00  00  00  00  00  6F     520.8785
     0100      8   20  00  00  00  00  00  00  6F     520.8809
     0100      8   20  00  00  00  00  00  00  6F     520.8833
     0101      8   40  02  00  00  00  00  0F  E9     520.8835
     0102      8   20  00  00  00  00  00  00  6F     520.8838
     0100      8   20  00  00  00  00  00  00  6F     520.8857
     0100      8   40  00  00  00  00  00  00  DE     520.8890
     0100      8   40  00  00  00  00  00  00  DE     520.8913
     0101      8   60  02  00  00  00  00  0F  86     520.8935
     0102      8   40  00  00  00  00  00  00  DE     520.8937
     0100      8   40  00  00  00  00  00  00  DE     520.8939
     0100      8   60  00  00  00  00  00  00  B1     520.8970
     0100      8   60  00  00  00  00  00  00  B1     520.8994
     0100      8   60  00  00  00  00  00  00  B1     520.9018
     0101      8   80  02  00  00  00  00  0F  96     520.9034
     0102      8   60  00  00  00  00  00  00  B1     520.9037
     0100      8   60  00  00  00  00  00  00  B1     520.9042
     0100      8   80  00  00  00  00  00  00  A1     520.9075
     0100      8   80  00  00  00  00  00  00  A1     520.9099
     0100      8   80  00  00  00  00  00  00  A1     520.9123
     0101      8   A0  01  00  00  00  00  0F  33     520.9134
     0102      8   80  00  00  00  00  00  00  A1     520.9137
     0100      8   80  00  00  00  00  00  00  A1     520.9146
     0100      8   A0  00  00  00  00  00  00  CE     520.9179
     0100      8   A0  00  00  00  00  00  00  CE     520.9203
     0100      8   A0  00  00  00  00  00  00  CE     520.9227
     0101      8   C0  02  00  00  00  00  0F  48     520.9234
     0102      8   A0  00  00  00  00  00  00  CE     520.9237
     0100      8   A0  00  00  00  00  00  00  CE     520.9251
     0100      8   C0  00  00  00  00  00  00  7F     520.9284
     0100      8   C0  00  00  00  00  00  00  7F     520.9308
     0100      8   C0  00  00  00  00  00  00  7F     520.9332
     0101      8   E0  02  00  00  00  00  0F  27     520.9334
     0102      8   C0  00  00  00  00  00  00  7F     520.9337
     0100      8   C0  00  00  00  00  00  00  7F     520.9355
     0100      8   E0  00  00  00  00  00  00  10     520.9389
     0100      8   E0  00  00  00  00  00  00  10     520.9412
     0101      8   00  01  00  00  00  00  0F  FD     520.9434
     0100      8   E0  00  00  00  00  00  00  10     520.9437
     0102      8   E0  00  00  00  00  00  00  10     520.9439
     0501      8   08  25  00  00  00  00  00  B9     520.9442
     0100      8   00  00  00  00  00  00  00  00     520.9469
     0100      8   00  00  00  00  00  00  00  00     520.9493
     0100      8   00  00  00  00  00  00  00  00     520.9517
     0101      8   20  02  00  00  00  00  0F  58     520.9534
     0102      8   00  00  00  00  00  00  00  00     520.9537
     0100      8   00  00  00  00  00  00  00  00     520.9541
     0100      8   20  00  00  00  00  00  00  6F     520.9574
     0100      8   20  00  00  00  00  00  00  6F     520.9598
     0100      8   20  00  00  00  00  00  00  6F     520.9621
     0101      8   40  02  00  00  00  00  0F  E9     520.9634
     0102      8   20  00  00  00  00  00  00  6F     520.9637
     0100      8   20  00  00  00  00  00  00  6F     520.9645
     0100      8   40  00  00  00  00  00  00  DE     520.9678
     0100      8   40  00  00  00  00  00  00  DE     520.9702
     0100      8   40  00  00  00  00  00  00  DE     520.9726
     0101      8   60  01  00  00  00  00  0F  4C     520.9734
     0102      8   40  00  00  00  00  00  00  DE     520.9737
     0100      8   40  00  00  00  00  00  00  DE     520.9750
     0100      8   60  00  00  00  00  00  00  B1     520.9783
     0100      8   60  00  00  00  00  00  00  B1     520.9807
     0100      8   60  00  00  00  00  00  00  B1     520.9830
     0101      8   80  02  00  00  00  00  0F  96     520.9834
     0102      8   60  00  00  00  00  00  00  B1     520.9837
     0100      8   60  00  00  00  00  00  00  B1     520.9854
     0100      8   80  00  00  00  00  00  00  A1     520.9887
     0100      8   80  00  00  00  00  00  00  A1     520.9911
     0101      8   A0  02  00  00  00  00  0F  F9     520.9934
     0100      8   80  00  00  00  00  00  00  A1     520.9937
     0102      8   80  00  00  00  00  00  00  A1     520.9939
     0100      8   A0  00  00  00  00  00  00  CE     520.9968
     0100      8   A0  00  00  00  00  00  00  CE     520.9992
     0100      8   A0  00  00  00  00  00  00  CE     521.0016
     0101      8   C0  01  00  00  00  00  0F  82     521.0034
     0102      8   A0  00  00  00  00  00  00  CE     521.0037
     0100      8   A0  00  00  00  00  00  00  CE     521.0039
     0100      8   C0  00  00  00  00  00  00  7F     521.0073
     0100      8   C0  00  00  00  00  00  00  7F     521.0097
     0100      8   C0  00  00  00  00  00  00  7F     521.0120
     0101      8   E0  02  00  00  00  00  0F  27     521.0134
     0102      8   C0  00  00  00  00  00  00  7F     521.0137
     0100      8   C0  00  00  00  00  00  00  7F     521.0144
     0100      8   E0  00  00  00  00  00  00  10     521.0177
     0100      8   E0  00  00  00  00  00  00  10     521.0201
     0100      8   E0  00  00  00  00  00  00  10     521.0225
     0101      8   00  02  00  00  00  00  0F  37     521.0234
     0102      8   E0  00  00  00  00  00  00  10     521.0237
     0100      8   E0  00  00  00  00  00  00  10     521.0249
     0100      8   00  00  00  00  00  00  00  00     521.0282
     0100      8   00  00  00  00  00  00  00  00     521.0305
     0100      8   00  00  00  00  00  00  00  00     521.0329
     0101      8   20  01  00  00  00  00  0F  92     521.0334
     0102      8   00  00  00  00  00  00  00  00     521.0337
     0100      8   00  00  00  00  00  00  00  00     521.0353
     0100      8   20  00  00  00  00  00  00  6F     521.0386
     0100      8   20  00  00  00  00  00  00  6F     521.0410
     0100      8   20  00  00  00  00  00  00  6F     521.0434
     0101      8   40  02  00  00  00  00  0F  E9     521.0436
     0102      8   20  00  00  00  00  00  00  6F     521.0439
     0501      8   09  25  00  00  00  00  00  E4     521.0441
     0100      8   20  00  00  00  00  00  00  6F     521.0458
     0100      8   40  00  00  00  00  00  00  DE     521.0491
     0100      8   40  00  00  00  00  00  00  DE     521.0514
     0101      8   60  02  00  00  00  00  0F  86     521.0534
     0102      8   40  00  00  00  00  00  00  DE     521.0537
     0100      8   40  00  00  00  00  00  00  DE     521.0539
     0100      8   60  00  00  00  00  00  00  B1     521.0571
     0100      8   60  00  00  00  00  00  00  B1     521.0595
     0100      8   60  00  00  00  00  00  00  B1     521.0619
     0101      8   80  01  00  00  00  00  0F  5C     521.0634
     0102      8   60  00  00  00  00  00  00  B1     521.0637
     0100      8   60  00  00  00  00  00  00  B1     521.0643
     0100      8   80  00  00  00  00  00  00  A1     521.0676
     0100      8   80  00  00  00  00  00  00  A1     521.0700
     0100      8   80  00  00  00  00  00  00  A1     521.0724
     0101      8   A0  02  00  00  00  00  0F  F9     521.0734
     0102      8   80  00  00  00  00  00  00  A1     521.0737
     0100      8   80  00  00  00  00  00  00  A1     521.0747
     0100      8   A0  00  00  00  00  00  00  CE     521.0780
     0100      8   A0  00  00  00  00  00  00  CE     521.0804
     0100      8   A0  00  00  00  00  00  00  CE     521.0828
     0101      8   C0  02  00  00  00  00  0F  48     521.0834
     0102      8   A0  00  00  00  00  00  00  CE     521.0837
     0100      8   A0  00  00  00  00  00  00  CE     521.0852
     0100      8   C0  00  00  00  00  00  00  7F     521.0885
     0100      8   C0  00  00  00  00  00  00  7F     521.0909
     0100      8   C0  00  00  00  00  00  00  7F     521.0933
     0101      8   E0  01  00  00  00  00  0F  ED     521.0935
     0102      8   C0  00  00  00  00  00  00  7F     521.0938
     0100      8   C0  00  00  00  00  00  00  7F     521.0957
     0100      8   E0  00  00  00  00  00  00  10     521.0990
     0100      8   E0  00  00  00  00  00  00  10     521.1013
     0101      8   00  02  00  00  00  00  0F  37     521.1034
     0102      8   E0  00  00  00  00  00  00  10     521.1037
     0100      8   E0  00  00  00  00  00  00  10     521.1039
     0100      8   00  00  00  00  00  00  00  00     521.1070
     0100      8   00  00  00  00  00  00  00  00     521.1094
     0100      8   00  00  00  00  00  00  00  00     521.1118
     0101      8   20  02  00  00  00  00  0F  58     521.1134
     0102      8   00  00  00  00  00  00  00  00     521.1137
     0100      8   00  00  00  00  00  00  00  00     521.1142
     0100      8   20  00  00  00  00  00  00  6F     521.1175
     0100      8   20  00  00  00  00  00  00  6F     521.1199
     0100      8   20  00  00  00  00  00  00  6F     521.1223
     0101      8   40  01  00  00  00  00  0F  23     521.1234
     0102      8   20  00  00  00  00  00  00  6F     521.1237
     0100      8   20  00  00  00  00  00  00  6F     521.1246
     0100      8   40  00  00  00  00  00  00  DE     521.1279
     0100      8   40  00  00  00  00  00  00  DE     521.1303
     0100      8   40  00  00  00  00  00  00  DE     521.1327
     0101      8   60  02  00  00  00  00  0F  86     521.1334
     0102      8   40  00  00  00  00  00  00  DE     521.1337
     0100      8   40  00  00  00  00  00  00  DE     521.1351
     0100      8   60  00  00  00  00  00  00  B1     521.1384
     0100      8   60  00  00  00  00  00  00  B1     521.1408
     0100      8   60  00  00  00  00  00  00  B1     521.1432
     0101      8   80  02  00  00  00  00  0F  96     521.1434
     0102      8   60  00  00  00  00  00  00  B1     521.1437
     0501      8   05  25  00  00  00  00  00  5F     521.1439
     0100      8   60  00  00  00  00  00  00  B1     521.1455
     0100      8   80  00  00  00  00  00  00  A1     521.1489
     0100      8   80  00  00  00  00  00  00  A1     521.1512
     0101      8   A0  01  00  00  00  00  0F  33     521.1534
     0100      8   80  00  00  00  00  00  00  A1     521.1537
     0102      8   80  00  00  00  00  00  00  A1     521.1539
     0100      8   A0  00  00  00  00  00  00  CE     521.1569
     0100      8   A0  00  00  00  00  00  00  CE     521.1593
     0100      8   A0  00  00  00  00  00  00  CE     521.1617
     0101      8   C0  01  00  00  00  00  0F  82     521.1634
     0102      8   A0  00  00  00  00  00  00  CE     521.1637
     0100      8   A0  00  00  00  00  00  00  CE     521.1641
     0100      8   C0  00  00  00  00  00  00  7F     521.1674
     0100      8   C0  00  00  00  00  00  00  7F     521.1698
     0100      8   C0  00  00  00  00  00  00  7F     521.1721
     0101      8   E0  02  00  00  00  00  0F  27     521.1734
     0102      8   C0  00  00  00  00  00  00  7F     521.1737
     0100      8   C0  00  00  00  00  00  00  7F     521.1745
     0100      8   E0  00  00  00  00  00  00  10     521.1778
     0100      8   E0  00  00  00  00  00  00  10     521.1802
     0100      8   E0  00  00  00  00  00  00  10     521.1826
     0101      8   00  01  00  00  00  00  0F  FD     521.1834
     0102      8   E0  00  00  00  00  00  00  10     521.1837
     0100      8   E0  00  00  00  00  00  00  10     521.1850
     0100      8   00  00  00  00  00  00  00  00     521.1883
     0100      8   00  00  00  00  00  00  00  00     521.1907
     0100      8   00  00  00  00  00  00  00  00     521.1930
     0101      8   20  02  00  00  00  00  0F  58     521.1934
     0102      8   00  00  00  00  00  00  00  00     521.1937
     0100      8   00  00  00  00  00  00  00  00     521.1954
     0100      8   20  00  00  00  00  00  00  6F     521.1987
     0100      8   20  00  00  00  00  00  00  6F     521.2011
     0101      8   40  02  00  00  00  00  0F  E9     521.2034
     0100      8   20  00  00  00  00  00  00  6F     521.2036
     0102      8   20  00  00  00  00  00  00  6F     521.2039
     0100      8   40  00  00  00  00  00  00  DE     521.2068
     0100      8   40  00  00  00  00  00  00  DE     521.2092
     0100      8   40  00  00  00  00  00  00  DE     521.2116
     0101      8   60  01  00  00  00  00  0F  4C     521.2134
     0102      8   40  00  00  00  00  00  00  DE     521.2136
     0100      8   40  00  00  00  00  00  00  DE     521.2139
     0100      8   60  00  00  00  00  00  00  B1     521.2173
     0100      8   60  00  00  00  00  00  00  B1     521.2196
     0100      8   60  00  00  00  00  00  00  B1     521.2220
     0101      8   80  02  00  00  00  00  0F  96     521.2234
     0102      8   60  00  00  00  00  00  00  B1     521.2236
     0100      8   60  00  00  00  00  00  00  B1     521.2244
     0100      8   80  00  00  00  00  00  00  A1     521.2277
     0100      8   80  00  00  00  00  00  00  A1     521.2301
     0100      8   80  00  00  00  00  00  00  A1     521.2325
     0101      8   A0  02  00  00  00  00  0F  F9     521.2334
     0102      8   80  00  00  00  00  00  00  A1     521.2336
     0100      8   80  00  00  00  00  00  00  A1     521.2349
     0100      8   A0  00  00  00  00  00  00  CE     521.2382
     0100      8   A0  00  00  00  00  00  00  CE     521.2405
     0100      8   A0  00  00  00  00  00  00  CE     521.2429
     0101      8   C0  02  00  00  00  00  0F  48     521.2434
     0102      8   A0  00  00  00  00  00  00  CE     521.2436
     0501      8   06  25  00  00  00  00  00  B8     521.2439
     0100      8   A0  00  00  00  00  00  00  CE     521.2453
     0100      8   C0  00  00  00  00  00  00  7F     521.2486
     0100      8   C0  00  00  00  00  00  00  7F     521.2510
     0100      8   C0  00  00  00  00  00  00  7F     521.2534
     0101      8   E0  01  00  00  00  00  0F  ED     521.2536
     0102      8   C0  00  00  00  00  00  00  7F     521.2539
     0100      8   C0  00  00  00  00  00  00  7F     521.2558
     0100      8   E0  00  00  00  00  00  00  10     521.2591
     0100      8   E0  00  00  00  00  00  00  10     521.2615
     0101      8   00  02  00  00  00  00  0F  37     521.2634
     0102      8   E0  00  00  00  00  00  00  10     521.2636
     0100      8   E0  00  00  00  00  00  00  10     521.2639
     0100      8   00  00  00  00  00  00  00  00     521.2671
     0100      8   00  00  00  00  00  00  00  00     521.2695
     0100      8   00  00  00  00  00  00  00  00     521.2719
     0101      8   20  02  00  00  00  00  0F  58     521.2734
     0102      8   00  00  00  00  00  00  00  00     521.2736
     0100      8   00  00  00  00  00  00  00  00     521.2743
     0100      8   20  00  00  00  00  00  00  6F     521.2776
     0100      8   20  00  00  00  00  00  00  6F     521.2800
     0100      8   20  00  00  00  00  00  00  6F     521.2824
     0101      8   40  01  00  00  00  00  0F  23     521.2834
     0102      8   20  00  00  00  00  00  00  6F     521.2836
     0100      8   20  00  00  00  00  00  00  6F     521.2847
     0100      8   40  00  00  00  00  00  00  DE     521.2881
     0100      8   40  00  00  00  00  00  00  DE     521.2904
     0100      8   40  00  00  00  00  00  00  DE     521.2928
     0101      8   60  02  00  00  00  00  0F  86     521.2934
     0102      8   40  00  00  00  00  00  00  DE     521.2936
     0100      8   40  00  00  00  00  00  00  DE     521.2952
     0100      8   60  00  00  00  00  00  00  B1     521.2985
     0100      8   60  00  00  00  00  00  00  B1     521.3009
     0100      8   60  00  00  00  00  00  00  B1     521.3033
     0101      8   80  02  00  00  00  00  0F  96     521.3035
     0102      8   60  00  00  00  00  00  00  B1     521.3038
     0100      8   60  00  00  00  00  00  00  B1     521.3056
     0100      8   80  00  00  00  00  00  00  A1     521.3090
     0100      8   80  00  00  00  00  00  00  A1     521.3113
     0101      8   A0  01  00  00  00  00  0F  33     521.3134
     0102      8   80  00  00  00  00  00  00  A1     521.3136
     0100      8   80  00  00  00  00  00  00  A1     521.3139
     0100      8   A0  00  00  00  00  00  00  CE     521.3170
     0100      8   A0  00  00  00  00  00  00  CE     521.3194
     0100      8   A0  00  00  00  00  00  00  CE     521.3218
     0101      8   C0  02  00  00  00  00  0F  48     521.3234
     0102      8   A0  00  00  00  00  00  00  CE     521.3236
     0100      8   A0  00  00  00  00  00  00  CE     521.3242
     0100      8   C0  00  00  00  00  00  00  7F     521.3275
     0100      8   C0  00  00  00  00  00  00  7F     521.3299
     0100      8   C0  00  00  00  00  00  00  7F     521.3322
     0101      8   E0  02  00  00  00  00  0F  27     521.3334
     0102      8   C0  00  00  00  00  00  00  7F     521.3336
     0100      8   C0  00  00  00  00  00  00  7F     521.3346
     0100      8   E0  00  00  00  00  00  00  10     521.3379
     0100      8   E0  00  00  00  00  00  00  10     521.3403
     0100      8   E0  00  00  00  00  00  00  10     521.3427
     0101      8   00  01  00  00  00  00  0F  FD     521.3434
     0102      8   E0  00  00  00  00  00  00  10     521.3436
     0501      8   08  25  00  00  00  00  00  B9     521.3439
     0100      8   E0  00  00  00  00  00  00  10     521.3451
     0100      8   00  00  00  00  00  00  00  00     521.3484
     0100      8   00  00  00  00  00  00  00  00     521.3508
     0100      8   00  00  00  00  00  00  00  00     521.3532
     0101      8   20  02  00  00  00  00  0F  58     521.3534
     0102      8   00  00  00  00  00  00  00  00     521.3537
     0100      8   00  00  00  00  00  00  00  00     521.3555
     0100      8   20  00  00  00  00  00  00  6F     521.3588
     0100      8   20  00  00  00  00  00  00  6F     521.3612
     0101      8   40  02  00  00  00  00  0F  E9     521.3634
     0100      8   20  00  00  00  00  00  00  6F     521.3636
     0102      8   20  00  00  00  00  00  00  6F     521.3639
     0100      8   40  00  00  00  00  00  00  DE     521.3669
     0100      8   40  00  00  00  00  00  00  DE     521.3693
     0100      8   40  00  00  00  00  00  00  DE     521.3717
     0101      8   60  01  00  00  00  00  0F  4C     521.3734
     0102      8   40  00  00  00  00  00  00  DE     521.3736
     0100      8   40  00  00  00  00  00  00  DE     521.3741
     0100      8   60  00  00  00  00  00  00  B1     521.3774
     0100      8   60  00  00  00  00  00  00  B1     521.3797
     0100      8   60  00  00  00  00  00  00  B1     521.3821
     0101      8   80  02  00  00  00  00  0F  96     521.3834
     0102      8   60  00  00  00  00  00  00  B1     521.3836
     0100      8   60  00  00  00  00  00  00  B1     521.3845
     0100      8   80  00  00  00  00  00  00  A1     521.3878
     0100      8   80  00  00  00  00  00  00  A1     521.3902
     0100      8   80  00  00  00  00  00  00  A1     521.3926
     0101      8   A0  02  00  00  00  00  0F  F9     521.3934
     0102      8   80  00  00  00  00  00  00  A1     521.3936
     0100      8   80  00  00  00  00  00  00  A1     521.3950
     0100      8   A0  00  00  00  00  00  00  CE     521.3983
     0100      8   A0  00  00  00  00  00  00  CE     521.4007
     0100      8   A0  00  00  00  00  00  00  CE     521.4030
     0101      8   C0  01  00  00  00  00  0F  82     521.4034
     0102      8   A0  00  00  00  00  00  00  CE     521.4036
     0100      8   A0  00  00  00  00  00  00  CE     521.4054
     0100      8   C0  00  00  00  00  00  00  7F     521.4087
     0100      8   C0  00  00  00  00  00  00  7F     521.4111
     0101      8   E0  02  00  00  00  00  0F  27     521.4134
     0100      8   C0  00  00  00  00  00  00  7F     521.4136
     0102      8   C0  00  00  00  00  00  00  7F     521.4139
     0100      8   E0  00  00  00  00  00  00  10     521.4168
     0100      8   E0  00  00  00  00  00  00  10     521.4192
     0100      8   E0  00  00  00  00  00  00  10     521.4216
     0101      8   00  02  00  00  00  00  0F  37     521.4234
     0102      8   E0  00  00  00  00  00  00  10     521.4236
     0100      8   E0  00  00  00  00  00  00  10     521.4239
     0100      8   00  00  00  00  00  00  00  00     521.4273
     0100      8   00  00  00  00  00  00  00  00     521.4296
     0100      8   00  00  00  00  00  00  00  00     521.4320
     0101      8   20  01  00  00  00  00  0F  92     521.4334
     0102      8   00  00  00  00  00  00  00  00     521.4336
     0100      8   00  00  00  00  00  00  00  00     521.4344
     0100      8   20  00  00  00  00  00  00  6F     521.4377
     0100      8   20  00  00  00  00  00  00  6F     521.4401
     0100      8   20  00  00  00  00  00  00  6F     521.4425
     0101      8   40  02  00  00  00  00  0F  E9     521.4434
     0102      8   20  00  00  00  00  00  00  6F     521.4436
     0501      8   09  25  00  00  00  00  00  E4     521.4439
     0100      8   20  00  00  00  00  00  00  6F     521.4449
     0100      8   40  00  00  00  00  00  00  DE     521.4482
     0100      8   40  00  00  00  00  00  00  DE     521.4505
     0100      8   40  00  00  00  00  00  00  DE     521.4529
     0101      8   60  02  00  00  00  00  0F  86     521.4534
     0102      8   40  00  00  00  00  00  00  DE     521.4536
     0100      8   40  00  00  00  00  00  00  DE     521.4553
     0100      8   60  00  00  00  00  00  00  B1     521.4586
     0100      8   60  00  00  00  00  00  00  B1     521.4610
     0101      8   80  01  00  00  00  00  0F  5C     521.4634
     0100      8   60  00  00  00  00  00  00  B1     521.4636
     0102      8   60  00  00  00  00  00  00  B1     521.4639
     0100      8   80  00  00  00  00  00  00  A1     521.4667
     0100      8   80  00  00  00  00  00  00  A1     521.4691
     0100      8   80  00  00  00  00  00  00  A1     521.4714
     0101      8   A0  02  00  00  00  00  0F  F9     521.4734
     0102      8   80  00  00  00  00  00  00  A1     521.4736
     0100      8   80  00  00  00  00  00  00  A1     521.4739
     0100      8   A0  00  00  00  00  00  00  CE     521.4771
     0100      8   A0  00  00  00  00  00  00  CE     521.4795
     0100      8   A0  00  00  00  00  00  00  CE     521.4819
     0101      8   C0  02  00  00  00  00  0F  48     521.4834
     0102      8   A0  00  00  00  00  00  00  CE     521.4836
     0100      8   A0  00  00  00  00  00  00  CE     521.4843
     0100      8   C0  00  00  00  00  00  00  7F     521.4876
     0100      8   C0  00  00  00  00  00  00  7F     521.4900
     0100      8   C0  00  00  00  00  00  00  7F     521.4924
     0101      8   E0  01  00  00  00  00  0F  ED     521.4934
     0102      8   C0  00  00  00  00  00  00  7F     521.4936
     0100      8   C0  00  00  00  00  00  00  7F     521.4947
     0100      8   E0  00  00  00  00  00  00  10     521.4981
     0100      8   E0  00  00  00  00  00  00  10     521.5004
     0100      8   E0  00  00  00  00  00  00  10     521.5028
     0101      8   00  02  00  00  00  00  0F  37     521.5034
     0102      8   E0  00  00  00  00  00  00  10     521.5036
     0100      8   E0  00  00  00  00  00  00  10     521.5052
     0100      8   00  00  00  00  00  00  00  00     521.5085
     0100      8   00  00  00  00  00  00  00  00     521.5109
     0100      8   00  00  00  00  00  00  00  00     521.5133
     0101      8   20  02  00  00  00  00  0F  58     521.5135
     0102      8   00  00  00  00  00  00  00  00     521.5138
     0100      8   00  00  00  00  00  00  00  00     521.5156
     0100      8   20  00  00  00  00  00  00  6F     521.5190
     0100      8   20  00  00  00  00  00  00  6F     521.5213
     0101      8   40  01  00  00  00  00  0F  23     521.5234
     0102      8   20  00  00  00  00  00  00  6F     521.5236
     0100      8   20  00  00  00  00  00  00  6F     521.5239
     0100      8   40  00  00  00  00  00  00  DE     521.5270
     0100      8   40  00  00  00  00  00  00  DE     521.5294
     0100      8   40  00  00  00  00  00  00  DE     521.5318
     0101      8   60  01  00  00  00  00  0F  4C     521.5334
     0102      8   40  00  00  00  00  00  00  DE     521.5336
     0100      8   40  00  00  00  00  00  00  DE     521.5342
     0100      8   60  00  00  00  00  00  00  B1     521.5375
     0100      8   60  00  00  00  00  00  00  B1     521.5399
     0100      8   60  00  00  00  00  00  00  B1     521.5422
     0101      8   80  02  00  00  00  00  0F  96     521.5434
     0102      8   60  00  00  00  00  00  00  B1     521.5436
     0501      8   07  25  00  00  00  00  00  E5     521.5438
     0100      8   60  00  00  00  00  00  00  B1     521.5446
     0100      8   80  00  00  00  00  00  00  A1     521.5479
     0100      8   80  00  00  00  00  00  00  A1     521.5503
     0100      8   80  00  00  00  00  00  00  A1     521.5527
     0101      8   A0  01  00  00  00  00  0F  33     521.5534
     0102      8   80  00  00  00  00  00  00  A1     521.5536
     0100      8   80  00  00  00  00  00  00  A1     521.5551
     0100      8   A0  00  00  00  00  00  00  CE     521.5584
     0100      8   A0  00  00  00  00  00  00  CE     521.5608
     0100      8   A0  00  00  00  00  00  00  CE     521.5631
     0101      8   C0  02  00  00  00  00  0F  48     521.5634
     0102      8   A0  00  00  00  00  00  00  CE     521.5636
     0100      8   A0  00  00  00  00  00  00  CE     521.5655
     0100      8   C0  00  00  00  00  00  00  7F     521.5688
     0100      8   C0  00  00  00  00  00  00  7F     521.5712
     0101      8   E0  02  00  00  00  00  0F  27     521.5733
     0102      8   C0  00  00  00  00  00  00  7F     521.5736
     0100      8   C0  00  00  00  00  00  00  7F     521.5738
     0100      8   E0  00  00  00  00  00  00  10     521.5769
     0100      8   E0  00  00  00  00  00  00  10     521.5793
     0100      8   E0  00  00  00  00  00  00  10     521.5817
     0101      8   00  02  00  00  00  00  0F  37     521.5833
     0102      8   E0  00  00  00  00  00  00  10     521.5836
     0100      8   E0  00  00  00  00  00  00  10     521.5841
     0100      8   00  00  00  00  00  00  00  00     521.5874
     0100      8   00  00  00  00  00  00  00  00     521.5898
     0100      8   00  00  00  00  00  00  00  00     521.5921
     0101      8   20  01  00  00  00  00  0F  92     521.5934
     0102      8   00  00  00  00  00  00  00  00     521.5936
     0100      8   00  00  00  00  00  00  00  00     521.5945
     0100      8   20  00  00  00  00  00  00  6F     521.5978
     0100      8   20  00  00  00  00  00  00  6F     521.6002
     0100      8   20  00  00  00  00  00  00  6F     521.6026
     0101      8   40  02  00  00  00  00  0F  E9     521.6033
     0102      8   20  00  00  00  00  00  00  6F     521.6036
     0100      8   20  00  00  00  00  00  00  6F     521.6050
     0100      8   40  00  00  00  00  00  00  DE     521.6083
     0100      8   40  00  00  00  00  00  00  DE     521.6107
     0100      8   40  00  00  00  00  00  00  DE     521.6130
     0101      8   60  02  00  00  00  00  0F  86     521.6133
     0102      8   40  00  00  00  00  00  00  DE     521.6136
     0100      8   40  00  00  00  00  00  00  DE     521.6154
     0100      8   60  00  00  00  00  00  00  B1     521.6187
     0100      8   60  00  00  00  00  00  00  B1     521.6211
     0101      8   80  01  00  00  00  00  0F  5C     521.6233
     0100      8   60  00  00  00  00  00  00  B1     521.6236
     0102      8   60  00  00  00  00  00  00  B1     521.6238
     0100      8   80  00  00  00  00  00  00  A1     521.6268
     0100      8   80  00  00  00  00  00  00  A1     521.6292
     0100      8   80  00  00  00  00  00  00  A1     521.6316
     0101      8   A0  02  00  00  00  00  0F  F9     521.6333
     0102      8   80  00  00  00  00  00  00  A1     521.6336
     0100      8   80  00  00  00  00  00  00  A1     521.6339
     0100      8   A0  00  00  00  00  00  00  CE     521.6373
     0100      8   A0  00  00  00  00  00  00  CE     521.6396
     0100      8   A0  00  00  00  00  00  00  CE     521.6420
     0101      8   C0  02  00  00  00  00  0F  48     521.6433
     0102      8   A0  00  00  00  00  00  00  CE     521.6436
     0501      8   06  25  00  00  00  00  00  B8     521.6438
     0100      8   A0  00  00  00  00  00  00  CE     521.6444
     0100      8   C0  00  00  00  00  00  00  7F     521.6477
     0100      8   C0  00  00  00  00  00  00  7F     521.6501
     0100      8   C0  00  00  00  00  00  00  7F     521.6525
     0101      8   E0  01  00  00  00  00  0F  ED     521.6533
     0102      8   C0  00  00  00  00  00  00  7F     521.6536
     0100      8   C0  00  00  00  00  00  00  7F     521.6549
     0100      8   E0  00  00  00  00  00  00  10     521.6582
     0100      8   E0  00  00  00  00  00  00  10     521.6605
     0100      8   E0  00  00  00  00  00  00  10     521.6629
     0101      8   00  02  00  00  00  00  0F  37     521.6633
     0102      8   E0  00  00  00  00  00  00  10     521.6636
     0100      8   E0  00  00  00  00  00  00  10     521.6653
     0100      8   00  00  00  00  00  00  00  00     521.6686
     0100      8   00  00  00  00  00  00  00  00     521.6710
     0101      8   20  02  00  00  00  00  0F  58     521.6733
     0100      8   00  00  00  00  00  00  00  00     521.6736
     0102      8   00  00  00  00  00  00  00  00     521.6738
     0100      8   20  00  00  00  00  00  00  6F     521.6767
     0100      8   20  00  00  00  00  00  00  6F     521.6791
     0100      8   20  00  00  00  00  00  00  6F     521.6815
     0101      8   40  01  00  00  00  00  0F  23     521.6833
     0102      8   20  00  00  00  00  00  00  6F     521.6836
     0100      8   20  00  00  00  00  00  00  6F     521.6838
     0100      8   40  00  00  00  00  00  00  DE     521.6871
     0100      8   40  00  00  00  00  00  00  DE     521.6895
     0100      8   40  00  00  00  00  00  00  DE     521.6919
     0101      8   60  02  00  00  00  00  0F  86     521.6933
     0102      8   40  00  00  00  00  00  00  DE     521.6936
     0100      8   40  00  00  00  00  00  00  DE     521.6943
     0100      8   60  00  00  00  00  00  00  B1     521.6976
     0100      8   60  00  00  00  00  00  00  B1     521.7000
     0100      8   60  00  00  00  00  00  00  B1     521.7024
     0101      8   80  02  00  00  00  00  0F  96     521.7033
     0102      8   60  00  00  00  00  00  00  B1     521.7036
     0100      8   60  00  00  00  00  00  00  B1     521.7047
     0100      8   80  00  00  00  00  00  00  A1     521.7080
     0100      8   80  00  00  00  00  00  00  A1     521.7104
     0100      8   80  00  00  00  00  00  00  A1     521.7128
     0101      8   A0  01  00  00  00  00  0F  33     521.7133
     0102      8   80  00  00  00  00  00  00  A1     521.7136
     0100      8   80  00  00  00  00  00  00  A1     521.7152
     0100      8   A0  00  00  00  00  00  00  CE     521.7185
     0100      8   A0  00  00  00  00  00  00  CE     521.7209
     0100      8   A0  00  00  00  00  00  00  CE     521.7233
     0101      8   C0  02  00  00  00  00  0F  48     521.7235
     0102      8   A0  00  00  00  00  00  00  CE     521.7238
     0100      8   A0  00  00  00  00  00  00  CE     521.7256
     0100      8   C0  00  00  00  00  00  00  7F     521.7290
     0100      8   C0  00  00  00  00  00  00  7F     521.7313
     0101      8   E0  02  00  00  00  00  0F  27     521.7333
     0102      8   C0  00  00  00  00  00  00  7F     521.7336
     0100      8   C0  00  00  00  00  00  00  7F     521.7338
     0100      8   E0  00  00  00  00  00  00  10     521.7370
     0100      8   E0  00  00  00  00  00  00  10     521.7394
     0100      8   E0  00  00  00  00  00  00  10     521.7418
     0101      8   00  01  00  00  00  00  0F  FD     521.7433
     0102      8   E0  00  00  00  00  00  00  10     521.7436
     0501      8   07  25  00  00  00  00  00  E5     521.7438
     0100      8   E0  00  00  00  00  00  00  10     521.7442
     0100      8   00  00  00  00  00  00  00  00     521.7475
     0100      8   00  00  00  00  00  00  00  00     521.7499
     0100      8   00  00  00  00  00  00  00  00     521.7522
     0101      8   20  02  00  00  00  00  0F  58     521.7533
     0102      8   00  00  00  00  00  00  00  00     521.7536
     0100      8   00  00  00  00  00  00  00  00     521.7546
     0100      8   20  00  00  00  00  00  00  6F     521.7579
     0100      8   20  00  00  00  00  00  00  6F     521.7603
     0100      8   20  00  00  00  00  00  00  6F     521.7627
     0101      8   40  02  00  00  00  00  0F  E9     521.7633
     0102      8   20  00  00  00  00  00  00  6F     521.7636
     0100      8   20  00  00  00  00  00  00  6F     521.7651
     0100      8   40  00  00  00  00  00  00  DE     521.7684
     0100      8   40  00  00  00  00  00  00  DE     521.7708
     0100      8   40  00  00  00  00  00  00  DE     521.7731
     0101      8   60  01  00  00  00  00  0F  4C     521.7734
     0102      8   40  00  00  00  00  00  00  DE     521.7736
     0100      8   40  00  00  00  00  00  00  DE     521.7755
     0100      8   60  00  00  00  00  00  00  B1     521.7788
     0100      8   60  00  00  00  00  00  00  B1     521.7812
     0101      8   80  02  00  00  00  00  0F  96     521.7833
     0102      8   60  00  00  00  00  00  00  B1     521.7836
     0100      8   60  00  00  00  00  00  00  B1     521.7838
     0100      8   80  00  00  00  00  00  00  A1     521.7869
     0100      8   80  00  00  00  00  00  00  A1     521.7893
     0100      8   80  00  00  00  00  00  00  A1     521.7917
     0101      8   A0  02  00  00  00  00  0F  F9     521.7933
     0102      8   80  00  00  00  00  00  00  A1     521.7936
     0100      8   80  00  00  00  00  00  00  A1     521.7941
     0100      8   A0  00  00  00  00  00  00  CE     521.7974
     0100      8   A0  00  00  00  00  00  00  CE     521.7997
     0100      8   A0  00  00  00  00  00  00  CE     521.8021
     0101      8   C0  01  00  00  00  00  0F  82     521.8033
     0102      8   A0  00  00  00  00  00  00  CE     521.8036
     0100      8   A0  00  00  00  00  00  00  CE     521.8045
     0100      8   C0  00  00  00  00  00  00  7F     521.8078
     0100      8   C0  00  00  00  00  00  00  7F     521.8102
     0100      8   C0  00  00  00  00  00  00  7F     521.8126
     0101      8   E0  02  00  00  00  00  0F  27     521.8133
     0102      8   C0  00  00  00  00  00  00  7F     521.8136
     0100      8   C0  00  00  00  00  00  00  7F     521.8150
     0100      8   E0  00  00  00  00  00  00  10     521.8183
     0100      8   E0  00  00  00  00  00  00  10     521.8207
     0100      8   E0  00  00  00  00  00  00  10     521.8230
     0101      8   00  02  00  00  00  00  0F  37     521.8233
     0102      8   E0  00  00  00  00  00  00  10     521.8236
     0100      8   E0  00  00  00  00  00  00  10     521.8254
     0100      8   00  00  00  00  00  00  00  00     521.8287
     0100      8   00  00  00  00  00  00  00  00     521.8311
     0101      8   20  01  00  00  00  00  0F  92     521.8333
     0100      8   00  00  00  00  00  00  00  00     521.8336
     0102      8   00  00  00  00  00  00  00  00     521.8338
     0100      8   20  00  00  00  00  00  00  6F     521.8368
     0100      8   20  00  00  00  00  00  00  6F     521.8392
     0100      8   20  00  00  00  00  00  00  6F     521.8416
     0101      8   40  02  00  00  00  00  0F  E9     521.8433
     0102      8   20  00  00  00  00  00  00  6F     521.8436
     0501      8   09  25  00  00  00  00  00  E4     521.8438
     0100      8   20  00  00  00  00  00  00  6F     521.8440
     0100      8   40  00  00  00  00  00  00  DE     521.8473
     0100      8   40  00  00  00  00  00  00  DE     521.8496
     0100      8   40  00  00  00  00  00  00  DE     521.8520
     0101      8   60  02  00  00  00  00  0F  86     521.8533
     0102      8   40  00  00  00  00  00  00  DE     521.8536
     0100      8   40  00  00  00  00  00  00  DE     521.8544
     0100      8   60  00  00  00  00  00  00  B1     521.8577
     0100      8   60  00  00  00  00  00  00  B1     521.8601
     0100      8   60  00  00  00  00  00  00  B1     521.8625
     0101      8   80  01  00  00  00  00  0F  5C     521.8633
     0102      8   60  00  00  00  00  00  00  B1     521.8636
     0100      8   60  00  00  00  00  00  00  B1     521.8648
     0100      8   80  00  00  00  00  00  00  A1     521.8682
     0100      8   80  00  00  00  00  00  00  A1     521.8705
     0100      8   80  00  00  00  00  00  00  A1     521.8729
     0101      8   A0  01  00  00  00  00  0F  33     521.8733
     0102      8   80  00  00  00  00  00  00  A1     521.8735
     0100      8   80  00  00  00  00  00  00  A1     521.8753
     0100      8   A0  00  00  00  00  00  00  CE     521.8786
     0100      8   A0  00  00  00  00  00  00  CE     521.8810
     0101      8   C0  02  00  00  00  00  0F  48     521.8833
     0100      8   A0  00  00  00  00  00  00  CE     521.8836
     0102      8   A0  00  00  00  00  00  00  CE     521.8838
     0100      8   C0  00  00  00  00  00  00  7F     521.8867
     0100      8   C0  00  00  00  00  00  00  7F     521.8891
     0100      8   C0  00  00  00  00  00  00  7F     521.8915
     0101      8   E0  01  00  00  00  00  0F  ED     521.8933
     0102      8   C0  00  00  00  00  00  00  7F     521.8936
     0100      8   C0  00  00  00  00  00  00  7F     521.8938
     0100      8   E0  00  00  00  00  00  00  10     521.8971
     0100      8   E0  00  00  00  00  00  00  10     521.8995
     0100      8   E0  00  00  00  00  00  00  10     521.9019
     0101      8   00  01  00  00  00  00  0F  FD     521.9033
     0102      8   E0  00  00  00  00  00  00  10     521.9036
     0100      8   E0  00  00  00  00  00  00  10     521.9043
     0100      8   00  00  00  00  00  00  00  00     521.9076
     0100      8   00  00  00  00  00  00  00  00     521.9100
     0100      8   00  00  00  00  00  00  00  00     521.9124
     0101      8   20  02  00  00  00  00  0F  58     521.9133
     0102      8   00  00  00  00  00  00  00  00     521.9136
     0100      8   00  00  00  00  00  00  00  00     521.9147
     0100      8   20  00  00  00  00  00  00  6F     521.9180
     0100      8   20  00  00  00  00  00  00  6F     521.9204
     0100      8   20  00  00  00  00  00  00  6F     521.9228
     0101      8   40  02  00  00  00  00  0F  E9     521.9233
     0102      8   20  00  00  00  00  00  00  6F     521.9235
     0100      8   20  00  00  00  00  00  00  6F     521.9252
     0100      8   40  00  00  00  00  00  00  DE     521.9285
     0100      8   40  00  00  00  00  00  00  DE     521.9309
     0100      8   40  00  00  00  00  00  00  DE     521.9333
     0101      8   60  01  00  00  00  00  0F  4C     521.9335
     0102      8   40  00  00  00  00  00  00  DE     521.9337
     0100      8   40  00  00  00  00  00  00  DE     521.9356
     0100      8   60  00  00  00  00  00  00  B1     521.9390
     0100      8   60  00  00  00  00  00  00  B1     521.9413
     0101      8   80  02  00  00  00  00  0F  96     521.9433
     0102      8   60  00  00  00  00  00  00  B1     521.9435
     0100      8   60  00  00  00  00  00  00  B1     521.9438
     0501      8   08  25  00  00  00  00  00  B9     521.9440
     0100      8   80  00  00  00  00  00  00  A1     521.9470
     0100      8   80  00  00  00  00  00  00  A1     521.9494
     0100      8   80  00  00  00  00  00  00  A1     521.9518
     0101      8   A0  02  00  00  00  00  0F  F9     521.9533
     0102      8   80  00  00  00  00  00  00  A1     521.9535
     0100      8   80  00  00  00  00  00  00  A1     521.9542
     0100      8   A0  00  00  00  00  00  00  CE     521.9575
     0100      8   A0  00  00  00  00  00  00  CE     521.9599
     0100      8   A0  00  00  00  00  00  00  CE     521.9622
     0101      8   C0  01  00  00  00  00  0F  82     521.9633
     0102      8   A0  00  00  00  00  00  00  CE     521.9635
     0100      8   A0  00  00  00  00  00  00  CE     521.9646
     0100      8   C0  00  00  00  00  00  00  7F     521.9679
     0100      8   C0  00  00  00  00  00  00  7F     521.9703
     0100      8   C0  00  00  00  00  00  00  7F     521.9727
     0101      8   E0  02  00  00  00  00  0F  27     521.9733
     0102      8   C0  00  00  00  00  00  00  7F     521.9735
     0100      8   C0  00  00  00  00  00  00  7F     521.9751
     0100      8   E0  00  00  00  00  00  00  10     521.9784
     0100      8   E0  00  00  00  00  00  00  10     521.9808
     0100      8   E0  00  00  00  00  00  00  10     521.9832
     0101      8   00  02  00  00  00  00  0F  37     521.9834
     0102      8   E0  00  00  00  00  00  00  10     521.9836
     0100      8   E0  00  00  00  00  00  00  10     521.9855
     0100      8   00  00  00  00  00  00  00  00     521.9888
     0100      8   00  00  00  00  00  00  00  00     521.9912
     0101      8   20  01  00  00  00  00  0F  92     521.9933
     0102      8   00  00  00  00  00  00  00  00     521.9935
     0100      8   00  00  00  00  00  00  00  00     521.9938
     0100      8   20  00  00  00  00  00  00  6F     521.9969
     0100      8   20  00  00  00  00  00  00  6F     521.9993
     0100      8   20  00  00  00  00  00  00  6F     522.0017
     0101      8   40  02  00  00  00  00  0F  E9     522.0033
     0102      8   20  00  00  00  00  00  00  6F     522.0035
     0100      8   20  00  00  00  00  00  00  6F     522.0041
     0100      8   40  00  00  00  00  00  00  DE     522.0074
     0100      8   40  00  00  00  00  00  00  DE     522.0097
     0100      8   40  00  00  00  00  00  00  DE     522.0121
     0101      8   60  02  00  00  00  00  0F  86     522.0133
     0102      8   40  00  00  00  00  00  00  DE     522.0135
     0100      8   40  00  00  00  00  00  00  DE     522.0145
     0100      8   60  00  00  00  00  00  00  B1     522.0178
     0100      8   60  00  00  00  00  00  00  B1     522.0202
     0100      8   60  00  00  00  00  00  00  B1     522.0226
     0101      8   80  01  00  00  00  00  0F  5C     522.0233
     0102      8   60  00  00  00  00  00  00  B1     522.0235
     0100      8   60  00  00  00  00  00  00  B1     522.0250
     0100      8   80  00  00  00  00  00  00  A1     522.0283
     0100      8   80  00  00  00  00  00  00  A1     522.0307
     0100      8   80  00  00  00  00  00  00  A1     522.0330
     0101      8   A0  02  00  00  00  00  0F  F9     522.0333
     0102      8   80  00  00  00  00  00  00  A1     522.0335
     0100      8   80  00  00  00  00  00  00  A1     522.0354
     0100      8   A0  00  00  00  00  00  00  CE     522.0387
     0100      8   A0  00  00  00  00  00  00  CE     522.0411
     0101      8   C0  02  00  00  00  00  0F  48     522.0433
     0100      8   A0  00  00  00  00  00  00  CE     522.0435
     0102      8   A0  00  00  00  00  00  00  CE     522.0438
     0501      8   06  25  00  00  00  00  00  B8     522.0440
     0100      8   C0  00  00  00  00  00  00  7F     522.0468
     0100      8   C0  00  00  00  00  00  00  7F     522.0492
     0100      8   C0  00  00  00  00  00  00  7F     522.0516
     0101      8   E0  01  00  00  00  00  0F  ED     522.0533
     0102      8   C0  00  00  00  00  00  00  7F     522.0535
     0100      8   C0  00  00  00  00  00  00  7F     522.0540
     0100      8   E0  00  00  00  00  00  00  10     522.0573
     0100      8   E0  00  00  00  00  00  00  10     522.0596
     0100      8   E0  00  00  00  00  00  00  10     522.0620
     0101      8   00  02  00  00  00  00  0F  37     522.0633
     0102      8   E0  00  00  00  00  00  00  10     522.0635
     0100      8   E0  00  00  00  00  00  00  10     522.0644
     0100      8   00  00  00  00  00  00  00  00     522.0677
     0100      8   00  00  00  00  00  00  00  00     522.0701
     0100      8   00  00  00  00  00  00  00  00     522.0725
     0101      8   20  02  00  00  00  00  0F  58     522.0733
     0102      8   00  00  00  00  00  00  00  00     522.0735
     0100      8   00  00  00  00  00  00  00  00     522.0749
     0100      8   20  00  00  00  00  00  00  6F     522.0782
     0100      8   20  00  00  00  00  00  00  6F     522.0805
     0100      8   20  00  00  00  00  00  00  6F     522.0829
     0101      8   40  01  00  00  00  00  0F  23     522.0833
     0102      8   20  00  00  00  00  00  00  6F     522.0835
     0100      8   20  00  00  00  00  00  00  6F     522.0853
     0100      8   40  00  00  00  00  00  00  DE     522.0886
     0100      8   40  00  00  00  00  00  00  DE     522.0910
     0101      8   60  02  00  00  00  00  0F  86     522.0933
     0100      8   40  00  00  00  00  00  00  DE     522.0935
     0102      8   40  00  00  00  00  00  00  DE     522.0938
     0100      8   60  00  00  00  00  00  00  B1     522.0967
     0100      8   60  00  00  00  00  00  00  B1     522.0991
     0100      8   60  00  00  00  00  00  00  B1     522.1014
     0101      8   80  02  00  00  00  00  0F  96     522.1033
     0102      8   60  00  00  00  00  00  00  B1     522.1035
     0100      8   60  00  00  00  00  00  00  B1     522.1038
     0100      8   80  00  00  00  00  00  00  A1     522.1071
     0100      8   80  00  00  00  00  00  00  A1     522.1095
     0100      8   80  00  00  00  00  00  00  A1     522.1119
     0101      8   A0  01  00  00  00  00  0F  33     522.1133
     0102      8   80  00  00  00  00  00  00  A1     522.1135
     0100      8   80  00  00  00  00  00  00  A1     522.1143
     0100      8   A0  00  00  00  00  00  00  CE     522.1176
     0100      8   A0  00  00  00  00  00  00  CE     522.1200
     0100      8   A0  00  00  00  00  00  00  CE     522.1224
     0101      8   C0  02  00  00  00  00  0F  48     522.1233
     0102      8   A0  00  00  00  00  00  00  CE     522.1235
     0100      8   A0  00  00  00  00  00  00  CE     522.1247
     0100      8   C0  00  00  00  00  00  00  7F     522.1281
     0100      8   C0  00  00  00  00  00  00  7F     522.1304
     0100      8   C0  00  00  00  00  00  00  7F     522.1328
     0101      8   E0  02  00  00  00  00  0F  27     522.1333
     0102      8   C0  00  00  00  00  00  00  7F     522.1335
     0100      8   C0  00  00  00  00  00  00  7F     522.1352
     0100      8   E0  00  00  00  00  00  00  10     522.1385
     0100      8   E0  00  00  00  00  00  00  10     522.1409
     0100      8   E0  00  00  00  00  00  00  10     522.1433
     0101      8   00  01  00  00  00  00  0F  FD     522.1435
     0102      8   E0  00  00  00  00  00  00  10     522.1438
     0501      8   07  25  00  00  00  00  00  E5     522.1440
     0100      8   E0  00  00  00  00  00  00  10     522.1456
     0100      8   00  00  00  00  00  00  00  00     522.1490
     0100      8   00  00  00  00  00  00  00  00     522.1513
     0101      8   20  02  00  00  00  00  0F  58     522.1533
     0102      8   00  00  00  00  00  00  00  00     522.1535
     0100      8   00  00  00  00  00  00  00  00     522.1538
     0100      8   20  00  00  00  00  00  00  6F     522.1570
     0100      8   20  00  00  00  00  00  00  6F     522.1594
     0100      8   20  00  00  00  00  00  00  6F     522.1618
     0101      8   40  02  00  00  00  00  0F  E9     522.1633
     0102      8   20  00  00  00  00  00  00  6F     522.1635
     0100      8   20  00  00  00  00  00  00  6F     522.1642
     0100      8   40  00  00  00  00  00  00  DE     522.1675
     0100      8   40  00  00  00  00  00  00  DE     522.1699
     0100      8   40  00  00  00  00  00  00  DE     522.1722
     0101      8   60  01  00  00  00  00  0F  4C     522.1733
     0102      8   40  00  00  00  00  00  00  DE     522.1735
     0100      8   40  00  00  00  00  00  00  DE     522.1746
     0100      8   60  00  00  00  00  00  00  B1     522.1779
     0100      8   60  00  00  00  00  00  00  B1     522.1803
     0100      8   60  00  00  00  00  00  00  B1     522.1827
     0101      8   80  02  00  00  00  00  0F  96     522.1833
     0102      8   60  00  00  00  00  00  00  B1     522.1835
     0100      8   60  00  00  00  00  00  00  B1     522.1851
     0100      8   80  00  00  00  00  00  00  A1     522.1884
     0100      8   80  00  00  00  00  00  00  A1     522.1908
     0100      8   80  00  00  00  00  00  00  A1     522.1932
     0101      8   A0  02  00  00  00  00  0F  F9     522.1934
     0102      8   80  00  00  00  00  00  00  A1     522.1936
     0100      8   80  00  00  00  00  00  00  A1     522.1955
     0100      8   A0  00  00  00  00  00  00  CE     522.1988
     0100      8   A0  00  00  00  00  00  00  CE     522.2012
     0101      8   C0  01  00  00  00  00  0F  82     522.2033
     0102      8   A0  00  00  00  00  00  00  CE     522.2035
     0100      8   A0  00  00  00  00  00  00  CE     522.2038
     0100      8   C0  00  00  00  00  00  00  7F     522.2069
     0100      8   C0  00  00  00  00  00  00  7F     522.2093
     0100      8   C0  00  00  00  00  00  00  7F     522.2117
     0101      8   E0  01  00  00  00  00  0F  ED     522.2133
     0102      8   C0  00  00  00  00  00  00  7F     522.2135
     0100      8   C0  00  00  00  00  00  00  7F     522.2141
     0100      8   E0  00  00  00  00  00  00  10     522.2174
     0100      8   E0  00  00  00  00  00  00  10     522.2198
     0100      8   E0  00  00  00  00  00  00  10     522.2221
     0101      8   00  02  00  00  00  00  0F  37     522.2233
     0102      8   E0  00  00  00  00  00  00  10     522.2235
     0100      8   E0  00  00  00  00  00  00  10     522.2245
     0100      8   00  00  00  00  00  00  00  00     522.2278
     0100      8   00  00  00  00  00  00  00  00     522.2302
     0100      8   00  00  00  00  00  00  00  00     522.2326
     0101      8   20  01  00  00  00  00  0F  92     522.2333
     0102      8   00  00  00  00  00  00  00  00     522.2335
     0100      8   00  00  00  00  00  00  00  00     522.2350
     0100      8   20  00  00  00  00  00  00  6F     522.2383
     0100      8   20  00  00  00  00  00  00  6F     522.2407
     0100      8   20  00  00  00  00  00  00  6F     522.2430
     0101      8   40  01  00  00  00  00  0F  23     522.2433
     0102      8   20  00  00  00  00  00  00  6F     522.2435
     0501      8   08  25  00  00  00  00  00  B9     522.2438
     0100      8   20  00  00  00  00  00  00  6F     522.2454
     0100      8   40  00  00  00  00  00  00  DE     522.2487
     0100      8   40  00  00  00  00  00  00  DE     522.2511
     0101      8   60  02  00  00  00  00  0F  86     522.2533
     0100      8   40  00  00  00  00  00  00  DE     522.2535
     0102      8   40  00  00  00  00  00  00  DE     522.2537
     0100      8   60  00  00  00  00  00  00  B1     522.2568
     0100      8   60  00  00  00  00  00  00  B1     522.2592
     0100      8   60  00  00  00  00  00  00  B1     522.2616
     0101      8   80  02  00  00  00  00  0F  96     522.2633
     0102      8   60  00  00  00  00  00  00  B1     522.2635
     0100      8   60  00  00  00  00  00  00  B1     522.2639
     0100      8   80  00  00  00  00  00  00  A1     522.2673
     0100      8   80  00  00  00  00  00  00  A1     522.2696
     0100      8   80  00  00  00  00  00  00  A1     522.2720
     0101      8   A0  01  00  00  00  00  0F  33     522.2732
     0102      8   80  00  00  00  00  00  00  A1     522.2735
     0100      8   80  00  00  00  00  00  00  A1     522.2744
     0100      8   A0  00  00  00  00  00  00  CE     522.2777
     0100      8   A0  00  00  00  00  00  00  CE     522.2801
     0100      8   A0  00  00  00  00  00  00  CE     522.2825
     0101      8   C0  02  00  00  00  00  0F  48     522.2832
     0102      8   A0  00  00  00  00  00  00  CE     522.2835
     0100      8   A0  00  00  00  00  00  00  CE     522.2848
     0100      8   C0  00  00  00  00  00  00  7F     522.2882
     0100      8   C0  00  00  00  00  00  00  7F     522.2905
     0100      8   C0  00  00  00  00  00  00  7F     522.2929
     0101      8   E0  02  00  00  00  00  0F  27     522.2932
     0102      8   C0  00  00  00  00  00  00  7F     522.2935
     0100      8   C0  00  00  00  00  00  00  7F     522.2953
     0100      8   E0  00  00  00  00  00  00  10     522.2986
     0100      8   E0  00  00  00  00  00  00  10     522.3010
     0101      8   00  01  00  00  00  00  0F  FD     522.3033
     0100      8   E0  00  00  00  00  00  00  10     522.3035
     0102      8   E0  00  00  00  00  00  00  10     522.3038
     0100      8   00  00  00  00  00  00  00  00     522.3067
     0100      8   00  00  00  00  00  00  00  00     522.3091
     0100      8   00  00  00  00  00  00  00  00     522.3114
     0101      8   20  02  00  00  00  00  0F  58     522.3132
     0102      8   00  00  00  00  00  00  00  00     522.3135
     0100      8   00  00  00  00  00  00  00  00     522.3138
     0100      8   20  00  00  00  00  00  00  6F     522.3171
     0100      8   20  00  00  00  00  00  00  6F     522.3195
     0100      8   20  00  00  00  00  00  00  6F     522.3219
     0101      8   40  02  00  00  00  00  0F  E9     522.3232
     0102      8   20  00  00  00  00  00  00  6F     522.3235
     0100      8   20  00  00  00  00  00  00  6F     522.3243
     0100      8   40  00  00  00  00  00  00  DE     522.3276
     0100      8   40  00  00  00  00  00  00  DE     522.3300
     0100      8   40  00  00  00  00  00  00  DE     522.3324
     0101      8   60  01  00  00  00  00  0F  4C     522.3332
     0102      8   40  00  00  00  00  00  00  DE     522.3335
     0100      8   40  00  00  00  00  00  00  DE     522.3347
     0100      8   60  00  00  00  00  00  00  B1     522.3380
     0100      8   60  00  00  00  00  00  00  B1     522.3404
     0100      8   60  00  00  00  00  00  00  B1     522.3428
     0101      8   80  02  00  00  00  00  0F  96     522.3432
     0102      8   60  00  00  00  00  00  00  B1     522.3435
     0501      8   08  25  00  00  00  00  00  B9     522.3437
     0100      8   60  00  00  00  00  00  00  B1     522.3452
     0100      8   80  00  00  00  00  00  00  A1     522.3485
     0100      8   80  00  00  00  00  00  00  A1     522.3509
     0101      8   A0  02  00  00  00  00  0F  F9     522.3532
     0100      8   80  00  00  00  00  00  00  A1     522.3535
     0102      8   80  00  00  00  00  00  00  A1     522.3537
     0100      8   A0  00  00  00  00  00  00  CE     522.3566
     0100      8   A0  00  00  00  00  00  00  CE     522.3590
     0100      8   A0  00  00  00  00  00  00  CE     522.3613
     0101      8   C0  01  00  00  00  00  0F  82     522.3632
     0102      8   A0  00  00  00  00  00  00  CE     522.3635
     0100      8   A0  00  00  00  00  00  00  CE     522.3637
     0100      8   C0  00  00  00  00  00  00  7F     522.3670
     0100      8   C0  00  00  00  00  00  00  7F     522.3694
     0100      8   C0  00  00  00  00  00  00  7F     522.3718
     0101      8   E0  02  00  00  00  00  0F  27     522.3732
     0102      8   C0  00  00  00  00  00  00  7F     522.3735
     0100      8   C0  00  00  00  00  00  00  7F     522.3742
     0100      8   E0  00  00  00  00  00  00  10     522.3775
     0100      8   E0  00  00  00  00  00  00  10     522.3799
     0100      8   E0  00  00  00  00  00  00  10     522.3822
     0101      8   00  02  00  00  00  00  0F  37     522.3832
     0102      8   E0  00  00  00  00  00  00  10     522.3835
     0100      8   E0  00  00  00  00  00  00  10     522.3846
     0100      8   00  00  00  00  00  00  00  00     522.3879
     0100      8   00  00  00  00  00  00  00  00     522.3903
     0100      8   00  00  00  00  00  00  00  00     522.3927
     0101      8   20  01  00  00  00  00  0F  92     522.3932
     0102      8   00  00  00  00  00  00  00  00     522.3935
     0100      8   00  00  00  00  00  00  00  00     522.3951
     0100      8   20  00  00  00  00  00  00  6F     522.3984
     0100      8   20  00  00  00  00  00  00  6F     522.4008
     0100      8   20  00  00  00  00  00  00  6F     522.4031
     0101      8   40  02  00  00  00  00  0F  E9     522.4034
     0102      8   20  00  00  00  00  00  00  6F     522.4036
     0100      8   20  00  00  00  00  00  00  6F     522.4055
     0100      8   40  00  00  00  00  00  00  DE     522.4088
     0100      8   40  00  00  00  00  00  00  DE     522.4112
     0101      8   60  02  00  00  00  00  0F  86     522.4132
     0102      8   40  00  00  00  00  00  00  DE     522.4135
     0100      8   40  00  00  00  00  00  00  DE     522.4137
     0100      8   60  00  00  00  00  00  00  B1     522.4169
     0100      8   60  00  00  00  00  00  00  B1     522.4193
     0100      8   60  00  00  00  00  00  00  B1     522.4217
     0101      8   80  01  00  00  00  00  0F  5C     522.4232
     0102      8   60  00  00  00  00  00  00  B1     522.4235
     0100      8   60  00  00  00  00  00  00  B1     522.4241
     0100      8   80  00  00  00  00  00  00  A1     522.4274
     0100      8   80  00  00  00  00  00  00  A1     522.4297
     0100      8   80  00  00  00  00  00  00  A1     522.4321
     0101      8   A0  02  00  00  00  00  0F  F9     522.4332
     0102      8   80  00  00  00  00  00  00  A1     522.4335
     0100      8   80  00  00  00  00  00  00  A1     522.4345
     0100      8   A0  00  00  00  00  00  00  CE     522.4378
     0100      8   A0  00  00  00  00  00  00  CE     522.4402
     0100      8   A0  00  00  00  00  00  00  CE     522.4426
     0101      8   C0  02  00  00  00  00  0F  48     522.4432
     0102      8   A0  00  00  00  00  00  00  CE     522.4435
     0501      8   05  25  00  00  00  00  00  5F     522.4437
     0100      8   A0  00  00  00  00  00  00  CE     522.4450
     0100      8   C0  00  00  00  00  00  00  7F     522.4483
     0100      8   C0  00  00  00  00  00  00  7F     522.4507
     0100      8   C0  00  00  00  00  00  00  7F     522.4530
     0101      8   E0  01  00  00  00  00  0F  ED     522.4533
     0102      8   C0  00  00  00  00  00  00  7F     522.4535
     0100      8   C0  00  00  00  00  00  00  7F     522.4554
     0100      8   E0  00  00  00  00  00  00  10     522.4587
     0100      8   E0  00  00  00  00  00  00  10     522.4611
     0101      8   00  02  00  00  00  00  0F  37     522.4632
     0102      8   E0  00  00  00  00  00  00  10     522.4635
     0100      8   E0  00  00  00  00  00  00  10     522.4637
     0100      8   00  00  00  00  00  00  00  00     522.4668
     0100      8   00  00  00  00  00  00  00  00     522.4692
     0100      8   00  00  00  00  00  00  00  00     522.4716
     0101      8   20  02  00  00  00  00  0F  58     522.4732
     0102      8   00  00  00  00  00  00  00  00     522.4735
     0100      8   00  00  00  00  00  00  00  00     522.4739
     0100      8   20  00  00  00  00  00  00  6F     522.4773
     0100      8   20  00  00  00  00  00  00  6F     522.4796
     0100      8   20  00  00  00  00  00  00  6F     522.4820
     0101      8   40  01  00  00  00  00  0F  23     522.4832
     0102      8   20  00  00  00  00  00  00  6F     522.4835
     0100      8   20  00  00  00  00  00  00  6F     522.4844
     0100      8   40  00  00  00  00  00  00  DE     522.4877
     0100      8   40  00  00  00  00  00  00  DE     522.4901
     0100      8   40  00  00  00  00  00  00  DE     522.4925
     0101      8   60  02  00  00  00  00  0F  86     522.4932
     0102      8   40  00  00  00  00  00  00  DE     522.4935
     0100      8   40  00  00  00  00  00  00  DE     522.4948
     0100      8   60  00  00  00  00  00  00  B1     522.4982
     0100      8   60  00  00  00  00  00  00  B1     522.5005
     0100      8   60  00  00  00  00  00  00  B1     522.5029
     0101      8   80  02  00  00  00  00  0F  96     522.5032
     0102      8   60  00  00  00  00  00  00  B1     522.5035
     0100      8   60  00  00  00  00  00  00  B1     522.5053
     0100      8   80  00  00  00  00  00  00  A1     522.5086
     0100      8   80  00  00  00  00  00  00  A1     522.5110
     0101      8   A0  01  00  00  00  00  0F  33     522.5132
     0100      8   80  00  00  00  00  00  00  A1     522.5135
     0102      8   80  00  00  00  00  00  00  A1     522.5137
     0100      8   A0  00  00  00  00  00  00  CE     522.5167
     0100      8   A0  00  00  00  00  00  00  CE     522.5191
     0100      8   A0  00  00  00  00  00  00  CE     522.5214
     0101      8   C0  02  00  00  00  00  0F  48     522.5232
     0102      8   A0  00  00  00  00  00  00  CE     522.5235
     0100      8   A0  00  00  00  00  00  00  CE     522.5238
     0100      8   C0  00  00  00  00  00  00  7F     522.5271
     0100      8   C0  00  00  00  00  00  00  7F     522.5295
     0100      8   C0  00  00  00  00  00  00  7F     522.5319
     0101      8   E0  02  00  00  00  00  0F  27     522.5332
     0102      8   C0  00  00  00  00  00  00  7F     522.5335
     0100      8   C0  00  00  00  00  00  00  7F     522.5343
     0100      8   E0  00  00  00  00  00  00  10     522.5376
     0100      8   E0  00  00  00  00  00  00  10     522.5400
     0100      8   E0  00  00  00  00  00  00  10     522.5424
     0101      8   00  02  00  00  00  00  0F  37     522.5432
     0102      8   E0  00  00  00  00  00  00  10     522.5435
     0501      8   07  25  00  00  00  00  00  E5     522.5437
     0100      8   E0  00  00  00  00  00  00  10     522.5447
     0100      8   00  00  00  00  00  00  00  00     522.5480
     0100      8   00  00  00  00  00  00  00  00     522.5504
     0100      8   00  00  00  00  00  00  00  00     522.5528
     0101      8   20  01  00  00  00  00  0F  92     522.5532
     0102      8   00  00  00  00  00  00  00  00     522.5535
     0100      8   00  00  00  00  00  00  00  00     522.5552
     0100      8   20  00  00  00  00  00  00  6F     522.5585
     0100      8   20  00  00  00  00  00  00  6F     522.5609
     0101      8   40  02  00  00  00  00  0F  E9     522.5632
     0100      8   20  00  00  00  00  00  00  6F     522.5635
     0102      8   20  00  00  00  00  00  00  6F     522.5637
     0100      8   40  00  00  00  00  00  00  DE     522.5666
     0100      8   40  00  00  00  00  00  00  DE     522.5689
     0100      8   40  00  00  00  00  00  00  DE     522.5713
     0101      8   60  01  00  00  00  00  0F  4C     522.5732
     0102      8   40  00  00  00  00  00  00  DE     522.5735
     0100      8   40  00  00  00  00  00  00  DE     522.5737
     0100      8   60  00  00  00  00  00  00  B1     522.5770
     0100      8   60  00  00  00  00  00  00  B1     522.5794
     0100      8   60  00  00  00  00  00  00  B1     522.5818
     0101      8   80  01  00  00  00  00  0F  5C     522.5832
     0102      8   60  00  00  00  00  00  00  B1     522.5835
     0100      8   60  00  00  00  00  00  00  B1     522.5842
     0100      8   80  00  00  00  00  00  00  A1     522.5875
     0100      8   80  00  00  00  00  00  00  A1     522.5899
     0100      8   80  00  00  00  00  00  00  A1     522.5922
     0101      8   A0  02  00  00  00  00  0F  F9     522.5932
     0102      8   80  00  00  00  00  00  00  A1     522.5935
     0100      8   80  00  00  00  00  00  00  A1     522.5946
     0100      8   A0  00  00  00  00  00  00  CE     522.5979
     0100      8   A0  00  00  00  00  00  00  CE     522.6003
     0100      8   A0  00  00  00  00  00  00  CE     522.6027
     0101      8   C0  01  00  00  00  00  0F  82     522.6032
     0102      8   A0  00  00  00  00  00  00  CE     522.6035
     0100      8   A0  00  00  00  00  00  00  CE     522.6051
     0100      8   C0  00  00  00  00  00  00  7F     522.6084
     0100      8   C0  00  00  00  00  00  00  7F     522.6108
     0100      8   C0  00  00  00  00  00  00  7F     522.6131
     0101      8   E0  01  00  00  00  00  0F  ED     522.6134
     0102      8   C0  00  00  00  00  00  00  7F     522.6136
     0100      8   C0  00  00  00  00  00  00  7F     522.6155
     0100      8   E0  00  00  00  00  00  00  10     522.6188
     0100      8   E0  00  00  00  00  00  00  10     522.6212
     0101      8   00  02  00  00  00  00  0F  37     522.6232
     0102      8   E0  00  00  00  00  00  00  10     522.6235
     0100      8   E0  00  00  00  00  00  00  10     522.6237
     0100      8   00  00  00  00  00  00  00  00     522.6269
     0100      8   00  00  00  00  00  00  00  00     522.6293
     0100      8   00  00  00  00  00  00  00  00     522.6317
     0101      8   20  02  00  00  00  00  0F  58     522.6332
     0102      8   00  00  00  00  00  00  00  00     522.6334
     0100      8   00  00  00  00  00  00  00  00     522.6341
     0100      8   20  00  00  00  00  00  00  6F     522.6374
     0100      8   20  00  00  00  00  00  00  6F     522.6397
     0100      8   20  00  00  00  00  00  00  6F     522.6421
     0101      8   40  01  00  00  00  00  0F  23     522.6432
     0102      8   20  00  00  00  00  00  00  6F     522.6434
     0501      8   08  25  00  00  00  00  00  B9     522.6437
     0100      8   20  00  00  00  00  00  00  6F     522.6445
     0100      8   40  00  00  00  00  00  00  DE     522.6478
     0100      8   40  00  00  00  00  00  00  DE     522.6502
     0100      8   40  00  00  00  00  00  00  DE     522.6526
     0101      8   60  02  00  00  00  00  0F  86     522.6532
     0102      8   40  00  00  00  00  00  00  DE     522.6534
     0100      8   40  00  00  00  00  00  00  DE     522.6550
     0100      8   60  00  00  00  00  00  00  B1     522.6583
     0100      8   60  00  00  00  00  00  00  B1     522.6607
     0100      8   60  00  00  00  00  00  00  B1     522.6630
     0101      8   80  02  00  00  00  00  0F  96     522.6633
     0102      8   60  00  00  00  00  00  00  B1     522.6635
     0100      8   60  00  00  00  00  00  00  B1     522.6654
     0100      8   80  00  00  00  00  00  00  A1     522.6687
     0100      8   80  00  00  00  00  00  00  A1     522.6711
     0101      8   A0  01  00  00  00  00  0F  33     522.6732
     0102      8   80  00  00  00  00  00  00  A1     522.6734
     0100      8   80  00  00  00  00  00  00  A1     522.6737
     0100      8   A0  00  00  00  00  00  00  CE     522.6768
     0100      8   A0  00  00  00  00  00  00  CE     522.6792
     0100      8   A0  00  00  00  00  00  00  CE     522.6816
     0101      8   C0  02  00  00  00  00  0F  48     522.6832
     0102      8   A0  00  00  00  00  00  00  CE     522.6834
     0100      8   A0  00  00  00  00  00  00  CE     522.6839
     0100      8   C0  00  00  00  00  00  00  7F     522.6873
     0100      8   C0  00  00  00  00  00  00  7F     522.6896
     0100      8   C0  00  00  00  00  00  00  7F     522.6920
     0101      8   E0  02  00  00  00  00  0F  27     522.6932
     0102      8   C0  00  00  00  00  00  00  7F     522.6934
     0100      8   C0  00  00  00  00  00  00  7F     522.6944
     0100      8   E0  00  00  00  00  00  00  10     522.6977
     0100      8   E0  00  00  00  00  00  00  10     522.7001
     0100      8   E0  00  00  00  00  00  00  10     522.7025
     0101      8   00  01  00  00  00  00  0F  FD     522.7032
     0102      8   E0  00  00  00  00  00  00  10     522.7034
     0100      8   E0  00  00  00  00  00  00  10     522.7048
     0100      8   00  00  00  00  00  00  00  00     522.7082
     0100      8   00  00  00  00  00  00  00  00     522.7105
     0100      8   00  00  00  00  00  00  00  00     522.7129
     0101      8   20  02  00  00  00  00  0F  58     522.7132
     0102      8   00  00  00  00  00  00  00  00     522.7134
     0100      8   00  00  00  00  00  00  00  00     522.7153
     0100      8   20  00  00  00  00  00  00  6F     522.7186
     0100      8   20  00  00  00  00  00  00  6F     522.7210
     0101      8   40  02  00  00  00  00  0F  E9     522.7232
     0100      8   20  00  00  00  00  00  00  6F     522.7234
     0102      8   20  00  00  00  00  00  00  6F     522.7237
     0100      8   40  00  00  00  00  00  00  DE     522.7267
     0100      8   40  00  00  00  00  00  00  DE     522.7291
     0100      8   40  00  00  00  00  00  00  DE     522.7314
     0101      8   60  01  00  00  00  00  0F  4C     522.7332
     0102      8   40  00  00  00  00  00  00  DE     522.7334
     0100      8   40  00  00  00  00  00  00  DE     522.7338
     0100      8   60  00  00  00  00  00  00  B1     522.7371
     0100      8   60  00  00  00  00  00  00  B1     522.7395
     0100      8   60  00  00  00  00  00  00  B1     522.7419
     0101      8   80  02  00  00  00  00  0F  96     522.7432
     0102      8   60  00  00  00  00  00  00  B1     522.7434
     0501      8   09  25  00  00  00  00  00  E4     522.7437
     0100      8   60  00  00  00  00  00  00  B1     522.7443
     0100      8   80  00  00  00  00  00  00  A1     522.7476
     0100      8   80  00  00  00  00  00  00  A1     522.7500
     0100      8   80  00  00  00  00  00  00  A1     522.7524
     0101      8   A0  02  00  00  00  00  0F  F9     522.7532
     0102      8   80  00  00  00  00  00  00  A1     522.7534
     0100      8   80  00  00  00  00  00  00  A1     522.7547
     0100      8   A0  00  00  00  00  00  00  CE     522.7580
     0100      8   A0  00  00  00  00  00  00  CE     522.7604
     0100      8   A0  00  00  00  00  00  00  CE     522.7628
     0101      8   C0  01  00  00  00  00  0F  82     522.7632
     0102      8   A0  00  00  00  00  00  00  CE     522.7634
     0100      8   A0  00  00  00  00  00  00  CE     522.7652
     0100      8   C0  00  00  00  00  00  00  7F     522.7685
     0100      8   C0  00  00  00  00  00  00  7F     522.7709
     0101      8   E0  02  00  00  00  00  0F  27     522.7732
     0100      8   C0  00  00  00  00  00  00  7F     522.7734
     0102      8   C0  00  00  00  00  00  00  7F     522.7737
     0100      8   E0  00  00  00  00  00  00  10     522.7766
     0100      8   E0  00  00  00  00  00  00  10     522.7790
     0100      8   E0  00  00  00  00  00  00  10     522.7813
     0101      8   00  02  00  00  00  00  0F  37     522.7832
     0102      8   E0  00  00  00  00  00  00  10     522.7834
     0100      8   E0  00  00  00  00  00  00  10     522.7837
     0100      8   00  00  00  00  00  00  00  00     522.7870
     0100      8   00  00  00  00  00  00  00  00     522.7894
     0100      8   00  00  00  00  00  00  00  00     522.7918
     0101      8   20  01  00  00  00  00  0F  92     522.7932
     0102      8   00  00  00  00  00  00  00  00     522.7934
     0100      8   00  00  00  00  00  00  00  00     522.7942
     0100      8   20  00  00  00  00  00  00  6F     522.7975
     0100      8   20  00  00  00  00  00  00  6F     522.7999
     0100      8   20  00  00  00  00  00  00  6F     522.8022
     0101      8   40  02  00  00  00  00  0F  E9     522.8032
     0102      8   20  00  00  00  00  00  00  6F     522.8034
     0100      8   20  00  00  00  00  00  00  6F     522.8046
     0100      8   40  00  00  00  00  00  00  DE     522.8079
     0100      8   40  00  00  00  00  00  00  DE     522.8103
     0100      8   40  00  00  00  00  00  00  DE     522.8127
     0101      8   60  02  00  00  00  00  0F  86     522.8132
     0102      8   40  00  00  00  00  00  00  DE     522.8134
     0100      8   40  00  00  00  00  00  00  DE     522.8151
     0100      8   60  00  00  00  00  00  00  B1     522.8184
     0100      8   60  00  00  00  00  00  00  B1     522.8208
     0100      8   60  00  00  00  00  00  00  B1     522.8231
     0101      8   80  01  00  00  00  00  0F  5C     522.8234
     0102      8   60  00  00  00  00  00  00  B1     522.8236
     0100      8   60  00  00  00  00  00  00  B1     522.8255
     0100      8   80  00  00  00  00  00  00  A1     522.8288
     0100      8   80  00  00  00  00  00  00  A1     522.8312
     0101      8   A0  02  00  00  00  00  0F  F9     522.8332
     0102      8   80  00  00  00  00  00  00  A1     522.8334
     0100      8   80  00  00  00  00  00  00  A1     522.8337
     0100      8   A0  00  00  00  00  00  00  CE     522.8369
     0100      8   A0  00  00  00  00  00  00  CE     522.8393
     0100      8   A0  00  00  00  00  00  00  CE     522.8417
     0101      8   C0  02  00  00  00  00  0F  48     522.8432
     0102      8   A0  00  00  00  00  00  00  CE     522.8434
     0501      8   06  25  00  00  00  00  00  B8     522.8437
     0100      8   A0  00  00  00  00  00  00  CE     522.8440
     0100      8   C0  00  00  00  00  00  00  7F     522.8474
     0100      8   C0  00  00  00  00  00  00  7F     522.8497
     0100      8   C0  00  00  00  00  00  00  7F     522.8521
     0101      8   E0  01  00  00  00  00  0F  ED     522.8532
     0102      8   C0  00  00  00  00  00  00  7F     522.8534
     0100      8   C0  00  00  00  00  00  00  7F     522.8545
     0100      8   E0  00  00  00  00  00  00  10     522.8578
     0100      8   E0  00  00  00  00  00  00  10     522.8602
     0100      8   E0  00  00  00  00  00  00  10     522.8626
     0101      8   00  02  00  00  00  00  0F  37     522.8632
     0102      8   E0  00  00  00  00  00  00  10     522.8634
     0100      8   E0  00  00  00  00  00  00  10     522.8650
     0100      8   00  00  00  00  00  00  00  00     522.8683
     0100      8   00  00  00  00  00  00  00  00     522.8707
     0100      8   00  00  00  00  00  00  00  00     522.8730
     0101      8   20  02  00  00  00  00  0F  58     522.8733
     0102      8   00  00  00  00  00  00  00  00     522.8735
     0100      8   00  00  00  00  00  00  00  00     522.8754
     0100      8   20  00  00  00  00  00  00  6F     522.8787
     0100      8   20  00  00  00  00  00  00  6F     522.8811
     0101      8   40  01  00  00  00  00  0F  23     522.8832
     0102      8   20  00  00  00  00  00  00  6F     522.8834
     0100      8   20  00  00  00  00  00  00  6F     522.8837
     0100      8   40  00  00  00  00  00  00  DE     522.8868
     0100      8   40  00  00  00  00  00  00  DE     522.8892
     0100      8   40  00  00  00  00  00  00  DE     522.8916
     0101      8   60  01  00  00  00  00  0F  4C     522.8932
     0102      8   40  00  00  00  00  00  00  DE     522.8934
     0100      8   40  00  00  00  00  00  00  DE     522.8939
     0100      8   60  00  00  00  00  00  00  B1     522.8973
     0100      8   60  00  00  00  00  00  00  B1     522.8996
     0100      8   60  00  00  00  00  00  00  B1     522.9020
     0101      8   80  02  00  00  00  00  0F  96     522.9032
     0102      8   60  00  00  00  00  00  00  B1     522.9034
     0100      8   60  00  00  00  00  00  00  B1     522.9044
     0100      8   80  00  00  00  00  00  00  A1     522.9077
     0100      8   80  00  00  00  00  00  00  A1     522.9101
     0100      8   80  00  00  00  00  00  00  A1     522.9125
     0101      8   A0  02  00  00  00  00  0F  F9     522.9132
     0102      8   80  00  00  00  00  00  00  A1     522.9134
     0100      8   80  00  00  00  00  00  00  A1     522.9148
     0100      8   A0  00  00  00  00  00  00  CE     522.9182
     0100      8   A0  00  00  00  00  00  00  CE     522.9205
     0100      8   A0  00  00  00  00  00  00  CE     522.9229
     0101      8   C0  01  00  00  00  00  0F  82     522.9232
     0102      8   A0  00  00  00  00  00  00  CE     522.9234
     0100      8   A0  00  00  00  00  00  00  CE     522.9253
     0100      8   C0  00  00  00  00  00  00  7F     522.9286
     0100      8   C0  00  00  00  00  00  00  7F     522.9310
     0101      8   E0  02  00  00  00  00  0F  27     522.9332
     0100      8   C0  00  00  00  00  00  00  7F     522.9334
     0102      8   C0  00  00  00  00  00  00  7F     522.9337
     0100      8   E0  00  00  00  00  00  00  10     522.9367
     0100      8   E0  00  00  00  00  00  00  10     522.9391
     0100      8   E0  00  00  00  00  00  00  10     522.9415
     0101      8   00  01  00  00  00  00  0F  FD     522.9432
     0102      8   E0  00  00  00  00  00  00  10     522.9434
     0501      8   06  25  00  00  00  00  00  B8     522.9437
     0100      8   E0  00  00  00  00  00  00  10     522.9439
     0100      8   00  00  00  00  00  00  00  00     522.9471
     0100      8   00  00  00  00  00  00  00  00     522.9495
     0100      8   00  00  00  00  00  00  00  00     522.9519
     0101      8   20  01  00  00  00  00  0F  92     522.9532
     0102      8   00  00  00  00  00  00  00  00     522.9534
     0100      8   00  00  00  00  00  00  00  00     522.9543
     0100      8   20  00  00  00  00  00  00  6F     522.9576
     0100      8   20  00  00  00  00  00  00  6F     522.9600
     0100      8   20  00  00  00  00  00  00  6F     522.9623
     0101      8   40  02  00  00  00  00  0F  E9     522.9632
     0102      8   20  00  00  00  00  00  00  6F     522.9634
     0100      8   20  00  00  00  00  00  00  6F     522.9647
     0100      8   40  00  00  00  00  00  00  DE     522.9680
     0100      8   40  00  00  00  00  00  00  DE     522.9704
     0100      8   40  00  00  00  00  00  00  DE     522.9728
     0101      8   60  02  00  00  00  00  0F  86     522.9732
     0102      8   40  00  00  00  00  00  00  DE     522.9734
     0100      8   40  00  00  00  00  00  00  DE     522.9752
     0100      8   60  00  00  00  00  00  00  B1     522.9785
     0100      8   60  00  00  00  00  00  00  B1     522.9809
     0101      8   80  01  00  00  00  00  0F  5C     522.9831
     0100      8   60  00  00  00  00  00  00  B1     522.9834
     0102      8   60  00  00  00  00  00  00  B1     522.9836
     0100      8   80  00  00  00  00  00  00  A1     522.9866
     0100      8   80  00  00  00  00  00  00  A1     522.9889
     0100      8   80  00  00  00  00  00  00  A1     522.9913
     0101      8   A0  02  00  00  00  00  0F  F9     522.9931
     0102      8   80  00  00  00  00  00  00  A1     522.9934
     0100      8   80  00  00  00  00  00  00  A1     522.9937
     0100      8   A0  00  00  00  00  00  00  CE     522.9970
     0100      8   A0  00  00  00  00  00  00  CE     522.9994
     0100      8   A0  00  00  00  00  00  00  CE     523.0018
     0101      8   C0  02  00  00  00  00  0F  48     523.0031
     0102      8   A0  00  00  00  00  00  00  CE     523.0034
     0100      8   A0  00  00  00  00  00  00  CE     523.0042
     0100      8   C0  00  00  00  00  00  00  7F     523.0075
     0100      8   C0  00  00  00  00  00  00  7F     523.0099
     0100      8   C0  00  00  00  00  00  00  7F     523.0122
     0101      8   E0  01  00  00  00  00  0F  ED     523.0131
     0102      8   C0  00  00  00  00  00  00  7F     523.0134
     0100      8   C0  00  00  00  00  00  00  7F     523.0146
     0100      8   E0  00  00  00  00  00  00  10     523.0179
     0100      8   E0  00  00  00  00  00  00  10     523.0203
     0100      8   E0  00  00  00  00  00  00  10     523.0227
     0101      8   00  02  00  00  00  00  0F  37     523.0231
     0102      8   E0  00  00  00  00  00  00  10     523.0234
     0100      8   E0  00  00  00  00  00  00  10     523.0251
     0100      8   00  00  00  00  00  00  00  00     523.0284
     0100      8   00  00  00  00  00  00  00  00     523.0308
     0100      8   00  00  00  00  00  00  00  00     523.0331
     0101      8   20  02  00  00  00  00  0F  58     523.0334
     0102      8   00  00  00  00  00  00  00  00     523.0336
     0100      8   00  00  00  00  00  00  00  00     523.0355
     0100      8   20  00  00  00  00  00  00  6F     523.0388
     0100      8   20  00  00  00  00  00  00  6F     523.0412
     0101      8   40  01  00  00  00  00  0F  23     523.0431
     0102      8   20  00  00  00  00  00  00  6F     523.0434
     0100      8   20  00  00  00  00  00  00  6F     523.0436
     0501      8   08  25  00  00  00  00  00  B9     523.0439
     0100      8   40  00  00  00  00  00  00  DE     523.0469
     0100      8   40  00  00  00  00  00  00  DE     523.0493
     0100      8   40  00  00  00  00  00  00  DE     523.0517
     0101      8   60  02  00  00  00  00  0F  86     523.0531
     0102      8   40  00  00  00  00  00  00  DE     523.0534
     0100      8   40  00  00  00  00  00  00  DE     523.0540
     0100      8   60  00  00  00  00  00  00  B1     523.0574
     0100      8   60  00  00  00  00  00  00  B1     523.0597
     0100      8   60  00  00  00  00  00  00  B1     523.0621
     0101      8   80  02  00  00  00  00  0F  96     523.0631
     0102      8   60  00  00  00  00  00  00  B1     523.0634
     0100      8   60  00  00  00  00  00  00  B1     523.0645
     0100      8   80  00  00  00  00  00  00  A1     523.0678
     0100      8   80  00  00  00  00  00  00  A1     523.0702
     0100      8   80  00  00  00  00  00  00  A1     523.0726
     0101      8   A0  01  00  00  00  00  0F  33     523.0731
     0102      8   80  00  00  00  00  00  00  A1     523.0734
     0100      8   80  00  00  00  00  00  00  A1     523.0750
     0100      8   A0  00  00  00  00  00  00  CE     523.0783
     0100      8   A0  00  00  00  00  00  00  CE     523.0806
     0100      8   A0  00  00  00  00  00  00  CE     523.0830
     0101      8   C0  02  00  00  00  00  0F  48     523.0833
     0102      8   A0  00  00  00  00  00  00  CE     523.0835
     0100      8   A0  00  00  00  00  00  00  CE     523.0854
     0100      8   C0  00  00  00  00  00  00  7F     523.0887
     0100      8   C0  00  00  00  00  00  00  7F     523.0911
     0101      8   E0  02  00  00  00  00  0F  27     523.0931
     0102      8   C0  00  00  00  00  00  00  7F     523.0934
     0100      8   C0  00  00  00  00  00  00  7F     523.0936
     0100      8   E0  00  00  00  00  00  00  10     523.0968
     0100      8   E0  00  00  00  00  00  00  10     523.0992
     0100      8   E0  00  00  00  00  00  00  10     523.1016
     0101      8   00  01  00  00  00  00  0F  FD     523.1031
     0102      8   E0  00  00  00  00  00  00  10     523.1034
     0100      8   E0  00  00  00  00  00  00  10     523.1039
     0100      8   00  00  00  00  00  00  00  00     523.1073
     0100      8   00  00  00  00  00  00  00  00     523.1096
     0100      8   00  00  00  00  00  00  00  00     523.1120
     0101      8   20  02  00  00  00  00  0F  58     523.1131
     0102      8   00  00  00  00  00  00  00  00     523.1134
     0100      8   00  00  00  00  00  00  00  00     523.1144
     0100      8   20  00  00  00  00  00  00  6F     523.1177
     0100      8   20  00  00  00  00  00  00  6F     523.1201
     0100      8   20  00  00  00  00  00  00  6F     523.1225
     0101      8   40  02  00  00  00  00  0F  E9     523.1231
     0102      8   20  00  00  00  00  00  00  6F     523.1234
     0100      8   20  00  00  00  00  00  00  6F     523.1248
     0100      8   40  00  00  00  00  00  00  DE     523.1282
     0100      8   40  00  00  00  00  00  00  DE     523.1305
     0100      8   40  00  00  00  00  00  00  DE     523.1329
     0101      8   60  01  00  00  00  00  0F  4C     523.1332
     0102      8   40  00  00  00  00  00  00  DE     523.1334
     0100      8   40  00  00  00  00  00  00  DE     523.1353
     0100      8   60  00  00  00  00  00  00  B1     523.1386
     0100      8   60  00  00  00  00  00  00  B1     523.1410
     0101      8   80  02  00  00  00  00  0F  96     523.1431
     0100      8   60  00  00  00  00  00  00  B1     523.1434
     0102      8   60  00  00  00  00  00  00  B1     523.1436
     0501      8   09  25  00  00  00  00  00  E4     523.1439
     0100      8   80  00  00  00  00  00  00  A1     523.1467
     0100      8   80  00  00  00  00  00  00  A1     523.1491
     0100      8   80  00  00  00  00  00  00  A1     523.1514
     0101      8   A0  02  00  00  00  00  0F  F9     523.1531
     0102      8   80  00  00  00  00  00  00  A1     523.1534
     0100      8   80  00  00  00  00  00  00  A1     523.1538
     0100      8   A0  00  00  00  00  00  00  CE     523.1571
     0100      8   A0  00  00  00  00  00  00  CE     523.1595
     0100      8   A0  00  00  00  00  00  00  CE     523.1619
     0101      8   C0  01  00  00  00  00  0F  82     523.1631
     0102      8   A0  00  00  00  00  00  00  CE     523.1634
     0100      8   A0  00  00  00  00  00  00  CE     523.1643
     0100      8   C0  00  00  00  00  00  00  7F     523.1676
     0100      8   C0  00  00  00  00  00  00  7F     523.1700
     0100      8   C0  00  00  00  00  00  00  7F     523.1724
     0101      8   E0  02  00  00  00  00  0F  27     523.1731
     0102      8   C0  00  00  00  00  00  00  7F     523.1734
     0100      8   C0  00  00  00  00  00  00  7F     523.1747
     0100      8   E0  00  00  00  00  00  00  10     523.1781
     0100      8   E0  00  00  00  00  00  00  10     523.1804
     0100      8   E0  00  00  00  00  00  00  10     523.1828
     0101      8   00  02  00  00  00  00  0F  37     523.1831
     0102      8   E0  00  00  00  00  00  00  10     523.1834
     0100      8   E0  00  00  00  00  00  00  10     523.1852
     0100      8   00  00  00  00  00  00  00  00     523.1885
     0100      8   00  00  00  00  00  00  00  00     523.1909
     0101      8   20  01  00  00  00  00  0F  92     523.1931
     0100      8   00  00  00  00  00  00  00  00     523.1934
     0102      8   00  00  00  00  00  00  00  00     523.1936
     0100      8   20  00  00  00  00  00  00  6F     523.1966
     0100      8   20  00  00  00  00  00  00  6F     523.1990
     0100      8   20  00  00  00  00  00  00  6F     523.2013
     0101      8   40  02  00  00  00  00  0F  E9     523.2031
     0102      8   20  00  00  00  00  00  00  6F     523.2034
     0100      8   20  00  00  00  00  00  00  6F     523.2037
     0100      8   40  00  00  00  00  00  00  DE     523.2070
     0100      8   40  00  00  00  00  00  00  DE     523.2094
     0100      8   40  00  00  00  00  00  00  DE     523.2118
     0101      8   60  02  00  00  00  00  0F  86     523.2131
     0102      8   40  00  00  00  00  00  00  DE     523.2134
     0100      8   40  00  00  00  00  00  00  DE     523.2142
     0100      8   60  00  00  00  00  00  00  B1     523.2175
     0100      8   60  00  00  00  00  00  00  B1     523.2199
     0100      8   60  00  00  00  00  00  00  B1     523.2222
     0101      8   80  01  00  00  00  00  0F  5C     523.2231
     0102      8   60  00  00  00  00  00  00  B1     523.2234
     0100      8   60  00  00  00  00  00  00  B1     523.2246
     0100      8   80  00  00  00  00  00  00  A1     523.2279
     0100      8   80  00  00  00  00  00  00  A1     523.2303
     0100      8   80  00  00  00  00  00  00  A1     523.2327
     0101      8   A0  02  00  00  00  00  0F  F9     523.2331
     0102      8   80  00  00  00  00  00  00  A1     523.2334
     0100      8   80  00  00  00  00  00  00  A1     523.2351
     0100      8   A0  00  00  00  00  00  00  CE     523.2384
     0100      8   A0  00  00  00  00  00  00  CE     523.2408
     0101      8   C0  02  00  00  00  00  0F  48     523.2431
     0100      8   A0  00  00  00  00  00  00  CE     523.2434
     0102      8   A0  00  00  00  00  00  00  CE     523.2436
     0501      8   07  25  00  00  00  00  00  E5     523.2438
     0100      8   C0  00  00  00  00  00  00  7F     523.2465
     0100      8   C0  00  00  00  00  00  00  7F     523.2488
     0100      8   C0  00  00  00  00  00  00  7F     523.2512
     0101      8   E0  02  00  00  00  00  0F  27     523.2531
     0102      8   C0  00  00  00  00  00  00  7F     523.2534
     0100      8   C0  00  00  00  00  00  00  7F     523.2536
     0100      8   E0  00  00  00  00  00  00  10     523.2569
     0100      8   E0  00  00  00  00  00  00  10     523.2593
     0100      8   E0  00  00  00  00  00  00  10     523.2617
     0101      8   00  01  00  00  00  00  0F  FD     523.2631
     0102      8   E0  00  00  00  00  00  00  10     523.2634
     0100      8   E0  00  00  00  00  00  00  10     523.2641
     0100      8   00  00  00  00  00  00  00  00     523.2674
     0100      8   00  00  00  00  00  00  00  00     523.2697
     0100      8   00  00  00  00  00  00  00  00     523.2721
     0101      8   20  02  00  00  00  00  0F  58     523.2731
     0102      8   00  00  00  00  00  00  00  00     523.2734
     0100      8   00  00  00  00  00  00  00  00     523.2745
     0100      8   20  00  00  00  00  00  00  6F     523.2778
     0100      8   20  00  00  00  00  00  00  6F     523.2802
     0100      8   20  00  00  00  00  00  00  6F     523.2826
     0101      8   40  02  00  00  00  00  0F  E9     523.2831
     0102      8   20  00  00  00  00  00  00  6F     523.2834
     0100      8   20  00  00  00  00  00  00  6F     523.2850
     0100      8   40  00  00  00  00  00  00  DE     523.2883
     0100      8   40  00  00  00  00  00  00  DE     523.2907
     0100      8   40  00  00  00  00  00  00  DE     523.2930
     0101      8   60  01  00  00  00  00  0F  4C     523.2933
     0102      8   40  00  00  00  00  00  00  DE     523.2935
     0100      8   40  00  00  00  00  00  00  DE     523.2954
     0100      8   60  00  00  00  00  00  00  B1     523.2987
     0100      8   60  00  00  00  00  00  00  B1     523.3011
     0101      8   80  02  00  00  00  00  0F  96     523.3031
     0102      8   60  00  00  00  00  00  00  B1     523.3033
     0100      8   60  00  00  00  00  00  00  B1     523.3036
     0100      8   80  00  00  00  00  00  00  A1     523.3068
     0100      8   80  00  00  00  00  00  00  A1     523.3092
     0100      8   80  00  00  00  00  00  00  A1     523.3116
     0101      8   A0  01  00  00  00  00  0F  33     523.3131
     0102      8   80  00  00  00  00  00  00  A1     523.3133
     0100      8   80  00  00  00  00  00  00  A1     523.3139
     0100      8   A0  00  00  00  00  00  00  CE     523.3173
     0100      8   A0  00  00  00  00  00  00  CE     523.3196
     0100      8   A0  00  00  00  00  00  00  CE     523.3220
     0101      8   C0  01  00  00  00  00  0F  82     523.3231
     0102      8   A0  00  00  00  00  00  00  CE     523.3233
     0100      8   A0  00  00  00  00  00  00  CE     523.3244
     0100      8   C0  00  00  00  00  00  00  7F     523.3277
     0100      8   C0  00  00  00  00  00  00  7F     523.3301
     0100      8   C0  00  00  00  00  00  00  7F     523.3325
     0101      8   E0  02  00  00  00  00  0F  27     523.3331
     0102      8   C0  00  00  00  00  00  00  7F     523.3333
     0100      8   C0  00  00  00  00  00  00  7F     523.3348
     0100      8   E0  00  00  00  00  00  00  10     523.3382
     0100      8   E0  00  00  00  00  00  00  10     523.3405
     0100      8   E0  00  00  00  00  00  00  10     523.3429
     0101      8   00  02  00  00  00  00  0F  37     523.3432
     0102      8   E0  00  00  00  00  00  00  10     523.3434
     0501      8   06  25  00  00  00  00  00  B8     523.3437
     0100      8   E0  00  00  00  00  00  00  10     523.3453
     0100      8   00  00  00  00  00  00  00  00     523.3486
     0100      8   00  00  00  00  00  00  00  00     523.3510
     0101      8   20  01  00  00  00  00  0F  92     523.3531
     0102      8   00  00  00  00  00  00  00  00     523.3533
     0100      8   00  00  00  00  00  00  00  00     523.3536
     0100      8   20  00  00  00  00  00  00  6F     523.3567
     0100      8   20  00  00  00  00  00  00  6F     523.3591
     0100      8   20  00  00  00  00  00  00  6F     523.3614
     0101      8   40  02  00  00  00  00  0F  E9     523.3631
     0102      8   20  00  00  00  00  00  00  6F     523.3633
     0100      8   20  00  00  00  00  00  00  6F     523.3638
     0100      8   40  00  00  00  00  00  00  DE     523.3671
     0100      8   40  00  00  00  00  00  00  DE     523.3695
     0100      8   40  00  00  00  00  00  00  DE     523.3719
     0101      8   60  02  00  00  00  00  0F  86     523.3731
     0102      8   40  00  00  00  00  00  00  DE     523.3733
     0100      8   40  00  00  00  00  00  00  DE     523.3743
     0100      8   60  00  00  00  00  00  00  B1     523.3776
     0100      8   60  00  00  00  00  00  00  B1     523.3800
     0100      8   60  00  00  00  00  00  00  B1     523.3823
     0101      8   80  01  00  00  00  00  0F  5C     523.3831
     0102      8   60  00  00  00  00  00  00  B1     523.3833
     0100      8   60  00  00  00  00  00  00  B1     523.3847
     0100      8   80  00  00  00  00  00  00  A1     523.3880
     0100      8   80  00  00  00  00  00  00  A1     523.3904
     0100      8   80  00  00  00  00  00  00  A1     523.3928
     0101      8   A0  02  00  00  00  00  0F  F9     523.3931
     0102      8   80  00  00  00  00  00  00  A1     523.3933
     0100      8   80  00  00  00  00  00  00  A1     523.3952
     0100      8   A0  00  00  00  00  00  00  CE     523.3985
     0100      8   A0  00  00  00  00  00  00  CE     523.4009
     0101      8   C0  02  00  00  00  00  0F  48     523.4031
     0100      8   A0  00  00  00  00  00  00  CE     523.4033
     0102      8   A0  00  00  00  00  00  00  CE     523.4036
     0100      8   C0  00  00  00  00  00  00  7F     523.4066
     0100      8   C0  00  00  00  00  00  00  7F     523.4090
     0100      8   C0  00  00  00  00  00  00  7F     523.4113
     0101      8   E0  01  00  00  00  00  0F  ED     523.4131
     0102      8   C0  00  00  00  00  00  00  7F     523.4133
     0100      8   C0  00  00  00  00  00  00  7F     523.4137
     0100      8   E0  00  00  00  00  00  00  10     523.4170
     0100      8   E0  00  00  00  00  00  00  10     523.4194
     0100      8   E0  00  00  00  00  00  00  10     523.4218
     0101      8   00  02  00  00  00  00  0F  37     523.4231
     0102      8   E0  00  00  00  00  00  00  10     523.4233
     0100      8   E0  00  00  00  00  00  00  10     523.4242
     0100      8   00  00  00  00  00  00  00  00     523.4275
     0100      8   00  00  00  00  00  00  00  00     523.4299
     0100      8   00  00  00  00  00  00  00  00     523.4322
     0101      8   20  02  00  00  00  00  0F  58     523.4331
     0102      8   00  00  00  00  00  00  00  00     523.4333
     0100      8   00  00  00  00  00  00  00  00     523.4346
     0100      8   20  00  00  00  00  00  00  6F     523.4379
     0100      8   20  00  00  00  00  00  00  6F     523.4403
     0100      8   20  00  00  00  00  00  00  6F     523.4427
     0101      8   40  01  00  00  00  00  0F  23     523.4431
     0102      8   20  00  00  00  00  00  00  6F     523.4433
     0501      8   07  25  00  00  00  00  00  E5     523.4436
     0100      8   20  00  00  00  00  00  00  6F     523.4451
     0100      8   40  00  00  00  00  00  00  DE     523.4484
     0100      8   40  00  00  00  00  00  00  DE     523.4508
     0101      8   60  02  00  00  00  00  0F  86     523.4531
     0100      8   40  00  00  00  00  00  00  DE     523.4533
     0102      8   40  00  00  00  00  00  00  DE     523.4536
     0100      8   60  00  00  00  00  00  00  B1     523.4565
     0100      8   60  00  00  00  00  00  00  B1     523.4588
     0100      8   60  00  00  00  00  00  00  B1     523.4612
     0101      8   80  02  00  00  00  00  0F  96     523.4631
     0102      8   60  00  00  00  00  00  00  B1     523.4633
     0100      8   60  00  00  00  00  00  00  B1     523.4636
     0100      8   80  00  00  00  00  00  00  A1     523.4669
     0100      8   80  00  00  00  00  00  00  A1     523.4693
     0100      8   80  00  00  00  00  00  00  A1     523.4717
     0101      8   A0  01  00  00  00  00  0F  33     523.4731
     0102      8   80  00  00  00  00  00  00  A1     523.4733
     0100      8   80  00  00  00  00  00  00  A1     523.4740
     0100      8   A0  00  00  00  00  00  00  CE     523.4774
     0100      8   A0  00  00  00  00  00  00  CE     523.4797
     0100      8   A0  00  00  00  00  00  00  CE     523.4821
     0101      8   C0  02  00  00  00  00  0F  48     523.4831
     0102      8   A0  00  00  00  00  00  00  CE     523.4833
     0100      8   A0  00  00  00  00  00  00  CE     523.4845
     0100      8   C0  00  00  00  00  00  00  7F     523.4878
     0100      8   C0  00  00  00  00  00  00  7F     523.4902
     0100      8   C0  00  00  00  00  00  00  7F     523.4926
     0101      8   E0  02  00  00  00  00  0F  27     523.4931
     0102      8   C0  00  00  00  00  00  00  7F     523.4933
     0100      8   C0  00  00  00  00  00  00  7F     523.4950
     0100      8   E0  00  00  00  00  00  00  10     523.4983
     0100      8   E0  00  00  00  00  00  00  10     523.5006
     0100      8   E0  00  00  00  00  00  00  10     523.5030
     0101      8   00  01  00  00  00  00  0F  FD     523.5033
     0102      8   E0  00  00  00  00  00  00  10     523.5035
     0100      8   E0  00  00  00  00  00  00  10     523.5054
     0100      8   00  00  00  00  00  00  00  00     523.5087
     0100      8   00  00  00  00  00  00  00  00     523.5111
     0101      8   20  02  00  00  00  00  0F  58     523.5131
     0102      8   00  00  00  00  00  00  00  00     523.5133
     0100      8   00  00  00  00  00  00  00  00     523.5136
     0100      8   20  00  00  00  00  00  00  6F     523.5168
     0100      8   20  00  00  00  00  00  00  6F     523.5192
     0100      8   20  00  00  00  00  00  00  6F     523.5216
     0101      8   40  02  00  00  00  00  0F  E9     523.5231
     0102      8   20  00  00  00  00  00  00  6F     523.5233
     0100      8   20  00  00  00  00  00  00  6F     523.5239
     0100      8   40  00  00  00  00  00  00  DE     523.5272
     0100      8   40  00  00  00  00  00  00  DE     523.5296
     0100      8   40  00  00  00  00  00  00  DE     523.5320
     0101      8   60  01  00  00  00  00  0F  4C     523.5331
     0102      8   40  00  00  00  00  00  00  DE     523.5333
     0100      8   40  00  00  00  00  00  00  DE     523.5344
     0100      8   60  00  00  00  00  00  00  B1     523.5377
     0100      8   60  00  00  00  00  00  00  B1     523.5401
     0100      8   60  00  00  00  00  00  00  B1     523.5425
     0101      8   80  02  00  00  00  00  0F  96     523.5431
     0102      8   60  00  00  00  00  00  00  B1     523.5433
     0501      8   09  25  00  00  00  00  00  E4     523.5436
     0100      8   60  00  00  00  00  00  00  B1     523.5448
     0100      8   80  00  00  00  00  00  00  A1     523.5482
     0100      8   80  00  00  00  00  00  00  A1     523.5505
     0100      8   80  00  00  00  00  00  00  A1     523.5529
     0101      8   A0  02  00  00  00  00  0F  F9     523.5532
     0102      8   80  00  00  00  00  00  00  A1     523.5534
     0100      8   80  00  00  00  00  00  00  A1     523.5553
     0100      8   A0  00  00  00  00  00  00  CE     523.5586
     0100      8   A0  00  00  00  00  00  00  CE     523.5610
     0101      8   C0  01  00  00  00  00  0F  82     523.5631
     0102      8   A0  00  00  00  00  00  00  CE     523.5633
     0100      8   A0  00  00  00  00  00  00  CE     523.5636
     0100      8   C0  00  00  00  00  00  00  7F     523.5667
     0100      8   C0  00  00  00  00  00  00  7F     523.5691
     0100      8   C0  00  00  00  00  00  00  7F     523.5714
     0101      8   E0  02  00  00  00  00  0F  27     523.5731
     0102      8   C0  00  00  00  00  00  00  7F     523.5733
     0100      8   C0  00  00  00  00  00  00  7F     523.5738
     0100      8   E0  00  00  00  00  00  00  10     523.5771
     0100      8   E0  00  00  00  00  00  00  10     523.5795
     0100      8   E0  00  00  00  00  00  00  10     523.5819
     0101      8   00  02  00  00  00  00  0F  37     523.5831
     0102      8   E0  00  00  00  00  00  00  10     523.5833
     0100      8   E0  00  00  00  00  00  00  10     523.5843
     0100      8   00  00  00  00  00  00  00  00     523.5876
     0100      8   00  00  00  00  00  00  00  00     523.5900
     0100      8   00  00  00  00  00  00  00  00     523.5923
     0101      8   20  02  00  00  00  00  0F  58     523.5931
     0102      8   00  00  00  00  00  00  00  00     523.5933
     0100      8   00  00  00  00  00  00  00  00     523.5947
     0100      8   20  00  00  00  00  00  00  6F     523.5980
     0100      8   20  00  00  00  00  00  00  6F     523.6004
     0100      8   20  00  00  00  00  00  00  6F     523.6028
     0101      8   40  01  00  00  00  00  0F  23     523.6031
     0102      8   20  00  00  00  00  00  00  6F     523.6033
     0100      8   20  00  00  00  00  00  00  6F     523.6052
     0100      8   40  00  00  00  00  00  00  DE     523.6085
     0100      8   40  00  00  00  00  00  00  DE     523.6109
     0101      8   60  02  00  00  00  00  0F  86     523.6131
     0100      8   40  00  00  00  00  00  00  DE     523.6133
     0102      8   40  00  00  00  00  00  00  DE     523.6136
     0100      8   60  00  00  00  00  00  00  B1     523.6166
     0100      8   60  00  00  00  00  00  00  B1     523.6189
     0100      8   60  00  00  00  00  00  00  B1     523.6213
     0101      8   80  02  00  00  00  00  0F  96     523.6231
     0102      8   60  00  00  00  00  00  00  B1     523.6233
     0100      8   60  00  00  00  00  00  00  B1     523.6237
     0100      8   80  00  00  00  00  00  00  A1     523.6270
     0100      8   80  00  00  00  00  00  00  A1     523.6294
     0100      8   80  00  00  00  00  00  00  A1     523.6318
     0101      8   A0  01  00  00  00  00  0F  33     523.6331
     0102      8   80  00  00  00  00  00  00  A1     523.6333
     0100      8   80  00  00  00  00  00  00  A1     523.6342
     0100      8   A0  00  00  00  00  00  00  CE     523.6375
     0100      8   A0  00  00  00  00  00  00  CE     523.6399
     0100      8   A0  00  00  00  00  00  00  CE     523.6422
     0101      8   C0  02  00  00  00  00  0F  48     523.6431
     0102      8   A0  00  00  00  00  00  00  CE     523.6433
     0501      8   07  25  00  00  00  00  00  E5     523.6435
     0100      8   A0  00  00  00  00  00  00  CE     523.6446
     0100      8   C0  00  00  00  00  00  00  7F     523.6479
     0100      8   C0  00  00  00  00  00  00  7F     523.6503
     0100      8   C0  00  00  00  00  00  00  7F     523.6527
     0101      8   E0  02  00  00  00  00  0F  27     523.6530
     0102      8   C0  00  00  00  00  00  00  7F     523.6533
     0100      8   C0  00  00  00  00  00  00  7F     523.6551
     0100      8   E0  00  00  00  00  00  00  10     523.6584
     0100      8   E0  00  00  00  00  00  00  10     523.6608
     0101      8   00  01  00  00  00  00  0F  FD     523.6631
     0100      8   E0  00  00  00  00  00  00  10     523.6633
     0102      8   E0  00  00  00  00  00  00  10     523.6636
     0100      8   00  00  00  00  00  00  00  00     523.6665
     0100      8   00  00  00  00  00  00  00  00     523.6688
     0100      8   00  00  00  00  00  00  00  00     523.6712
     0101      8   20  02  00  00  00  00  0F  58     523.6731
     0102      8   00  00  00  00  00  00  00  00     523.6733
     0100      8   00  00  00  00  00  00  00  00     523.6736
     0100      8   20  00  00  00  00  00  00  6F     523.6769
     0100      8   20  00  00  00  00  00  00  6F     523.6793
     0100      8   20  00  00  00  00  00  00  6F     523.6817
     0101      8   40  02  00  00  00  00  0F  E9     523.6831
     0102      8   20  00  00  00  00  00  00  6F     523.6833
     0100      8   20  00  00  00  00  00  00  6F     523.6840
     0100      8   40  00  00  00  00  00  00  DE     523.6874
     0100      8   40  00  00  00  00  00  00  DE     523.6897
     0100      8   40  00  00  00  00  00  00  DE     523.6921
     0101      8   60  01  00  00  00  00  0F  4C     523.6930
     0102      8   40  00  00  00  00  00  00  DE     523.6933
     0100      8   40  00  00  00  00  00  00  DE     523.6945
     0100      8   60  00  00  00  00  00  00  B1     523.6978
     0100      8   60  00  00  00  00  00  00  B1     523.7002
     0100      8   60  00  00  00  00  00  00  B1     523.7026
     0101      8   80  02  00  00  00  00  0F  96     523.7030
     0102      8   60  00  00  00  00  00  00  B1     523.7033
     0100      8   60  00  00  00  00  00  00  B1     523.7050
     0100      8   80  00  00  00  00  00  00  A1     523.7083
     0100      8   80  00  00  00  00  00  00  A1     523.7106
     0100      8   80  00  00  00  00  00  00  A1     523.7130
     0101      8   A0  02  00  00  00  00  0F  F9     523.7133
     0102      8   80  00  00  00  00  00  00  A1     523.7135
     0100      8   80  00  00  00  00  00  00  A1     523.7154
     0100      8   A0  00  00  00  00  00  00  CE     523.7187
     0100      8   A0  00  00  00  00  00  00  CE     523.7211
     0101      8   C0  01  00  00  00  00  0F  82     523.7230
     0102      8   A0  00  00  00  00  00  00  CE     523.7233
     0100      8   A0  00  00  00  00  00  00  CE     523.7235
     0100      8   C0  00  00  00  00  00  00  7F     523.7268
     0100      8   C0  00  00  00  00  00  00  7F     523.7292
     0100      8   C0  00  00  00  00  00  00  7F     523.7316
     0101      8   E0  02  00  00  00  00  0F  27     523.7330
     0102      8   C0  00  00  00  00  00  00  7F     523.7333
     0100      8   C0  00  00  00  00  00  00  7F     523.7339
     0100      8   E0  00  00  00  00  00  00  10     523.7372
     0100      8   E0  00  00  00  00  00  00  10     523.7396
     0100      8   E0  00  00  00  00  00  00  10     523.7420
     0101      8   00  02  00  00  00  00  0F  37     523.7430
     0102      8   E0  00  00  00  00  00  00  10     523.7433
     0501      8   06  25  00  00  00  00  00  B8     523.7435
     0100      8   E0  00  00  00  00  00  00  10     523.7444
     0100      8   00  00  00  00  00  00  00  00     523.7477
     0100      8   00  00  00  00  00  00  00  00     523.7501
     0100      8   00  00  00  00  00  00  00  00     523.7525
     0101      8   20  01  00  00  00  00  0F  92     523.7530
     0102      8   00  00  00  00  00  00  00  00     523.7533
     0100      8   00  00  00  00  00  00  00  00     523.7548
     0100      8   20  00  00  00  00  00  00  6F     523.7582
     0100      8   20  00  00  00  00  00  00  6F     523.7605
     0100      8   20  00  00  00  00  00  00  6F     523.7629
     0101      8   40  02  00  00  00  00  0F  E9     523.7632
     0102      8   20  00  00  00  00  00  00  6F     523.7634
     0100      8   20  00  00  00  00  00  00  6F     523.7653
     0100      8   40  00  00  00  00  00  00  DE     523.7686
     0100      8   40  00  00  00  00  00  00  DE     523.7710
     0101      8   60  02  00  00  00  00  0F  86     523.7730
     0102      8   40  00  00  00  00  00  00  DE     523.7733
     0100      8   40  00  00  00  00  00  00  DE     523.7735
     0100      8   60  00  00  00  00  00  00  B1     523.7767
     0100      8   60  00  00  00  00  00  00  B1     523.7791
     0100      8   60  00  00  00  00  00  00  B1     523.7814
     0101      8   80  01  00  00  00  00  0F  5C     523.7830
     0102      8   60  00  00  00  00  00  00  B1     523.7833
     0100      8   60  00  00  00  00  00  00  B1     523.7838
     0100      8   80  00  00  00  00  00  00  A1     523.7871
     0100      8   80  00  00  00  00  00  00  A1     523.7895
     0100      8   80  00  00  00  00  00  00  A1     523.7919
     0101      8   A0  02  00  00  00  00  0F  F9     523.7930
     0102      8   80  00  00  00  00  00  00  A1     523.7933
     0100      8   80  00  00  00  00  00  00  A1     523.7943
     0100      8   A0  00  00  00  00  00  00  CE     523.7976
     0100      8   A0  00  00  00  00  00  00  CE     523.8000
     0100      8   A0  00  00  00  00  00  00  CE     523.8023
     0101      8   C0  02  00  00  00  00  0F  48     523.8030
     0102      8   A0  00  00  00  00  00  00  CE     523.8033
     0100      8   A0  00  00  00  00  00  00  CE     523.8047
     0100      8   C0  00  00  00  00  00  00  7F     523.8080
     0100      8   C0  00  00  00  00  00  00  7F     523.8104
     0100      8   C0  00  00  00  00  00  00  7F     523.8128
     0101      8   E0  01  00  00  00  00  0F  ED     523.8131
     0102      8   C0  00  00  00  00  00  00  7F     523.8133
     0100      8   C0  00  00  00  00  00  00  7F     523.8152
     0100      8   E0  00  00  00  00  00  00  10     523.8185
     0100      8   E0  00  00  00  00  00  00  10     523.8209
     0101      8   00  02  00  00  00  00  0F  37     523.8230
     0100      8   E0  00  00  00  00  00  00  10     523.8233
     0102      8   E0  00  00  00  00  00  00  10     523.8235
     0100      8   00  00  00  00  00  00  00  00     523.8266
     0100      8   00  00  00  00  00  00  00  00     523.8289
     0100      8   00  00  00  00  00  00  00  00     523.8313
     0101      8   20  02  00  00  00  00  0F  58     523.8330
     0102      8   00  00  00  00  00  00  00  00     523.8333
     0100      8   00  00  00  00  00  00  00  00     523.8337
     0100      8   20  00  00  00  00  00  00  6F     523.8370
     0100      8   20  00  00  00  00  00  00  6F     523.8394
     0100      8   20  00  00  00  00  00  00  6F     523.8418
     0101      8   40  01  00  00  00  00  0F  23     523.8430
     0102      8   20  00  00  00  00  00  00  6F     523.8433
     0501      8   07  25  00  00  00  00  00  E5     523.8435
     0100      8   20  00  00  00  00  00  00  6F     523.8442
     0100      8   40  00  00  00  00  00  00  DE     523.8475
     0100      8   40  00  00  00  00  00  00  DE     523.8498
     0100      8   40  00  00  00  00  00  00  DE     523.8522
     0101      8   60  02  00  00  00  00  0F  86     523.8530
     0102      8   40  00  00  00  00  00  00  DE     523.8533
     0100      8   40  00  00  00  00  00  00  DE     523.8546
     0100      8   60  00  00  00  00  00  00  B1     523.8579
     0100      8   60  00  00  00  00  00  00  B1     523.8603
     0100      8   60  00  00  00  00  00  00  B1     523.8627
     0101      8   80  02  00  00  00  00  0F  96     523.8630
     0102      8   60  00  00  00  00  00  00  B1     523.8633
     0100      8   60  00  00  00  00  00  00  B1     523.8651
     0100      8   80  00  00  00  00  00  00  A1     523.8684
     0100      8   80  00  00  00  00  00  00  A1     523.8708
     0101      8   A0  01  00  00  00  00  0F  33     523.8730
     0100      8   80  00  00  00  00  00  00  A1     523.8733
     0102      8   80  00  00  00  00  00  00  A1     523.8735
     0100      8   A0  00  00  00  00  00  00  CE     523.8764
     0100      8   A0  00  00  00  00  00  00  CE     523.8788
     0100      8   A0  00  00  00  00  00  00  CE     523.8812
     0101      8   C0  02  00  00  00  00  0F  48     523.8830
     0102      8   A0  00  00  00  00  00  00  CE     523.8833
     0100      8   A0  00  00  00  00  00  00  CE     523.8836
     0100      8   C0  00  00  00  00  00  00  7F     523.8869
     0100      8   C0  00  00  00  00  00  00  7F     523.8893
     0100      8   C0  00  00  00  00  00  00  7F     523.8917
     0101      8   E0  02  00  00  00  00  0F  27     523.8930
     0102      8   C0  00  00  00  00  00  00  7F     523.8933
     0100      8   C0  00  00  00  00  00  00  7F     523.8940
     0100      8   E0  00  00  00  00  00  00  10     523.8974
     0100      8   E0  00  00  00  00  00  00  10     523.8997
     0100      8   E0  00  00  00  00  00  00  10     523.9021
     0101      8   00  01  00  00  00  00  0F  FD     523.9030
     0102      8   E0  00  00  00  00  00  00  10     523.9033
     0100      8   E0  00  00  00  00  00  00  10     523.9045
     0100      8   00  00  00  00  00  00  00  00     523.9078
     0100      8   00  00  00  00  00  00  00  00     523.9102
     0100      8   00  00  00  00  00  00  00  00     523.9126
     0101      8   20  02  00  00  00  00  0F  58     523.9130
     0102      8   00  00  00  00  00  00  00  00     523.9133
     0100      8   00  00  00  00  00  00  00  00     523.9150
     0100      8   20  00  00  00  00  00  00  6F     523.9183
     0100      8   20  00  00  00  00  00  00  6F     523.9206
     0101      8   40  02  00  00  00  00  0F  E9     523.9230
     0100      8   20  00  00  00  00  00  00  6F     523.9233
     0102      8   20  00  00  00  00  00  00  6F     523.9235
     0100      8   40  00  00  00  00  00  00  DE     523.9263
     0100      8   40  00  00  00  00  00  00  DE     523.9287
     0100      8   40  00  00  00  00  00  00  DE     523.9311
     0101      8   60  01  00  00  00  00  0F  4C     523.9330
     0102      8   40  00  00  00  00  00  00  DE     523.9333
     0100      8   40  00  00  00  00  00  00  DE     523.9335
     0100      8   60  00  00  00  00  00  00  B1     523.9368
     0100      8   60  00  00  00  00  00  00  B1     523.9392
     0100      8   60  00  00  00  00  00  00  B1     523.9416
     0101      8   80  02  00  00  00  00  0F  96     523.9430
     0102      8   60  00  00  00  00  00  00  B1     523.9433
     0501      8   09  25  00  00  00  00  00  E4     523.9435
     0100      8   60  00  00  00  00  00  00  B1     523.9439
     0100      8   80  00  00  00  00  00  00  A1     523.9472
     0100      8   80  00  00  00  00  00  00  A1     523.9496
     0100      8   80  00  00  00  00  00  00  A1     523.9520
     0101      8   A0  02  00  00  00  00  0F  F9     523.9530
     0102      8   80  00  00  00  00  00  00  A1     523.9533
     0100      8   80  00  00  00  00  00  00  A1     523.9544
     0100      8   A0  00  00  00  00  00  00  CE     523.9577
     0100      8   A0  00  00  00  00  00  00  CE     523.9601
     0100      8   A0  00  00  00  00  00  00  CE     523.9625
     0101      8   C0  02  00  00  00  00  0F  48     523.9630
     0102      8   A0  00  00  00  00  00  00  CE     523.9633
     0100      8   A0  00  00  00  00  00  00  CE     523.9648
     0100      8   C0  00  00  00  00  00  00  7F     523.9682
     0100      8   C0  00  00  00  00  00  00  7F     523.9705
     0100      8   C0  00  00  00  00  00  00  7F     523.9729
     0101      8   E0  01  00  00  00  00  0F  ED     523.9732
     0102      8   C0  00  00  00  00  00  00  7F     523.9734
     0100      8   C0  00  00  00  00  00  00  7F     523.9753
     0100      8   E0  00  00  00  00  00  00  10     523.9786
     0100      8   E0  00  00  00  00  00  00  10     523.9810
     0101      8   00  02  00  00  00  00  0F  37     523.9830
     0102      8   E0  00  00  00  00  00  00  10     523.9833
     0100      8   E0  00  00  00  00  00  00  10     523.9835
     0100      8   00  00  00  00  00  00  00  00     523.9867
     0100      8   00  00  00  00  00  00  00  00     523.9891
     0100      8   00  00  00  00  00  00  00  00     523.9914
     0101      8   20  02  00  00  00  00  0F  58     523.9930
     0102      8   00  00  00  00  00  00  00  00     523.9932
     0100      8   00  00  00  00  00  00  00  00     523.9938
     0100      8   20  00  00  00  00  00  00  6F     523.9971
     0100      8   20  00  00  00  00  00  00  6F     523.9995
     0100      8   20  00  00  00  00  00  00  6F     524.0019
     0101      8   40  01  00  00  00  00  0F  23     524.0030
     0102      8   20  00  00  00  00  00  00  6F     524.0033
     0100      8   20  00  00  00  00  00  00  6F     524.0043
     0100      8   40  00  00  00  00  00  00  DE     524.0076
     0100      8   40  00  00  00  00  00  00  DE     524.0100
     0100      8   40  00  00  00  00  00  00  DE     524.0123
     0101      8   60  02  00  00  00  00  0F  86     524.0130
     0102      8   40  00  00  00  00  00  00  DE     524.0132
     0100      8   40  00  00  00  00  00  00  DE     524.0147
     0100      8   60  00  00  00  00  00  00  B1     524.0180
     0100      8   60  00  00  00  00  00  00  B1     524.0204
     0100      8   60  00  00  00  00  00  00  B1     524.0228
     0101      8   80  02  00  00  00  00  0F  96     524.0230
     0102      8   60  00  00  00  00  00  00  B1     524.0233
     0100      8   60  00  00  00  00  00  00  B1     524.0252
     0100      8   80  00  00  00  00  00  00  A1     524.0285
     0100      8   80  00  00  00  00  00  00  A1     524.0309
     0101      8   A0  01  00  00  00  00  0F  33     524.0330
     0102      8   80  00  00  00  00  00  00  A1     524.0332
     0100      8   80  00  00  00  00  00  00  A1     524.0335
     0100      8   A0  00  00  00  00  00  00  CE     524.0366
     0100      8   A0  00  00  00  00  00  00  CE     524.0389
     0100      8   A0  00  00  00  00  00  00  CE     524.0413
     0101      8   C0  02  00  00  00  00  0F  48     524.0430
     0102      8   A0  00  00  00  00  00  00  CE     524.0432
     0501      8   08  25  00  00  00  00  00  B9     524.0435
     0100      8   A0  00  00  00  00  00  00  CE     524.0437
     0100      8   C0  00  00  00  00  00  00  7F     524.0470
     0100      8   C0  00  00  00  00  00  00  7F     524.0494
     0100      8   C0  00  00  00  00  00  00  7F     524.0518
     0101      8   E0  02  00  00  00  00  0F  27     524.0530
     0102      8   C0  00  00  00  00  00  00  7F     524.0532
     0100      8   C0  00  00  00  00  00  00  7F     524.0542
     0100      8   E0  00  00  00  00  00  00  10     524.0575
     0100      8   E0  00  00  00  00  00  00  10     524.0599
     0100      8   E0  00  00  00  00  00  00  10     524.0622
     0101      8   00  01  00  00  00  00  0F  FD     524.0630
     0102      8   E0  00  00  00  00  00  00  10     524.0632
     0100      8   E0  00  00  00  00  00  00  10     524.0646
     0100      8   00  00  00  00  00  00  00  00     524.0679
     0100      8   00  00  00  00  00  00  00  00     524.0703
     0100      8   00  00  00  00  00  00  00  00     524.0727
     0101      8   20  02  00  00  00  00  0F  58     524.0730
     0102      8   00  00  00  00  00  00  00  00     524.0732
     0100      8   00  00  00  00  00  00  00  00     524.0751
     0100      8   20  00  00  00  00  00  00  6F     524.0784
     0100      8   20  00  00  00  00  00  00  6F     524.0808
     0101      8   40  02  00  00  00  00  0F  E9     524.0830
     0100      8   20  00  00  00  00  00  00  6F     524.0832
     0102      8   20  00  00  00  00  00  00  6F     524.0835
     0100      8   40  00  00  00  00  00  00  DE     524.0864
     0100      8   40  00  00  00  00  00  00  DE     524.0888
     0100      8   40  00  00  00  00  00  00  DE     524.0912
     0101      8   60  01  00  00  00  00  0F  4C     524.0930
     0102      8   40  00  00  00  00  00  00  DE     524.0932
     0100      8   40  00  00  00  00  00  00  DE     524.0936
     0100      8   60  00  00  00  00  00  00  B1     524.0969
     0100      8   60  00  00  00  00  00  00  B1     524.0993
     0100      8   60  00  00  00  00  00  00  B1     524.1017
     0101      8   80  02  00  00  00  00  0F  96     524.1030
     0102      8   60  00  00  00  00  00  00  B1     524.1032
     0100      8   60  00  00  00  00  00  00  B1     524.1040
     0100      8   80  00  00  00  00  00  00  A1     524.1074
     0100      8   80  00  00  00  00  00  00  A1     524.1097
     0100      8   80  00  00  00  00  00  00  A1     524.1121
     0101      8   A0  02  00  00  00  00  0F  F9     524.1130
     0102      8   80  00  00  00  00  00  00  A1     524.1132
     0100      8   80  00  00  00  00  00  00  A1     524.1145
     0100      8   A0  00  00  00  00  00  00  CE     524.1178
     0100      8   A0  00  00  00  00  00  00  CE     524.1202
     0100      8   A0  00  00  00  00  00  00  CE     524.1226
     0101      8   C0  01  00  00  00  00  0F  82     524.1230
     0102      8   A0  00  00  00  00  00  00  CE     524.1232
     0100      8   A0  00  00  00  00  00  00  CE     524.1249
     0100      8   C0  00  00  00  00  00  00  7F     524.1283
     0100      8   C0  00  00  00  00  00  00  7F     524.1306
     0101      8   E0  02  00  00  00  00  0F  27     524.1330
     0100      8   C0  00  00  00  00  00  00  7F     524.1332
     0102      8   C0  00  00  00  00  00  00  7F     524.1335
     0100      8   E0  00  00  00  00  00  00  10     524.1363
     0100      8   E0  00  00  00  00  00  00  10     524.1387
     0100      8   E0  00  00  00  00  00  00  10     524.1411
     0101      8   00  02  00  00  00  00  0F  37     524.1430
     0102      8   E0  00  00  00  00  00  00  10     524.1432
     0501      8   05  25  00  00  00  00  00  5F     524.1435
     0100      8   E0  00  00  00  00  00  00  10     524.1437
     0100      8   00  00  00  00  00  00  00  00     524.1468
     0100      8   00  00  00  00  00  00  00  00     524.1492
     0100      8   00  00  00  00  00  00  00  00     524.1516
     0101      8   20  01  00  00  00  00  0F  92     524.1530
     0102      8   00  00  00  00  00  00  00  00     524.1532
     0100      8   00  00  00  00  00  00  00  00     524.1539
     0100      8   20  00  00  00  00  00  00  6F     524.1572
     0100      8   20  00  00  00  00  00  00  6F     524.1596
     0100      8   20  00  00  00  00  00  00  6F     524.1620
     0101      8   40  02  00  00  00  00  0F  E9     524.1630
     0102      8   20  00  00  00  00  00  00  6F     524.1632
     0100      8   20  00  00  00  00  00  00  6F     524.1644
     0100      8   40  00  00  00  00  00  00  DE     524.1677
     0100      8   40  00  00  00  00  00  00  DE     524.1701
     0100      8   40  00  00  00  00  00  00  DE     524.1725
     0101      8   60  02  00  00  00  00  0F  86     524.1730
     0102      8   40  00  00  00  00  00  00  DE     524.1732
     0100      8   40  00  00  00  00  00  00  DE     524.1748
     0100      8   60  00  00  00  00  00  00  B1     524.1782
     0100      8   60  00  00  00  00  00  00  B1     524.1805
     0100      8   60  00  00  00  00  00  00  B1     524.1829
     0101      8   80  01  00  00  00  00  0F  5C     524.1832
     0102      8   60  00  00  00  00  00  00  B1     524.1834
     0100      8   60  00  00  00  00  00  00  B1     524.1853
     0100      8   80  00  00  00  00  00  00  A1     524.1886
     0100      8   80  00  00  00  00  00  00  A1     524.1910
     0101      8   A0  02  00  00  00  00  0F  F9     524.1930
     0102      8   80  00  00  00  00  00  00  A1     524.1932
     0100      8   80  00  00  00  00  00  00  A1     524.1935
     0100      8   A0  00  00  00  00  00  00  CE     524.1967
     0100      8   A0  00  00  00  00  00  00  CE     524.1991
     0100      8   A0  00  00  00  00  00  00  CE     524.2014
     0101      8   C0  02  00  00  00  00  0F  48     524.2030
     0102      8   A0  00  00  00  00  00  00  CE     524.2032
     0100      8   A0  00  00  00  00  00  00  CE     524.2038
     0100      8   C0  00  00  00  00  00  00  7F     524.2071
     0100      8   C0  00  00  00  00  00  00  7F     524.2095
     0100      8   C0  00  00  00  00  00  00  7F     524.2119
     0101      8   E0  01  00  00  00  00  0F  ED     524.2130
     0102      8   C0  00  00  00  00  00  00  7F     524.2132
     0100      8   C0  00  00  00  00  00  00  7F     524.2143
     0100      8   E0  00  00  00  00  00  00  10     524.2176
     0100      8   E0  00  00  00  00  00  00  10     524.2200
     0100      8   E0  00  00  00  00  00  00  10     524.2224
     0101      8   00  02  00  00  00  00  0F  37     524.2230
     0102      8   E0  00  00  00  00  00  00  10     524.2232
     0100      8   E0  00  00  00  00  00  00  10     524.2247
     0100      8   00  00  00  00  00  00  00  00     524.2280
     0100      8   00  00  00  00  00  00  00  00     524.2304
     0100      8   00  00  00  00  00  00  00  00     524.2328
     0101      8   20  02  00  00  00  00  0F  58     524.2330
     0102      8   00  00  00  00  00  00  00  00     524.2333
     0100      8   00  00  00  00  00  00  00  00     524.2352
     0100      8   20  00  00  00  00  00  00  6F     524.2385
     0100      8   20  00  00  00  00  00  00  6F     524.2409
     0101      8   40  01  00  00  00  00  0F  23     524.2430
     0102      8   20  00  00  00  00  00  00  6F     524.2432
     0100      8   20  00  00  00  00  00  00  6F     524.2435
     0501      8   07  25  00  00  00  00  00  E5     524.2437
     0100      8   40  00  00  00  00  00  00  DE     524.2466
     0100      8   40  00  00  00  00  00  00  DE     524.2489
     0100      8   40  00  00  00  00  00  00  DE     524.2513
     0101      8   60  02  00  00  00  00  0F  86     524.2530
     0102      8   40  00  00  00  00  00  00  DE     524.2532
     0100      8   40  00  00  00  00  00  00  DE     524.2537
     0100      8   60  00  00  00  00  00  00  B1     524.2570
     0100      8   60  00  00  00  00  00  00  B1     524.2594
     0100      8   60  00  00  00  00  00  00  B1     524.2618
     0101      8   80  02  00  00  00  00  0F  96     524.2630
     0102      8   60  00  00  00  00  00  00  B1     524.2632
     0100      8   60  00  00  00  00  00  00  B1     524.2642
     0100      8   80  00  00  00  00  00  00  A1     524.2675
     0100      8   80  00  00  00  00  00  00  A1     524.2699
     0100      8   80  00  00  00  00  00  00  A1     524.2722
     0101      8   A0  01  00  00  00  00  0F  33     524.2730
     0102      8   80  00  00  00  00  00  00  A1     524.2732
     0100      8   80  00  00  00  00  00  00  A1     524.2746
     0100      8   A0  00  00  00  00  00  00  CE     524.2779
     0100      8   A0  00  00  00  00  00  00  CE     524.2803
     0100      8   A0  00  00  00  00  00  00  CE     524.2827
     0101      8   C0  02  00  00  00  00  0F  48     524.2830
     0102      8   A0  00  00  00  00  00  00  CE     524.2832
     0100      8   A0  00  00  00  00  00  00  CE     524.2851
     0100      8   C0  00  00  00  00  00  00  7F     524.2884
     0100      8   C0  00  00  00  00  00  00  7F     524.2908
     0101      8   E0  02  00  00  00  00  0F  27     524.2930
     0100      8   C0  00  00  00  00  00  00  7F     524.2932
     0102      8   C0  00  00  00  00  00  00  7F     524.2935
     0100      8   E0  00  00  00  00  00  00  10     524.2965
     0100      8   E0  00  00  00  00  00  00  10     524.2988
     0100      8   E0  00  00  00  00  00  00  10     524.3012
     0101      8   00  02  00  00  00  00  0F  37     524.3030
     0102      8   E0  00  00  00  00  00  00  10     524.3032
     0100      8   E0  00  00  00  00  00  00  10     524.3036
     0100      8   00  00  00  00  00  00  00  00     524.3069
     0100      8   00  00  00  00  00  00  00  00     524.3093
     0100      8   00  00  00  00  00  00  00  00     524.3117
     0101      8   20  01  00  00  00  00  0F  92     524.3130
     0102      8   00  00  00  00  00  00  00  00     524.3132
     0100      8   00  00  00  00  00  00  00  00     524.3140
     0100      8   20  00  00  00  00  00  00  6F     524.3174
     0100      8   20  00  00  00  00  00  00  6F     524.3197
     0100      8   20  00  00  00  00  00  00  6F     524.3221
     0101      8   40  02  00  00  00  00  0F  E9     524.3230
     0102      8   20  00  00  00  00  00  00  6F     524.3232
     0100      8   20  00  00  00  00  00  00  6F     524.3245
     0100      8   40  00  00  00  00  00  00  DE     524.3278
     0100      8   40  00  00  00  00  00  00  DE     524.3302
     0100      8   40  00  00  00  00  00  00  DE     524.3326
     0101      8   60  02  00  00  00  00  0F  86     524.3330
     0102      8   40  00  00  00  00  00  00  DE     524.3332
     0100      8   40  00  00  00  00  00  00  DE     524.3350
     0100      8   60  00  00  00  00  00  00  B1     524.3383
     0100      8   60  00  00  00  00  00  00  B1     524.3406
     0101      8   80  01  00  00  00  00  0F  5C     524.3430
     0100      8   60  00  00  00  00  00  00  B1     524.3432
     0102      8   60  00  00  00  00  00  00  B1     524.3434
     0501      8   08  25  00  00  00  00  00  B9     524.3437
     0100      8   80  00  00  00  00  00  00  A1     524.3463
     0100      8   80  00  00  00  00  00  00  A1     524.3487
     0100      8   80  00  00  00  00  00  00  A1     524.3511
     0101      8   A0  02  00  00  00  00  0F  F9     524.3530
     0102      8   80  00  00  00  00  00  00  A1     524.3532
     0100      8   80  00  00  00  00  00  00  A1     524.3535
     0100      8   A0  00  00  00  00  00  00  CE     524.3568
     0100      8   A0  00  00  00  00  00  00  CE     524.3592
     0100      8   A0  00  00  00  00  00  00  CE     524.3616
     0101      8   C0  02  00  00  00  00  0F  48     524.3629
     0102      8   A0  00  00  00  00  00  00  CE     524.3632
     0100      8   A0  00  00  00  00  00  00  CE     524.3639
     0100      8   C0  00  00  00  00  00  00  7F     524.3672
     0100      8   C0  00  00  00  00  00  00  7F     524.3696
     0100      8   C0  00  00  00  00  00  00  7F     524.3720
     0101      8   E0  01  00  00  00  00  0F  ED     524.3730
     0102      8   C0  00  00  00  00  00  00  7F     524.3732
     0100      8   C0  00  00  00  00  00  00  7F     524.3744
     0100      8   E0  00  00  00  00  00  00  10     524.3777
     0100      8   E0  00  00  00  00  00  00  10     524.3801
     0100      8   E0  00  00  00  00  00  00  10     524.3825
     0101      8   00  02  00  00  00  00  0F  37     524.3829
     0102      8   E0  00  00  00  00  00  00  10     524.3832
     0100      8   E0  00  00  00  00  00  00  10     524.3848
     0100      8   00  00  00  00  00  00  00  00     524.3882
     0100      8   00  00  00  00  00  00  00  00     524.3905
     0100      8   00  00  00  00  00  00  00  00     524.3929
     0101      8   20  02  00  00  00  00  0F  58     524.3932
     0102      8   00  00  00  00  00  00  00  00     524.3934
     0100      8   00  00  00  00  00  00  00  00     524.3953
     0100      8   20  00  00  00  00  00  00  6F     524.3986
     0100      8   20  00  00  00  00  00  00  6F     524.4010
     0101      8   40  01  00  00  00  00  0F  23     524.4029
     0102      8   20  00  00  00  00  00  00  6F     524.4032
     0100      8   20  00  00  00  00  00  00  6F     524.4034
     0100      8   40  00  00  00  00  00  00  DE     524.4067
     0100      8   40  00  00  00  00  00  00  DE     524.4091
     0100      8   40  00  00  00  00  00  00  DE     524.4114
     0101      8   60  02  00  00  00  00  0F  86     524.4129
     0102      8   40  00  00  00  00  00  00  DE     524.4132
     0100      8   40  00  00  00  00  00  00  DE     524.4138
     0100      8   60  00  00  00  00  00  00  B1     524.4171
     0100      8   60  00  00  00  00  00  00  B1     524.4195
     0100      8   60  00  00  00  00  00  00  B1     524.4219
     0101      8   80  02  00  00  00  00  0F  96     524.4229
     0102      8   60  00  00  00  00  00  00  B1     524.4232
     0100      8   60  00  00  00  00  00  00  B1     524.4243
     0100      8   80  00  00  00  00  00  00  A1     524.4276
     0100      8   80  00  00  00  00  00  00  A1     524.4300
     0100      8   80  00  00  00  00  00  00  A1     524.4323
     0101      8   A0  01  00  00  00  00  0F  33     524.4329
     0102      8   80  00  00  00  00  00  00  A1     524.4332
     0100      8   80  00  00  00  00  00  00  A1     524.4347
     0100      8   A0  00  00  00  00  00  00  CE     524.4380
     0100      8   A0  00  00  00  00  00  00  CE     524.4404
     0100      8   A0  00  00  00  00  00  00  CE     524.4428
     0101      8   C0  02  00  00  00  00  0F  48     524.4430
     0102      8   A0  00  00  00  00  00  00  CE     524.4433
     0501      8   09  25  00  00  00  00  00  E4     524.4435
     0100      8   A0  00  00  00  00  00  00  CE     524.4452
     0100      8   C0  00  00  00  00  00  00  7F     524.4485
     0100      8   C0  00  00  00  00  00  00  7F     524.4509
     0101      8   E0  02  00  00  00  00  0F  27     524.4529
     0102      8   C0  00  00  00  00  00  00  7F     524.4532
     0100      8   C0  00  00  00  00  00  00  7F     524.4534
     0100      8   E0  00  00  00  00  00  00  10     524.4566
     0100      8   E0  00  00  00  00  00  00  10     524.4589
     0100      8   E0  00  00  00  00  00  00  10     524.4613
     0101      8   00  01  00  00  00  00  0F  FD     524.4629
     0102      8   E0  00  00  00  00  00  00  10     524.4632
     0100      8   E0  00  00  00  00  00  00  10     524.4637
     0100      8   00  00  00  00  00  00  00  00     524.4670
     0100      8   00  00  00  00  00  00  00  00     524.4694
     0100      8   00  00  00  00  00  00  00  00     524.4718
     0101      8   20  02  00  00  00  00  0F  58     524.4729
     0102      8   00  00  00  00  00  00  00  00     524.4732
     0100      8   00  00  00  00  00  00  00  00     524.4742
     0100      8   20  00  00  00  00  00  00  6F     524.4775
     0100      8   20  00  00  00  00  00  00  6F     524.4799
     0100      8   20  00  00  00  00  00  00  6F     524.4822
     0101      8   40  02  00  00  00  00  0F  E9     524.4829
     0102      8   20  00  00  00  00  00  00  6F     524.4832
     0100      8   20  00  00  00  00  00  00  6F     524.4846
     0100      8   40  00  00  00  00  00  00  DE     524.4879
     0100      8   40  00  00  00  00  00  00  DE     524.4903
     0100      8   40  00  00  00  00  00  00  DE     524.4927
     0101      8   60  01  00  00  00  00  0F  4C     524.4929
     0102      8   40  00  00  00  00  00  00  DE     524.4932
     0100      8   40  00  00  00  00  00  00  DE     524.4951
     0100      8   60  00  00  00  00  00  00  B1     524.4984
     0100      8   60  00  00  00  00  00  00  B1     524.5008
     0101      8   80  02  00  00  00  00  0F  96     524.5029
     0100      8   60  00  00  00  00  00  00  B1     524.5032
     0102      8   60  00  00  00  00  00  00  B1     524.5034
     0100      8   80  00  00  00  00  00  00  A1     524.5064
     0100      8   80  00  00  00  00  00  00  A1     524.5088
     0100      8   80  00  00  00  00  00  00  A1     524.5112
     0101      8   A0  02  00  00  00  00  0F  F9     524.5129
     0102      8   80  00  00  00  00  00  00  A1     524.5132
     0100      8   80  00  00  00  00  00  00  A1     524.5136
     0100      8   A0  00  00  00  00  00  00  CE     524.5169
     0100      8   A0  00  00  00  00  00  00  CE     524.5193
     0100      8   A0  00  00  00  00  00  00  CE     524.5217
     0101      8   C0  01  00  00  00  00  0F  82     524.5229
     0102      8   A0  00  00  00  00  00  00  CE     524.5232
     0100      8   A0  00  00  00  00  00  00  CE     524.5240
     0100      8   C0  00  00  00  00  00  00  7F     524.5274
     0100      8   C0  00  00  00  00  00  00  7F     524.5297
     0100      8   C0  00  00  00  00  00  00  7F     524.5321
     0101      8   E0  02  00  00  00  00  0F  27     524.5329
     0102      8   C0  00  00  00  00  00  00  7F     524.5332
     0100      8   C0  00  00  00  00  00  00  7F     524.5345
     0100      8   E0  00  00  00  00  00  00  10     524.5378
     0100      8   E0  00  00  00  00  00  00  10     524.5402
     0100      8   E0  00  00  00  00  00  00  10     524.5426
     0101      8   00  02  00  00  00  00  0F  37     524.5429
     0102      8   E0  00  00  00  00  00  00  10     524.5432
     0501      8   06  25  00  00  00  00  00  B8     524.5434
     0100      8   E0  00  00  00  00  00  00  10     524.5450
     0100      8   00  00  00  00  00  00  00  00     524.5483
     0100      8   00  00  00  00  00  00  00  00     524.5506
     0101      8   20  01  00  00  00  00  0F  92     524.5529
     0100      8   00  00  00  00  00  00  00  00     524.5532
     0102      8   00  00  00  00  00  00  00  00     524.5534
     0100      8   20  00  00  00  00  00  00  6F     524.5563
     0100      8   20  00  00  00  00  00  00  6F     524.5587
     0100      8   20  00  00  00  00  00  00  6F     524.5611
     0101      8   40  02  00  00  00  00  0F  E9     524.5629
     0102      8   20  00  00  00  00  00  00  6F     524.5632
     0100      8   20  00  00  00  00  00  00  6F     524.5635
     0100      8   40  00  00  00  00  00  00  DE     524.5668
     0100      8   40  00  00  00  00  00  00  DE     524.5692
     0100      8   40  00  00  00  00  00  00  DE     524.5715
     0101      8   60  02  00  00  00  00  0F  86     524.5729
     0102      8   40  00  00  00  00  00  00  DE     524.5732
     0100      8   40  00  00  00  00  00  00  DE     524.5739
     0100      8   60  00  00  00  00  00  00  B1     524.5772
     0100      8   60  00  00  00  00  00  00  B1     524.5796
     0100      8   60  00  00  00  00  00  00  B1     524.5820
     0101      8   80  01  00  00  00  00  0F  5C     524.5829
     0102      8   60  00  00  00  00  00  00  B1     524.5832
     0100      8   60  00  00  00  00  00  00  B1     524.5844
     0100      8   80  00  00  00  00  00  00  A1     524.5877
     0100      8   80  00  00  00  00  00  00  A1     524.5901
     0100      8   80  00  00  00  00  00  00  A1     524.5925
     0101      8   A0  01  00  00  00  00  0F  33     524.5929
     0102      8   80  00  00  00  00  00  00  A1     524.5932
     0100      8   80  00  00  00  00  00  00  A1     524.5948
     0100      8   A0  00  00  00  00  00  00  CE     524.5982
     0100      8   A0  00  00  00  00  00  00  CE     524.6005
     0100      8   A0  00  00  00  00  00  00  CE     524.6029
     0101      8   C0  02  00  00  00  00  0F  48     524.6032
     0102      8   A0  00  00  00  00  00  00  CE     524.6034
     0100      8   A0  00  00  00  00  00  00  CE     524.6053
     0100      8   C0  00  00  00  00  00  00  7F     524.6086
     0100      8   C0  00  00  00  00  00  00  7F     524.6110
     0101      8   E0  01  00  00  00  00  0F  ED     524.6129
     0102      8   C0  00  00  00  00  00  00  7F     524.6132
     0100      8   C0  00  00  00  00  00  00  7F     524.6134
     0100      8   E0  00  00  00  00  00  00  10     524.6167
     0100      8   E0  00  00  00  00  00  00  10     524.6191
     0100      8   E0  00  00  00  00  00  00  10     524.6214
     0101      8   00  02  00  00  00  00  0F  37     524.6229
     0102      8   E0  00  00  00  00  00  00  10     524.6232
     0100      8   E0  00  00  00  00  00  00  10     524.6238
     0100      8   00  00  00  00  00  00  00  00     524.6271
     0100      8   00  00  00  00  00  00  00  00     524.6295
     0100      8   00  00  00  00  00  00  00  00     524.6319
     0101      8   20  02  00  00  00  00  0F  58     524.6329
     0102      8   00  00  00  00  00  00  00  00     524.6332
     0100      8   00  00  00  00  00  00  00  00     524.6343
     0100      8   20  00  00  00  00  00  00  6F     524.6376
     0100      8   20  00  00  00  00  00  00  6F     524.6400
     0100      8   20  00  00  00  00  00  00  6F     524.6423
     0101      8   40  02  00  00  00  00  0F  E9     524.6429
     0102      8   20  00  00  00  00  00  00  6F     524.6432
     0501      8   06  25  00  00  00  00  00  B8     524.6434
     0100      8   20  00  00  00  00  00  00  6F     524.6447
     0100      8   40  00  00  00  00  00  00  DE     524.6480
     0100      8   40  00  00  00  00  00  00  DE     524.6504
     0100      8   40  00  00  00  00  00  00  DE     524.6528
     0101      8   60  01  00  00  00  00  0F  4C     524.6530
     0102      8   40  00  00  00  00  00  00  DE     524.6533
     0100      8   40  00  00  00  00  00  00  DE     524.6552
     0100      8   60  00  00  00  00  00  00  B1     524.6585
     0100      8   60  00  00  00  00  00  00  B1     524.6609
     0101      8   80  02  00  00  00  00  0F  96     524.6629
     0102      8   60  00  00  00  00  00  00  B1     524.6631
     0100      8   60  00  00  00  00  00  00  B1     524.6634
     0100      8   80  00  00  00  00  00  00  A1     524.6666
     0100      8   80  00  00  00  00  00  00  A1     524.6689
     0100      8   80  00  00  00  00  00  00  A1     524.6713
     0101      8   A0  02  00  00  00  00  0F  F9     524.6729
     0102      8   80  00  00  00  00  00  00  A1     524.6732
     0100      8   80  00  00  00  00  00  00  A1     524.6737
     0100      8   A0  00  00  00  00  00  00  CE     524.6770
     0100      8   A0  00  00  00  00  00  00  CE     524.6794
     0100      8   A0  00  00  00  00  00  00  CE     524.6818
     0101      8   C0  01  00  00  00  00  0F  82     524.6829
     0102      8   A0  00  00  00  00  00  00  CE     524.6832
     0100      8   A0  00  00  00  00  00  00  CE     524.6842
     0100      8   C0  00  00  00  00  00  00  7F     524.6875
     0100      8   C0  00  00  00  00  00  00  7F     524.6899
     0100      8   C0  00  00  00  00  00  00  7F     524.6922
     0101      8   E0  02  00  00  00  00  0F  27     524.6929
     0102      8   C0  00  00  00  00  00  00  7F     524.6931
     0100      8   C0  00  00  00  00  00  00  7F     524.6946
     0100      8   E0  00  00  00  00  00  00  10     524.6979
     0100      8   E0  00  00  00  00  00  00  10     524.7003
     0100      8   E0  00  00  00  00  00  00  10     524.7027
     0101      8   00  02  00  00  00  00  0F  37     524.7029
     0102      8   E0  00  00  00  00  00  00  10     524.7032
     0100      8   E0  00  00  00  00  00  00  10     524.7051
     0100      8   00  00  00  00  00  00  00  00     524.7084
     0100      8   00  00  00  00  00  00  00  00     524.7108
     0101      8   20  01  00  00  00  00  0F  92     524.7129
     0100      8   00  00  00  00  00  00  00  00     524.7132
     0102      8   00  00  00  00  00  00  00  00     524.7134
     0100      8   20  00  00  00  00  00  00  6F     524.7165
     0100      8   20  00  00  00  00  00  00  6F     524.7188
     0100      8   20  00  00  00  00  00  00  6F     524.7212
     0101      8   40  02  00  00  00  00  0F  E9     524.7229
     0102      8   20  00  00  00  00  00  00  6F     524.7231
     0100      8   20  00  00  00  00  00  00  6F     524.7236
     0100      8   40  00  00  00  00  00  00  DE     524.7269
     0100      8   40  00  00  00  00  00  00  DE     524.7293
     0100      8   40  00  00  00  00  00  00  DE     524.7317
     0101      8   60  02  00  00  00  00  0F  86     524.7329
     0102      8   40  00  00  00  00  00  00  DE     524.7331
     0100      8   40  00  00  00  00  00  00  DE     524.7340
     0100      8   60  00  00  00  00  00  00  B1     524.7374
     0100      8   60  00  00  00  00  00  00  B1     524.7397
     0100      8   60  00  00  00  00  00  00  B1     524.7421
     0101      8   80  01  00  00  00  00  0F  5C     524.7429
     0102      8   60  00  00  00  00  00  00  B1     524.7431
     0501      8   08  25  00  00  00  00  00  B9     524.7434
     0100      8   60  00  00  00  00  00  00  B1     524.7445
     0100      8   80  00  00  00  00  00  00  A1     524.7478
     0100      8   80  00  00  00  00  00  00  A1     524.7502
     0100      8   80  00  00  00  00  00  00  A1     524.7526
     0101      8   A0  02  00  00  00  00  0F  F9     524.7529
     0102      8   80  00  00  00  00  00  00  A1     524.7531
     0100      8   80  00  00  00  00  00  00  A1     524.7549
     0100      8   A0  00  00  00  00  00  00  CE     524.7583
     0100      8   A0  00  00  00  00  00  00  CE     524.7606
     0101      8   C0  02  00  00  00  00  0F  48     524.7629
     0100      8   A0  00  00  00  00  00  00  CE     524.7631
     0102      8   A0  00  00  00  00  00  00  CE     524.7634
     0100      8   C0  00  00  00  00  00  00  7F     524.7663
     0100      8   C0  00  00  00  00  00  00  7F     524.7687
     0100      8   C0  00  00  00  00  00  00  7F     524.7711
     0100      8   C0  00  00  00  00  00  00  7F     524.7735
     0100      8   C0  00  00  00  00  00  00  7F     524.7759
     0100      8   C0  00  00  00  00  00  00  7F     524.7782
     0100      8   C0  00  00  00  00  00  00  7F     524.7806
     0100      8   C0  00  00  00  00  00  00  7F     524.7830
     0100      8   C0  00  00  00  00  00  00  7F     524.7854
     0100      8   C0  00  00  00  00  00  00  7F     524.7878
     0100      8   C0  00  00  00  00  00  00  7F     524.7901
     0100      8   C0  00  00  00  00  00  00  7F     524.7925
     0100      8   C0  00  00  00  00  00  00  7F     524.7949
     0100      8   C0  00  00  00  00  00  00  7F     524.7973
     0100      8   C0  00  00  00  00  00  00  7F     524.7997
     0100      8   C0  00  00  00  00  00  00  7F     524.8020
     0100      8   C0  00  00  00  00  00  00  7F     524.8044
     0100      8   C0  00  00  00  00  00  00  7F     524.8068
     0100      8   C0  00  00  00  00  00  00  7F     524.8092
     0100      8   C0  00  00  00  00  00  00  7F     524.8116
     0100      8   C0  00  00  00  00  00  00  7F     524.8139
     0100      8   C0  00  00  00  00  00  00  7F     524.8163
     0100      8   C0  00  00  00  00  00  00  7F     524.8187
     0100      8   C0  00  00  00  00  00  00  7F     524.8211
     0100      8   C0  00  00  00  00  00  00  7F     524.8234
     0100      8   C0  00  00  00  00  00  00  7F     524.8258
     0100      8   C0  00  00  00  00  00  00  7F     524.8282
     0100      8   C0  00  00  00  00  00  00  7F     524.8306
     0100      8   C0  00  00  00  00  00  00  7F     524.8330
     0100      8   C0  00  00  00  00  00  00  7F     524.8353
     0100      8   C0  00  00  00  00  00  00  7F     524.8377
     0100      8   C0  00  00  00  00  00  00  7F     524.8401
     0100      8   C0  00  00  00  00  00  00  7F     524.8425
     0100      8   C0  00  00  00  00  00  00  7F     524.8449
     0100      8   C0  00  00  00  00  00  00  7F     524.8472
     0100      8   C0  00  00  00  00  00  00  7F     524.8496
     0100      8   C0  00  00  00  00  00  00  7F     524.8520
     0100      8   C0  00  00  00  00  00  00  7F     524.8544
     0100      8   C0  00  00  00  00  00  00  7F     524.8568
     0100      8   C0  00  00  00  00  00  00  7F     524.8591
     0100      8   C0  00  00  00  00  00  00  7F     524.8615
     0100      8   C0  00  00  00  00  00  00  7F     524.8639
     0100      8   C0  00  00  00  00  00  00  7F     524.8663
     0100      8   C0  00  00  00  00  00  00  7F     524.8687
     0100      8   C0  00  00  00  00  00  00  7F     524.8710
     0100      8   C0  00  00  00  00  00  00  7F     524.8734
     0100      8   C0  00  00  00  00  00  00  7F     524.8758
     0100      8   C0  00  00  00  00  00  00  7F     524.8782
     0100      8   C0  00  00  00  00  00  00  7F     524.8806
     0100      8   C0  00  00  00  00  00  00  7F     524.8829
     0100      8   C0  00  00  00  00  00  00  7F     524.8853
     0100      8   C0  00  00  00  00  00  00  7F     524.8877
     0100      8   C0  00  00  00  00  00  00  7F     524.8901
     0100      8   C0  00  00  00  00  00  00  7F     524.8925
     0100      8   C0  00  00  00  00  00  00  7F     524.8948
     0100      8   C0  00  00  00  00  00  00  7F     524.8972
     0100      8   C0  00  00  00  00  00  00  7F     524.8996
     0100      8   C0  00  00  00  00  00  00  7F     524.9020
     0100      8   C0  00  00  00  00  00  00  7F     524.9044
     0100      8   C0  00  00  00  00  00  00  7F     524.9067
     0100      8   C0  00  00  00  00  00  00  7F     524.9091
     0100      8   C0  00  00  00  00  00  00  7F     524.9115
     0100      8   C0  00  00  00  00  00  00  7F     524.9139
     0100      8   C0  00  00  00  00  00  00  7F     524.9163
     0100      8   C0  00  00  00  00  00  00  7F     524.9186
     0100      8   C0  00  00  00  00  00  00  7F     524.9210
     0100      8   C0  00  00  00  00  00  00  7F     524.9234
     0100      8   C0  00  00  00  00  00  00  7F     524.9258
     0100      8   C0  00  00  00  00  00  00  7F     524.9282
     0100      8   C0  00  00  00  00  00  00  7F     524.9305
     0100      8   C0  00  00  00  00  00  00  7F     524.9329
     0100      8   C0  00  00  00  00  00  00  7F     524.9353
     0100      8   C0  00  00  00  00  00  00  7F     524.9377
     0100      8   C0  00  00  00  00  00  00  7F     524.9401
     0100      8   C0  00  00  00  00  00  00  7F     524.9424
     0100      8   C0  00  00  00  00  00  00  7F     524.9448
     0100      8   C0  00  00  00  00  00  00  7F     524.9472
     0100      8   C0  00  00  00  00  00  00  7F     524.9496
     0100      8   C0  00  00  00  00  00  00  7F     524.9519
     0100      8   C0  00  00  00  00  00  00  7F     524.9543
     0100      8   C0  00  00  00  00  00  00  7F     524.9567
     0100      8   C0  00  00  00  00  00  00  7F     524.9591
     0100      8   C0  00  00  00  00  00  00  7F     524.9615
     0100      8   C0  00  00  00  00  00  00  7F     524.9638
     0100      8   C0  00  00  00  00  00  00  7F     524.9662
     0100      8   C0  00  00  00  00  00  00  7F     524.9686
     0100      8   C0  00  00  00  00  00  00  7F     524.9710
     0100      8   C0  00  00  00  00  00  00  7F     524.9734
     0100      8   C0  00  00  00  00  00  00  7F     524.9757
     0100      8   C0  00  00  00  00  00  00  7F     524.9781
     0100      8   C0  00  00  00  00  00  00  7F     524.9805
     0100      8   C0  00  00  00  00  00  00  7F     524.9829
     0100      8   C0  00  00  00  00  00  00  7F     524.9853
     0100      8   C0  00  00  00  00  00  00  7F     524.9876
     0100      8   C0  00  00  00  00  00  00  7F     524.9900
     0100      8   C0  00  00  00  00  00  00  7F     524.9924
     0100      8   C0  00  00  00  00  00  00  7F     524.9948
     0100      8   C0  00  00  00  00  00  00  7F     524.9972
     0100      8   C0  00  00  00  00  00  00  7F     524.9995
     0100      8   C0  00  00  00  00  00  00  7F     525.0019
     0100      8   C0  00  00  00  00  00  00  7F     525.0043
     0100      8   C0  00  00  00  00  00  00  7F     525.0067
     0100      8   C0  00  00  00  00  00  00  7F     525.0091
     0100      8   C0  00  00  00  00  00  00  7F     525.0114
     0100      8   C0  00  00  00  00  00  00  7F     525.0138
     0100      8   C0  00  00  00  00  00  00  7F     525.0162
     0100      8   C0  00  00  00  00  00  00  7F     525.0186
     0100      8   C0  00  00  00  00  00  00  7F     525.0210
     0100      8   C0  00  00  00  00  00  00  7F     525.0233
     0100      8   C0  00  00  00  00  00  00  7F     525.0257
     0100      8   C0  00  00  00  00  00  00  7F     525.0281
     0100      8   C0  00  00  00  00  00  00  7F     525.0305
     0100      8   C0  00  00  00  00  00  00  7F     525.0329
     0100      8   C0  00  00  00  00  00  00  7F     525.0352
     0100      8   C0  00  00  00  00  00  00  7F     525.0376
     0100      8   C0  00  00  00  00  00  00  7F     525.0400
     0100      8   C0  00  00  00  00  00  00  7F     525.0424
     0100      8   C0  00  00  00  00  00  00  7F     525.0448
     0100      8   C0  00  00  00  00  00  00  7F     525.0471
     0100      8   C0  00  00  00  00  00  00  7F     525.0495
     0100      8   C0  00  00  00  00  00  00  7F     525.0519
     0100      8   C0  00  00  00  00  00  00  7F     525.0543
     0100      8   C0  00  00  00  00  00  00  7F     525.0566
     0100      8   C0  00  00  00  00  00  00  7F     525.0590
     0100      8   C0  00  00  00  00  00  00  7F     525.0614
     0100      8   C0  00  00  00  00  00  00  7F     525.0638
     0100      8   C0  00  00  00  00  00  00  7F     525.0662
     0100      8   C0  00  00  00  00  00  00  7F     525.0685
     0100      8   C0  00  00  00  00  00  00  7F     525.0709
     0100      8   C0  00  00  00  00  00  00  7F     525.0733
     0100      8   C0  00  00  00  00  00  00  7F     525.0757
     0100      8   C0  00  00  00  00  00  00  7F     525.0781
     0100      8   C0  00  00  00  00  00  00  7F     525.0804
     0100      8   C0  00  00  00  00  00  00  7F     525.0828
     0100      8   C0  00  00  00  00  00  00  7F     525.0852
     0100      8   C0  00  00  00  00  00  00  7F     525.0876
     0100      8   C0  00  00  00  00  00  00  7F     525.0900
     0100      8   C0  00  00  00  00  00  00  7F     525.0923
     0100      8   C0  00  00  00  00  00  00  7F     525.0947
     0100      8   C0  00  00  00  00  00  00  7F     525.0971
     0100      8   C0  00  00  00  00  00  00  7F     525.0995
     0100      8   C0  00  00  00  00  00  00  7F     525.1019
     0100      8   C0  00  00  00  00  00  00  7F     525.1042
     0100      8   C0  00  00  00  00  00  00  7F     525.1066
     0100      8   C0  00  00  00  00  00  00  7F     525.1090
     0100      8   C0  00  00  00  00  00  00  7F     525.1114
     0100      8   C0  00  00  00  00  00  00  7F     525.1138
     0100      8   C0  00  00  00  00  00  00  7F     525.1161
     0100      8   C0  00  00  00  00  00  00  7F     525.1185
     0100      8   C0  00  00  00  00  00  00  7F     525.1209
     0100      8   C0  00  00  00  00  00  00  7F     525.1233
     0100      8   C0  00  00  00  00  00  00  7F     525.1257
     0100      8   C0  00  00  00  00  00  00  7F     525.1280
     0100      8   C0  00  00  00  00  00  00  7F     525.1304
     0100      8   C0  00  00  00  00  00  00  7F     525.1328
     0100      8   C0  00  00  00  00  00  00  7F     525.1352
     0100      8   C0  00  00  00  00  00  00  7F     525.1376
     0100      8   C0  00  00  00  00  00  00  7F     525.1399
     0100      8   C0  00  00  00  00  00  00  7F     525.1423
     0100      8   C0  00  00  00  00  00  00  7F     525.1447
     0100      8   C0  00  00  00  00  00  00  7F     525.1471
     0100      8   C0  00  00  00  00  00  00  7F     525.1495
     0100      8   C0  00  00  00  00  00  00  7F     525.1518
     0100      8   C0  00  00  00  00  00  00  7F     525.1542
     0100      8   C0  00  00  00  00  00  00  7F     525.1566
     0100      8   C0  00  00  00  00  00  00  7F     525.1590
     0100      8   C0  00  00  00  00  00  00  7F     525.1614
     0100      8   C0  00  00  00  00  00  00  7F     525.1637
     0100      8   C0  00  00  00  00  00  00  7F     525.1661
     0100      8   C0  00  00  00  00  00  00  7F     525.1685
     0100      8   C0  00  00  00  00  00  00  7F     525.1709
     0100      8   C0  00  00  00  00  00  00  7F     525.1732
     0100      8   C0  00  00  00  00  00  00  7F     525.1756
     0100      8   C0  00  00  00  00  00  00  7F     525.1780
     0100      8   C0  00  00  00  00  00  00  7F     525.1804
     0100      8   C0  00  00  00  00  00  00  7F     525.1828
     0100      8   C0  00  00  00  00  00  00  7F     525.1851
     0100      8   C0  00  00  00  00  00  00  7F     525.1875
     0100      8   C0  00  00  00  00  00  00  7F     525.1899
     0100      8   C0  00  00  00  00  00  00  7F     525.1923
     0100      8   C0  00  00  00  00  00  00  7F     525.1947
     0100      8   C0  00  00  00  00  00  00  7F     525.1971
     0100      8   C0  00  00  00  00  00  00  7F     525.1994
     0100      8   C0  00  00  00  00  00  00  7F     525.2018
     0100      8   C0  00  00  00  00  00  00  7F     525.2042
     0100      8   C0  00  00  00  00  00  00  7F     525.2066
     0100      8   C0  00  00  00  00  00  00  7F     525.2089
     0100      8   C0  00  00  00  00  00  00  7F     525.2113
     0100      8   C0  00  00  00  00  00  00  7F     525.2137
     0100      8   C0  00  00  00  00  00  00  7F     525.2161
     0100      8   C0  00  00  00  00  00  00  7F     525.2185
     0100      8   C0  00  00  00  00  00  00  7F     525.2208
     0100      8   C0  00  00  00  00  00  00  7F     525.2232
     0100      8   C0  00  00  00  00  00  00  7F     525.2256
     0100      8   C0  00  00  00  00  00  00  7F     525.2280
     0100      8   C0  00  00  00  00  00  00  7F     525.2304
     0100      8   C0  00  00  00  00  00  00  7F     525.2327
     0100      8   C0  00  00  00  00  00  00  7F     525.2351
     0100      8   C0  00  00  00  00  00  00  7F     525.2375
     0100      8   C0  00  00  00  00  00  00  7F     525.2399
     0100      8   C0  00  00  00  00  00  00  7F     525.2423
     0100      8   C0  00  00  00  00  00  00  7F     525.2446
     0100      8   C0  00  00  00  00  00  00  7F     525.2470
     0100      8   C0  00  00  00  00  00  00  7F     525.2494
     0100      8   C0  00  00  00  00  00  00  7F     525.2518
     0100      8   C0  00  00  00  00  00  00  7F     525.2542
     0100      8   C0  00  00  00  00  00  00  7F     525.2565
     0100      8   C0  00  00  00  00  00  00  7F     525.2589
     0100      8   C0  00  00  00  00  00  00  7F     525.2613
     0100      8   C0  00  00  00  00  00  00  7F     525.2637
     0100      8   C0  00  00  00  00  00  00  7F     525.2661
     0100      8   C0  00  00  00  00  00  00  7F     525.2684
     0100      8   C0  00  00  00  00  00  00  7F     525.2708
     0100      8   C0  00  00  00  00  00  00  7F     525.2732
     0100      8   C0  00  00  00  00  00  00  7F     525.2756
     0100      8   C0  00  00  00  00  00  00  7F     525.2780
     0100      8   C0  00  00  00  00  00  00  7F     525.2803
     0100      8   C0  00  00  00  00  00  00  7F     525.2827
     0100      8   C0  00  00  00  00  00  00  7F     525.2851
     0100      8   C0  00  00  00  00  00  00  7F     525.2875
     0100      8   C0  00  00  00  00  00  00  7F     525.2899
     0100      8   C0  00  00  00  00  00  00  7F     525.2922
     0100      8   C0  00  00  00  00  00  00  7F     525.2946
     0100      8   C0  00  00  00  00  00  00  7F     525.2970
     0100      8   C0  00  00  00  00  00  00  7F     525.2994
     0100      8   C0  00  00  00  00  00  00  7F     525.3017
     0100      8   C0  00  00  00  00  00  00  7F     525.3041
     0100      8   C0  00  00  00  00  00  00  7F     525.3065
     0100      8   C0  00  00  00  00  00  00  7F     525.3089
     0100      8   C0  00  00  00  00  00  00  7F     525.3113
     0100      8   C0  00  00  00  00  00  00  7F     525.3137
     0100      8   C0  00  00  00  00  00  00  7F     525.3160
     0100      8   C0  00  00  00  00  00  00  7F     525.3184
     0100      8   C0  00  00  00  00  00  00  7F     525.3208
     0100      8   C0  00  00  00  00  00  00  7F     525.3232
     0100      8   C0  00  00  00  00  00  00  7F     525.3255
     0100      8   C0  00  00  00  00  00  00  7F     525.3279
     0100      8   C0  00  00  00  00  00  00  7F     525.3303
     0100      8   C0  00  00  00  00  00  00  7F     525.3327
     0100      8   C0  00  00  00  00  00  00  7F     525.3351
     0100      8   C0  00  00  00  00  00  00  7F     525.3374
     0100      8   C0  00  00  00  00  00  00  7F     525.3398
     0100      8   C0  00  00  00  00  00  00  7F     525.3422
     0100      8   C0  00  00  00  00  00  00  7F     525.3446
     0100      8   C0  00  00  00  00  00  00  7F     525.3470
     0100      8   C0  00  00  00  00  00  00  7F     525.3493
     0100      8   C0  00  00  00  00  00  00  7F     525.3517
     0100      8   C0  00  00  00  00  00  00  7F     525.3541
     0100      8   C0  00  00  00  00  00  00  7F     525.3565
     0100      8   C0  00  00  00  00  00  00  7F     525.3589
     0100      8   C0  00  00  00  00  00  00  7F     525.3612
     0100      8   C0  00  00  00  00  00  00  7F     525.3636
     0100      8   C0  00  00  00  00  00  00  7F     525.3660
     0100      8   C0  00  00  00  00  00  00  7F     525.3684
     0100      8   C0  00  00  00  00  00  00  7F     525.3708
     0100      8   C0  00  00  00  00  00  00  7F     525.3731
     0100      8   C0  00  00  00  00  00  00  7F     525.3755
     0100      8   C0  00  00  00  00  00  00  7F     525.3779
     0100      8   C0  00  00  00  00  00  00  7F     525.3803
     0100      8   C0  00  00  00  00  00  00  7F     525.3827
     0100      8   C0  00  00  00  00  00  00  7F     525.3850
     0100      8   C0  00  00  00  00  00  00  7F     525.3874
     0100      8   C0  00  00  00  00  00  00  7F     525.3898
     0100      8   C0  00  00  00  00  00  00  7F     525.3922
     0100      8   C0  00  00  00  00  00  00  7F     525.3946
     0100      8   C0  00  00  00  00  00  00  7F     525.3969
     0100      8   C0  00  00  00  00  00  00  7F     525.3993
     0100      8   C0  00  00  00  00  00  00  7F     525.4017
     0100      8   C0  00  00  00  00  00  00  7F     525.4041
     0100      8   C0  00  00  00  00  00  00  7F     525.4065
     0100      8   C0  00  00  00  00  00  00  7F     525.4088
     0100      8   C0  00  00  00  00  00  00  7F     525.4112
     0100      8   C0  00  00  00  00  00  00  7F     525.4136
     0100      8   C0  00  00  00  00  00  00  7F     525.4160
     0100      8   C0  00  00  00  00  00  00  7F     525.4183
     0100      8   C0  00  00  00  00  00  00  7F     525.4207
     0100      8   C0  00  00  00  00  00  00  7F     525.4231
     0100      8   C0  00  00  00  00  00  00  7F     525.4255
     0100      8   C0  00  00  00  00  00  00  7F     525.4279
     0100      8   C0  00  00  00  00  00  00  7F     525.4302
     0100      8   C0  00  00  00  00  00  00  7F     525.4326
     0100      8   C0  00  00  00  00  00  00  7F     525.4350
     0100      8   C0  00  00  00  00  00  00  7F     525.4374
     0100      8   C0  00  00  00  00  00  00  7F     525.4398
     0100      8   C0  00  00  00  00  00  00  7F     525.4421
     0100      8   C0  00  00  00  00  00  00  7F     525.4445
     0100      8   C0  00  00  00  00  00  00  7F     525.4469
     0100      8   C0  00  00  00  00  00  00  7F     525.4493
     0100      8   C0  00  00  00  00  00  00  7F     525.4517
     0100      8   C0  00  00  00  00  00  00  7F     525.4540
     0100      8   C0  00  00  00  00  00  00  7F     525.4564
     0100      8   C0  00  00  00  00  00  00  7F     525.4588
     0100      8   C0  00  00  00  00  00  00  7F     525.4612
     0100      8   C0  00  00  00  00  00  00  7F     525.4636
     0100      8   C0  00  00  00  00  00  00  7F     525.4659
     0100      8   C0  00  00  00  00  00  00  7F     525.4683
     0100      8   C0  00  00  00  00  00  00  7F     525.4707
     0100      8   C0  00  00  00  00  00  00  7F     525.4731
     0100      8   C0  00  00  00  00  00  00  7F     525.4755
     0100      8   C0  00  00  00  00  00  00  7F     525.4778
     0100      8   C0  00  00  00  00  00  00  7F     525.4802
     0100      8   C0  00  00  00  00  00  00  7F     525.4826
     0100      8   C0  00  00  00  00  00  00  7F     525.4850
     0100      8   C0  00  00  00  00  00  00  7F     525.4874
     0100      8   C0  00  00  00  00  00  00  7F     525.4897
     0100      8   C0  00  00  00  00  00  00  7F     525.4921
     0100      8   C0  00  00  00  00  00  00  7F     525.4945
     0100      8   C0  00  00  00  00  00  00  7F     525.4969
     0100      8   C0  00  00  00  00  00  00  7F     525.4993
     0100      8   C0  00  00  00  00  00  00  7F     525.5016
     0100      8   C0  00  00  00  00  00  00  7F     525.5040
     0100      8   C0  00  00  00  00  00  00  7F     525.5064
     0100      8   C0  00  00  00  00  00  00  7F     525.5088
     0100      8   C0  00  00  00  00  00  00  7F     525.5112
     0100      8   C0  00  00  00  00  00  00  7F     525.5135
     0100      8   C0  00  00  00  00  00  00  7F     525.5159
     0100      8   C0  00  00  00  00  00  00  7F     525.5183
     0100      8   C0  00  00  00  00  00  00  7F     525.5207
     0100      8   C0  00  00  00  00  00  00  7F     525.5231
     0100      8   C0  00  00  00  00  00  00  7F     525.5254
     0100      8   C0  00  00  00  00  00  00  7F     525.5278
     0100      8   C0  00  00  00  00  00  00  7F     525.5302
     0100      8   C0  00  00  00  00  00  00  7F     525.5326
     0100      8   C0  00  00  00  00  00  00  7F     525.5350
     0100      8   C0  00  00  00  00  00  00  7F     525.5373
     0100      8   C0  00  00  00  00  00  00  7F     525.5397
     0100      8   C0  00  00  00  00  00  00  7F     525.5421
     0100      8   C0  00  00  00  00  00  00  7F     525.5445
     0100      8   C0  00  00  00  00  00  00  7F     525.5468
     0100      8   C0  00  00  00  00  00  00  7F     525.5492
     0100      8   C0  00  00  00  00  00  00  7F     525.5516
     0100      8   C0  00  00  00  00  00  00  7F     525.5540
     0100      8   C0  00  00  00  00  00  00  7F     525.5564
     0100      8   C0  00  00  00  00  00  00  7F     525.5587
     0100      8   C0  00  00  00  00  00  00  7F     525.5611
     0100      8   C0  00  00  00  00  00  00  7F     525.5635
     0100      8   C0  00  00  00  00  00  00  7F     525.5659
     0100      8   C0  00  00  00  00  00  00  7F     525.5683
     0100      8   C0  00  00  00  00  00  00  7F     525.5706
     0100      8   C0  00  00  00  00  00  00  7F     525.5730
     0100      8   C0  00  00  00  00  00  00  7F     525.5754
     0100      8   C0  00  00  00  00  00  00  7F     525.5778
     0100      8   C0  00  00  00  00  00  00  7F     525.5802
     0100      8   C0  00  00  00  00  00  00  7F     525.5825
     0100      8   C0  00  00  00  00  00  00  7F     525.5849
     0100      8   C0  00  00  00  00  00  00  7F     525.5873
     0100      8   C0  00  00  00  00  00  00  7F     525.5897
     0100      8   C0  00  00  00  00  00  00  7F     525.5921
     0100      8   C0  00  00  00  00  00  00  7F     525.5944
     0100      8   C0  00  00  00  00  00  00  7F     525.5968
     0100      8   C0  00  00  00  00  00  00  7F     525.5992
     0100      8   C0  00  00  00  00  00  00  7F     525.6016
     0100      8   C0  00  00  00  00  00  00  7F     525.6040
     0100      8   C0  00  00  00  00  00  00  7F     525.6063
     0100      8   C0  00  00  00  00  00  00  7F     525.6087
     0100      8   C0  00  00  00  00  00  00  7F     525.6111
     0100      8   C0  00  00  00  00  00  00  7F     525.6135
     0100      8   C0  00  00  00  00  00  00  7F     525.6159
     0100      8   C0  00  00  00  00  00  00  7F     525.6182
     0100      8   C0  00  00  00  00  00  00  7F     525.6206
     0100      8   C0  00  00  00  00  00  00  7F     525.6230
     0100      8   C0  00  00  00  00  00  00  7F     525.6254
     0100      8   C0  00  00  00  00  00  00  7F     525.6278
     0100      8   C0  00  00  00  00  00  00  7F     525.6301
     0100      8   C0  00  00  00  00  00  00  7F     525.6325
     0100      8   C0  00  00  00  00  00  00  7F     525.6349
     0100      8   C0  00  00  00  00  00  00  7F     525.6373
     0100      8   C0  00  00  00  00  00  00  7F     525.6397
     0100      8   C0  00  00  00  00  00  00  7F     525.6420
     0100      8   C0  00  00  00  00  00  00  7F     525.6444
     0100      8   C0  00  00  00  00  00  00  7F     525.6468
     0100      8   C0  00  00  00  00  00  00  7F     525.6492
     0100      8   C0  00  00  00  00  00  00  7F     525.6516
     0100      8   C0  00  00  00  00  00  00  7F     525.6539
     0100      8   C0  00  00  00  00  00  00  7F     525.6563
     0100      8   C0  00  00  00  00  00  00  7F     525.6587
     0100      8   C0  00  00  00  00  00  00  7F     525.6611
     0100      8   C0  00  00  00  00  00  00  7F     525.6634
     0100      8   C0  00  00  00  00  00  00  7F     525.6658
     0100      8   C0  00  00  00  00  00  00  7F     525.6682
     0100      8   C0  00  00  00  00  00  00  7F     525.6706
     0100      8   C0  00  00  00  00  00  00  7F     525.6730
     0100      8   C0  00  00  00  00  00  00  7F     525.6753
     0100      8   C0  00  00  00  00  00  00  7F     525.6777
     0100      8   C0  00  00  00  00  00  00  7F     525.6801
     0100      8   C0  00  00  00  00  00  00  7F     525.6825
     0100      8   C0  00  00  00  00  00  00  7F     525.6849
     0100      8   C0  00  00  00  00  00  00  7F     525.6872
     0100      8   C0  00  00  00  00  00  00  7F     525.6896
     0100      8   C0  00  00  00  00  00  00  7F     525.6920
     0100      8   C0  00  00  00  00  00  00  7F     525.6944
     0100      8   C0  00  00  00  00  00  00  7F     525.6968
     0100      8   C0  00  00  00  00  00  00  7F     525.6991
     0100      8   C0  00  00  00  00  00  00  7F     525.7015
     0100      8   C0  00  00  00  00  00  00  7F     525.7039
     0100      8   C0  00  00  00  00  00  00  7F     525.7063
     0100      8   C0  00  00  00  00  00  00  7F     525.7087
     0100      8   C0  00  00  00  00  00  00  7F     525.7110
     0100      8   C0  00  00  00  00  00  00  7F     525.7134
     0100      8   C0  00  00  00  00  00  00  7F     525.7158
     0100      8   C0  00  00  00  00  00  00  7F     525.7182
     0100      8   C0  00  00  00  00  00  00  7F     525.7206
     0100      8   C0  00  00  00  00  00  00  7F     525.7229
     0100      8   C0  00  00  00  00  00  00  7F     525.7253
     0100      8   C0  00  00  00  00  00  00  7F     525.7277
     0100      8   C0  00  00  00  00  00  00  7F     525.7301
     0100      8   C0  00  00  00  00  00  00  7F     525.7325
     0100      8   C0  00  00  00  00  00  00  7F     525.7348
     0100      8   C0  00  00  00  00  00  00  7F     525.7372
     0100      8   C0  00  00  00  00  00  00  7F     525.7396
     0100      8   C0  00  00  00  00  00  00  7F     525.7420
     0100      8   C0  00  00  00  00  00  00  7F     525.7444
     0100      8   C0  00  00  00  00  00  00  7F     525.7467
     0100      8   C0  00  00  00  00  00  00  7F     525.7491
     0100      8   C0  00  00  00  00  00  00  7F     525.7515
     0100      8   C0  00  00  00  00  00  00  7F     525.7539
     0100      8   C0  00  00  00  00  00  00  7F     525.7563
     0100      8   C0  00  00  00  00  00  00  7F     525.7586
     0100      8   C0  00  00  00  00  00  00  7F     525.7610
     0100      8   C0  00  00  00  00  00  00  7F     525.7634
     0100      8   C0  00  00  00  00  00  00  7F     525.7658
     0100      8   C0  00  00  00  00  00  00  7F     525.7681
     0100      8   C0  00  00  00  00  00  00  7F     525.7705
     0100      8   C0  00  00  00  00  00  00  7F     525.7729
     0100      8   C0  00  00  00  00  00  00  7F     525.7753
     0100      8   C0  00  00  00  00  00  00  7F     525.7777
     0100      8   C0  00  00  00  00  00  00  7F     525.7800
     0100      8   C0  00  00  00  00  00  00  7F     525.7824
     0100      8   C0  00  00  00  00  00  00  7F     525.7848
     0100      8   C0  00  00  00  00  00  00  7F     525.7872
     0100      8   C0  00  00  00  00  00  00  7F     525.7896
     0100      8   C0  00  00  00  00  00  00  7F     525.7920
     0100      8   C0  00  00  00  00  00  00  7F     525.7943
     0100      8   C0  00  00  00  00  00  00  7F     525.7967
     0100      8   C0  00  00  00  00  00  00  7F     525.7991
     0100      8   C0  00  00  00  00  00  00  7F     525.8015
     0100      8   C0  00  00  00  00  00  00  7F     525.8038
     0100      8   C0  00  00  00  00  00  00  7F     525.8062
     0100      8   C0  00  00  00  00  00  00  7F     525.8086
     0100      8   C0  00  00  00  00  00  00  7F     525.8110
     0100      8   C0  00  00  00  00  00  00  7F     525.8134
     0100      8   C0  00  00  00  00  00  00  7F     525.8157
     0100      8   C0  00  00  00  00  00  00  7F     525.8181
     0100      8   C0  00  00  00  00  00  00  7F     525.8205
     0100      8   C0  00  00  00  00  00  00  7F     525.8229
     0100      8   C0  00  00  00  00  00  00  7F     525.8253
     0100      8   C0  00  00  00  00  00  00  7F     525.8276
     0100      8   C0  00  00  00  00  00  00  7F     525.8300
     0100      8   C0  00  00  00  00  00  00  7F     525.8324
     0100      8   C0  00  00  00  00  00  00  7F     525.8348
     0100      8   C0  00  00  00  00  00  00  7F     525.8372
     0100      8   C0  00  00  00  00  00  00  7F     525.8395
     0100      8   C0  00  00  00  00  00  00  7F     525.8419
     0100      8   C0  00  00  00  00  00  00  7F     525.8443
     0100      8   C0  00  00  00  00  00  00  7F     525.8467
     0100      8   C0  00  00  00  00  00  00  7F     525.8491
     0100      8   C0  00  00  00  00  00  00  7F     525.8514
     0100      8   C0  00  00  00  00  00  00  7F     525.8538
     0100      8   C0  00  00  00  00  00  00  7F     525.8562
     0100      8   C0  00  00  00  00  00  00  7F     525.8586
     0100      8   C0  00  00  00  00  00  00  7F     525.8610
     0100      8   C0  00  00  00  00  00  00  7F     525.8633
     0100      8   C0  00  00  00  00  00  00  7F     525.8657
     0100      8   C0  00  00  00  00  00  00  7F     525.8681
     0100      8   C0  00  00  00  00  00  00  7F     525.8705
     0100      8   C0  00  00  00  00  00  00  7F     525.8729
     0100      8   C0  00  00  00  00  00  00  7F     525.8752
     0100      8   C0  00  00  00  00  00  00  7F     525.8776
     0100      8   C0  00  00  00  00  00  00  7F     525.8800
     0100      8   C0  00  00  00  00  00  00  7F     525.8824
     0100      8   C0  00  00  00  00  00  00  7F     525.8847
     0100      8   C0  00  00  00  00  00  00  7F     525.8871
     0100      8   C0  00  00  00  00  00  00  7F     525.8895
     0100      8   C0  00  00  00  00  00  00  7F     525.8919
     0100      8   C0  00  00  00  00  00  00  7F     525.8943
     0100      8   C0  00  00  00  00  00  00  7F     525.8966
     0100      8   C0  00  00  00  00  00  00  7F     525.8990
     0100      8   C0  00  00  00  00  00  00  7F     525.9014
     0100      8   C0  00  00  00  00  00  00  7F     525.9038
     0100      8   C0  00  00  00  00  00  00  7F     525.9062
     0100      8   C0  00  00  00  00  00  00  7F     525.9086
     0100      8   C0  00  00  00  00  00  00  7F     525.9109
     0100      8   C0  00  00  00  00  00  00  7F     525.9133
     0100      8   C0  00  00  00  00  00  00  7F     525.9157
     0100      8   C0  00  00  00  00  00  00  7F     525.9181
     0100      8   C0  00  00  00  00  00  00  7F     525.9204
     0100      8   C0  00  00  00  00  00  00  7F     525.9228
     0100      8   C0  00  00  00  00  00  00  7F     525.9252
     0100      8   C0  00  00  00  00  00  00  7F     525.9276
     0100      8   C0  00  00  00  00  00  00  7F     525.9300
     0100      8   C0  00  00  00  00  00  00  7F     525.9323
     0100      8   C0  00  00  00  00  00  00  7F     525.9347
     0100      8   C0  00  00  00  00  00  00  7F     525.9371
     0100      8   C0  00  00  00  00  00  00  7F     525.9395
     0100      8   C0  00  00  00  00  00  00  7F     525.9419
     0100      8   C0  00  00  00  00  00  00  7F     525.9442
     0100      8   C0  00  00  00  00  00  00  7F     525.9466
     0100      8   C0  00  00  00  00  00  00  7F     525.9490
     0100      8   C0  00  00  00  00  00  00  7F     525.9514
     0100      8   C0  00  00  00  00  00  00  7F     525.9538
     0100      8   C0  00  00  00  00  00  00  7F     525.9561
     0100      8   C0  00  00  00  00  00  00  7F     525.9585
     0100      8   C0  00  00  00  00  00  00  7F     525.9609
     0100      8   C0  00  00  00  00  00  00  7F     525.9633
     0100      8   C0  00  00  00  00  00  00  7F     525.9657
     0100      8   C0  00  00  00  00  00  00  7F     525.9680
     0100      8   C0  00  00  00  00  00  00  7F     525.9704
     0100      8   C0  00  00  00  00  00  00  7F     525.9728
     0100      8   C0  00  00  00  00  00  00  7F     525.9752
     0100      8   C0  00  00  00  00  00  00  7F     525.9776
     0100      8   C0  00  00  00  00  00  00  7F     525.9799
     0100      8   C0  00  00  00  00  00  00  7F     525.9823
     0100      8   C0  00  00  00  00  00  00  7F     525.9847
     0100      8   C0  00  00  00  00  00  00  7F     525.9871
     0100      8   C0  00  00  00  00  00  00  7F     525.9895
     0100      8   C0  00  00  00  00  00  00  7F     525.9918
     0100      8   C0  00  00  00  00  00  00  7F     525.9942
     0100      8   C0  00  00  00  00  00  00  7F     525.9966
     0100      8   C0  00  00  00  00  00  00  7F     525.9990
     0100      8   C0  00  00  00  00  00  00  7F     526.0013
     0100      8   C0  00  00  00  00  00  00  7F     526.0037
     0100      8   C0  00  00  00  00  00  00  7F     526.0061
     0100      8   C0  00  00  00  00  00  00  7F     526.0085
     0100      8   C0  00  00  00  00  00  00  7F     526.0109
     0100      8   C0  00  00  00  00  00  00  7F     526.0132
     0100      8   C0  00  00  00  00  00  00  7F     526.0156
     0100      8   C0  00  00  00  00  00  00  7F     526.0180
     0100      8   C0  00  00  00  00  00  00  7F     526.0204
     0100      8   C0  00  00  00  00  00  00  7F     526.0228
     0100      8   C0  00  00  00  00  00  00  7F     526.0251
     0100      8   C0  00  00  00  00  00  00  7F     526.0275
     0100      8   C0  00  00  00  00  00  00  7F     526.0299
     0100      8   C0  00  00  00  00  00  00  7F     526.0323
     0100      8   C0  00  00  00  00  00  00  7F     526.0347
     0100      8   C0  00  00  00  00  00  00  7F     526.0370
     0100      8   C0  00  00  00  00  00  00  7F     526.0394
     0100      8   C0  00  00  00  00  00  00  7F     526.0418
     0100      8   C0  00  00  00  00  00  00  7F     526.0442
     0100      8   C0  00  00  00  00  00  00  7F     526.0466
     0100      8   C0  00  00  00  00  00  00  7F     526.0489
     0100      8   C0  00  00  00  00  00  00  7F     526.0513
     0100      8   C0  00  00  00  00  00  00  7F     526.0537
     0100      8   C0  00  00  00  00  00  00  7F     526.0561
     0100      8   C0  00  00  00  00  00  00  7F     526.0585
     0100      8   C0  00  00  00  00  00  00  7F     526.0608
     0100      8   C0  00  00  00  00  00  00  7F     526.0632
     0100      8   C0  00  00  00  00  00  00  7F     526.0656
     0100      8   C0  00  00  00  00  00  00  7F     526.0680
     0100      8   C0  00  00  00  00  00  00  7F     526.0704
     0100      8   C0  00  00  00  00  00  00  7F     526.0727
     0100      8   C0  00  00  00  00  00  00  7F     526.0751
     0100      8   C0  00  00  00  00  00  00  7F     526.0775
     0100      8   C0  00  00  00  00  00  00  7F     526.0799
     0100      8   C0  00  00  00  00  00  00  7F     526.0823
     0100      8   C0  00  00  00  00  00  00  7F     526.0846
     0100      8   C0  00  00  00  00  00  00  7F     526.0870
     0100      8   C0  00  00  00  00  00  00  7F     526.0894
     0100      8   C0  00  00  00  00  00  00  7F     526.0918
     0100      8   C0  00  00  00  00  00  00  7F     526.0942
     0100      8   C0  00  00  00  00  00  00  7F     526.0965
     0100      8   C0  00  00  00  00  00  00  7F     526.0989
     0100      8   C0  00  00  00  00  00  00  7F     526.1013
     0100      8   C0  00  00  00  00  00  00  7F     526.1037
     0100      8   C0  00  00  00  00  00  00  7F     526.1061
     0100      8   C0  00  00  00  00  00  00  7F     526.1084
     0100      8   C0  00  00  00  00  00  00  7F     526.1108
     0100      8   C0  00  00  00  00  00  00  7F     526.1132
     0100      8   C0  00  00  00  00  00  00  7F     526.1156
     0100      8   C0  00  00  00  00  00  00  7F     526.1179
     0100      8   C0  00  00  00  00  00  00  7F     526.1203
     0100      8   C0  00  00  00  00  00  00  7F     526.1227
     0100      8   C0  00  00  00  00  00  00  7F     526.1251
     0100      8   C0  00  00  00  00  00  00  7F     526.1275
     0100      8   C0  00  00  00  00  00  00  7F     526.1298
     0100      8   C0  00  00  00  00  00  00  7F     526.1322
     0100      8   C0  00  00  00  00  00  00  7F     526.1346
     0100      8   C0  00  00  00  00  00  00  7F     526.1370
     0100      8   C0  00  00  00  00  00  00  7F     526.1394
     0100      8   C0  00  00  00  00  00  00  7F     526.1417
     0100      8   C0  00  00  00  00  00  00  7F     526.1441
     0100      8   C0  00  00  00  00  00  00  7F     526.1465
     0100      8   C0  00  00  00  00  00  00  7F     526.1489
     0100      8   C0  00  00  00  00  00  00  7F     526.1513
     0100      8   C0  00  00  00  00  00  00  7F     526.1536
     0100      8   C0  00  00  00  00  00  00  7F     526.1560
     0100      8   C0  00  00  00  00  00  00  7F     526.1584
     0100      8   C0  00  00  00  00  00  00  7F     526.1608
     0100      8   C0  00  00  00  00  00  00  7F     526.1632
     0100      8   C0  00  00  00  00  00  00  7F     526.1655
     0100      8   C0  00  00  00  00  00  00  7F     526.1679
     0100      8   C0  00  00  00  00  00  00  7F     526.1703
     0100      8   C0  00  00  00  00  00  00  7F     526.1727
     0100      8   C0  00  00  00  00  00  00  7F     526.1751
     0100      8   C0  00  00  00  00  00  00  7F     526.1774
     0100      8   C0  00  00  00  00  00  00  7F     526.1798
     0100      8   C0  00  00  00  00  00  00  7F     526.1822
     0100      8   C0  00  00  00  00  00  00  7F     526.1846
     0100      8   C0  00  00  00  00  00  00  7F     526.1870
     0100      8   C0  00  00  00  00  00  00  7F     526.1893
     0100      8   C0  00  00  00  00  00  00  7F     526.1917
     0100      8   C0  00  00  00  00  00  00  7F     526.1941
     0100      8   C0  00  00  00  00  00  00  7F     526.1965
     0100      8   C0  00  00  00  00  00  00  7F     526.1989
     0100      8   C0  00  00  00  00  00  00  7F     526.2012
     0100      8   C0  00  00  00  00  00  00  7F     526.2036
     0100      8   C0  00  00  00  00  00  00  7F     526.2060
     0100      8   C0  00  00  00  00  00  00  7F     526.2084
     0100      8   C0  00  00  00  00  00  00  7F     526.2108
     0100      8   C0  00  00  00  00  00  00  7F     526.2131
     0100      8   C0  00  00  00  00  00  00  7F     526.2155
     0100      8   C0  00  00  00  00  00  00  7F     526.2179
     0100      8   C0  00  00  00  00  00  00  7F     526.2203
     0100      8   C0  00  00  00  00  00  00  7F     526.2227
     0100      8   C0  00  00  00  00  00  00  7F     526.2250
     0100      8   C0  00  00  00  00  00  00  7F     526.2274
     0100      8   C0  00  00  00  00  00  00  7F     526.2298
     0100      8   C0  00  00  00  00  00  00  7F     526.2322
     0100      8   C0  00  00  00  00  00  00  7F     526.2345
     0100      8   C0  00  00  00  00  00  00  7F     526.2369
     0100      8   C0  00  00  00  00  00  00  7F     526.2393
     0100      8   C0  00  00  00  00  00  00  7F     526.2417
     0100      8   C0  00  00  00  00  00  00  7F     526.2441
     0100      8   C0  00  00  00  00  00  00  7F     526.2465
     0100      8   C0  00  00  00  00  00  00  7F     526.2488
     0100      8   C0  00  00  00  00  00  00  7F     526.2512
     0100      8   C0  00  00  00  00  00  00  7F     526.2536
     0100      8   C0  00  00  00  00  00  00  7F     526.2560
     0100      8   C0  00  00  00  00  00  00  7F     526.2583
     0100      8   C0  00  00  00  00  00  00  7F     526.2607
     0100      8   C0  00  00  00  00  00  00  7F     526.2631
     0100      8   C0  00  00  00  00  00  00  7F     526.2655
     0100      8   C0  00  00  00  00  00  00  7F     526.2679
     0100      8   C0  00  00  00  00  00  00  7F     526.2702
     0100      8   C0  00  00  00  00  00  00  7F     526.2726
     0100      8   C0  00  00  00  00  00  00  7F     526.2750
     0100      8   C0  00  00  00  00  00  00  7F     526.2774
     0100      8   C0  00  00  00  00  00  00  7F     526.2798
     0100      8   C0  00  00  00  00  00  00  7F     526.2821
     0100      8   C0  00  00  00  00  00  00  7F     526.2845
     0100      8   C0  00  00  00  00  00  00  7F     526.2869
     0100      8   C0  00  00  00  00  00  00  7F     526.2893
     0100      8   C0  00  00  00  00  00  00  7F     526.2917
     0100      8   C0  00  00  00  00  00  00  7F     526.2940
     0100      8   C0  00  00  00  00  00  00  7F     526.2964
     0100      8   C0  00  00  00  00  00  00  7F     526.2988
     0100      8   C0  00  00  00  00  00  00  7F     526.3012
     0100      8   C0  00  00  00  00  00  00  7F     526.3036
     0100      8   C0  00  00  00  00  00  00  7F     526.3059
     0100      8   C0  00  00  00  00  00  00  7F     526.3083
     0100      8   C0  00  00  00  00  00  00  7F     526.3107
     0100      8   C0  00  00  00  00  00  00  7F     526.3131
     0100      8   C0  00  00  00  00  00  00  7F     526.3155
     0100      8   C0  00  00  00  00  00  00  7F     526.3178
     0100      8   C0  00  00  00  00  00  00  7F     526.3202
     0100      8   C0  00  00  00  00  00  00  7F     526.3226
     0100      8   C0  00  00  00  00  00  00  7F     526.3250
     0100      8   C0  00  00  00  00  00  00  7F     526.3274
     0100      8   C0  00  00  00  00  00  00  7F     526.3297
     0100      8   C0  00  00  00  00  00  00  7F     526.3321
     0100      8   C0  00  00  00  00  00  00  7F     526.3345
     0100      8   C0  00  00  00  00  00  00  7F     526.3369
     0100      8   C0  00  00  00  00  00  00  7F     526.3393
     0100      8   C0  00  00  00  00  00  00  7F     526.3416
     0100      8   C0  00  00  00  00  00  00  7F     526.3440
     0100      8   C0  00  00  00  00  00  00  7F     526.3464
     0100      8   C0  00  00  00  00  00  00  7F     526.3488
     0100      8   C0  00  00  00  00  00  00  7F     526.3511
     0100      8   C0  00  00  00  00  00  00  7F     526.3535
     0100      8   C0  00  00  00  00  00  00  7F     526.3559
     0100      8   C0  00  00  00  00  00  00  7F     526.3583
     0100      8   C0  00  00  00  00  00  00  7F     526.3607
     0100      8   C0  00  00  00  00  00  00  7F     526.3630
     0100      8   C0  00  00  00  00  00  00  7F     526.3654
     0100      8   C0  00  00  00  00  00  00  7F     526.3678
     0100      8   C0  00  00  00  00  00  00  7F     526.3702
     0100      8   C0  00  00  00  00  00  00  7F     526.3726
     0100      8   C0  00  00  00  00  00  00  7F     526.3749
     0100      8   C0  00  00  00  00  00  00  7F     526.3773
     0100      8   C0  00  00  00  00  00  00  7F     526.3797
     0100      8   C0  00  00  00  00  00  00  7F     526.3821
     0100      8   C0  00  00  00  00  00  00  7F     526.3845
     0100      8   C0  00  00  00  00  00  00  7F     526.3868
     0100      8   C0  00  00  00  00  00  00  7F     526.3892
     0100      8   C0  00  00  00  00  00  00  7F     526.3916
     0100      8   C0  00  00  00  00  00  00  7F     526.3940
     0100      8   C0  00  00  00  00  00  00  7F     526.3964
     0100      8   C0  00  00  00  00  00  00  7F     526.3987
     0100      8   C0  00  00  00  00  00  00  7F     526.4011
     0100      8   C0  00  00  00  00  00  00  7F     526.4035
     0100      8   C0  00  00  00  00  00  00  7F     526.4059
     0100      8   C0  00  00  00  00  00  00  7F     526.4083
     0100      8   C0  00  00  00  00  00  00  7F     526.4106
     0100      8   C0  00  00  00  00  00  00  7F     526.4130
     0100      8   C0  00  00  00  00  00  00  7F     526.4154
     0100      8   C0  00  00  00  00  00  00  7F     526.4178
     0100      8   C0  00  00  00  00  00  00  7F     526.4202
     0100      8   C0  00  00  00  00  00  00  7F     526.4225
     0100      8   C0  00  00  00  00  00  00  7F     526.4249
     0100      8   C0  00  00  00  00  00  00  7F     526.4273
     0100      8   C0  00  00  00  00  00  00  7F     526.4297
     0100      8   C0  00  00  00  00  00  00  7F     526.4321
     0100      8   C0  00  00  00  00  00  00  7F     526.4344
     0100      8   C0  00  00  00  00  00  00  7F     526.4368
     0100      8   C0  00  00  00  00  00  00  7F     526.4392
     0100      8   C0  00  00  00  00  00  00  7F     526.4416
     0100      8   C0  00  00  00  00  00  00  7F     526.4440
     0100      8   C0  00  00  00  00  00  00  7F     526.4463
     0100      8   C0  00  00  00  00  00  00  7F     526.4487
     0100      8   C0  00  00  00  00  00  00  7F     526.4511
     0100      8   C0  00  00  00  00  00  00  7F     526.4535
     0100      8   C0  00  00  00  00  00  00  7F     526.4559
     0100      8   C0  00  00  00  00  00  00  7F     526.4582
     0100      8   C0  00  00  00  00  00  00  7F     526.4606
     0100      8   C0  00  00  00  00  00  00  7F     526.4630
     0100      8   C0  00  00  00  00  00  00  7F     526.4654
     0100      8   C0  00  00  00  00  00  00  7F     526.4677
     0100      8   C0  00  00  00  00  00  00  7F     526.4701
     0100      8   C0  00  00  00  00  00  00  7F     526.4725
     0100      8   C0  00  00  00  00  00  00  7F     526.4749
     0100      8   C0  00  00  00  00  00  00  7F     526.4773
     0100      8   C0  00  00  00  00  00  00  7F     526.4796
     0100      8   C0  00  00  00  00  00  00  7F     526.4820
     0100      8   C0  00  00  00  00  00  00  7F     526.4844
     0100      8   C0  00  00  00  00  00  00  7F     526.4868
     0100      8   C0  00  00  00  00  00  00  7F     526.4892
     0100      8   C0  00  00  00  00  00  00  7F     526.4915
     0100      8   C0  00  00  00  00  00  00  7F     526.4939
     0100      8   C0  00  00  00  00  00  00  7F     526.4963
     0100      8   C0  00  00  00  00  00  00  7F     526.4987
     0100      8   C0  00  00  00  00  00  00  7F     526.5011
     0100      8   C0  00  00  00  00  00  00  7F     526.5035
     0100      8   C0  00  00  00  00  00  00  7F     526.5058
     0100      8   C0  00  00  00  00  00  00  7F     526.5082
     0100      8   C0  00  00  00  00  00  00  7F     526.5106
     0100      8   C0  00  00  00  00  00  00  7F     526.5130
     0100      8   C0  00  00  00  00  00  00  7F     526.5153
     0100      8   C0  00  00  00  00  00  00  7F     526.5177
     0100      8   C0  00  00  00  00  00  00  7F     526.5201
     0100      8   C0  00  00  00  00  00  00  7F     526.5225
     0100      8   C0  00  00  00  00  00  00  7F     526.5249
     0100      8   C0  00  00  00  00  00  00  7F     526.5272
     0100      8   C0  00  00  00  00  00  00  7F     526.5296
     0100      8   C0  00  00  00  00  00  00  7F     526.5320
     0100      8   C0  00  00  00  00  00  00  7F     526.5344
     0100      8   C0  00  00  00  00  00  00  7F     526.5368
     0100      8   C0  00  00  00  00  00  00  7F     526.5391
     0100      8   C0  00  00  00  00  00  00  7F     526.5415
     0100      8   C0  00  00  00  00  00  00  7F     526.5439
     0100      8   C0  00  00  00  00  00  00  7F     526.5463
     0100      8   C0  00  00  00  00  00  00  7F     526.5487
     0100      8   C0  00  00  00  00  00  00  7F     526.5510
     0100      8   C0  00  00  00  00  00  00  7F     526.5534
     0100      8   C0  00  00  00  00  00  00  7F     526.5558
     0100      8   C0  00  00  00  00  00  00  7F     526.5582
     0100      8   C0  00  00  00  00  00  00  7F     526.5606
     0100      8   C0  00  00  00  00  00  00  7F     526.5629
     0100      8   C0  00  00  00  00  00  00  7F     526.5653
     0100      8   C0  00  00  00  00  00  00  7F     526.5677
     0100      8   C0  00  00  00  00  00  00  7F     526.5701
     0100      8   C0  00  00  00  00  00  00  7F     526.5725
     0100      8   C0  00  00  00  00  00  00  7F     526.5748
     0100      8   C0  00  00  00  00  00  00  7F     526.5772
     0100      8   C0  00  00  00  00  00  00  7F     526.5796
     0100      8   C0  00  00  00  00  00  00  7F     526.5820
     0100      8   C0  00  00  00  00  00  00  7F     526.5844
     0100      8   C0  00  00  00  00  00  00  7F     526.5867
     0100      8   C0  00  00  00  00  00  00  7F     526.5891
     0100      8   C0  00  00  00  00  00  00  7F     526.5915
     0100      8   C0  00  00  00  00  00  00  7F     526.5939
     0100      8   C0  00  00  00  00  00  00  7F     526.5962
     0100      8   C0  00  00  00  00  00  00  7F     526.5986
     0100      8   C0  00  00  00  00  00  00  7F     526.6010
     0100      8   C0  00  00  00  00  00  00  7F     526.6034
     0100      8   C0  00  00  00  00  00  00  7F     526.6058
     0100      8   C0  00  00  00  00  00  00  7F     526.6081
     0100      8   C0  00  00  00  00  00  00  7F     526.6105
     0100      8   C0  00  00  00  00  00  00  7F     526.6129
     0100      8   C0  00  00  00  00  00  00  7F     526.6153
     0100      8   C0  00  00  00  00  00  00  7F     526.6177
     0100      8   C0  00  00  00  00  00  00  7F     526.6200
     0100      8   C0  00  00  00  00  00  00  7F     526.6224
     0100      8   C0  00  00  00  00  00  00  7F     526.6248
     0100      8   C0  00  00  00  00  00  00  7F     526.6272
     0100      8   C0  00  00  00  00  00  00  7F     526.6296
     0100      8   C0  00  00  00  00  00  00  7F     526.6319
     0100      8   C0  00  00  00  00  00  00  7F     526.6343
     0100      8   C0  00  00  00  00  00  00  7F     526.6367
     0100      8   C0  00  00  00  00  00  00  7F     526.6391
     0100      8   C0  00  00  00  00  00  00  7F     526.6415
     0100      8   C0  00  00  00  00  00  00  7F     526.6438
     0100      8   C0  00  00  00  00  00  00  7F     526.6462
     0100      8   C0  00  00  00  00  00  00  7F     526.6486
     0100      8   C0  00  00  00  00  00  00  7F     526.6510
     0100      8   C0  00  00  00  00  00  00  7F     526.6534
     0100      8   C0  00  00  00  00  00  00  7F     526.6557
     0100      8   C0  00  00  00  00  00  00  7F     526.6581
     0100      8   C0  00  00  00  00  00  00  7F     526.6605
     0100      8   C0  00  00  00  00  00  00  7F     526.6629
     0100      8   C0  00  00  00  00  00  00  7F     526.6653
     0100      8   C0  00  00  00  00  00  00  7F     526.6676
     0100      8   C0  00  00  00  00  00  00  7F     526.6700
     0100      8   C0  00  00  00  00  00  00  7F     526.6724
     0100      8   C0  00  00  00  00  00  00  7F     526.6748
     0100      8   C0  00  00  00  00  00  00  7F     526.6772
     0100      8   C0  00  00  00  00  00  00  7F     526.6795
     0100      8   C0  00  00  00  00  00  00  7F     526.6819
     0100      8   C0  00  00  00  00  00  00  7F     526.6843
     0100      8   C0  00  00  00  00  00  00  7F     526.6867
     0100      8   C0  00  00  00  00  00  00  7F     526.6891
     0100      8   C0  00  00  00  00  00  00  7F     526.6914
     0100      8   C0  00  00  00  00  00  00  7F     526.6938
     0100      8   C0  00  00  00  00  00  00  7F     526.6962
     0100      8   C0  00  00  00  00  00  00  7F     526.6986
     0100      8   C0  00  00  00  00  00  00  7F     526.7010
     0100      8   C0  00  00  00  00  00  00  7F     526.7033
     0100      8   C0  00  00  00  00  00  00  7F     526.7057
     0100      8   C0  00  00  00  00  00  00  7F     526.7081
     0100      8   C0  00  00  00  00  00  00  7F     526.7105
     0100      8   C0  00  00  00  00  00  00  7F     526.7128
     0100      8   C0  00  00  00  00  00  00  7F     526.7152
     0100      8   C0  00  00  00  00  00  00  7F     526.7176
     0100      8   C0  00  00  00  00  00  00  7F     526.7200
     0100      8   C0  00  00  00  00  00  00  7F     526.7224
     0100      8   C0  00  00  00  00  00  00  7F     526.7247
     0100      8   C0  00  00  00  00  00  00  7F     526.7271
     0100      8   C0  00  00  00  00  00  00  7F     526.7295
     0100      8   C0  00  00  00  00  00  00  7F     526.7319
     0100      8   C0  00  00  00  00  00  00  7F     526.7343
     0100      8   C0  00  00  00  00  00  00  7F     526.7366
     0100      8   C0  00  00  00  00  00  00  7F     526.7390
     0100      8   C0  00  00  00  00  00  00  7F     526.7414
     0100      8   C0  00  00  00  00  00  00  7F     526.7438
     0100      8   C0  00  00  00  00  00  00  7F     526.7462
     0100      8   C0  00  00  00  00  00  00  7F     526.7485
     0100      8   C0  00  00  00  00  00  00  7F     526.7509
     0100      8   C0  00  00  00  00  00  00  7F     526.7533
     0100      8   C0  00  00  00  00  00  00  7F     526.7557
     0100      8   C0  00  00  00  00  00  00  7F     526.7581
     0100      8   C0  00  00  00  00  00  00  7F     526.7604
     0100      8   C0  00  00  00  00  00  00  7F     526.7628
     0100      8   C0  00  00  00  00  00  00  7F     526.7652
     0100      8   C0  00  00  00  00  00  00  7F     526.7676
     0100      8   C0  00  00  00  00  00  00  7F     526.7700
     0100      8   C0  00  00  00  00  00  00  7F     526.7723
     0100      8   C0  00  00  00  00  00  00  7F     526.7747
     0100      8   C0  00  00  00  00  00  00  7F     526.7771
     0100      8   C0  00  00  00  00  00  00  7F     526.7795
     0100      8   C0  00  00  00  00  00  00  7F     526.7819
     0100      8   C0  00  00  00  00  00  00  7F     526.7842
     0100      8   C0  00  00  00  00  00  00  7F     526.7866
     0100      8   C0  00  00  00  00  00  00  7F     526.7890
     0100      8   C0  00  00  00  00  00  00  7F     526.7914
     0100      8   C0  00  00  00  00  00  00  7F     526.7938
     0100      8   C0  00  00  00  00  00  00  7F     526.7961
     0100      8   C0  00  00  00  00  00  00  7F     526.7985
     0100      8   C0  00  00  00  00  00  00  7F     526.8009
     0100      8   C0  00  00  00  00  00  00  7F     526.8033
     0100      8   C0  00  00  00  00  00  00  7F     526.8057
     0100      8   C0  00  00  00  00  00  00  7F     526.8080
     0100      8   C0  00  00  00  00  00  00  7F     526.8104
     0100      8   C0  00  00  00  00  00  00  7F     526.8128
     0100      8   C0  00  00  00  00  00  00  7F     526.8152
     0100      8   C0  00  00  00  00  00  00  7F     526.8176
     0100      8   C0  00  00  00  00  00  00  7F     526.8199
     0100      8   C0  00  00  00  00  00  00  7F     526.8223
     0100      8   C0  00  00  00  00  00  00  7F     526.8247
     0100      8   C0  00  00  00  00  00  00  7F     526.8271
     0100      8   C0  00  00  00  00  00  00  7F     526.8294
     0100      8   C0  00  00  00  00  00  00  7F     526.8318
     0100      8   C0  00  00  00  00  00  00  7F     526.8342
     0100      8   C0  00  00  00  00  00  00  7F     526.8366
     0100      8   C0  00  00  00  00  00  00  7F     526.8390
     0100      8   C0  00  00  00  00  00  00  7F     526.8414
     0100      8   C0  00  00  00  00  00  00  7F     526.8437
     0100      8   C0  00  00  00  00  00  00  7F     526.8461
     0100      8   C0  00  00  00  00  00  00  7F     526.8485
     0100      8   C0  00  00  00  00  00  00  7F     526.8509
     0100      8   C0  00  00  00  00  00  00  7F     526.8532
     0100      8   C0  00  00  00  00  00  00  7F     526.8556
     0100      8   C0  00  00  00  00  00  00  7F     526.8580
     0100      8   C0  00  00  00  00  00  00  7F     526.8604
     0100      8   C0  00  00  00  00  00  00  7F     526.8628
     0100      8   C0  00  00  00  00  00  00  7F     526.8651
     0100      8   C0  00  00  00  00  00  00  7F     526.8675
     0100      8   C0  00  00  00  00  00  00  7F     526.8699
     0100      8   C0  00  00  00  00  00  00  7F     526.8723
     0100      8   C0  00  00  00  00  00  00  7F     526.8747
     0100      8   C0  00  00  00  00  00  00  7F     526.8770
     0100      8   C0  00  00  00  00  00  00  7F     526.8794
     0100      8   C0  00  00  00  00  00  00  7F     526.8818
     0100      8   C0  00  00  00  00  00  00  7F     526.8842
     0100      8   C0  00  00  00  00  00  00  7F     526.8866
     0100      8   C0  00  00  00  00  00  00  7F     526.8889
     0100      8   C0  00  00  00  00  00  00  7F     526.8913
     0100      8   C0  00  00  00  00  00  00  7F     526.8937
     0100      8   C0  00  00  00  00  00  00  7F     526.8961
     0100      8   C0  00  00  00  00  00  00  7F     526.8985
     0100      8   C0  00  00  00  00  00  00  7F     526.9008
     0100      8   C0  00  00  00  00  00  00  7F     526.9032
     0100      8   C0  00  00  00  00  00  00  7F     526.9056
     0100      8   C0  00  00  00  00  00  00  7F     526.9080
     0100      8   C0  00  00  00  00  00  00  7F     526.9104
     0100      8   C0  00  00  00  00  00  00  7F     526.9127
     0100      8   C0  00  00  00  00  00  00  7F     526.9151
     0100      8   C0  00  00  00  00  00  00  7F     526.9175
     0100      8   C0  00  00  00  00  00  00  7F     526.9199
     0100      8   C0  00  00  00  00  00  00  7F     526.9223
     0100      8   C0  00  00  00  00  00  00  7F     526.9246
     0100      8   C0  00  00  00  00  00  00  7F     526.9270
     0100      8   C0  00  00  00  00  00  00  7F     526.9294
     0100      8   C0  00  00  00  00  00  00  7F     526.9318
     0100      8   C0  00  00  00  00  00  00  7F     526.9341
     0100      8   C0  00  00  00  00  00  00  7F     526.9365
     0100      8   C0  00  00  00  00  00  00  7F     526.9389
     0100      8   C0  00  00  00  00  00  00  7F     526.9413
     0100      8   C0  00  00  00  00  00  00  7F     526.9437
     0100      8   C0  00  00  00  00  00  00  7F     526.9460
     0100      8   C0  00  00  00  00  00  00  7F     526.9484
     0100      8   C0  00  00  00  00  00  00  7F     526.9508
     0100      8   C0  00  00  00  00  00  00  7F     526.9532
     0100      8   C0  00  00  00  00  00  00  7F     526.9556
     0100      8   C0  00  00  00  00  00  00  7F     526.9580
     0100      8   C0  00  00  00  00  00  00  7F     526.9603
     0100      8   C0  00  00  00  00  00  00  7F     526.9627
     0100      8   C0  00  00  00  00  00  00  7F     526.9651
     0100      8   C0  00  00  00  00  00  00  7F     526.9675
     0100      8   C0  00  00  00  00  00  00  7F     526.9698
     0100      8   C0  00  00  00  00  00  00  7F     526.9722
     0100      8   C0  00  00  00  00  00  00  7F     526.9746
     0100      8   C0  00  00  00  00  00  00  7F     526.9770
     0100      8   C0  00  00  00  00  00  00  7F     526.9794
     0100      8   C0  00  00  00  00  00  00  7F     526.9817
     0100      8   C0  00  00  00  00  00  00  7F     526.9841
     0100      8   C0  00  00  00  00  00  00  7F     526.9865
     0100      8   C0  00  00  00  00  00  00  7F     526.9889
     0100      8   C0  00  00  00  00  00  00  7F     526.9913
     0100      8   C0  00  00  00  00  00  00  7F     526.9936
     0100      8   C0  00  00  00  00  00  00  7F     526.9960
     0100      8   C0  00  00  00  00  00  00  7F     526.9984
     0100      8   C0  00  00  00  00  00  00  7F     527.0008
     0100      8   C0  00  00  00  00  00  00  7F     527.0032
     0100      8   C0  00  00  00  00  00  00  7F     527.0055
     0100      8   C0  00  00  00  00  00  00  7F     527.0079
     0100      8   C0  00  00  00  00  00  00  7F     527.0103
     0100      8   C0  00  00  00  00  00  00  7F     527.0127
     0100      8   C0  00  00  00  00  00  00  7F     527.0151
     0100      8   C0  00  00  00  00  00  00  7F     527.0174
     0100      8   C0  00  00  00  00  00  00  7F     527.0198
     0100      8   C0  00  00  00  00  00  00  7F     527.0222
     0100      8   C0  00  00  00  00  00  00  7F     527.0246
     0100      8   C0  00  00  00  00  00  00  7F     527.0270
     0100      8   C0  00  00  00  00  00  00  7F     527.0293
     0100      8   C0  00  00  00  00  00  00  7F     527.0317
     0100      8   C0  00  00  00  00  00  00  7F     527.0341
     0100      8   C0  00  00  00  00  00  00  7F     527.0365
     0100      8   C0  00  00  00  00  00  00  7F     527.0389
     0100      8   C0  00  00  00  00  00  00  7F     527.0412
     0100      8   C0  00  00  00  00  00  00  7F     527.0436
     0100      8   C0  00  00  00  00  00  00  7F     527.0460
     0100      8   C0  00  00  00  00  00  00  7F     527.0484
     0100      8   C0  00  00  00  00  00  00  7F     527.0508
     0100      8   C0  00  00  00  00  00  00  7F     527.0531
     0100      8   C0  00  00  00  00  00  00  7F     527.0555
     0100      8   C0  00  00  00  00  00  00  7F     527.0579
     0100      8   C0  00  00  00  00  00  00  7F     527.0603
     0100      8   C0  00  00  00  00  00  00  7F     527.0626
     0100      8   C0  00  00  00  00  00  00  7F     527.0650
     0100      8   C0  00  00  00  00  00  00  7F     527.0674
     0100      8   C0  00  00  00  00  00  00  7F     527.0698
     0100      8   C0  00  00  00  00  00  00  7F     527.0722
     0100      8   C0  00  00  00  00  00  00  7F     527.0745
     0100      8   C0  00  00  00  00  00  00  7F     527.0769
     0100      8   C0  00  00  00  00  00  00  7F     527.0793
     0100      8   C0  00  00  00  00  00  00  7F     527.0817
     0100      8   C0  00  00  00  00  00  00  7F     527.0841
     0100      8   C0  00  00  00  00  00  00  7F     527.0864
     0100      8   C0  00  00  00  00  00  00  7F     527.0888
     0100      8   C0  00  00  00  00  00  00  7F     527.0912
     0100      8   C0  00  00  00  00  00  00  7F     527.0936
     0100      8   C0  00  00  00  00  00  00  7F     527.0960
     0100      8   C0  00  00  00  00  00  00  7F     527.0984
     0100      8   C0  00  00  00  00  00  00  7F     527.1007
     0100      8   C0  00  00  00  00  00  00  7F     527.1031
     0100      8   C0  00  00  00  00  00  00  7F     527.1055
     0100      8   C0  00  00  00  00  00  00  7F     527.1079
     0100      8   C0  00  00  00  00  00  00  7F     527.1102
     0100      8   C0  00  00  00  00  00  00  7F     527.1126
     0100      8   C0  00  00  00  00  00  00  7F     527.1150
     0100      8   C0  00  00  00  00  00  00  7F     527.1174
     0100      8   C0  00  00  00  00  00  00  7F     527.1198
     0100      8   C0  00  00  00  00  00  00  7F     527.1221
     0100      8   C0  00  00  00  00  00  00  7F     527.1245
     0100      8   C0  00  00  00  00  00  00  7F     527.1269
     0100      8   C0  00  00  00  00  00  00  7F     527.1293
     0100      8   C0  00  00  00  00  00  00  7F     527.1317
     0100      8   C0  00  00  00  00  00  00  7F     527.1340
     0100      8   C0  00  00  00  00  00  00  7F     527.1364
     0100      8   C0  00  00  00  00  00  00  7F     527.1388
     0100      8   C0  00  00  00  00  00  00  7F     527.1412
     0100      8   C0  00  00  00  00  00  00  7F     527.1436
     0100      8   C0  00  00  00  00  00  00  7F     527.1459
     0100      8   C0  00  00  00  00  00  00  7F     527.1483
     0100      8   C0  00  00  00  00  00  00  7F     527.1507
     0100      8   C0  00  00  00  00  00  00  7F     527.1531
     0100      8   C0  00  00  00  00  00  00  7F     527.1555
     0100      8   C0  00  00  00  00  00  00  7F     527.1578
     0100      8   C0  00  00  00  00  00  00  7F     527.1602
     0100      8   C0  00  00  00  00  00  00  7F     527.1626
     0100      8   C0  00  00  00  00  00  00  7F     527.1650
     0100      8   C0  00  00  00  00  00  00  7F     527.1674
     0100      8   C0  00  00  00  00  00  00  7F     527.1697
     0100      8   C0  00  00  00  00  00  00  7F     527.1721
     0100      8   C0  00  00  00  00  00  00  7F     527.1745
     0100      8   C0  00  00  00  00  00  00  7F     527.1769
     0100      8   C0  00  00  00  00  00  00  7F     527.1792
     0100      8   C0  00  00  00  00  00  00  7F     527.1816
     0100      8   C0  00  00  00  00  00  00  7F     527.1840
     0100      8   C0  00  00  00  00  00  00  7F     527.1864
     0100      8   C0  00  00  00  00  00  00  7F     527.1888
     0100      8   C0  00  00  00  00  00  00  7F     527.1911
     0100      8   C0  00  00  00  00  00  00  7F     527.1935
     0100      8   C0  00  00  00  00  00  00  7F     527.1959
     0100      8   C0  00  00  00  00  00  00  7F     527.1983
     0100      8   C0  00  00  00  00  00  00  7F     527.2007
     0100      8   C0  00  00  00  00  00  00  7F     527.2030
     0100      8   C0  00  00  00  00  00  00  7F     527.2054
     0100      8   C0  00  00  00  00  00  00  7F     527.2078
     0100      8   C0  00  00  00  00  00  00  7F     527.2102
     0100      8   C0  00  00  00  00  00  00  7F     527.2126
     0100      8   C0  00  00  00  00  00  00  7F     527.2149
     0100      8   C0  00  00  00  00  00  00  7F     527.2173
     0100      8   C0  00  00  00  00  00  00  7F     527.2197
     0100      8   C0  00  00  00  00  00  00  7F     527.2221
     0100      8   C0  00  00  00  00  00  00  7F     527.2245
     0100      8   C0  00  00  00  00  00  00  7F     527.2268
     0100      8   C0  00  00  00  00  00  00  7F     527.2292
     0100      8   C0  00  00  00  00  00  00  7F     527.2316
     0100      8   C0  00  00  00  00  00  00  7F     527.2340
     0100      8   C0  00  00  00  00  00  00  7F     527.2364
     0100      8   C0  00  00  00  00  00  00  7F     527.2387
     0100      8   C0  00  00  00  00  00  00  7F     527.2411
     0100      8   C0  00  00  00  00  00  00  7F     527.2435
     0100      8   C0  00  00  00  00  00  00  7F     527.2459
     0100      8   C0  00  00  00  00  00  00  7F     527.2483
     0100      8   C0  00  00  00  00  00  00  7F     527.2506
     0100      8   C0  00  00  00  00  00  00  7F     527.2530
     0100      8   C0  00  00  00  00  00  00  7F     527.2554
     0100      8   C0  00  00  00  00  00  00  7F     527.2578
     0100      8   C0  00  00  00  00  00  00  7F     527.2602
     0100      8   C0  00  00  00  00  00  00  7F     527.2625
     0100      8   C0  00  00  00  00  00  00  7F     527.2649
     0100      8   C0  00  00  00  00  00  00  7F     527.2673
     0100      8   C0  00  00  00  00  00  00  7F     527.2697
     0100      8   C0  00  00  00  00  00  00  7F     527.2721
     0100      8   C0  00  00  00  00  00  00  7F     527.2744
     0100      8   C0  00  00  00  00  00  00  7F     527.2768
     0100      8   C0  00  00  00  00  00  00  7F     527.2792
     0100      8   C0  00  00  00  00  00  00  7F     527.2816
     0100      8   C0  00  00  00  00  00  00  7F     527.2840
     0100      8   C0  00  00  00  00  00  00  7F     527.2863
     0100      8   C0  00  00  00  00  00  00  7F     527.2887
     0100      8   C0  00  00  00  00  00  00  7F     527.2911
     0100      8   C0  00  00  00  00  00  00  7F     527.2935
     0100      8   C0  00  00  00  00  00  00  7F     527.2959
     0100      8   C0  00  00  00  00  00  00  7F     527.2982
     0100      8   C0  00  00  00  00  00  00  7F     527.3006
     0100      8   C0  00  00  00  00  00  00  7F     527.3030
     0100      8   C0  00  00  00  00  00  00  7F     527.3054
     0100      8   C0  00  00  00  00  00  00  7F     527.3077
     0100      8   C0  00  00  00  00  00  00  7F     527.3101
     0100      8   C0  00  00  00  00  00  00  7F     527.3125
     0100      8   C0  00  00  00  00  00  00  7F     527.3149
     0100      8   C0  00  00  00  00  00  00  7F     527.3173
     0100      8   C0  00  00  00  00  00  00  7F     527.3196
     0100      8   C0  00  00  00  00  00  00  7F     527.3220
     0100      8   C0  00  00  00  00  00  00  7F     527.3244
     0100      8   C0  00  00  00  00  00  00  7F     527.3268
     0100      8   C0  00  00  00  00  00  00  7F     527.3292
     0100      8   C0  00  00  00  00  00  00  7F     527.3315
     0100      8   C0  00  00  00  00  00  00  7F     527.3339
     0100      8   C0  00  00  00  00  00  00  7F     527.3363
     0100      8   C0  00  00  00  00  00  00  7F     527.3387
     0100      8   C0  00  00  00  00  00  00  7F     527.3411
     0100      8   C0  00  00  00  00  00  00  7F     527.3434
     0100      8   C0  00  00  00  00  00  00  7F     527.3458
     0100      8   C0  00  00  00  00  00  00  7F     527.3482
     0100      8   C0  00  00  00  00  00  00  7F     527.3506
     0100      8   C0  00  00  00  00  00  00  7F     527.3530
     0100      8   C0  00  00  00  00  00  00  7F     527.3553
     0100      8   C0  00  00  00  00  00  00  7F     527.3577
     0100      8   C0  00  00  00  00  00  00  7F     527.3601
     0100      8   C0  00  00  00  00  00  00  7F     527.3625
     0100      8   C0  00  00  00  00  00  00  7F     527.3649
     0100      8   C0  00  00  00  00  00  00  7F     527.3672
     0100      8   C0  00  00  00  00  00  00  7F     527.3696
     0100      8   C0  00  00  00  00  00  00  7F     527.3720
     0100      8   C0  00  00  00  00  00  00  7F     527.3744
     0100      8   C0  00  00  00  00  00  00  7F     527.3768
     0100      8   C0  00  00  00  00  00  00  7F     527.3791
     0100      8   C0  00  00  00  00  00  00  7F     527.3815
     0100      8   C0  00  00  00  00  00  00  7F     527.3839
     0100      8   C0  00  00  00  00  00  00  7F     527.3863
     0100      8   C0  00  00  00  00  00  00  7F     527.3887
     0100      8   C0  00  00  00  00  00  00  7F     527.3910
     0100      8   C0  00  00  00  00  00  00  7F     527.3934
     0100      8   C0  00  00  00  00  00  00  7F     527.3958
     0100      8   C0  00  00  00  00  00  00  7F     527.3982
     0100      8   C0  00  00  00  00  00  00  7F     527.4006
     0100      8   C0  00  00  00  00  00  00  7F     527.4029
     0100      8   C0  00  00  00  00  00  00  7F     527.4053
     0100      8   C0  00  00  00  00  00  00  7F     527.4077
     0100      8   C0  00  00  00  00  00  00  7F     527.4101
     0100      8   C0  00  00  00  00  00  00  7F     527.4124
     0100      8   C0  00  00  00  00  00  00  7F     527.4148
     0100      8   C0  00  00  00  00  00  00  7F     527.4172
     0100      8   C0  00  00  00  00  00  00  7F     527.4196
     0100      8   C0  00  00  00  00  00  00  7F     527.4220
     0100      8   C0  00  00  00  00  00  00  7F     527.4243
     0100      8   C0  00  00  00  00  00  00  7F     527.4267
     0100      8   C0  00  00  00  00  00  00  7F     527.4291
     0100      8   C0  00  00  00  00  00  00  7F     527.4315
     0100      8   C0  00  00  00  00  00  00  7F     527.4339
     0100      8   C0  00  00  00  00  00  00  7F     527.4362
     0100      8   C0  00  00  00  00  00  00  7F     527.4386
     0100      8   C0  00  00  00  00  00  00  7F     527.4410
     0100      8   C0  00  00  00  00  00  00  7F     527.4434
     0100      8   C0  00  00  00  00  00  00  7F     527.4458
     0100      8   C0  00  00  00  00  00  00  7F     527.4481
     0100      8   C0  00  00  00  00  00  00  7F     527.4505
     0100      8   C0  00  00  00  00  00  00  7F     527.4529
     0100      8   C0  00  00  00  00  00  00  7F     527.4553
     0100      8   C0  00  00  00  00  00  00  7F     527.4577
     0100      8   C0  00  00  00  00  00  00  7F     527.4600
     0100      8   C0  00  00  00  00  00  00  7F     527.4624
     0100      8   C0  00  00  00  00  00  00  7F     527.4648
     0100      8   C0  00  00  00  00  00  00  7F     527.4672
     0100      8   C0  00  00  00  00  00  00  7F     527.4696
     0100      8   C0  00  00  00  00  00  00  7F     527.4719
     0100      8   C0  00  00  00  00  00  00  7F     527.4743
     0100      8   C0  00  00  00  00  00  00  7F     527.4767
     0100      8   C0  00  00  00  00  00  00  7F     527.4791
     0100      8   C0  00  00  00  00  00  00  7F     527.4815
     0100      8   C0  00  00  00  00  00  00  7F     527.4838
     0100      8   C0  00  00  00  00  00  00  7F     527.4862
     0100      8   C0  00  00  00  00  00  00  7F     527.4886
     0100      8   C0  00  00  00  00  00  00  7F     527.4910
     0100      8   C0  00  00  00  00  00  00  7F     527.4934
     0100      8   C0  00  00  00  00  00  00  7F     527.4957
     0100      8   C0  00  00  00  00  00  00  7F     527.4981
     0100      8   C0  00  00  00  00  00  00  7F     527.5005
     0100      8   C0  00  00  00  00  00  00  7F     527.5029
     0100      8   C0  00  00  00  00  00  00  7F     527.5053
     0100      8   C0  00  00  00  00  00  00  7F     527.5076
     0100      8   C0  00  00  00  00  00  00  7F     527.5100
     0100      8   C0  00  00  00  00  00  00  7F     527.5124
     0100      8   C0  00  00  00  00  00  00  7F     527.5148
     0100      8   C0  00  00  00  00  00  00  7F     527.5172
     0100      8   C0  00  00  00  00  00  00  7F     527.5195
     0100      8   C0  00  00  00  00  00  00  7F     527.5219
     0100      8   C0  00  00  00  00  00  00  7F     527.5243
     0100      8   C0  00  00  00  00  00  00  7F     527.5267
     0100      8   C0  00  00  00  00  00  00  7F     527.5290
     0100      8   C0  00  00  00  00  00  00  7F     527.5314
     0100      8   C0  00  00  00  00  00  00  7F     527.5338
     0100      8   C0  00  00  00  00  00  00  7F     527.5362
     0100      8   C0  00  00  00  00  00  00  7F     527.5386
     0100      8   C0  00  00  00  00  00  00  7F     527.5409
     0100      8   C0  00  00  00  00  00  00  7F     527.5433
     0100      8   C0  00  00  00  00  00  00  7F     527.5457
     0100      8   C0  00  00  00  00  00  00  7F     527.5481
     0100      8   C0  00  00  00  00  00  00  7F     527.5505
     0100      8   C0  00  00  00  00  00  00  7F     527.5529
     0100      8   C0  00  00  00  00  00  00  7F     527.5552
     0100      8   C0  00  00  00  00  00  00  7F     527.5576
     0100      8   C0  00  00  00  00  00  00  7F     527.5600
     0100      8   C0  00  00  00  00  00  00  7F     527.5624
     0100      8   C0  00  00  00  00  00  00  7F     527.5647
     0100      8   C0  00  00  00  00  00  00  7F     527.5671
     0100      8   C0  00  00  00  00  00  00  7F     527.5695
     0100      8   C0  00  00  00  00  00  00  7F     527.5719
     0100      8   C0  00  00  00  00  00  00  7F     527.5743
     0100      8   C0  00  00  00  00  00  00  7F     527.5766
     0100      8   C0  00  00  00  00  00  00  7F     527.5790
     0100      8   C0  00  00  00  00  00  00  7F     527.5814
     0100      8   C0  00  00  00  00  00  00  7F     527.5838
     0100      8   C0  00  00  00  00  00  00  7F     527.5862
     0100      8   C0  00  00  00  00  00  00  7F     527.5885
     0100      8   C0  00  00  00  00  00  00  7F     527.5909
     0100      8   C0  00  00  00  00  00  00  7F     527.5933
     0100      8   C0  00  00  00  00  00  00  7F     527.5957
     0100      8   C0  00  00  00  00  00  00  7F     527.5981
