     0100      8   40  00  00  00  00  00  00  DE       0.8999
     0100      8   40  00  00  00  00  00  00  DE       0.9001
     0100      8   40  00  00  00  00  00  00  DE       0.9004
     0100      8   40  00  00  00  00  00  00  DE       0.9011
     0100      8   40  00  00  00  00  00  00  DE       0.9033
     0100      8   40  00  00  00  00  00  00  DE       0.9055
     0100      8   40  00  00  00  00  00  00  DE       0.9078
     0100      8   40  00  00  00  00  00  00  DE       0.9100
     0100      8   40  00  00  00  00  00  00  DE       0.9122
     0100      8   40  00  00  00  00  00  00  DE       0.9146
     0100      8   40  00  00  00  00  00  00  DE       0.9174
     0100      8   40  00  00  00  00  00  00  DE       0.9202
     0100      8   40  00  00  00  00  00  00  DE       0.9230
     0100      8   40  00  00  00  00  00  00  DE       0.9258
     0100      8   40  00  00  00  00  00  00  DE       0.9287
     0100      8   40  00  00  00  00  00  00  DE       0.9315
     0100      8   40  00  00  00  00  00  00  DE       0.9343
     0100      8   40  00  00  00  00  00  00  DE       0.9371
     0100      8   40  00  00  00  00  00  00  DE       0.9399
     0100      8   40  00  00  00  00  00  00  DE       0.9427
     0100      8   40  00  00  00  00  00  00  DE       0.9455
     0100      8   40  00  00  00  00  00  00  DE       0.9483
     0100      8   40  00  00  00  00  00  00  DE       0.9511
     0100      8   40  00  00  00  00  00  00  DE       0.9539
     0100      8   40  00  00  00  00  00  00  DE       0.9567
     0100      8   40  00  00  00  00  00  00  DE       0.9595
     0100      8   40  00  00  00  00  00  00  DE       0.9623
     0100      8   40  00  00  00  00  00  00  DE       0.9651
     0100      8   40  00  00  00  00  00  00  DE       0.9679
     0100      8   40  00  00  00  00  00  00  DE       0.9707
     0100      8   40  00  00  00  00  00  00  DE       0.9735
     0100      8   40  00  00  00  00  00  00  DE       0.9763
     0100      8   40  00  00  00  00  00  00  DE       0.9791
     0100      8   40  00  00  00  00  00  00  DE       0.9819
     0100      8   40  00  00  00  00  00  00  DE       0.9847
     0100      8   40  00  00  00  00  00  00  DE       0.9876
     0100      8   40  00  00  00  00  00  00  DE       0.9903
     0100      8   40  00  00  00  00  00  00  DE       0.9932
     0100      8   40  00  00  00  00  00  00  DE       0.9960
     0100      8   40  00  00  00  00  00  00  DE       0.9988
     0100      8   40  00  00  00  00  00  00  DE       1.0016
     0100      8   40  00  00  00  00  00  00  DE       1.0044
     0100      8   40  00  00  00  00  00  00  DE       1.0072
     0100      8   40  00  00  00  00  00  00  DE       1.0100
     0100      8   40  00  00  00  00  00  00  DE       1.0128
     0100      8   40  00  00  00  00  00  00  DE       1.0156
     0100      8   40  00  00  00  00  00  00  DE       1.0184
     0100      8   40  00  00  00  00  00  00  DE       1.0212
     0100      8   40  00  00  00  00  00  00  DE       1.0240
     0100      8   40  00  00  00  00  00  00  DE       1.0268
     0100      8   40  00  00  00  00  00  00  DE       1.0296
     0100      8   40  00  00  00  00  00  00  DE       1.0324
     0100      8   40  00  00  00  00  00  00  DE       1.0352
     0100      8   40  00  00  00  00  00  00  DE       1.0380
     0100      8   40  00  00  00  00  00  00  DE       1.0408
     0100      8   40  00  00  00  00  00  00  DE       1.0436
     0100      8   40  00  00  00  00  00  00  DE       1.0464
     0100      8   40  00  00  00  00  00  00  DE       1.0492
     0100      8   40  00  00  00  00  00  00  DE       1.0521
     0100      8   40  00  00  00  00  00  00  DE       1.0548
     0100      8   40  00  00  00  00  00  00  DE       1.0577
     0100      8   40  00  00  00  00  00  00  DE       1.0605
     0100      8   40  00  00  00  00  00  00  DE       1.0633
     0100      8   40  00  00  00  00  00  00  DE       1.0661
     0100      8   40  00  00  00  00  00  00  DE       1.0689
     0100      8   40  00  00  00  00  00  00  DE       1.0717
     0100      8   40  00  00  00  00  00  00  DE       1.0745
     0100      8   40  00  00  00  00  00  00  DE       1.0773
     0100      8   40  00  00  00  00  00  00  DE       1.0801
     0100      8   40  00  00  00  00  00  00  DE       1.0829
     0100      8   40  00  00  00  00  00  00  DE       1.0857
     0100      8   40  00  00  00  00  00  00  DE       1.0885
     0100      8   40  00  00  00  00  00  00  DE       1.0913
     0100      8   40  00  00  00  00  00  00  DE       1.0941
     0100      8   40  00  00  00  00  00  00  DE       1.0969
     0100      8   40  00  00  00  00  00  00  DE       1.0997
     0100      8   40  00  00  00  00  00  00  DE       1.1025
     0100      8   40  00  00  00  00  00  00  DE       1.1053
     0100      8   40  00  00  00  00  00  00  DE       1.1081
     0100      8   40  00  00  00  00  00  00  DE       1.1109
     0100      8   40  00  00  00  00  00  00  DE       1.1137
     0100      8   40  00  00  00  00  00  00  DE       1.1166
     0100      8   40  00  00  00  00  00  00  DE       1.1194
     0100      8   40  00  00  00  00  00  00  DE       1.1222
     0100      8   40  00  00  00  00  00  00  DE       1.1250
     0100      8   40  00  00  00  00  00  00  DE       1.1278
     0100      8   40  00  00  00  00  00  00  DE       1.1306
     0100      8   40  00  00  00  00  00  00  DE       1.1334
     0100      8   40  00  00  00  00  00  00  DE       1.1362
     0100      8   40  00  00  00  00  00  00  DE       1.1390
     0100      8   40  00  00  00  00  00  00  DE       1.1418
     0100      8   40  00  00  00  00  00  00  DE       1.1446
     0100      8   40  00  00  00  00  00  00  DE       1.1474
     0100      8   40  00  00  00  00  00  00  DE       1.1502
     0100      8   40  00  00  00  00  00  00  DE       1.1530
     0100      8   40  00  00  00  00  00  00  DE       1.1558
     0100      8   40  00  00  00  00  00  00  DE       1.1586
     0100      8   40  00  00  00  00  00  00  DE       1.1614
     0100      8   40  00  00  00  00  00  00  DE       1.1642
     0100      8   40  00  00  00  00  00  00  DE       1.1670
     0100      8   40  00  00  00  00  00  00  DE       1.1698
     0100      8   40  00  00  00  00  00  00  DE       1.1726
     0100      8   40  00  00  00  00  00  00  DE       1.1754
     0100      8   40  00  00  00  00  00  00  DE       1.1782
     0100      8   40  00  00  00  00  00  00  DE       1.1811
     0100      8   40  00  00  00  00  00  00  DE       1.1839
     0100      8   40  00  00  00  00  00  00  DE       1.1867
     0100      8   40  00  00  00  00  00  00  DE       1.1895
     0100      8   40  00  00  00  00  00  00  DE       1.1923
     0100      8   40  00  00  00  00  00  00  DE       1.1951
     0100      8   40  00  00  00  00  00  00  DE       1.1979
     0100      8   40  00  00  00  00  00  00  DE       1.2007
     0100      8   40  00  00  00  00  00  00  DE       1.2035
     0100      8   40  00  00  00  00  00  00  DE       1.2063
     0100      8   40  00  00  00  00  00  00  DE       1.2091
     0100      8   40  00  00  00  00  00  00  DE       1.2119
     0100      8   40  00  00  00  00  00  00  DE       1.2147
     0100      8   40  00  00  00  00  00  00  DE       1.2175
     0100      8   40  00  00  00  00  00  00  DE       1.2203
     0100      8   40  00  00  00  00  00  00  DE       1.2231
     0100      8   40  00  00  00  00  00  00  DE       1.2259
     0100      8   40  00  00  00  00  00  00  DE       1.2287
     0100      8   40  00  00  00  00  00  00  DE       1.2315
     0100      8   40  00  00  00  00  00  00  DE       1.2343
     0100      8   40  00  00  00  00  00  00  DE       1.2371
     0100      8   40  00  00  00  00  00  00  DE       1.2399
     0100      8   40  00  00  00  00  00  00  DE       1.2427
     0100      8   40  00  00  00  00  00  00  DE       1.2456
     0100      8   40  00  00  00  00  00  00  DE       1.2484
     0100      8   40  00  00  00  00  00  00  DE       1.2512
     0100      8   40  00  00  00  00  00  00  DE       1.2540
     0100      8   40  00  00  00  00  00  00  DE       1.2568
     0100      8   40  00  00  00  00  00  00  DE       1.2596
     0100      8   40  00  00  00  00  00  00  DE       1.2624
     0100      8   40  00  00  00  00  00  00  DE       1.2652
     0100      8   40  00  00  00  00  00  00  DE       1.2680
     0100      8   40  00  00  00  00  00  00  DE       1.2708
     0100      8   40  00  00  00  00  00  00  DE       1.2736
     0100      8   40  00  00  00  00  00  00  DE       1.2764
     0100      8   40  00  00  00  00  00  00  DE       1.2792
     0100      8   40  00  00  00  00  00  00  DE       1.2820
     0100      8   40  00  00  00  00  00  00  DE       1.2848
     0100      8   40  00  00  00  00  00  00  DE       1.2876
     0100      8   40  00  00  00  00  00  00  DE       1.2904
     0100      8   40  00  00  00  00  00  00  DE       1.2932
     0100      8   40  00  00  00  00  00  00  DE       1.2960
     0100      8   40  00  00  00  00  00  00  DE       1.2988
     0100      8   40  00  00  00  00  00  00  DE       1.3016
     0100      8   40  00  00  00  00  00  00  DE       1.3044
     0100      8   40  00  00  00  00  00  00  DE       1.3072
     0100      8   40  00  00  00  00  00  00  DE       1.3101
     0100      8   40  00  00  00  00  00  00  DE       1.3129
     0100      8   40  00  00  00  00  00  00  DE       1.3157
     0100      8   40  00  00  00  00  00  00  DE       1.3185
     0100      8   40  00  00  00  00  00  00  DE       1.3213
     0100      8   40  00  00  00  00  00  00  DE       1.3241
     0100      8   40  00  00  00  00  00  00  DE       1.3269
     0100      8   40  00  00  00  00  00  00  DE       1.3297
     0100      8   40  00  00  00  00  00  00  DE       1.3325
     0100      8   40  00  00  00  00  00  00  DE       1.3353
     0100      8   40  00  00  00  00  00  00  DE       1.3381
     0100      8   40  00  00  00  00  00  00  DE       1.3409
     0100      8   40  00  00  00  00  00  00  DE       1.3437
     0100      8   40  00  00  00  00  00  00  DE       1.3465
     0100      8   40  00  00  00  00  00  00  DE       1.3493
     0100      8   40  00  00  00  00  00  00  DE       1.3521
     0100      8   40  00  00  00  00  00  00  DE       1.3549
     0100      8   40  00  00  00  00  00  00  DE       1.3577
     0100      8   40  00  00  00  00  00  00  DE       1.3605
     0100      8   40  00  00  00  00  00  00  DE       1.3633
     0100      8   40  00  00  00  00  00  00  DE       1.3661
     0100      8   40  00  00  00  00  00  00  DE       1.3689
     0100      8   40  00  00  00  00  00  00  DE       1.3717
     0100      8   40  00  00  00  00  00  00  DE       1.3746
     0100      8   40  00  00  00  00  00  00  DE       1.3774
     0100      8   40  00  00  00  00  00  00  DE       1.3802
     0100      8   40  00  00  00  00  00  00  DE       1.3830
     0100      8   40  00  00  00  00  00  00  DE       1.3858
     0100      8   40  00  00  00  00  00  00  DE       1.3886
     0100      8   40  00  00  00  00  00  00  DE       1.3914
     0100      8   40  00  00  00  00  00  00  DE       1.3942
     0100      8   40  00  00  00  00  00  00  DE       1.3970
     0100      8   40  00  00  00  00  00  00  DE       1.3998
     0100      8   40  00  00  00  00  00  00  DE       1.4026
     0100      8   40  00  00  00  00  00  00  DE       1.4054
     0100      8   40  00  00  00  00  00  00  DE       1.4082
     0100      8   40  00  00  00  00  00  00  DE       1.4110
     0100      8   40  00  00  00  00  00  00  DE       1.4138
     0100      8   40  00  00  00  00  00  00  DE       1.4166
     0100      8   40  00  00  00  00  00  00  DE       1.4194
     0100      8   40  00  00  00  00  00  00  DE       1.4222
     0100      8   40  00  00  00  00  00  00  DE       1.4250
     0100      8   40  00  00  00  00  00  00  DE       1.4278
     0100      8   40  00  00  00  00  00  00  DE       1.4306
     0100      8   40  00  00  00  00  00  00  DE       1.4334
     0100      8   40  00  00  00  00  00  00  DE       1.4363
     0100      8   40  00  00  00  00  00  00  DE       1.4391
     0100      8   40  00  00  00  00  00  00  DE       1.4419
     0100      8   40  00  00  00  00  00  00  DE       1.4447
     0100      8   40  00  00  00  00  00  00  DE       1.4475
     0100      8   40  00  00  00  00  00  00  DE       1.4503
     0100      8   40  00  00  00  00  00  00  DE       1.4531
     0100      8   40  00  00  00  00  00  00  DE       1.4559
     0100      8   40  00  00  00  00  00  00  DE       1.4587
     0100      8   40  00  00  00  00  00  00  DE       1.4615
     0100      8   40  00  00  00  00  00  00  DE       1.4643
     0100      8   40  00  00  00  00  00  00  DE       1.4671
     0100      8   40  00  00  00  00  00  00  DE       1.4699
     0100      8   40  00  00  00  00  00  00  DE       1.4727
     0100      8   40  00  00  00  00  00  00  DE       1.4755
     0100      8   40  00  00  00  00  00  00  DE       1.4783
     0100      8   40  00  00  00  00  00  00  DE       1.4811
     0100      8   40  00  00  00  00  00  00  DE       1.4839
     0100      8   40  00  00  00  00  00  00  DE       1.4867
     0100      8   40  00  00  00  00  00  00  DE       1.4895
     0100      8   40  00  00  00  00  00  00  DE       1.4923
     0100      8   40  00  00  00  00  00  00  DE       1.4951
     0100      8   40  00  00  00  00  00  00  DE       1.4979
     0100      8   40  00  00  00  00  00  00  DE       1.5008
     0100      8   40  00  00  00  00  00  00  DE       1.5036
     0100      8   40  00  00  00  00  00  00  DE       1.5064
     0100      8   40  00  00  00  00  00  00  DE       1.5092
     0100      8   40  00  00  00  00  00  00  DE       1.5120
     0100      8   40  00  00  00  00  00  00  DE       1.5148
     0100      8   40  00  00  00  00  00  00  DE       1.5176
     0100      8   40  00  00  00  00  00  00  DE       1.5204
     0100      8   40  00  00  00  00  00  00  DE       1.5232
     0100      8   40  00  00  00  00  00  00  DE       1.5260
     0100      8   40  00  00  00  00  00  00  DE       1.5288
     0100      8   40  00  00  00  00  00  00  DE       1.5316
     0100      8   40  00  00  00  00  00  00  DE       1.5344
     0100      8   40  00  00  00  00  00  00  DE       1.5372
     0100      8   40  00  00  00  00  00  00  DE       1.5400
     0100      8   40  00  00  00  00  00  00  DE       1.5428
     0100      8   40  00  00  00  00  00  00  DE       1.5456
     0100      8   40  00  00  00  00  00  00  DE       1.5484
     0100      8   40  00  00  00  00  00  00  DE       1.5512
     0100      8   40  00  00  00  00  00  00  DE       1.5540
     0100      8   40  00  00  00  00  00  00  DE       1.5568
     0100      8   40  00  00  00  00  00  00  DE       1.5596
     0100      8   40  00  00  00  00  00  00  DE       1.5625
     0100      8   40  00  00  00  00  00  00  DE       1.5653
     0100      8   40  00  00  00  00  00  00  DE       1.5681
     0100      8   40  00  00  00  00  00  00  DE       1.5709
     0100      8   40  00  00  00  00  00  00  DE       1.5737
     0100      8   40  00  00  00  00  00  00  DE       1.5765
     0100      8   40  00  00  00  00  00  00  DE       1.5793
     0100      8   40  00  00  00  00  00  00  DE       1.5821
     0100      8   40  00  00  00  00  00  00  DE       1.5849
     0100      8   40  00  00  00  00  00  00  DE       1.5877
     0100      8   40  00  00  00  00  00  00  DE       1.5905
     0100      8   40  00  00  00  00  00  00  DE       1.5933
     0100      8   40  00  00  00  00  00  00  DE       1.5961
     0100      8   40  00  00  00  00  00  00  DE       1.5989
     0100      8   40  00  00  00  00  00  00  DE       1.6017
     0100      8   40  00  00  00  00  00  00  DE       1.6045
     0100      8   40  00  00  00  00  00  00  DE       1.6073
     0100      8   40  00  00  00  00  00  00  DE       1.6101
     0100      8   40  00  00  00  00  00  00  DE       1.6129
     0100      8   40  00  00  00  00  00  00  DE       1.6157
     0100      8   40  00  00  00  00  00  00  DE       1.6185
     0100      8   40  00  00  00  00  00  00  DE       1.6213
     0100      8   40  00  00  00  00  00  00  DE       1.6241
     0100      8   40  00  00  00  00  00  00  DE       1.6270
     0100      8   40  00  00  00  00  00  00  DE       1.6298
     0100      8   40  00  00  00  00  00  00  DE       1.6326
     0100      8   40  00  00  00  00  00  00  DE       1.6354
     0100      8   40  00  00  00  00  00  00  DE       1.6382
     0100      8   40  00  00  00  00  00  00  DE       1.6410
     0100      8   40  00  00  00  00  00  00  DE       1.6438
     0100      8   40  00  00  00  00  00  00  DE       1.6466
     0100      8   40  00  00  00  00  00  00  DE       1.6494
     0100      8   40  00  00  00  00  00  00  DE       1.6522
     0100      8   40  00  00  00  00  00  00  DE       1.6550
     0100      8   40  00  00  00  00  00  00  DE       1.6578
     0100      8   40  00  00  00  00  00  00  DE       1.6606
     0100      8   40  00  00  00  00  00  00  DE       1.6634
     0100      8   40  00  00  00  00  00  00  DE       1.6662
     0100      8   40  00  00  00  00  00  00  DE       1.6690
     0100      8   40  00  00  00  00  00  00  DE       1.6718
     0100      8   40  00  00  00  00  00  00  DE       1.6746
     0100      8   40  00  00  00  00  00  00  DE       1.6774
     0100      8   40  00  00  00  00  00  00  DE       1.6802
     0100      8   40  00  00  00  00  00  00  DE       1.6830
     0100      8   40  00  00  00  00  00  00  DE       1.6859
     0100      8   40  00  00  00  00  00  00  DE       1.6886
     0100      8   40  00  00  00  00  00  00  DE       1.6915
     0100      8   40  00  00  00  00  00  00  DE       1.6943
     0100      8   40  00  00  00  00  00  00  DE       1.6971
     0100      8   40  00  00  00  00  00  00  DE       1.6999
     0100      8   40  00  00  00  00  00  00  DE       1.7027
     0100      8   40  00  00  00  00  00  00  DE       1.7055
     0100      8   40  00  00  00  00  00  00  DE       1.7083
     0100      8   40  00  00  00  00  00  00  DE       1.7111
     0100      8   40  00  00  00  00  00  00  DE       1.7139
     0100      8   40  00  00  00  00  00  00  DE       1.7167
     0100      8   40  00  00  00  00  00  00  DE       1.7195
     0100      8   40  00  00  00  00  00  00  DE       1.7223
     0100      8   40  00  00  00  00  00  00  DE       1.7251
     0100      8   40  00  00  00  00  00  00  DE       1.7279
     0100      8   40  00  00  00  00  00  00  DE       1.7307
     0100      8   40  00  00  00  00  00  00  DE       1.7335
     0100      8   40  00  00  00  00  00  00  DE       1.7363
     0100      8   40  00  00  00  00  00  00  DE       1.7391
     0100      8   40  00  00  00  00  00  00  DE       1.7419
     0100      8   40  00  00  00  00  00  00  DE       1.7447
     0100      8   40  00  00  00  00  00  00  DE       1.7475
     0100      8   40  00  00  00  00  00  00  DE       1.7504
     0100      8   40  00  00  00  00  00  00  DE       1.7532
     0100      8   40  00  00  00  00  00  00  DE       1.7560
     0100      8   40  00  00  00  00  00  00  DE       1.7588
     0100      8   40  00  00  00  00  00  00  DE       1.7616
     0100      8   40  00  00  00  00  00  00  DE       1.7644
     0100      8   40  00  00  00  00  00  00  DE       1.7672
     0100      8   40  00  00  00  00  00  00  DE       1.7700
     0100      8   40  00  00  00  00  00  00  DE       1.7728
     0100      8   40  00  00  00  00  00  00  DE       1.7756
     0100      8   40  00  00  00  00  00  00  DE       1.7784
     0100      8   40  00  00  00  00  00  00  DE       1.7812
     0100      8   40  00  00  00  00  00  00  DE       1.7840
     0100      8   40  00  00  00  00  00  00  DE       1.7868
     0100      8   40  00  00  00  00  00  00  DE       1.7896
     0100      8   40  00  00  00  00  00  00  DE       1.7924
     0100      8   40  00  00  00  00  00  00  DE       1.7952
     0100      8   40  00  00  00  00  00  00  DE       1.7980
     0100      8   40  00  00  00  00  00  00  DE       1.8008
     0100      8   40  00  00  00  00  00  00  DE       1.8036
     0100      8   40  00  00  00  00  00  00  DE       1.8064
     0100      8   40  00  00  00  00  00  00  DE       1.8092
     0100      8   40  00  00  00  00  00  00  DE       1.8120
     0100      8   40  00  00  00  00  00  00  DE       1.8149
     0100      8   40  00  00  00  00  00  00  DE       1.8177
     0100      8   40  00  00  00  00  00  00  DE       1.8205
     0100      8   40  00  00  00  00  00  00  DE       1.8233
     0100      8   40  00  00  00  00  00  00  DE       1.8261
     0100      8   40  00  00  00  00  00  00  DE       1.8289
     0100      8   40  00  00  00  00  00  00  DE       1.8317
     0100      8   40  00  00  00  00  00  00  DE       1.8345
     0100      8   40  00  00  00  00  00  00  DE       1.8373
     0100      8   40  00  00  00  00  00  00  DE       1.8401
     0100      8   40  00  00  00  00  00  00  DE       1.8429
     0100      8   40  00  00  00  00  00  00  DE       1.8457
     0100      8   40  00  00  00  00  00  00  DE       1.8485
     0100      8   40  00  00  00  00  00  00  DE       1.8513
     0100      8   40  00  00  00  00  00  00  DE       1.8541
     0100      8   40  00  00  00  00  00  00  DE       1.8569
     0100      8   40  00  00  00  00  00  00  DE       1.8597
     0100      8   40  00  00  00  00  00  00  DE       1.8625
     0100      8   40  00  00  00  00  00  00  DE       1.8653
     0100      8   40  00  00  00  00  00  00  DE       1.8681
     0100      8   40  00  00  00  00  00  00  DE       1.8709
     0100      8   40  00  00  00  00  00  00  DE       1.8737
     0100      8   40  00  00  00  00  00  00  DE       1.8765
     0100      8   40  00  00  00  00  00  00  DE       1.8794
     0100      8   40  00  00  00  00  00  00  DE       1.8822
     0100      8   40  00  00  00  00  00  00  DE       1.8850
     0100      8   40  00  00  00  00  00  00  DE       1.8878
     0100      8   40  00  00  00  00  00  00  DE       1.8906
     0100      8   40  00  00  00  00  00  00  DE       1.8934
     0100      8   40  00  00  00  00  00  00  DE       1.8962
     0100      8   40  00  00  00  00  00  00  DE       1.8990
     0100      8   40  00  00  00  00  00  00  DE       1.9018
     0100      8   40  00  00  00  00  00  00  DE       1.9046
     0100      8   40  00  00  00  00  00  00  DE       1.9074
     0100      8   40  00  00  00  00  00  00  DE       1.9102
     0100      8   40  00  00  00  00  00  00  DE       1.9130
     0100      8   40  00  00  00  00  00  00  DE       1.9158
     0100      8   40  00  00  00  00  00  00  DE       1.9186
     0100      8   40  00  00  00  00  00  00  DE       1.9214
     0100      8   40  00  00  00  00  00  00  DE       1.9242
     0100      8   40  00  00  00  00  00  00  DE       1.9270
     0100      8   40  00  00  00  00  00  00  DE       1.9298
     0100      8   40  00  00  00  00  00  00  DE       1.9326
     0100      8   40  00  00  00  00  00  00  DE       1.9354
     0100      8   40  00  00  00  00  00  00  DE       1.9382
     0100      8   40  00  00  00  00  00  00  DE       1.9410
     0100      8   40  00  00  00  00  00  00  DE       1.9439
     0100      8   40  00  00  00  00  00  00  DE       1.9467
     0100      8   40  00  00  00  00  00  00  DE       1.9495
     0100      8   40  00  00  00  00  00  00  DE       1.9523
     0100      8   40  00  00  00  00  00  00  DE       1.9551
     0100      8   40  00  00  00  00  00  00  DE       1.9579
     0100      8   40  00  00  00  00  00  00  DE       1.9607
     0100      8   40  00  00  00  00  00  00  DE       1.9635
     0100      8   40  00  00  00  00  00  00  DE       1.9663
     0100      8   40  00  00  00  00  00  00  DE       1.9691
     0100      8   40  00  00  00  00  00  00  DE       1.9719
     0100      8   40  00  00  00  00  00  00  DE       1.9747
     0100      8   40  00  00  00  00  00  00  DE       1.9775
     0100      8   40  00  00  00  00  00  00  DE       1.9803
     0100      8   40  00  00  00  00  00  00  DE       1.9831
     0100      8   40  00  00  00  00  00  00  DE       1.9859
     0100      8   40  00  00  00  00  00  00  DE       1.9887
     0100      8   40  00  00  00  00  00  00  DE       1.9915
     0100      8   40  00  00  00  00  00  00  DE       1.9943
     0100      8   40  00  00  00  00  00  00  DE       1.9971
     0100      8   40  00  00  00  00  00  00  DE       1.9999
     0100      8   40  00  00  00  00  00  00  DE       2.0027
     0100      8   40  00  00  00  00  00  00  DE       2.0055
     0100      8   40  00  00  00  00  00  00  DE       2.0084
     0100      8   40  00  00  00  00  00  00  DE       2.0112
     0100      8   40  00  00  00  00  00  00  DE       2.0140
     0100      8   40  00  00  00  00  00  00  DE       2.0168
     0100      8   40  00  00  00  00  00  00  DE       2.0196
     0100      8   40  00  00  00  00  00  00  DE       2.0224
     0100      8   40  00  00  00  00  00  00  DE       2.0252
     0100      8   40  00  00  00  00  00  00  DE       2.0280
     0100      8   40  00  00  00  00  00  00  DE       2.0308
     0100      8   40  00  00  00  00  00  00  DE       2.0336
     0100      8   40  00  00  00  00  00  00  DE       2.0364
     0100      8   40  00  00  00  00  00  00  DE       2.0392
     0100      8   40  00  00  00  00  00  00  DE       2.0420
     0100      8   40  00  00  00  00  00  00  DE       2.0448
     0100      8   40  00  00  00  00  00  00  DE       2.0476
     0100      8   40  00  00  00  00  00  00  DE       2.0504
     0100      8   40  00  00  00  00  00  00  DE       2.0532
     0100      8   40  00  00  00  00  00  00  DE       2.0560
     0100      8   40  00  00  00  00  00  00  DE       2.0588
     0100      8   40  00  00  00  00  00  00  DE       2.0616
     0100      8   40  00  00  00  00  00  00  DE       2.0644
     0100      8   40  00  00  00  00  00  00  DE       2.0672
     0100      8   40  00  00  00  00  00  00  DE       2.0700
     0100      8   40  00  00  00  00  00  00  DE       2.0729
     0100      8   40  00  00  00  00  00  00  DE       2.0757
     0100      8   40  00  00  00  00  00  00  DE       2.0785
     0100      8   40  00  00  00  00  00  00  DE       2.0813
     0100      8   40  00  00  00  00  00  00  DE       2.0841
     0100      8   40  00  00  00  00  00  00  DE       2.0869
     0100      8   40  00  00  00  00  00  00  DE       2.0897
     0100      8   40  00  00  00  00  00  00  DE       2.0925
     0100      8   40  00  00  00  00  00  00  DE       2.0953
     0100      8   40  00  00  00  00  00  00  DE       2.0981
     0100      8   40  00  00  00  00  00  00  DE       2.1009
     0100      8   40  00  00  00  00  00  00  DE       2.1037
     0100      8   40  00  00  00  00  00  00  DE       2.1065
     0100      8   40  00  00  00  00  00  00  DE       2.1093
     0100      8   40  00  00  00  00  00  00  DE       2.1121
     0100      8   40  00  00  00  00  00  00  DE       2.1149
     0100      8   40  00  00  00  00  00  00  DE       2.1177
     0100      8   40  00  00  00  00  00  00  DE       2.1205
     0100      8   40  00  00  00  00  00  00  DE       2.1233
     0100      8   40  00  00  00  00  00  00  DE       2.1261
     0100      8   40  00  00  00  00  00  00  DE       2.1289
     0100      8   40  00  00  00  00  00  00  DE       2.1317
     0100      8   40  00  00  00  00  00  00  DE       2.1345
     0100      8   40  00  00  00  00  00  00  DE       2.1374
     0100      8   40  00  00  00  00  00  00  DE       2.1402
     0100      8   40  00  00  00  00  00  00  DE       2.1430
     0100      8   40  00  00  00  00  00  00  DE       2.1458
     0100      8   40  00  00  00  00  00  00  DE       2.1486
     0100      8   40  00  00  00  00  00  00  DE       2.1514
     0100      8   40  00  00  00  00  00  00  DE       2.1542
     0100      8   40  00  00  00  00  00  00  DE       2.1570
     0100      8   40  00  00  00  00  00  00  DE       2.1598
     0100      8   40  00  00  00  00  00  00  DE       2.1626
     0100      8   40  00  00  00  00  00  00  DE       2.1654
     0100      8   40  00  00  00  00  00  00  DE       2.1682
     0100      8   40  00  00  00  00  00  00  DE       2.1710
     0100      8   40  00  00  00  00  00  00  DE       2.1738
     0100      8   40  00  00  00  00  00  00  DE       2.1766
     0100      8   40  00  00  00  00  00  00  DE       2.1794
     0100      8   40  00  00  00  00  00  00  DE       2.1822
     0100      8   40  00  00  00  00  00  00  DE       2.1850
     0100      8   40  00  00  00  00  00  00  DE       2.1878
     0100      8   40  00  00  00  00  00  00  DE       2.1906
     0100      8   40  00  00  00  00  00  00  DE       2.1934
     0100      8   40  00  00  00  00  00  00  DE       2.1962
     0100      8   40  00  00  00  00  00  00  DE       2.1991
     0100      8   40  00  00  00  00  00  00  DE       2.2019
     0100      8   40  00  00  00  00  00  00  DE       2.2047
     0100      8   40  00  00  00  00  00  00  DE       2.2075
     0100      8   40  00  00  00  00  00  00  DE       2.2103
     0100      8   40  00  00  00  00  00  00  DE       2.2131
     0100      8   40  00  00  00  00  00  00  DE       2.2159
     0100      8   40  00  00  00  00  00  00  DE       2.2187
     0100      8   40  00  00  00  00  00  00  DE       2.2215
     0100      8   40  00  00  00  00  00  00  DE       2.2243
     0100      8   40  00  00  00  00  00  00  DE       2.2271
     0100      8   40  00  00  00  00  00  00  DE       2.2299
     0100      8   40  00  00  00  00  00  00  DE       2.2327
     0100      8   40  00  00  00  00  00  00  DE       2.2355
     0100      8   40  00  00  00  00  00  00  DE       2.2383
     0100      8   40  00  00  00  00  00  00  DE       2.2411
     0100      8   40  00  00  00  00  00  00  DE       2.2439
     0100      8   40  00  00  00  00  00  00  DE       2.2467
     0100      8   40  00  00  00  00  00  00  DE       2.2495
     0100      8   40  00  00  00  00  00  00  DE       2.2523
     0100      8   40  00  00  00  00  00  00  DE       2.2551
     0100      8   40  00  00  00  00  00  00  DE       2.2579
     0100      8   40  00  00  00  00  00  00  DE       2.2607
     0100      8   40  00  00  00  00  00  00  DE       2.2636
     0100      8   40  00  00  00  00  00  00  DE       2.2664
     0100      8   40  00  00  00  00  00  00  DE       2.2692
     0100      8   40  00  00  00  00  00  00  DE       2.2720
     0100      8   40  00  00  00  00  00  00  DE       2.2748
     0100      8   40  00  00  00  00  00  00  DE       2.2776
     0100      8   40  00  00  00  00  00  00  DE       2.2804
     0100      8   40  00  00  00  00  00  00  DE       2.2832
     0100      8   40  00  00  00  00  00  00  DE       2.2860
     0100      8   40  00  00  00  00  00  00  DE       2.2888
     0100      8   40  00  00  00  00  00  00  DE       2.2916
     0100      8   40  00  00  00  00  00  00  DE       2.2944
     0100      8   40  00  00  00  00  00  00  DE       2.2972
     0100      8   40  00  00  00  00  00  00  DE       2.3000
     0100      8   40  00  00  00  00  00  00  DE       2.3028
     0100      8   40  00  00  00  00  00  00  DE       2.3056
     0100      8   40  00  00  00  00  00  00  DE       2.3084
     0100      8   40  00  00  00  00  00  00  DE       2.3112
     0100      8   40  00  00  00  00  00  00  DE       2.3140
     0100      8   40  00  00  00  00  00  00  DE       2.3168
     0100      8   40  00  00  00  00  00  00  DE       2.3196
     0100      8   40  00  00  00  00  00  00  DE       2.3224
     0100      8   40  00  00  00  00  00  00  DE       2.3253
     0100      8   40  00  00  00  00  00  00  DE       2.3281
     0100      8   40  00  00  00  00  00  00  DE       2.3309
     0100      8   40  00  00  00  00  00  00  DE       2.3337
     0100      8   40  00  00  00  00  00  00  DE       2.3365
     0100      8   40  00  00  00  00  00  00  DE       2.3393
     0100      8   40  00  00  00  00  00  00  DE       2.3421
     0100      8   40  00  00  00  00  00  00  DE       2.3449
     0100      8   40  00  00  00  00  00  00  DE       2.3477
     0100      8   40  00  00  00  00  00  00  DE       2.3505
     0100      8   40  00  00  00  00  00  00  DE       2.3533
     0100      8   40  00  00  00  00  00  00  DE       2.3561
     0100      8   40  00  00  00  00  00  00  DE       2.3589
     0100      8   40  00  00  00  00  00  00  DE       2.3617
     0100      8   40  00  00  00  00  00  00  DE       2.3645
     0100      8   40  00  00  00  00  00  00  DE       2.3673
     0100      8   40  00  00  00  00  00  00  DE       2.3701
     0100      8   40  00  00  00  00  00  00  DE       2.3729
     0100      8   40  00  00  00  00  00  00  DE       2.3757
     0100      8   40  00  00  00  00  00  00  DE       2.3785
     0100      8   40  00  00  00  00  00  00  DE       2.3813
     0100      8   40  00  00  00  00  00  00  DE       2.3842
     0100      8   40  00  00  00  00  00  00  DE       2.3869
     0100      8   40  00  00  00  00  00  00  DE       2.3898
     0100      8   40  00  00  00  00  00  00  DE       2.3926
     0100      8   40  00  00  00  00  00  00  DE       2.3954
     0100      8   40  00  00  00  00  00  00  DE       2.3982
     0100      8   40  00  00  00  00  00  00  DE       2.4010
     0100      8   40  00  00  00  00  00  00  DE       2.4038
     0100      8   40  00  00  00  00  00  00  DE       2.4066
     0100      8   40  00  00  00  00  00  00  DE       2.4094
     0100      8   40  00  00  00  00  00  00  DE       2.4122
     0100      8   40  00  00  00  00  00  00  DE       2.4150
     0100      8   40  00  00  00  00  00  00  DE       2.4178
     0100      8   40  00  00  00  00  00  00  DE       2.4206
     0100      8   40  00  00  00  00  00  00  DE       2.4234
     0100      8   40  00  00  00  00  00  00  DE       2.4262
     0100      8   40  00  00  00  00  00  00  DE       2.4290
     0100      8   40  00  00  00  00  00  00  DE       2.4318
     0100      8   40  00  00  00  00  00  00  DE       2.4346
     0100      8   40  00  00  00  00  00  00  DE       2.4374
     0100      8   40  00  00  00  00  00  00  DE       2.4402
     0100      8   40  00  00  00  00  00  00  DE       2.4430
     0100      8   40  00  00  00  00  00  00  DE       2.4458
     0100      8   40  00  00  00  00  00  00  DE       2.4487
     0100      8   40  00  00  00  00  00  00  DE       2.4514
     0100      8   40  00  00  00  00  00  00  DE       2.4543
     0100      8   40  00  00  00  00  00  00  DE       2.4571
     0100      8   40  00  00  00  00  00  00  DE       2.4599
     0100      8   40  00  00  00  00  00  00  DE       2.4627
     0100      8   40  00  00  00  00  00  00  DE       2.4655
     0100      8   40  00  00  00  00  00  00  DE       2.4683
     0100      8   40  00  00  00  00  00  00  DE       2.4711
     0100      8   40  00  00  00  00  00  00  DE       2.4739
     0100      8   40  00  00  00  00  00  00  DE       2.4767
     0100      8   40  00  00  00  00  00  00  DE       2.4795
     0100      8   40  00  00  00  00  00  00  DE       2.4823
     0100      8   40  00  00  00  00  00  00  DE       2.4851
     0100      8   40  00  00  00  00  00  00  DE       2.4879
     0100      8   40  00  00  00  00  00  00  DE       2.4907
     0100      8   40  00  00  00  00  00  00  DE       2.4935
     0100      8   40  00  00  00  00  00  00  DE       2.4963
     0100      8   40  00  00  00  00  00  00  DE       2.4991
     0100      8   40  00  00  00  00  00  00  DE       2.5019
     0100      8   40  00  00  00  00  00  00  DE       2.5047
     0100      8   40  00  00  00  00  00  00  DE       2.5075
     0100      8   40  00  00  00  00  00  00  DE       2.5103
     0100      8   40  00  00  00  00  00  00  DE       2.5132
     0100      8   40  00  00  00  00  00  00  DE       2.5160
     0100      8   40  00  00  00  00  00  00  DE       2.5188
     0100      8   40  00  00  00  00  00  00  DE       2.5216
     0100      8   40  00  00  00  00  00  00  DE       2.5244
     0100      8   40  00  00  00  00  00  00  DE       2.5272
     0100      8   40  00  00  00  00  00  00  DE       2.5300
     0100      8   40  00  00  00  00  00  00  DE       2.5328
     0100      8   40  00  00  00  00  00  00  DE       2.5356
     0100      8   40  00  00  00  00  00  00  DE       2.5384
     0100      8   40  00  00  00  00  00  00  DE       2.5412
     0100      8   40  00  00  00  00  00  00  DE       2.5440
     0100      8   40  00  00  00  00  00  00  DE       2.5468
     0100      8   40  00  00  00  00  00  00  DE       2.5496
     0100      8   40  00  00  00  00  00  00  DE       2.5524
     0100      8   40  00  00  00  00  00  00  DE       2.5552
     0100      8   40  00  00  00  00  00  00  DE       2.5580
     0100      8   40  00  00  00  00  00  00  DE       2.5608
     0100      8   40  00  00  00  00  00  00  DE       2.5636
     0100      8   40  00  00  00  00  00  00  DE       2.5664
     0100      8   40  00  00  00  00  00  00  DE       2.5692
     0100      8   40  00  00  00  00  00  00  DE       2.5720
     0100      8   40  00  00  00  00  00  00  DE       2.5748
     0100      8   40  00  00  00  00  00  00  DE       2.5776
     0100      8   40  00  00  00  00  00  00  DE       2.5805
     0100      8   40  00  00  00  00  00  00  DE       2.5833
     0100      8   40  00  00  00  00  00  00  DE       2.5861
     0100      8   40  00  00  00  00  00  00  DE       2.5889
     0100      8   40  00  00  00  00  00  00  DE       2.5917
     0100      8   40  00  00  00  00  00  00  DE       2.5945
     0100      8   40  00  00  00  00  00  00  DE       2.5973
     0100      8   40  00  00  00  00  00  00  DE       2.6001
     0100      8   40  00  00  00  00  00  00  DE       2.6029
     0100      8   40  00  00  00  00  00  00  DE       2.6057
     0100      8   40  00  00  00  00  00  00  DE       2.6085
     0100      8   40  00  00  00  00  00  00  DE       2.6113
     0100      8   40  00  00  00  00  00  00  DE       2.6141
     0100      8   40  00  00  00  00  00  00  DE       2.6169
     0100      8   40  00  00  00  00  00  00  DE       2.6197
     0100      8   40  00  00  00  00  00  00  DE       2.6225
     0100      8   40  00  00  00  00  00  00  DE       2.6253
     0100      8   40  00  00  00  00  00  00  DE       2.6281
     0100      8   40  00  00  00  00  00  00  DE       2.6309
     0100      8   40  00  00  00  00  00  00  DE       2.6337
     0100      8   40  00  00  00  00  00  00  DE       2.6365
     0100      8   40  00  00  00  00  00  00  DE       2.6393
     0100      8   40  00  00  00  00  00  00  DE       2.6421
     0100      8   40  00  00  00  00  00  00  DE       2.6450
     0100      8   40  00  00  00  00  00  00  DE       2.6478
     0100      8   40  00  00  00  00  00  00  DE       2.6506
     0100      8   40  00  00  00  00  00  00  DE       2.6534
     0100      8   40  00  00  00  00  00  00  DE       2.6562
     0100      8   40  00  00  00  00  00  00  DE       2.6590
     0100      8   40  00  00  00  00  00  00  DE       2.6618
     0100      8   40  00  00  00  00  00  00  DE       2.6646
     0100      8   40  00  00  00  00  00  00  DE       2.6674
     0100      8   40  00  00  00  00  00  00  DE       2.6702
     0100      8   40  00  00  00  00  00  00  DE       2.6730
     0100      8   40  00  00  00  00  00  00  DE       2.6758
     0100      8   40  00  00  00  00  00  00  DE       2.6786
     0100      8   40  00  00  00  00  00  00  DE       2.6814
     0100      8   40  00  00  00  00  00  00  DE       2.6842
     0100      8   40  00  00  00  00  00  00  DE       2.6870
     0100      8   40  00  00  00  00  00  00  DE       2.6898
     0100      8   40  00  00  00  00  00  00  DE       2.6926
     0100      8   40  00  00  00  00  00  00  DE       2.6954
     0100      8   40  00  00  00  00  00  00  DE       2.6982
     0100      8   40  00  00  00  00  00  00  DE       2.7010
     0100      8   40  00  00  00  00  00  00  DE       2.7038
     0100      8   40  00  00  00  00  00  00  DE       2.7067
     0100      8   40  00  00  00  00  00  00  DE       2.7095
     0100      8   40  00  00  00  00  00  00  DE       2.7123
     0100      8   40  00  00  00  00  00  00  DE       2.7151
     0100      8   40  00  00  00  00  00  00  DE       2.7179
     0100      8   40  00  00  00  00  00  00  DE       2.7207
     0100      8   40  00  00  00  00  00  00  DE       2.7235
     0100      8   40  00  00  00  00  00  00  DE       2.7263
     0100      8   40  00  00  00  00  00  00  DE       2.7291
     0100      8   40  00  00  00  00  00  00  DE       2.7319
     0100      8   40  00  00  00  00  00  00  DE       2.7347
     0100      8   40  00  00  00  00  00  00  DE       2.7375
     0100      8   40  00  00  00  00  00  00  DE       2.7403
     0100      8   40  00  00  00  00  00  00  DE       2.7431
     0100      8   40  00  00  00  00  00  00  DE       2.7459
     0100      8   40  00  00  00  00  00  00  DE       2.7487
     0100      8   40  00  00  00  00  00  00  DE       2.7515
     0100      8   40  00  00  00  00  00  00  DE       2.7543
     0100      8   40  00  00  00  00  00  00  DE       2.7571
     0100      8   40  00  00  00  00  00  00  DE       2.7599
     0100      8   40  00  00  00  00  00  00  DE       2.7627
     0100      8   40  00  00  00  00  00  00  DE       2.7655
     0100      8   40  00  00  00  00  00  00  DE       2.7683
     0100      8   40  00  00  00  00  00  00  DE       2.7712
     0100      8   40  00  00  00  00  00  00  DE       2.7740
     0100      8   40  00  00  00  00  00  00  DE       2.7768
     0100      8   40  00  00  00  00  00  00  DE       2.7796
     0100      8   40  00  00  00  00  00  00  DE       2.7824
     0100      8   40  00  00  00  00  00  00  DE       2.7852
     0100      8   40  00  00  00  00  00  00  DE       2.7880
     0100      8   40  00  00  00  00  00  00  DE       2.7908
     0100      8   40  00  00  00  00  00  00  DE       2.7936
     0100      8   40  00  00  00  00  00  00  DE       2.7964
     0100      8   40  00  00  00  00  00  00  DE       2.7992
     0100      8   40  00  00  00  00  00  00  DE       2.8020
     0100      8   40  00  00  00  00  00  00  DE       2.8048
     0100      8   40  00  00  00  00  00  00  DE       2.8076
     0100      8   40  00  00  00  00  00  00  DE       2.8104
     0100      8   40  00  00  00  00  00  00  DE       2.8132
     0100      8   40  00  00  00  00  00  00  DE       2.8160
     0100      8   40  00  00  00  00  00  00  DE       2.8188
     0100      8   40  00  00  00  00  00  00  DE       2.8216
     0100      8   40  00  00  00  00  00  00  DE       2.8244
     0100      8   40  00  00  00  00  00  00  DE       2.8272
     0100      8   40  00  00  00  00  00  00  DE       2.8300
     0100      8   40  00  00  00  00  00  00  DE       2.8329
     0100      8   40  00  00  00  00  00  00  DE       2.8357
     0100      8   40  00  00  00  00  00  00  DE       2.8385
     0100      8   40  00  00  00  00  00  00  DE       2.8413
     0100      8   40  00  00  00  00  00  00  DE       2.8441
     0100      8   40  00  00  00  00  00  00  DE       2.8469
     0100      8   40  00  00  00  00  00  00  DE       2.8497
     0100      8   40  00  00  00  00  00  00  DE       2.8525
     0100      8   40  00  00  00  00  00  00  DE       2.8553
     0100      8   40  00  00  00  00  00  00  DE       2.8581
     0100      8   40  00  00  00  00  00  00  DE       2.8609
     0100      8   40  00  00  00  00  00  00  DE       2.8637
     0100      8   40  00  00  00  00  00  00  DE       2.8665
     0100      8   40  00  00  00  00  00  00  DE       2.8693
     0100      8   40  00  00  00  00  00  00  DE       2.8721
     0100      8   40  00  00  00  00  00  00  DE       2.8749
     0100      8   40  00  00  00  00  00  00  DE       2.8777
     0100      8   40  00  00  00  00  00  00  DE       2.8805
     0100      8   40  00  00  00  00  00  00  DE       2.8833
     0100      8   40  00  00  00  00  00  00  DE       2.8861
     0100      8   40  00  00  00  00  00  00  DE       2.8889
     0100      8   40  00  00  00  00  00  00  DE       2.8917
     0100      8   40  00  00  00  00  00  00  DE       2.8945
     0100      8   40  00  00  00  00  00  00  DE       2.8973
     0100      8   40  00  00  00  00  00  00  DE       2.9002
     0100      8   40  00  00  00  00  00  00  DE       2.9030
     0100      8   40  00  00  00  00  00  00  DE       2.9058
     0100      8   40  00  00  00  00  00  00  DE       2.9086
     0100      8   40  00  00  00  00  00  00  DE       2.9114
     0100      8   40  00  00  00  00  00  00  DE       2.9142
     0100      8   40  00  00  00  00  00  00  DE       2.9170
     0100      8   40  00  00  00  00  00  00  DE       2.9198
     0100      8   40  00  00  00  00  00  00  DE       2.9226
     0100      8   40  00  00  00  00  00  00  DE       2.9254
     0100      8   40  00  00  00  00  00  00  DE       2.9282
     0100      8   40  00  00  00  00  00  00  DE       2.9310
     0100      8   40  00  00  00  00  00  00  DE       2.9338
     0100      8   40  00  00  00  00  00  00  DE       2.9366
     0100      8   40  00  00  00  00  00  00  DE       2.9394
     0100      8   40  00  00  00  00  00  00  DE       2.9422
     0100      8   40  00  00  00  00  00  00  DE       2.9450
     0100      8   40  00  00  00  00  00  00  DE       2.9478
     0100      8   40  00  00  00  00  00  00  DE       2.9506
     0100      8   40  00  00  00  00  00  00  DE       2.9534
     0100      8   40  00  00  00  00  00  00  DE       2.9562
     0100      8   40  00  00  00  00  00  00  DE       2.9590
     0100      8   40  00  00  00  00  00  00  DE       2.9619
     0100      8   40  00  00  00  00  00  00  DE       2.9647
     0100      8   40  00  00  00  00  00  00  DE       2.9675
     0100      8   40  00  00  00  00  00  00  DE       2.9703
     0100      8   40  00  00  00  00  00  00  DE       2.9731
     0100      8   40  00  00  00  00  00  00  DE       2.9759
     0100      8   40  00  00  00  00  00  00  DE       2.9787
     0100      8   40  00  00  00  00  00  00  DE       2.9815
     0100      8   40  00  00  00  00  00  00  DE       2.9843
     0100      8   40  00  00  00  00  00  00  DE       2.9871
     0100      8   40  00  00  00  00  00  00  DE       2.9899
     0100      8   40  00  00  00  00  00  00  DE       2.9927
     0100      8   40  00  00  00  00  00  00  DE       2.9955
     0100      8   40  00  00  00  00  00  00  DE       2.9983
     0100      8   40  00  00  00  00  00  00  DE       3.0011
     0100      8   40  00  00  00  00  00  00  DE       3.0039
     0100      8   40  00  00  00  00  00  00  DE       3.0067
     0100      8   40  00  00  00  00  00  00  DE       3.0095
     0100      8   40  00  00  00  00  00  00  DE       3.0123
     0100      8   40  00  00  00  00  00  00  DE       3.0151
     0100      8   40  00  00  00  00  00  00  DE       3.0179
     0100      8   40  00  00  00  00  00  00  DE       3.0207
     0100      8   40  00  00  00  00  00  00  DE       3.0235
     0100      8   40  00  00  00  00  00  00  DE       3.0264
     0100      8   40  00  00  00  00  00  00  DE       3.0292
     0100      8   40  00  00  00  00  00  00  DE       3.0320
     0100      8   40  00  00  00  00  00  00  DE       3.0348
     0100      8   40  00  00  00  00  00  00  DE       3.0376
     0100      8   40  00  00  00  00  00  00  DE       3.0404
     0100      8   40  00  00  00  00  00  00  DE       3.0432
     0100      8   40  00  00  00  00  00  00  DE       3.0460
     0100      8   40  00  00  00  00  00  00  DE       3.0488
     0100      8   40  00  00  00  00  00  00  DE       3.0516
     0100      8   40  00  00  00  00  00  00  DE       3.0544
     0100      8   40  00  00  00  00  00  00  DE       3.0572
     0100      8   40  00  00  00  00  00  00  DE       3.0600
     0100      8   40  00  00  00  00  00  00  DE       3.0628
     0100      8   40  00  00  00  00  00  00  DE       3.0656
     0100      8   40  00  00  00  00  00  00  DE       3.0684
     0100      8   40  00  00  00  00  00  00  DE       3.0712
     0100      8   40  00  00  00  00  00  00  DE       3.0740
     0100      8   40  00  00  00  00  00  00  DE       3.0768
     0100      8   40  00  00  00  00  00  00  DE       3.0796
     0100      8   40  00  00  00  00  00  00  DE       3.0824
     0100      8   40  00  00  00  00  00  00  DE       3.0852
     0100      8   40  00  00  00  00  00  00  DE       3.0881
     0100      8   40  00  00  00  00  00  00  DE       3.0909
     0100      8   40  00  00  00  00  00  00  DE       3.0937
     0100      8   40  00  00  00  00  00  00  DE       3.0965
     0100      8   40  00  00  00  00  00  00  DE       3.0993
     0100      8   40  00  00  00  00  00  00  DE       3.1021
     0100      8   40  00  00  00  00  00  00  DE       3.1049
     0100      8   40  00  00  00  00  00  00  DE       3.1077
     0100      8   40  00  00  00  00  00  00  DE       3.1105
     0100      8   40  00  00  00  00  00  00  DE       3.1133
     0100      8   40  00  00  00  00  00  00  DE       3.1161
     0100      8   40  00  00  00  00  00  00  DE       3.1189
     0100      8   40  00  00  00  00  00  00  DE       3.1217
     0100      8   40  00  00  00  00  00  00  DE       3.1245
     0100      8   40  00  00  00  00  00  00  DE       3.1273
     0100      8   40  00  00  00  00  00  00  DE       3.1301
     0100      8   40  00  00  00  00  00  00  DE       3.1329
     0100      8   40  00  00  00  00  00  00  DE       3.1357
     0100      8   40  00  00  00  00  00  00  DE       3.1385
     0100      8   40  00  00  00  00  00  00  DE       3.1413
     0100      8   40  00  00  00  00  00  00  DE       3.1441
     0100      8   40  00  00  00  00  00  00  DE       3.1469
     0100      8   40  00  00  00  00  00  00  DE       3.1497
     0100      8   40  00  00  00  00  00  00  DE       3.1526
     0100      8   40  00  00  00  00  00  00  DE       3.1554
     0100      8   40  00  00  00  00  00  00  DE       3.1582
     0100      8   40  00  00  00  00  00  00  DE       3.1610
     0100      8   40  00  00  00  00  00  00  DE       3.1638
     0100      8   40  00  00  00  00  00  00  DE       3.1666
     0100      8   40  00  00  00  00  00  00  DE       3.1694
     0100      8   40  00  00  00  00  00  00  DE       3.1722
     0100      8   40  00  00  00  00  00  00  DE       3.1750
     0100      8   40  00  00  00  00  00  00  DE       3.1778
     0100      8   40  00  00  00  00  00  00  DE       3.1806
     0100      8   40  00  00  00  00  00  00  DE       3.1834
     0100      8   40  00  00  00  00  00  00  DE       3.1862
     0100      8   40  00  00  00  00  00  00  DE       3.1890
     0100      8   40  00  00  00  00  00  00  DE       3.1918
     0100      8   40  00  00  00  00  00  00  DE       3.1946
     0100      8   40  00  00  00  00  00  00  DE       3.1974
     0100      8   40  00  00  00  00  00  00  DE       3.2002
     0100      8   40  00  00  00  00  00  00  DE       3.2030
     0100      8   40  00  00  00  00  00  00  DE       3.2058
     0100      8   40  00  00  00  00  00  00  DE       3.2086
     0100      8   40  00  00  00  00  00  00  DE       3.2114
     0100      8   40  00  00  00  00  00  00  DE       3.2142
     0100      8   40  00  00  00  00  00  00  DE       3.2171
     0100      8   40  00  00  00  00  00  00  DE       3.2199
     0100      8   40  00  00  00  00  00  00  DE       3.2227
     0100      8   40  00  00  00  00  00  00  DE       3.2255
     0100      8   40  00  00  00  00  00  00  DE       3.2283
     0100      8   40  00  00  00  00  00  00  DE       3.2311
     0100      8   40  00  00  00  00  00  00  DE       3.2339
     0100      8   40  00  00  00  00  00  00  DE       3.2367
     0100      8   40  00  00  00  00  00  00  DE       3.2395
     0100      8   40  00  00  00  00  00  00  DE       3.2423
     0100      8   40  00  00  00  00  00  00  DE       3.2451
     0100      8   40  00  00  00  00  00  00  DE       3.2479
     0100      8   40  00  00  00  00  00  00  DE       3.2507
     0100      8   40  00  00  00  00  00  00  DE       3.2535
     0100      8   40  00  00  00  00  00  00  DE       3.2563
     0100      8   40  00  00  00  00  00  00  DE       3.2591
     0100      8   40  00  00  00  00  00  00  DE       3.2619
     0100      8   40  00  00  00  00  00  00  DE       3.2647
     0100      8   40  00  00  00  00  00  00  DE       3.2675
     0100      8   40  00  00  00  00  00  00  DE       3.2703
     0100      8   40  00  00  00  00  00  00  DE       3.2731
     0100      8   40  00  00  00  00  00  00  DE       3.2759
     0100      8   40  00  00  00  00  00  00  DE       3.2788
     0100      8   40  00  00  00  00  00  00  DE       3.2816
     0100      8   40  00  00  00  00  00  00  DE       3.2844
     0100      8   40  00  00  00  00  00  00  DE       3.2872
     0100      8   40  00  00  00  00  00  00  DE       3.2900
     0100      8   40  00  00  00  00  00  00  DE       3.2928
     0100      8   40  00  00  00  00  00  00  DE       3.2956
     0100      8   40  00  00  00  00  00  00  DE       3.2984
     0100      8   40  00  00  00  00  00  00  DE       3.3012
     0100      8   40  00  00  00  00  00  00  DE       3.3040
     0100      8   40  00  00  00  00  00  00  DE       3.3068
     0100      8   40  00  00  00  00  00  00  DE       3.3096
     0100      8   40  00  00  00  00  00  00  DE       3.3124
     0100      8   40  00  00  00  00  00  00  DE       3.3152
     0100      8   40  00  00  00  00  00  00  DE       3.3180
     0100      8   40  00  00  00  00  00  00  DE       3.3208
     0100      8   40  00  00  00  00  00  00  DE       3.3236
     0100      8   40  00  00  00  00  00  00  DE       3.3264
     0100      8   40  00  00  00  00  00  00  DE       3.3292
     0100      8   40  00  00  00  00  00  00  DE       3.3320
     0100      8   40  00  00  00  00  00  00  DE       3.3348
     0100      8   40  00  00  00  00  00  00  DE       3.3376
     0100      8   40  00  00  00  00  00  00  DE       3.3404
     0100      8   40  00  00  00  00  00  00  DE       3.3433
     0100      8   40  00  00  00  00  00  00  DE       3.3461
     0100      8   40  00  00  00  00  00  00  DE       3.3489
     0100      8   40  00  00  00  00  00  00  DE       3.3517
     0100      8   40  00  00  00  00  00  00  DE       3.3545
     0100      8   40  00  00  00  00  00  00  DE       3.3573
     0100      8   40  00  00  00  00  00  00  DE       3.3601
     0100      8   40  00  00  00  00  00  00  DE       3.3629
     0100      8   40  00  00  00  00  00  00  DE       3.3657
     0100      8   40  00  00  00  00  00  00  DE       3.3685
     0100      8   40  00  00  00  00  00  00  DE       3.3713
     0100      8   40  00  00  00  00  00  00  DE       3.3741
     0100      8   40  00  00  00  00  00  00  DE       3.3769
     0100      8   40  00  00  00  00  00  00  DE       3.3797
     0100      8   40  00  00  00  00  00  00  DE       3.3825
     0100      8   40  00  00  00  00  00  00  DE       3.3853
     0100      8   40  00  00  00  00  00  00  DE       3.3881
     0100      8   40  00  00  00  00  00  00  DE       3.3909
     0100      8   40  00  00  00  00  00  00  DE       3.3937
     0100      8   40  00  00  00  00  00  00  DE       3.3965
     0100      8   40  00  00  00  00  00  00  DE       3.3993
     0100      8   40  00  00  00  00  00  00  DE       3.4021
     0100      8   40  00  00  00  00  00  00  DE       3.4050
     0100      8   40  00  00  00  00  00  00  DE       3.4078
     0100      8   40  00  00  00  00  00  00  DE       3.4106
     0100      8   40  00  00  00  00  00  00  DE       3.4134
     0100      8   40  00  00  00  00  00  00  DE       3.4162
     0100      8   40  00  00  00  00  00  00  DE       3.4190
     0100      8   40  00  00  00  00  00  00  DE       3.4218
     0100      8   40  00  00  00  00  00  00  DE       3.4246
     0100      8   40  00  00  00  00  00  00  DE       3.4274
     0100      8   40  00  00  00  00  00  00  DE       3.4302
     0100      8   40  00  00  00  00  00  00  DE       3.4330
     0100      8   40  00  00  00  00  00  00  DE       3.4358
     0100      8   40  00  00  00  00  00  00  DE       3.4386
     0100      8   40  00  00  00  00  00  00  DE       3.4414
     0100      8   40  00  00  00  00  00  00  DE       3.4442
     0100      8   40  00  00  00  00  00  00  DE       3.4470
     0100      8   40  00  00  00  00  00  00  DE       3.4498
     0100      8   40  00  00  00  00  00  00  DE       3.4526
     0100      8   40  00  00  00  00  00  00  DE       3.4554
     0100      8   40  00  00  00  00  00  00  DE       3.4582
     0100      8   40  00  00  00  00  00  00  DE       3.4610
     0100      8   40  00  00  00  00  00  00  DE       3.4638
     0100      8   40  00  00  00  00  00  00  DE       3.4666
     0100      8   40  00  00  00  00  00  00  DE       3.4695
     0100      8   40  00  00  00  00  00  00  DE       3.4723
     0100      8   40  00  00  00  00  00  00  DE       3.4751
     0100      8   40  00  00  00  00  00  00  DE       3.4779
     0100      8   40  00  00  00  00  00  00  DE       3.4807
     0100      8   40  00  00  00  00  00  00  DE       3.4835
     0100      8   40  00  00  00  00  00  00  DE       3.4863
     0100      8   40  00  00  00  00  00  00  DE       3.4891
     0100      8   40  00  00  00  00  00  00  DE       3.4919
     0100      8   40  00  00  00  00  00  00  DE       3.4947
     0100      8   40  00  00  00  00  00  00  DE       3.4975
     0100      8   40  00  00  00  00  00  00  DE       3.5003
     0100      8   40  00  00  00  00  00  00  DE       3.5031
     0100      8   40  00  00  00  00  00  00  DE       3.5059
     0100      8   40  00  00  00  00  00  00  DE       3.5087
     0100      8   40  00  00  00  00  00  00  DE       3.5115
     0100      8   40  00  00  00  00  00  00  DE       3.5143
     0100      8   40  00  00  00  00  00  00  DE       3.5171
     0100      8   40  00  00  00  00  00  00  DE       3.5199
     0100      8   40  00  00  00  00  00  00  DE       3.5227
     0100      8   40  00  00  00  00  00  00  DE       3.5255
     0100      8   40  00  00  00  00  00  00  DE       3.5283
     0100      8   40  00  00  00  00  00  00  DE       3.5311
     0100      8   40  00  00  00  00  00  00  DE       3.5340
     0100      8   40  00  00  00  00  00  00  DE       3.5368
     0100      8   40  00  00  00  00  00  00  DE       3.5396
     0100      8   40  00  00  00  00  00  00  DE       3.5424
     0100      8   40  00  00  00  00  00  00  DE       3.5452
     0100      8   40  00  00  00  00  00  00  DE       3.5480
     0100      8   40  00  00  00  00  00  00  DE       3.5508
     0100      8   40  00  00  00  00  00  00  DE       3.5536
     0100      8   40  00  00  00  00  00  00  DE       3.5564
     0100      8   40  00  00  00  00  00  00  DE       3.5592
     0100      8   40  00  00  00  00  00  00  DE       3.5620
     0100      8   40  00  00  00  00  00  00  DE       3.5648
     0100      8   40  00  00  00  00  00  00  DE       3.5676
     0100      8   40  00  00  00  00  00  00  DE       3.5704
     0100      8   40  00  00  00  00  00  00  DE       3.5732
     0100      8   40  00  00  00  00  00  00  DE       3.5760
     0100      8   40  00  00  00  00  00  00  DE       3.5788
     0100      8   40  00  00  00  00  00  00  DE       3.5816
     0100      8   40  00  00  00  00  00  00  DE       3.5844
     0100      8   40  00  00  00  00  00  00  DE       3.5872
     0100      8   40  00  00  00  00  00  00  DE       3.5900
     0100      8   40  00  00  00  00  00  00  DE       3.5928
     0100      8   40  00  00  00  00  00  00  DE       3.5957
     0100      8   40  00  00  00  00  00  00  DE       3.5985
     0100      8   40  00  00  00  00  00  00  DE       3.6013
     0100      8   40  00  00  00  00  00  00  DE       3.6041
     0100      8   40  00  00  00  00  00  00  DE       3.6069
     0100      8   40  00  00  00  00  00  00  DE       3.6097
     0100      8   40  00  00  00  00  00  00  DE       3.6125
     0100      8   40  00  00  00  00  00  00  DE       3.6153
     0100      8   40  00  00  00  00  00  00  DE       3.6181
     0100      8   40  00  00  00  00  00  00  DE       3.6209
     0100      8   40  00  00  00  00  00  00  DE       3.6237
     0100      8   40  00  00  00  00  00  00  DE       3.6265
     0100      8   40  00  00  00  00  00  00  DE       3.6293
     0100      8   40  00  00  00  00  00  00  DE       3.6321
     0100      8   40  00  00  00  00  00  00  DE       3.6349
     0100      8   40  00  00  00  00  00  00  DE       3.6377
     0100      8   40  00  00  00  00  00  00  DE       3.6405
     0100      8   40  00  00  00  00  00  00  DE       3.6433
     0100      8   40  00  00  00  00  00  00  DE       3.6461
     0100      8   40  00  00  00  00  00  00  DE       3.6489
     0100      8   40  00  00  00  00  00  00  DE       3.6517
     0100      8   40  00  00  00  00  00  00  DE       3.6545
     0100      8   40  00  00  00  00  00  00  DE       3.6573
     0100      8   40  00  00  00  00  00  00  DE       3.6602
     0100      8   40  00  00  00  00  00  00  DE       3.6630
     0100      8   40  00  00  00  00  00  00  DE       3.6658
     0100      8   40  00  00  00  00  00  00  DE       3.6686
     0100      8   40  00  00  00  00  00  00  DE       3.6714
     0100      8   40  00  00  00  00  00  00  DE       3.6742
     0100      8   40  00  00  00  00  00  00  DE       3.6770
     0100      8   40  00  00  00  00  00  00  DE       3.6798
     0100      8   40  00  00  00  00  00  00  DE       3.6826
     0100      8   40  00  00  00  00  00  00  DE       3.6854
     0100      8   40  00  00  00  00  00  00  DE       3.6882
     0100      8   40  00  00  00  00  00  00  DE       3.6910
     0100      8   40  00  00  00  00  00  00  DE       3.6938
     0100      8   40  00  00  00  00  00  00  DE       3.6966
     0100      8   40  00  00  00  00  00  00  DE       3.6994
     0100      8   40  00  00  00  00  00  00  DE       3.7022
     0100      8   40  00  00  00  00  00  00  DE       3.7050
     0100      8   40  00  00  00  00  00  00  DE       3.7078
     0100      8   40  00  00  00  00  00  00  DE       3.7106
     0100      8   40  00  00  00  00  00  00  DE       3.7134
     0100      8   40  00  00  00  00  00  00  DE       3.7162
     0100      8   40  00  00  00  00  00  00  DE       3.7191
     0100      8   40  00  00  00  00  00  00  DE       3.7218
     0100      8   40  00  00  00  00  00  00  DE       3.7247
     0100      8   40  00  00  00  00  00  00  DE       3.7275
     0100      8   40  00  00  00  00  00  00  DE       3.7303
     0100      8   40  00  00  00  00  00  00  DE       3.7331
     0100      8   40  00  00  00  00  00  00  DE       3.7359
     0100      8   40  00  00  00  00  00  00  DE       3.7387
     0100      8   40  00  00  00  00  00  00  DE       3.7415
     0100      8   40  00  00  00  00  00  00  DE       3.7443
     0100      8   40  00  00  00  00  00  00  DE       3.7471
     0100      8   40  00  00  00  00  00  00  DE       3.7499
     0100      8   40  00  00  00  00  00  00  DE       3.7527
     0100      8   40  00  00  00  00  00  00  DE       3.7555
     0100      8   40  00  00  00  00  00  00  DE       3.7583
     0100      8   40  00  00  00  00  00  00  DE       3.7611
     0100      8   40  00  00  00  00  00  00  DE       3.7639
     0100      8   40  00  00  00  00  00  00  DE       3.7667
     0100      8   40  00  00  00  00  00  00  DE       3.7695
     0100      8   40  00  00  00  00  00  00  DE       3.7723
     0100      8   40  00  00  00  00  00  00  DE       3.7751
     0100      8   40  00  00  00  00  00  00  DE       3.7779
     0100      8   40  00  00  00  00  00  00  DE       3.7807
     0100      8   40  00  00  00  00  00  00  DE       3.7836
     0100      8   40  00  00  00  00  00  00  DE       3.7864
     0100      8   40  00  00  00  00  00  00  DE       3.7892
     0100      8   40  00  00  00  00  00  00  DE       3.7920
     0100      8   40  00  00  00  00  00  00  DE       3.7948
     0100      8   40  00  00  00  00  00  00  DE       3.7976
     0100      8   40  00  00  00  00  00  00  DE       3.8004
     0100      8   40  00  00  00  00  00  00  DE       3.8032
     0100      8   40  00  00  00  00  00  00  DE       3.8060
     0100      8   40  00  00  00  00  00  00  DE       3.8088
     0100      8   40  00  00  00  00  00  00  DE       3.8116
     0100      8   40  00  00  00  00  00  00  DE       3.8144
     0100      8   40  00  00  00  00  00  00  DE       3.8172
     0100      8   40  00  00  00  00  00  00  DE       3.8200
     0100      8   40  00  00  00  00  00  00  DE       3.8228
     0100      8   40  00  00  00  00  00  00  DE       3.8256
     0100      8   40  00  00  00  00  00  00  DE       3.8284
     0100      8   40  00  00  00  00  00  00  DE       3.8312
     0100      8   40  00  00  00  00  00  00  DE       3.8340
     0100      8   40  00  00  00  00  00  00  DE       3.8368
     0100      8   40  00  00  00  00  00  00  DE       3.8396
     0100      8   40  00  00  00  00  00  00  DE       3.8424
     0100      8   40  00  00  00  00  00  00  DE       3.8452
     0100      8   40  00  00  00  00  00  00  DE       3.8481
     0100      8   40  00  00  00  00  00  00  DE       3.8509
     0100      8   40  00  00  00  00  00  00  DE       3.8537
     0100      8   40  00  00  00  00  00  00  DE       3.8565
     0100      8   40  00  00  00  00  00  00  DE       3.8593
     0100      8   40  00  00  00  00  00  00  DE       3.8621
     0100      8   40  00  00  00  00  00  00  DE       3.8649
     0100      8   40  00  00  00  00  00  00  DE       3.8677
     0100      8   40  00  00  00  00  00  00  DE       3.8705
     0100      8   40  00  00  00  00  00  00  DE       3.8733
     0100      8   40  00  00  00  00  00  00  DE       3.8761
     0100      8   40  00  00  00  00  00  00  DE       3.8789
     0100      8   40  00  00  00  00  00  00  DE       3.8817
     0100      8   40  00  00  00  00  00  00  DE       3.8845
     0100      8   40  00  00  00  00  00  00  DE       3.8873
     0100      8   40  00  00  00  00  00  00  DE       3.8901
     0100      8   40  00  00  00  00  00  00  DE       3.8929
     0100      8   40  00  00  00  00  00  00  DE       3.8957
     0100      8   40  00  00  00  00  00  00  DE       3.8985
     0100      8   40  00  00  00  00  00  00  DE       3.9013
     0100      8   40  00  00  00  00  00  00  DE       3.9041
     0100      8   40  00  00  00  00  00  00  DE       3.9069
     0100      8   40  00  00  00  00  00  00  DE       3.9097
     0100      8   40  00  00  00  00  00  00  DE       3.9126
     0100      8   40  00  00  00  00  00  00  DE       3.9154
     0100      8   40  00  00  00  00  00  00  DE       3.9182
     0100      8   40  00  00  00  00  00  00  DE       3.9210
     0100      8   40  00  00  00  00  00  00  DE       3.9238
     0100      8   40  00  00  00  00  00  00  DE       3.9266
     0100      8   40  00  00  00  00  00  00  DE       3.9294
     0100      8   40  00  00  00  00  00  00  DE       3.9322
     0100      8   40  00  00  00  00  00  00  DE       3.9350
     0100      8   40  00  00  00  00  00  00  DE       3.9378
     0100      8   40  00  00  00  00  00  00  DE       3.9406
     0100      8   40  00  00  00  00  00  00  DE       3.9434
     0100      8   40  00  00  00  00  00  00  DE       3.9462
     0100      8   40  00  00  00  00  00  00  DE       3.9490
     0100      8   40  00  00  00  00  00  00  DE       3.9518
     0100      8   40  00  00  00  00  00  00  DE       3.9546
     0100      8   40  00  00  00  00  00  00  DE       3.9574
     0100      8   40  00  00  00  00  00  00  DE       3.9602
     0100      8   40  00  00  00  00  00  00  DE       3.9630
     0100      8   40  00  00  00  00  00  00  DE       3.9658
     0100      8   40  00  00  00  00  00  00  DE       3.9686
     0100      8   40  00  00  00  00  00  00  DE       3.9714
     0100      8   40  00  00  00  00  00  00  DE       3.9742
     0100      8   40  00  00  00  00  00  00  DE       3.9771
     0100      8   40  00  00  00  00  00  00  DE       3.9799
     0100      8   40  00  00  00  00  00  00  DE       3.9827
     0100      8   40  00  00  00  00  00  00  DE       3.9855
     0100      8   40  00  00  00  00  00  00  DE       3.9883
     0100      8   40  00  00  00  00  00  00  DE       3.9911
     0100      8   40  00  00  00  00  00  00  DE       3.9939
     0100      8   40  00  00  00  00  00  00  DE       3.9967
     0100      8   40  00  00  00  00  00  00  DE       3.9995
     0100      8   40  00  00  00  00  00  00  DE       4.0023
     0100      8   40  00  00  00  00  00  00  DE       4.0051
     0100      8   40  00  00  00  00  00  00  DE       4.0079
     0100      8   40  00  00  00  00  00  00  DE       4.0107
     0100      8   40  00  00  00  00  00  00  DE       4.0135
     0100      8   40  00  00  00  00  00  00  DE       4.0163
     0100      8   40  00  00  00  00  00  00  DE       4.0191
     0100      8   40  00  00  00  00  00  00  DE       4.0219
     0100      8   40  00  00  00  00  00  00  DE       4.0247
     0100      8   40  00  00  00  00  00  00  DE       4.0275
     0100      8   40  00  00  00  00  00  00  DE       4.0303
     0100      8   40  00  00  00  00  00  00  DE       4.0331
     0100      8   40  00  00  00  00  00  00  DE       4.0359
     0100      8   40  00  00  00  00  00  00  DE       4.0387
     0100      8   40  00  00  00  00  00  00  DE       4.0416
     0100      8   40  00  00  00  00  00  00  DE       4.0444
     0100      8   40  00  00  00  00  00  00  DE       4.0472
     0100      8   40  00  00  00  00  00  00  DE       4.0500
     0100      8   40  00  00  00  00  00  00  DE       4.0528
     0100      8   40  00  00  00  00  00  00  DE       4.0556
     0100      8   40  00  00  00  00  00  00  DE       4.0584
     0100      8   40  00  00  00  00  00  00  DE       4.0612
     0100      8   40  00  00  00  00  00  00  DE       4.0640
     0100      8   40  00  00  00  00  00  00  DE       4.0668
     0100      8   40  00  00  00  00  00  00  DE       4.0696
     0100      8   40  00  00  00  00  00  00  DE       4.0724
     0100      8   40  00  00  00  00  00  00  DE       4.0752
     0100      8   40  00  00  00  00  00  00  DE       4.0780
     0100      8   40  00  00  00  00  00  00  DE       4.0808
     0100      8   40  00  00  00  00  00  00  DE       4.0836
     0100      8   40  00  00  00  00  00  00  DE       4.0864
     0100      8   40  00  00  00  00  00  00  DE       4.0892
     0100      8   40  00  00  00  00  00  00  DE       4.0920
     0100      8   40  00  00  00  00  00  00  DE       4.0948
     0100      8   40  00  00  00  00  00  00  DE       4.0976
     0100      8   40  00  00  00  00  00  00  DE       4.1004
     0100      8   40  00  00  00  00  00  00  DE       4.1032
     0100      8   40  00  00  00  00  00  00  DE       4.1061
     0100      8   40  00  00  00  00  00  00  DE       4.1089
     0100      8   40  00  00  00  00  00  00  DE       4.1117
     0100      8   40  00  00  00  00  00  00  DE       4.1145
     0100      8   40  00  00  00  00  00  00  DE       4.1173
     0100      8   40  00  00  00  00  00  00  DE       4.1201
     0100      8   40  00  00  00  00  00  00  DE       4.1229
     0100      8   40  00  00  00  00  00  00  DE       4.1257
     0100      8   40  00  00  00  00  00  00  DE       4.1285
     0100      8   40  00  00  00  00  00  00  DE       4.1313
     0100      8   40  00  00  00  00  00  00  DE       4.1341
     0100      8   40  00  00  00  00  00  00  DE       4.1369
     0100      8   40  00  00  00  00  00  00  DE       4.1397
     0100      8   40  00  00  00  00  00  00  DE       4.1425
     0100      8   40  00  00  00  00  00  00  DE       4.1453
     0100      8   40  00  00  00  00  00  00  DE       4.1481
     0100      8   40  00  00  00  00  00  00  DE       4.1509
     0100      8   40  00  00  00  00  00  00  DE       4.1537
     0100      8   40  00  00  00  00  00  00  DE       4.1565
     0100      8   40  00  00  00  00  00  00  DE       4.1593
     0100      8   40  00  00  00  00  00  00  DE       4.1621
     0100      8   40  00  00  00  00  00  00  DE       4.1649
     0100      8   40  00  00  00  00  00  00  DE       4.1678
     0100      8   40  00  00  00  00  00  00  DE       4.1706
     0100      8   40  00  00  00  00  00  00  DE       4.1734
     0100      8   40  00  00  00  00  00  00  DE       4.1762
     0100      8   40  00  00  00  00  00  00  DE       4.1790
     0100      8   40  00  00  00  00  00  00  DE       4.1818
     0100      8   40  00  00  00  00  00  00  DE       4.1846
     0100      8   40  00  00  00  00  00  00  DE       4.1874
     0100      8   40  00  00  00  00  00  00  DE       4.1902
     0100      8   40  00  00  00  00  00  00  DE       4.1930
     0100      8   40  00  00  00  00  00  00  DE       4.1958
     0100      8   40  00  00  00  00  00  00  DE       4.1986
     0100      8   40  00  00  00  00  00  00  DE       4.2014
     0100      8   40  00  00  00  00  00  00  DE       4.2042
     0100      8   40  00  00  00  00  00  00  DE       4.2070
     0100      8   40  00  00  00  00  00  00  DE       4.2098
     0100      8   40  00  00  00  00  00  00  DE       4.2126
     0100      8   40  00  00  00  00  00  00  DE       4.2154
     0100      8   40  00  00  00  00  00  00  DE       4.2182
     0100      8   40  00  00  00  00  00  00  DE       4.2210
     0100      8   40  00  00  00  00  00  00  DE       4.2238
     0100      8   40  00  00  00  00  00  00  DE       4.2266
     0100      8   40  00  00  00  00  00  00  DE       4.2294
     0100      8   40  00  00  00  00  00  00  DE       4.2323
     0100      8   40  00  00  00  00  00  00  DE       4.2351
     0100      8   40  00  00  00  00  00  00  DE       4.2379
     0100      8   40  00  00  00  00  00  00  DE       4.2407
     0100      8   40  00  00  00  00  00  00  DE       4.2435
     0100      8   40  00  00  00  00  00  00  DE       4.2463
     0100      8   40  00  00  00  00  00  00  DE       4.2491
     0100      8   40  00  00  00  00  00  00  DE       4.2519
     0100      8   40  00  00  00  00  00  00  DE       4.2547
     0100      8   40  00  00  00  00  00  00  DE       4.2575
     0100      8   40  00  00  00  00  00  00  DE       4.2603
     0100      8   40  00  00  00  00  00  00  DE       4.2631
     0100      8   40  00  00  00  00  00  00  DE       4.2659
     0100      8   40  00  00  00  00  00  00  DE       4.2687
     0100      8   40  00  00  00  00  00  00  DE       4.2715
     0100      8   40  00  00  00  00  00  00  DE       4.2743
     0100      8   40  00  00  00  00  00  00  DE       4.2771
     0100      8   40  00  00  00  00  00  00  DE       4.2799
     0100      8   40  00  00  00  00  00  00  DE       4.2827
     0100      8   40  00  00  00  00  00  00  DE       4.2855
     0100      8   40  00  00  00  00  00  00  DE       4.2883
     0100      8   40  00  00  00  00  00  00  DE       4.2911
     0100      8   40  00  00  00  00  00  00  DE       4.2939
     0100      8   40  00  00  00  00  00  00  DE       4.2968
     0100      8   40  00  00  00  00  00  00  DE       4.2996
     0100      8   40  00  00  00  00  00  00  DE       4.3024
     0100      8   40  00  00  00  00  00  00  DE       4.3052
     0100      8   40  00  00  00  00  00  00  DE       4.3080
     0100      8   40  00  00  00  00  00  00  DE       4.3108
     0100      8   40  00  00  00  00  00  00  DE       4.3136
     0100      8   40  00  00  00  00  00  00  DE       4.3164
     0100      8   40  00  00  00  00  00  00  DE       4.3192
     0100      8   40  00  00  00  00  00  00  DE       4.3220
     0100      8   40  00  00  00  00  00  00  DE       4.3248
     0100      8   40  00  00  00  00  00  00  DE       4.3276
     0100      8   40  00  00  00  00  00  00  DE       4.3304
     0100      8   40  00  00  00  00  00  00  DE       4.3332
     0100      8   40  00  00  00  00  00  00  DE       4.3360
     0100      8   40  00  00  00  00  00  00  DE       4.3388
     0100      8   40  00  00  00  00  00  00  DE       4.3416
     0100      8   40  00  00  00  00  00  00  DE       4.3444
     0100      8   40  00  00  00  00  00  00  DE       4.3472
     0100      8   40  00  00  00  00  00  00  DE       4.3500
     0100      8   40  00  00  00  00  00  00  DE       4.3529
     0100      8   40  00  00  00  00  00  00  DE       4.3556
     0100      8   40  00  00  00  00  00  00  DE       4.3585
     0100      8   40  00  00  00  00  00  00  DE       4.3613
     0100      8   40  00  00  00  00  00  00  DE       4.3641
     0100      8   40  00  00  00  00  00  00  DE       4.3669
     0100      8   40  00  00  00  00  00  00  DE       4.3697
     0100      8   40  00  00  00  00  00  00  DE       4.3725
     0100      8   40  00  00  00  00  00  00  DE       4.3753
     0100      8   40  00  00  00  00  00  00  DE       4.3781
     0100      8   40  00  00  00  00  00  00  DE       4.3809
     0100      8   40  00  00  00  00  00  00  DE       4.3837
     0100      8   40  00  00  00  00  00  00  DE       4.3865
     0100      8   40  00  00  00  00  00  00  DE       4.3893
     0100      8   40  00  00  00  00  00  00  DE       4.3921
     0100      8   40  00  00  00  00  00  00  DE       4.3949
     0100      8   40  00  00  00  00  00  00  DE       4.3977
     0100      8   40  00  00  00  00  00  00  DE       4.4005
     0100      8   40  00  00  00  00  00  00  DE       4.4033
     0100      8   40  00  00  00  00  00  00  DE       4.4061
     0100      8   40  00  00  00  00  00  00  DE       4.4089
     0100      8   40  00  00  00  00  00  00  DE       4.4117
     0100      8   40  00  00  00  00  00  00  DE       4.4145
     0100      8   40  00  00  00  00  00  00  DE       4.4174
     0100      8   40  00  00  00  00  00  00  DE       4.4201
     0100      8   40  00  00  00  00  00  00  DE       4.4230
     0100      8   40  00  00  00  00  00  00  DE       4.4258
     0100      8   40  00  00  00  00  00  00  DE       4.4286
     0100      8   40  00  00  00  00  00  00  DE       4.4314
     0100      8   40  00  00  00  00  00  00  DE       4.4342
     0100      8   40  00  00  00  00  00  00  DE       4.4370
     0100      8   40  00  00  00  00  00  00  DE       4.4398
     0100      8   40  00  00  00  00  00  00  DE       4.4426
     0100      8   40  00  00  00  00  00  00  DE       4.4454
     0100      8   40  00  00  00  00  00  00  DE       4.4482
     0100      8   40  00  00  00  00  00  00  DE       4.4510
     0100      8   40  00  00  00  00  00  00  DE       4.4538
     0100      8   40  00  00  00  00  00  00  DE       4.4566
     0100      8   40  00  00  00  00  00  00  DE       4.4594
     0100      8   40  00  00  00  00  00  00  DE       4.4622
     0100      8   40  00  00  00  00  00  00  DE       4.4650
     0100      8   40  00  00  00  00  00  00  DE       4.4678
     0100      8   40  00  00  00  00  00  00  DE       4.4706
     0100      8   40  00  00  00  00  00  00  DE       4.4734
     0100      8   40  00  00  00  00  00  00  DE       4.4762
     0100      8   40  00  00  00  00  00  00  DE       4.4790
     0100      8   40  00  00  00  00  00  00  DE       4.4819
     0100      8   40  00  00  00  00  00  00  DE       4.4846
     0100      8   40  00  00  00  00  00  00  DE       4.4875
     0100      8   40  00  00  00  00  00  00  DE       4.4903
     0100      8   40  00  00  00  00  00  00  DE       4.4931
     0100      8   40  00  00  00  00  00  00  DE       4.4959
     0100      8   40  00  00  00  00  00  00  DE       4.4987
     0100      8   40  00  00  00  00  00  00  DE       4.5015
     0100      8   40  00  00  00  00  00  00  DE       4.5043
     0100      8   40  00  00  00  00  00  00  DE       4.5071
     0100      8   40  00  00  00  00  00  00  DE       4.5099
     0100      8   40  00  00  00  00  00  00  DE       4.5127
     0100      8   40  00  00  00  00  00  00  DE       4.5155
     0100      8   40  00  00  00  00  00  00  DE       4.5183
     0100      8   40  00  00  00  00  00  00  DE       4.5211
     0100      8   40  00  00  00  00  00  00  DE       4.5239
     0100      8   40  00  00  00  00  00  00  DE       4.5267
     0100      8   40  00  00  00  00  00  00  DE       4.5295
     0100      8   40  00  00  00  00  00  00  DE       4.5323
     0100      8   40  00  00  00  00  00  00  DE       4.5351
     0100      8   40  00  00  00  00  00  00  DE       4.5379
     0100      8   40  00  00  00  00  00  00  DE       4.5407
     0100      8   40  00  00  00  00  00  00  DE       4.5435
     0100      8   40  00  00  00  00  00  00  DE       4.5464
     0100      8   40  00  00  00  00  00  00  DE       4.5492
     0100      8   40  00  00  00  00  00  00  DE       4.5520
     0100      8   40  00  00  00  00  00  00  DE       4.5548
     0100      8   40  00  00  00  00  00  00  DE       4.5576
     0100      8   40  00  00  00  00  00  00  DE       4.5604
     0100      8   40  00  00  00  00  00  00  DE       4.5632
     0100      8   40  00  00  00  00  00  00  DE       4.5660
     0100      8   40  00  00  00  00  00  00  DE       4.5688
     0100      8   40  00  00  00  00  00  00  DE       4.5716
     0100      8   40  00  00  00  00  00  00  DE       4.5744
     0100      8   40  00  00  00  00  00  00  DE       4.5772
     0100      8   40  00  00  00  00  00  00  DE       4.5800
     0100      8   40  00  00  00  00  00  00  DE       4.5828
     0100      8   40  00  00  00  00  00  00  DE       4.5856
     0100      8   40  00  00  00  00  00  00  DE       4.5884
     0100      8   40  00  00  00  00  00  00  DE       4.5912
     0100      8   40  00  00  00  00  00  00  DE       4.5940
     0100      8   40  00  00  00  00  00  00  DE       4.5968
     0100      8   40  00  00  00  00  00  00  DE       4.5996
     0100      8   40  00  00  00  00  00  00  DE       4.6024
     0100      8   40  00  00  00  00  00  00  DE       4.6052
     0100      8   40  00  00  00  00  00  00  DE       4.6080
     0100      8   40  00  00  00  00  00  00  DE       4.6109
     0100      8   40  00  00  00  00  00  00  DE       4.6137
     0100      8   40  00  00  00  00  00  00  DE       4.6165
     0100      8   40  00  00  00  00  00  00  DE       4.6193
     0100      8   40  00  00  00  00  00  00  DE       4.6221
     0100      8   40  00  00  00  00  00  00  DE       4.6249
     0100      8   40  00  00  00  00  00  00  DE       4.6277
     0100      8   40  00  00  00  00  00  00  DE       4.6305
     0100      8   40  00  00  00  00  00  00  DE       4.6333
     0100      8   40  00  00  00  00  00  00  DE       4.6361
     0100      8   40  00  00  00  00  00  00  DE       4.6389
     0100      8   40  00  00  00  00  00  00  DE       4.6417
     0100      8   40  00  00  00  00  00  00  DE       4.6445
     0100      8   40  00  00  00  00  00  00  DE       4.6473
     0100      8   40  00  00  00  00  00  00  DE       4.6501
     0100      8   40  00  00  00  00  00  00  DE       4.6529
     0100      8   40  00  00  00  00  00  00  DE       4.6557
     0100      8   40  00  00  00  00  00  00  DE       4.6585
     0100      8   40  00  00  00  00  00  00  DE       4.6613
     0100      8   40  00  00  00  00  00  00  DE       4.6641
     0100      8   40  00  00  00  00  00  00  DE       4.6669
     0100      8   40  00  00  00  00  00  00  DE       4.6697
     0100      8   40  00  00  00  00  00  00  DE       4.6725
     0100      8   40  00  00  00  00  00  00  DE       4.6754
     0100      8   40  00  00  00  00  00  00  DE       4.6782
     0100      8   40  00  00  00  00  00  00  DE       4.6810
     0100      8   40  00  00  00  00  00  00  DE       4.6838
     0100      8   40  00  00  00  00  00  00  DE       4.6866
     0100      8   40  00  00  00  00  00  00  DE       4.6894
     0100      8   40  00  00  00  00  00  00  DE       4.6922
     0100      8   40  00  00  00  00  00  00  DE       4.6950
     0100      8   40  00  00  00  00  00  00  DE       4.6978
     0100      8   40  00  00  00  00  00  00  DE       4.7006
     0100      8   40  00  00  00  00  00  00  DE       4.7034
     0100      8   40  00  00  00  00  00  00  DE       4.7062
     0100      8   40  00  00  00  00  00  00  DE       4.7090
     0100      8   40  00  00  00  00  00  00  DE       4.7118
     0100      8   40  00  00  00  00  00  00  DE       4.7146
     0100      8   40  00  00  00  00  00  00  DE       4.7174
     0100      8   40  00  00  00  00  00  00  DE       4.7202
     0100      8   40  00  00  00  00  00  00  DE       4.7230
     0100      8   40  00  00  00  00  00  00  DE       4.7258
     0100      8   40  00  00  00  00  00  00  DE       4.7286
     0100      8   40  00  00  00  00  00  00  DE       4.7314
     0100      8   40  00  00  00  00  00  00  DE       4.7342
     0100      8   40  00  00  00  00  00  00  DE       4.7370
     0100      8   40  00  00  00  00  00  00  DE       4.7399
     0100      8   40  00  00  00  00  00  00  DE       4.7427
     0100      8   40  00  00  00  00  00  00  DE       4.7455
     0100      8   40  00  00  00  00  00  00  DE       4.7483
     0100      8   40  00  00  00  00  00  00  DE       4.7511
     0100      8   40  00  00  00  00  00  00  DE       4.7539
     0100      8   40  00  00  00  00  00  00  DE       4.7567
     0100      8   40  00  00  00  00  00  00  DE       4.7595
     0100      8   40  00  00  00  00  00  00  DE       4.7623
     0100      8   40  00  00  00  00  00  00  DE       4.7651
     0100      8   40  00  00  00  00  00  00  DE       4.7679
     0100      8   40  00  00  00  00  00  00  DE       4.7707
     0100      8   40  00  00  00  00  00  00  DE       4.7735
     0100      8   40  00  00  00  00  00  00  DE       4.7763
     0100      8   40  00  00  00  00  00  00  DE       4.7791
     0100      8   40  00  00  00  00  00  00  DE       4.7819
     0100      8   40  00  00  00  00  00  00  DE       4.7847
     0100      8   40  00  00  00  00  00  00  DE       4.7875
     0100      8   40  00  00  00  00  00  00  DE       4.7903
     0100      8   40  00  00  00  00  00  00  DE       4.7931
     0100      8   40  00  00  00  00  00  00  DE       4.7959
     0100      8   40  00  00  00  00  00  00  DE       4.7987
     0100      8   40  00  00  00  00  00  00  DE       4.8015
     0100      8   40  00  00  00  00  00  00  DE       4.8044
     0100      8   40  00  00  00  00  00  00  DE       4.8072
     0100      8   40  00  00  00  00  00  00  DE       4.8100
     0100      8   40  00  00  00  00  00  00  DE       4.8128
     0100      8   40  00  00  00  00  00  00  DE       4.8156
     0100      8   40  00  00  00  00  00  00  DE       4.8184
     0100      8   40  00  00  00  00  00  00  DE       4.8212
     0100      8   40  00  00  00  00  00  00  DE       4.8240
     0100      8   40  00  00  00  00  00  00  DE       4.8268
     0100      8   40  00  00  00  00  00  00  DE       4.8296
     0100      8   40  00  00  00  00  00  00  DE       4.8324
     0100      8   40  00  00  00  00  00  00  DE       4.8352
     0100      8   40  00  00  00  00  00  00  DE       4.8380
     0100      8   40  00  00  00  00  00  00  DE       4.8408
     0100      8   40  00  00  00  00  00  00  DE       4.8436
     0100      8   40  00  00  00  00  00  00  DE       4.8464
     0100      8   40  00  00  00  00  00  00  DE       4.8492
     0100      8   40  00  00  00  00  00  00  DE       4.8520
     0100      8   40  00  00  00  00  00  00  DE       4.8548
     0100      8   40  00  00  00  00  00  00  DE       4.8576
     0100      8   40  00  00  00  00  00  00  DE       4.8604
     0100      8   40  00  00  00  00  00  00  DE       4.8632
     0100      8   40  00  00  00  00  00  00  DE       4.8661
     0100      8   40  00  00  00  00  00  00  DE       4.8689
     0100      8   40  00  00  00  00  00  00  DE       4.8717
     0100      8   40  00  00  00  00  00  00  DE       4.8745
     0100      8   40  00  00  00  00  00  00  DE       4.8773
     0100      8   40  00  00  00  00  00  00  DE       4.8801
     0100      8   40  00  00  00  00  00  00  DE       4.8829
     0100      8   40  00  00  00  00  00  00  DE       4.8857
     0100      8   40  00  00  00  00  00  00  DE       4.8885
     0100      8   40  00  00  00  00  00  00  DE       4.8913
     0100      8   40  00  00  00  00  00  00  DE       4.8941
     0100      8   40  00  00  00  00  00  00  DE       4.8969
     0100      8   40  00  00  00  00  00  00  DE       4.8997
     0100      8   40  00  00  00  00  00  00  DE       4.9025
     0100      8   40  00  00  00  00  00  00  DE       4.9053
     0100      8   40  00  00  00  00  00  00  DE       4.9081
     0100      8   40  00  00  00  00  00  00  DE       4.9109
     0100      8   40  00  00  00  00  00  00  DE       4.9137
     0100      8   40  00  00  00  00  00  00  DE       4.9165
     0100      8   40  00  00  00  00  00  00  DE       4.9193
     0100      8   40  00  00  00  00  00  00  DE       4.9221
     0100      8   40  00  00  00  00  00  00  DE       4.9249
     0100      8   40  00  00  00  00  00  00  DE       4.9277
     0100      8   40  00  00  00  00  00  00  DE       4.9306
     0100      8   40  00  00  00  00  00  00  DE       4.9334
     0100      8   40  00  00  00  00  00  00  DE       4.9362
     0100      8   40  00  00  00  00  00  00  DE       4.9390
     0100      8   40  00  00  00  00  00  00  DE       4.9418
     0100      8   40  00  00  00  00  00  00  DE       4.9446
     0100      8   40  00  00  00  00  00  00  DE       4.9474
     0100      8   40  00  00  00  00  00  00  DE       4.9502
     0100      8   40  00  00  00  00  00  00  DE       4.9530
     0100      8   40  00  00  00  00  00  00  DE       4.9558
     0100      8   40  00  00  00  00  00  00  DE       4.9586
     0100      8   40  00  00  00  00  00  00  DE       4.9614
     0100      8   40  00  00  00  00  00  00  DE       4.9642
     0100      8   40  00  00  00  00  00  00  DE       4.9670
     0100      8   40  00  00  00  00  00  00  DE       4.9698
     0100      8   40  00  00  00  00  00  00  DE       4.9726
     0100      8   40  00  00  00  00  00  00  DE       4.9754
     0100      8   40  00  00  00  00  00  00  DE       4.9782
     0100      8   40  00  00  00  00  00  00  DE       4.9810
     0100      8   40  00  00  00  00  00  00  DE       4.9838
     0100      8   40  00  00  00  00  00  00  DE       4.9866
     0100      8   40  00  00  00  00  00  00  DE       4.9894
     0100      8   40  00  00  00  00  00  00  DE       4.9922
     0100      8   40  00  00  00  00  00  00  DE       4.9951
     0100      8   40  00  00  00  00  00  00  DE       4.9979
     0100      8   40  00  00  00  00  00  00  DE       5.0007
     0100      8   40  00  00  00  00  00  00  DE       5.0035
     0100      8   40  00  00  00  00  00  00  DE       5.0063
     0100      8   40  00  00  00  00  00  00  DE       5.0091
     0100      8   40  00  00  00  00  00  00  DE       5.0119
     0100      8   40  00  00  00  00  00  00  DE       5.0147
     0100      8   40  00  00  00  00  00  00  DE       5.0175
     0100      8   40  00  00  00  00  00  00  DE       5.0203
     0100      8   40  00  00  00  00  00  00  DE       5.0231
     0100      8   40  00  00  00  00  00  00  DE       5.0259
     0100      8   40  00  00  00  00  00  00  DE       5.0287
     0100      8   40  00  00  00  00  00  00  DE       5.0315
     0100      8   40  00  00  00  00  00  00  DE       5.0343
     0100      8   40  00  00  00  00  00  00  DE       5.0371
     0100      8   40  00  00  00  00  00  00  DE       5.0399
     0100      8   40  00  00  00  00  00  00  DE       5.0427
     0100      8   40  00  00  00  00  00  00  DE       5.0455
     0100      8   40  00  00  00  00  00  00  DE       5.0483
     0100      8   40  00  00  00  00  00  00  DE       5.0511
     0100      8   40  00  00  00  00  00  00  DE       5.0539
     0100      8   40  00  00  00  00  00  00  DE       5.0568
     0100      8   40  00  00  00  00  00  00  DE       5.0596
     0100      8   40  00  00  00  00  00  00  DE       5.0624
     0100      8   40  00  00  00  00  00  00  DE       5.0652
     0100      8   40  00  00  00  00  00  00  DE       5.0680
     0100      8   40  00  00  00  00  00  00  DE       5.0708
     0100      8   40  00  00  00  00  00  00  DE       5.0736
     0100      8   40  00  00  00  00  00  00  DE       5.0764
     0100      8   40  00  00  00  00  00  00  DE       5.0792
     0100      8   40  00  00  00  00  00  00  DE       5.0820
     0100      8   40  00  00  00  00  00  00  DE       5.0848
     0100      8   40  00  00  00  00  00  00  DE       5.0876
     0100      8   40  00  00  00  00  00  00  DE       5.0904
     0100      8   40  00  00  00  00  00  00  DE       5.0932
     0100      8   40  00  00  00  00  00  00  DE       5.0960
     0100      8   40  00  00  00  00  00  00  DE       5.0988
     0100      8   40  00  00  00  00  00  00  DE       5.1016
     0100      8   40  00  00  00  00  00  00  DE       5.1044
     0100      8   40  00  00  00  00  00  00  DE       5.1072
     0100      8   40  00  00  00  00  00  00  DE       5.1100
     0100      8   40  00  00  00  00  00  00  DE       5.1128
     0100      8   40  00  00  00  00  00  00  DE       5.1156
     0100      8   40  00  00  00  00  00  00  DE       5.1184
     0100      8   40  00  00  00  00  00  00  DE       5.1213
     0100      8   40  00  00  00  00  00  00  DE       5.1241
     0100      8   40  00  00  00  00  00  00  DE       5.1269
     0100      8   40  00  00  00  00  00  00  DE       5.1297
     0100      8   40  00  00  00  00  00  00  DE       5.1325
     0100      8   40  00  00  00  00  00  00  DE       5.1353
     0100      8   40  00  00  00  00  00  00  DE       5.1381
     0100      8   40  00  00  00  00  00  00  DE       5.1409
     0100      8   40  00  00  00  00  00  00  DE       5.1437
     0100      8   40  00  00  00  00  00  00  DE       5.1465
     0100      8   40  00  00  00  00  00  00  DE       5.1493
     0100      8   40  00  00  00  00  00  00  DE       5.1521
     0100      8   40  00  00  00  00  00  00  DE       5.1549
     0100      8   40  00  00  00  00  00  00  DE       5.1577
     0100      8   40  00  00  00  00  00  00  DE       5.1605
     0100      8   40  00  00  00  00  00  00  DE       5.1633
     0100      8   40  00  00  00  00  00  00  DE       5.1661
     0100      8   40  00  00  00  00  00  00  DE       5.1689
     0100      8   40  00  00  00  00  00  00  DE       5.1717
     0100      8   40  00  00  00  00  00  00  DE       5.1745
     0100      8   40  00  00  00  00  00  00  DE       5.1773
     0100      8   40  00  00  00  00  00  00  DE       5.1801
     0100      8   40  00  00  00  00  00  00  DE       5.1829
     0100      8   40  00  00  00  00  00  00  DE       5.1858
     0100      8   40  00  00  00  00  00  00  DE       5.1886
     0100      8   40  00  00  00  00  00  00  DE       5.1914
     0100      8   40  00  00  00  00  00  00  DE       5.1942
     0100      8   40  00  00  00  00  00  00  DE       5.1970
     0100      8   40  00  00  00  00  00  00  DE       5.1998
     0100      8   40  00  00  00  00  00  00  DE       5.2026
     0100      8   40  00  00  00  00  00  00  DE       5.2054
     0100      8   40  00  00  00  00  00  00  DE       5.2082
     0100      8   40  00  00  00  00  00  00  DE       5.2110
     0100      8   40  00  00  00  00  00  00  DE       5.2138
     0100      8   40  00  00  00  00  00  00  DE       5.2166
     0100      8   40  00  00  00  00  00  00  DE       5.2194
     0100      8   40  00  00  00  00  00  00  DE       5.2222
     0100      8   40  00  00  00  00  00  00  DE       5.2250
     0100      8   40  00  00  00  00  00  00  DE       5.2278
     0100      8   40  00  00  00  00  00  00  DE       5.2306
     0100      8   40  00  00  00  00  00  00  DE       5.2334
     0100      8   40  00  00  00  00  00  00  DE       5.2362
     0100      8   40  00  00  00  00  00  00  DE       5.2390
     0100      8   40  00  00  00  00  00  00  DE       5.2418
     0100      8   40  00  00  00  00  00  00  DE       5.2446
     0100      8   40  00  00  00  00  00  00  DE       5.2475
     0100      8   40  00  00  00  00  00  00  DE       5.2503
     0100      8   40  00  00  00  00  00  00  DE       5.2531
     0100      8   40  00  00  00  00  00  00  DE       5.2559
     0100      8   40  00  00  00  00  00  00  DE       5.2587
     0100      8   40  00  00  00  00  00  00  DE       5.2615
     0100      8   40  00  00  00  00  00  00  DE       5.2643
     0100      8   40  00  00  00  00  00  00  DE       5.2671
     0100      8   40  00  00  00  00  00  00  DE       5.2699
     0100      8   40  00  00  00  00  00  00  DE       5.2727
     0100      8   40  00  00  00  00  00  00  DE       5.2755
     0100      8   40  00  00  00  00  00  00  DE       5.2783
     0100      8   40  00  00  00  00  00  00  DE       5.2811
     0100      8   40  00  00  00  00  00  00  DE       5.2839
     0100      8   40  00  00  00  00  00  00  DE       5.2867
     0100      8   40  00  00  00  00  00  00  DE       5.2895
     0100      8   40  00  00  00  00  00  00  DE       5.2923
     0100      8   40  00  00  00  00  00  00  DE       5.2951
     0100      8   40  00  00  00  00  00  00  DE       5.2979
     0100      8   40  00  00  00  00  00  00  DE       5.3007
     0100      8   40  00  00  00  00  00  00  DE       5.3035
     0100      8   40  00  00  00  00  00  00  DE       5.3063
     0100      8   40  00  00  00  00  00  00  DE       5.3091
     0100      8   40  00  00  00  00  00  00  DE       5.3120
     0100      8   40  00  00  00  00  00  00  DE       5.3148
     0100      8   40  00  00  00  00  00  00  DE       5.3176
     0100      8   40  00  00  00  00  00  00  DE       5.3204
     0100      8   40  00  00  00  00  00  00  DE       5.3232
     0100      8   40  00  00  00  00  00  00  DE       5.3260
     0100      8   40  00  00  00  00  00  00  DE       5.3288
     0100      8   40  00  00  00  00  00  00  DE       5.3316
     0100      8   40  00  00  00  00  00  00  DE       5.3344
     0100      8   40  00  00  00  00  00  00  DE       5.3372
     0100      8   40  00  00  00  00  00  00  DE       5.3400
     0100      8   40  00  00  00  00  00  00  DE       5.3428
     0100      8   40  00  00  00  00  00  00  DE       5.3456
     0100      8   40  00  00  00  00  00  00  DE       5.3484
     0100      8   40  00  00  00  00  00  00  DE       5.3512
     0100      8   40  00  00  00  00  00  00  DE       5.3540
     0100      8   40  00  00  00  00  00  00  DE       5.3568
     0100      8   40  00  00  00  00  00  00  DE       5.3596
     0100      8   40  00  00  00  00  00  00  DE       5.3624
     0100      8   40  00  00  00  00  00  00  DE       5.3652
     0100      8   40  00  00  00  00  00  00  DE       5.3680
     0100      8   40  00  00  00  00  00  00  DE       5.3708
     0100      8   40  00  00  00  00  00  00  DE       5.3736
     0100      8   40  00  00  00  00  00  00  DE       5.3765
     0100      8   40  00  00  00  00  00  00  DE       5.3793
     0100      8   40  00  00  00  00  00  00  DE       5.3821
     0100      8   40  00  00  00  00  00  00  DE       5.3849
     0100      8   40  00  00  00  00  00  00  DE       5.3877
     0100      8   40  00  00  00  00  00  00  DE       5.3905
     0100      8   40  00  00  00  00  00  00  DE       5.3933
     0100      8   40  00  00  00  00  00  00  DE       5.3961
     0100      8   40  00  00  00  00  00  00  DE       5.3989
     0100      8   40  00  00  00  00  00  00  DE       5.4017
     0100      8   40  00  00  00  00  00  00  DE       5.4045
     0100      8   40  00  00  00  00  00  00  DE       5.4073
     0100      8   40  00  00  00  00  00  00  DE       5.4101
     0100      8   40  00  00  00  00  00  00  DE       5.4129
     0100      8   40  00  00  00  00  00  00  DE       5.4157
     0100      8   40  00  00  00  00  00  00  DE       5.4185
     0100      8   40  00  00  00  00  00  00  DE       5.4213
     0100      8   40  00  00  00  00  00  00  DE       5.4241
     0100      8   40  00  00  00  00  00  00  DE       5.4269
     0100      8   40  00  00  00  00  00  00  DE       5.4297
     0100      8   40  00  00  00  00  00  00  DE       5.4325
     0100      8   40  00  00  00  00  00  00  DE       5.4353
     0100      8   40  00  00  00  00  00  00  DE       5.4382
     0100      8   40  00  00  00  00  00  00  DE       5.4410
     0100      8   40  00  00  00  00  00  00  DE       5.4438
     0100      8   40  00  00  00  00  00  00  DE       5.4466
     0100      8   40  00  00  00  00  00  00  DE       5.4494
     0100      8   40  00  00  00  00  00  00  DE       5.4522
     0100      8   40  00  00  00  00  00  00  DE       5.4550
     0100      8   40  00  00  00  00  00  00  DE       5.4578
     0100      8   40  00  00  00  00  00  00  DE       5.4606
     0100      8   40  00  00  00  00  00  00  DE       5.4634
     0100      8   40  00  00  00  00  00  00  DE       5.4662
     0100      8   40  00  00  00  00  00  00  DE       5.4690
     0100      8   40  00  00  00  00  00  00  DE       5.4718
     0100      8   40  00  00  00  00  00  00  DE       5.4746
     0100      8   40  00  00  00  00  00  00  DE       5.4774
     0100      8   40  00  00  00  00  00  00  DE       5.4802
     0100      8   40  00  00  00  00  00  00  DE       5.4830
     0100      8   40  00  00  00  00  00  00  DE       5.4858
     0100      8   40  00  00  00  00  00  00  DE       5.4886
     0100      8   40  00  00  00  00  00  00  DE       5.4914
     0100      8   40  00  00  00  00  00  00  DE       5.4942
     0100      8   40  00  00  00  00  00  00  DE       5.4970
     0100      8   40  00  00  00  00  00  00  DE       5.4998
     0100      8   40  00  00  00  00  00  00  DE       5.5027
     0100      8   40  00  00  00  00  00  00  DE       5.5055
     0100      8   40  00  00  00  00  00  00  DE       5.5083
     0100      8   40  00  00  00  00  00  00  DE       5.5111
     0100      8   40  00  00  00  00  00  00  DE       5.5139
     0100      8   40  00  00  00  00  00  00  DE       5.5167
     0100      8   40  00  00  00  00  00  00  DE       5.5195
     0100      8   40  00  00  00  00  00  00  DE       5.5223
     0100      8   40  00  00  00  00  00  00  DE       5.5251
     0100      8   40  00  00  00  00  00  00  DE       5.5279
     0100      8   40  00  00  00  00  00  00  DE       5.5307
     0100      8   40  00  00  00  00  00  00  DE       5.5335
     0100      8   40  00  00  00  00  00  00  DE       5.5363
     0100      8   40  00  00  00  00  00  00  DE       5.5391
     0100      8   40  00  00  00  00  00  00  DE       5.5419
     0100      8   40  00  00  00  00  00  00  DE       5.5447
     0100      8   40  00  00  00  00  00  00  DE       5.5475
     0100      8   40  00  00  00  00  00  00  DE       5.5503
     0100      8   40  00  00  00  00  00  00  DE       5.5531
     0100      8   40  00  00  00  00  00  00  DE       5.5559
     0100      8   40  00  00  00  00  00  00  DE       5.5587
     0100      8   40  00  00  00  00  00  00  DE       5.5615
     0100      8   40  00  00  00  00  00  00  DE       5.5643
     0100      8   40  00  00  00  00  00  00  DE       5.5672
     0100      8   40  00  00  00  00  00  00  DE       5.5700
     0100      8   40  00  00  00  00  00  00  DE       5.5728
     0100      8   40  00  00  00  00  00  00  DE       5.5756
     0100      8   40  00  00  00  00  00  00  DE       5.5784
     0100      8   40  00  00  00  00  00  00  DE       5.5812
     0100      8   40  00  00  00  00  00  00  DE       5.5840
     0100      8   40  00  00  00  00  00  00  DE       5.5868
     0100      8   40  00  00  00  00  00  00  DE       5.5896
     0100      8   40  00  00  00  00  00  00  DE       5.5924
     0100      8   40  00  00  00  00  00  00  DE       5.5952
     0100      8   40  00  00  00  00  00  00  DE       5.5980
     0100      8   40  00  00  00  00  00  00  DE       5.6008
     0100      8   40  00  00  00  00  00  00  DE       5.6036
     0100      8   40  00  00  00  00  00  00  DE       5.6064
     0100      8   40  00  00  00  00  00  00  DE       5.6092
     0100      8   40  00  00  00  00  00  00  DE       5.6120
     0100      8   40  00  00  00  00  00  00  DE       5.6148
     0100      8   40  00  00  00  00  00  00  DE       5.6176
     0100      8   40  00  00  00  00  00  00  DE       5.6204
     0100      8   40  00  00  00  00  00  00  DE       5.6232
     0100      8   40  00  00  00  00  00  00  DE       5.6260
     0100      8   40  00  00  00  00  00  00  DE       5.6289
     0100      8   40  00  00  00  00  00  00  DE       5.6317
     0100      8   40  00  00  00  00  00  00  DE       5.6345
     0100      8   40  00  00  00  00  00  00  DE       5.6373
     0100      8   40  00  00  00  00  00  00  DE       5.6401
     0100      8   40  00  00  00  00  00  00  DE       5.6429
     0100      8   40  00  00  00  00  00  00  DE       5.6457
     0100      8   40  00  00  00  00  00  00  DE       5.6485
     0100      8   40  00  00  00  00  00  00  DE       5.6513
     0100      8   40  00  00  00  00  00  00  DE       5.6541
     0100      8   40  00  00  00  00  00  00  DE       5.6569
     0100      8   40  00  00  00  00  00  00  DE       5.6597
     0100      8   40  00  00  00  00  00  00  DE       5.6625
     0100      8   40  00  00  00  00  00  00  DE       5.6653
     0100      8   40  00  00  00  00  00  00  DE       5.6681
     0100      8   40  00  00  00  00  00  00  DE       5.6709
     0100      8   40  00  00  00  00  00  00  DE       5.6737
     0100      8   40  00  00  00  00  00  00  DE       5.6765
     0100      8   40  00  00  00  00  00  00  DE       5.6793
     0100      8   40  00  00  00  00  00  00  DE       5.6821
     0100      8   40  00  00  00  00  00  00  DE       5.6849
     0100      8   40  00  00  00  00  00  00  DE       5.6878
     0100      8   40  00  00  00  00  00  00  DE       5.6905
     0100      8   40  00  00  00  00  00  00  DE       5.6934
     0100      8   40  00  00  00  00  00  00  DE       5.6962
     0100      8   40  00  00  00  00  00  00  DE       5.6990
     0100      8   40  00  00  00  00  00  00  DE       5.7018
     0100      8   40  00  00  00  00  00  00  DE       5.7046
     0100      8   40  00  00  00  00  00  00  DE       5.7074
     0100      8   40  00  00  00  00  00  00  DE       5.7102
     0100      8   40  00  00  00  00  00  00  DE       5.7130
     0100      8   40  00  00  00  00  00  00  DE       5.7158
     0100      8   40  00  00  00  00  00  00  DE       5.7186
     0100      8   40  00  00  00  00  00  00  DE       5.7214
     0100      8   40  00  00  00  00  00  00  DE       5.7242
     0100      8   40  00  00  00  00  00  00  DE       5.7270
     0100      8   40  00  00  00  00  00  00  DE       5.7298
     0100      8   40  00  00  00  00  00  00  DE       5.7326
     0100      8   40  00  00  00  00  00  00  DE       5.7354
     0100      8   40  00  00  00  00  00  00  DE       5.7382
     0100      8   40  00  00  00  00  00  00  DE       5.7410
     0100      8   40  00  00  00  00  00  00  DE       5.7438
     0100      8   40  00  00  00  00  00  00  DE       5.7466
     0100      8   40  00  00  00  00  00  00  DE       5.7494
     0100      8   40  00  00  00  00  00  00  DE       5.7523
     0100      8   40  00  00  00  00  00  00  DE       5.7551
     0100      8   40  00  00  00  00  00  00  DE       5.7579
     0100      8   40  00  00  00  00  00  00  DE       5.7607
     0100      8   40  00  00  00  00  00  00  DE       5.7635
     0100      8   40  00  00  00  00  00  00  DE       5.7663
     0100      8   40  00  00  00  00  00  00  DE       5.7691
     0100      8   40  00  00  00  00  00  00  DE       5.7719
     0100      8   40  00  00  00  00  00  00  DE       5.7747
     0100      8   40  00  00  00  00  00  00  DE       5.7775
     0100      8   40  00  00  00  00  00  00  DE       5.7803
     0100      8   40  00  00  00  00  00  00  DE       5.7831
     0100      8   40  00  00  00  00  00  00  DE       5.7859
     0100      8   40  00  00  00  00  00  00  DE       5.7887
     0100      8   40  00  00  00  00  00  00  DE       5.7915
     0100      8   40  00  00  00  00  00  00  DE       5.7943
     0100      8   40  00  00  00  00  00  00  DE       5.7971
     0100      8   40  00  00  00  00  00  00  DE       5.7999
     0100      8   40  00  00  00  00  00  00  DE       5.8027
     0100      8   40  00  00  00  00  00  00  DE       5.8055
     0100      8   40  00  00  00  00  00  00  DE       5.8083
     0100      8   40  00  00  00  00  00  00  DE       5.8111
     0100      8   40  00  00  00  00  00  00  DE       5.8139
     0100      8   40  00  00  00  00  00  00  DE       5.8168
     0100      8   40  00  00  00  00  00  00  DE       5.8196
     0100      8   40  00  00  00  00  00  00  DE       5.8224
     0100      8   40  00  00  00  00  00  00  DE       5.8252
     0100      8   40  00  00  00  00  00  00  DE       5.8280
     0100      8   40  00  00  00  00  00  00  DE       5.8308
     0100      8   40  00  00  00  00  00  00  DE       5.8336
     0100      8   40  00  00  00  00  00  00  DE       5.8364
     0100      8   40  00  00  00  00  00  00  DE       5.8392
     0100      8   40  00  00  00  00  00  00  DE       5.8420
     0100      8   40  00  00  00  00  00  00  DE       5.8448
     0100      8   40  00  00  00  00  00  00  DE       5.8476
     0100      8   40  00  00  00  00  00  00  DE       5.8504
     0100      8   40  00  00  00  00  00  00  DE       5.8532
     0100      8   40  00  00  00  00  00  00  DE       5.8560
     0100      8   40  00  00  00  00  00  00  DE       5.8588
     0100      8   40  00  00  00  00  00  00  DE       5.8616
     0100      8   40  00  00  00  00  00  00  DE       5.8644
     0100      8   40  00  00  00  00  00  00  DE       5.8672
     0100      8   40  00  00  00  00  00  00  DE       5.8700
     0100      8   40  00  00  00  00  00  00  DE       5.8728
     0100      8   40  00  00  00  00  00  00  DE       5.8756
     0100      8   40  00  00  00  00  00  00  DE       5.8784
     0100      8   40  00  00  00  00  00  00  DE       5.8813
     0100      8   40  00  00  00  00  00  00  DE       5.8841
     0100      8   40  00  00  00  00  00  00  DE       5.8869
     0100      8   40  00  00  00  00  00  00  DE       5.8897
     0100      8   40  00  00  00  00  00  00  DE       5.8925
     0100      8   40  00  00  00  00  00  00  DE       5.8953
     0100      8   40  00  00  00  00  00  00  DE       5.8981
     0100      8   40  00  00  00  00  00  00  DE       5.9009
     0100      8   40  00  00  00  00  00  00  DE       5.9037
     0100      8   40  00  00  00  00  00  00  DE       5.9065
     0100      8   40  00  00  00  00  00  00  DE       5.9093
     0100      8   40  00  00  00  00  00  00  DE       5.9121
     0100      8   40  00  00  00  00  00  00  DE       5.9149
     0100      8   40  00  00  00  00  00  00  DE       5.9177
     0100      8   40  00  00  00  00  00  00  DE       5.9205
     0100      8   40  00  00  00  00  00  00  DE       5.9233
     0100      8   40  00  00  00  00  00  00  DE       5.9261
     0100      8   40  00  00  00  00  00  00  DE       5.9289
     0100      8   40  00  00  00  00  00  00  DE       5.9317
     0100      8   40  00  00  00  00  00  00  DE       5.9345
     0100      8   40  00  00  00  00  00  00  DE       5.9373
     0100      8   40  00  00  00  00  00  00  DE       5.9401
     0100      8   40  00  00  00  00  00  00  DE       5.9429
     0100      8   40  00  00  00  00  00  00  DE       5.9458
     0100      8   40  00  00  00  00  00  00  DE       5.9486
     0100      8   40  00  00  00  00  00  00  DE       5.9514
     0100      8   40  00  00  00  00  00  00  DE       5.9542
     0100      8   40  00  00  00  00  00  00  DE       5.9570
     0100      8   40  00  00  00  00  00  00  DE       5.9598
     0100      8   40  00  00  00  00  00  00  DE       5.9626
     0100      8   40  00  00  00  00  00  00  DE       5.9654
     0100      8   40  00  00  00  00  00  00  DE       5.9682
     0100      8   40  00  00  00  00  00  00  DE       5.9710
     0100      8   40  00  00  00  00  00  00  DE       5.9738
     0100      8   40  00  00  00  00  00  00  DE       5.9766
     0100      8   40  00  00  00  00  00  00  DE       5.9794
     0100      8   40  00  00  00  00  00  00  DE       5.9822
     0100      8   40  00  00  00  00  00  00  DE       5.9850
     0100      8   40  00  00  00  00  00  00  DE       5.9878
     0100      8   40  00  00  00  00  00  00  DE       5.9906
     0100      8   40  00  00  00  00  00  00  DE       5.9934
     0100      8   40  00  00  00  00  00  00  DE       5.9962
     0100      8   40  00  00  00  00  00  00  DE       5.9990
     0100      8   40  00  00  00  00  00  00  DE       6.0018
     0100      8   40  00  00  00  00  00  00  DE       6.0046
     0100      8   40  00  00  00  00  00  00  DE       6.0074
     0100      8   40  00  00  00  00  00  00  DE       6.0103
     0100      8   40  00  00  00  00  00  00  DE       6.0131
     0100      8   40  00  00  00  00  00  00  DE       6.0159
     0100      8   40  00  00  00  00  00  00  DE       6.0187
     0100      8   40  00  00  00  00  00  00  DE       6.0215
     0100      8   40  00  00  00  00  00  00  DE       6.0243
     0100      8   40  00  00  00  00  00  00  DE       6.0271
     0100      8   40  00  00  00  00  00  00  DE       6.0299
     0100      8   40  00  00  00  00  00  00  DE       6.0327
     0100      8   40  00  00  00  00  00  00  DE       6.0355
     0100      8   40  00  00  00  00  00  00  DE       6.0383
     0100      8   40  00  00  00  00  00  00  DE       6.0411
     0100      8   40  00  00  00  00  00  00  DE       6.0439
     0100      8   40  00  00  00  00  00  00  DE       6.0467
     0100      8   40  00  00  00  00  00  00  DE       6.0495
     0100      8   40  00  00  00  00  00  00  DE       6.0523
     0100      8   40  00  00  00  00  00  00  DE       6.0551
     0100      8   40  00  00  00  00  00  00  DE       6.0579
     0100      8   40  00  00  00  00  00  00  DE       6.0607
     0100      8   40  00  00  00  00  00  00  DE       6.0635
     0100      8   40  00  00  00  00  00  00  DE       6.0663
     0100      8   40  00  00  00  00  00  00  DE       6.0691
     0100      8   40  00  00  00  00  00  00  DE       6.0719
     0100      8   40  00  00  00  00  00  00  DE       6.0748
     0100      8   40  00  00  00  00  00  00  DE       6.0776
     0100      8   40  00  00  00  00  00  00  DE       6.0804
     0100      8   40  00  00  00  00  00  00  DE       6.0832
     0100      8   40  00  00  00  00  00  00  DE       6.0860
     0100      8   40  00  00  00  00  00  00  DE       6.0888
     0100      8   40  00  00  00  00  00  00  DE       6.0916
     0100      8   40  00  00  00  00  00  00  DE       6.0944
     0100      8   40  00  00  00  00  00  00  DE       6.0972
     0100      8   40  00  00  00  00  00  00  DE       6.1000
     0100      8   40  00  00  00  00  00  00  DE       6.1028
     0100      8   40  00  00  00  00  00  00  DE       6.1056
     0100      8   40  00  00  00  00  00  00  DE       6.1084
     0100      8   40  00  00  00  00  00  00  DE       6.1112
     0100      8   40  00  00  00  00  00  00  DE       6.1140
     0100      8   40  00  00  00  00  00  00  DE       6.1168
     0100      8   40  00  00  00  00  00  00  DE       6.1196
     0100      8   40  00  00  00  00  00  00  DE       6.1224
     0100      8   40  00  00  00  00  00  00  DE       6.1252
     0100      8   40  00  00  00  00  00  00  DE       6.1280
     0100      8   40  00  00  00  00  00  00  DE       6.1308
     0100      8   40  00  00  00  00  00  00  DE       6.1336
     0100      8   40  00  00  00  00  00  00  DE       6.1364
     0100      8   40  00  00  00  00  00  00  DE       6.1393
     0100      8   40  00  00  00  00  00  00  DE       6.1421
     0100      8   40  00  00  00  00  00  00  DE       6.1449
     0100      8   40  00  00  00  00  00  00  DE       6.1477
     0100      8   40  00  00  00  00  00  00  DE       6.1505
     0100      8   40  00  00  00  00  00  00  DE       6.1533
     0100      8   40  00  00  00  00  00  00  DE       6.1561
     0100      8   40  00  00  00  00  00  00  DE       6.1589
     0100      8   40  00  00  00  00  00  00  DE       6.1617
     0100      8   40  00  00  00  00  00  00  DE       6.1645
     0100      8   40  00  00  00  00  00  00  DE       6.1673
     0100      8   40  00  00  00  00  00  00  DE       6.1701
     0100      8   40  00  00  00  00  00  00  DE       6.1729
     0100      8   40  00  00  00  00  00  00  DE       6.1757
     0100      8   40  00  00  00  00  00  00  DE       6.1785
     0100      8   40  00  00  00  00  00  00  DE       6.1813
     0100      8   40  00  00  00  00  00  00  DE       6.1841
     0100      8   40  00  00  00  00  00  00  DE       6.1869
     0100      8   40  00  00  00  00  00  00  DE       6.1897
     0100      8   40  00  00  00  00  00  00  DE       6.1925
     0100      8   40  00  00  00  00  00  00  DE       6.1953
     0100      8   40  00  00  00  00  00  00  DE       6.1981
     0100      8   40  00  00  00  00  00  00  DE       6.2010
     0100      8   40  00  00  00  00  00  00  DE       6.2038
     0100      8   40  00  00  00  00  00  00  DE       6.2066
     0100      8   40  00  00  00  00  00  00  DE       6.2094
     0100      8   40  00  00  00  00  00  00  DE       6.2122
     0100      8   40  00  00  00  00  00  00  DE       6.2150
     0100      8   40  00  00  00  00  00  00  DE       6.2178
     0100      8   40  00  00  00  00  00  00  DE       6.2206
     0100      8   40  00  00  00  00  00  00  DE       6.2234
     0100      8   40  00  00  00  00  00  00  DE       6.2262
     0100      8   40  00  00  00  00  00  00  DE       6.2290
     0100      8   40  00  00  00  00  00  00  DE       6.2318
     0100      8   40  00  00  00  00  00  00  DE       6.2346
     0100      8   40  00  00  00  00  00  00  DE       6.2374
     0100      8   40  00  00  00  00  00  00  DE       6.2402
     0100      8   40  00  00  00  00  00  00  DE       6.2430
     0100      8   40  00  00  00  00  00  00  DE       6.2458
     0100      8   40  00  00  00  00  00  00  DE       6.2486
     0100      8   40  00  00  00  00  00  00  DE       6.2514
     0100      8   40  00  00  00  00  00  00  DE       6.2542
     0100      8   40  00  00  00  00  00  00  DE       6.2570
     0100      8   40  00  00  00  00  00  00  DE       6.2598
     0100      8   40  00  00  00  00  00  00  DE       6.2626
     0100      8   40  00  00  00  00  00  00  DE       6.2655
     0100      8   40  00  00  00  00  00  00  DE       6.2683
     0100      8   40  00  00  00  00  00  00  DE       6.2711
     0100      8   40  00  00  00  00  00  00  DE       6.2739
     0100      8   40  00  00  00  00  00  00  DE       6.2767
     0100      8   40  00  00  00  00  00  00  DE       6.2795
     0100      8   40  00  00  00  00  00  00  DE       6.2823
     0100      8   40  00  00  00  00  00  00  DE       6.2851
     0100      8   40  00  00  00  00  00  00  DE       6.2879
     0100      8   40  00  00  00  00  00  00  DE       6.2907
     0100      8   40  00  00  00  00  00  00  DE       6.2935
     0100      8   40  00  00  00  00  00  00  DE       6.2963
     0100      8   40  00  00  00  00  00  00  DE       6.2991
     0100      8   40  00  00  00  00  00  00  DE       6.3019
     0100      8   40  00  00  00  00  00  00  DE       6.3047
     0100      8   40  00  00  00  00  00  00  DE       6.3075
     0100      8   40  00  00  00  00  00  00  DE       6.3103
     0100      8   40  00  00  00  00  00  00  DE       6.3131
     0100      8   40  00  00  00  00  00  00  DE       6.3159
     0100      8   40  00  00  00  00  00  00  DE       6.3187
     0100      8   40  00  00  00  00  00  00  DE       6.3215
     0100      8   40  00  00  00  00  00  00  DE       6.3243
     0100      8   40  00  00  00  00  00  00  DE       6.3272
     0100      8   40  00  00  00  00  00  00  DE       6.3300
     0100      8   40  00  00  00  00  00  00  DE       6.3328
     0100      8   40  00  00  00  00  00  00  DE       6.3356
     0100      8   40  00  00  00  00  00  00  DE       6.3384
     0100      8   40  00  00  00  00  00  00  DE       6.3412
     0100      8   40  00  00  00  00  00  00  DE       6.3440
     0100      8   40  00  00  00  00  00  00  DE       6.3468
     0100      8   40  00  00  00  00  00  00  DE       6.3496
     0100      8   40  00  00  00  00  00  00  DE       6.3524
     0100      8   40  00  00  00  00  00  00  DE       6.3552
     0100      8   40  00  00  00  00  00  00  DE       6.3580
     0100      8   40  00  00  00  00  00  00  DE       6.3608
     0100      8   40  00  00  00  00  00  00  DE       6.3636
     0100      8   40  00  00  00  00  00  00  DE       6.3664
     0100      8   40  00  00  00  00  00  00  DE       6.3692
     0100      8   40  00  00  00  00  00  00  DE       6.3720
     0100      8   40  00  00  00  00  00  00  DE       6.3748
     0100      8   40  00  00  00  00  00  00  DE       6.3776
     0100      8   40  00  00  00  00  00  00  DE       6.3804
     0100      8   40  00  00  00  00  00  00  DE       6.3832
     0100      8   40  00  00  00  00  00  00  DE       6.3860
     0100      8   40  00  00  00  00  00  00  DE       6.3888
     0100      8   40  00  00  00  00  00  00  DE       6.3917
     0100      8   40  00  00  00  00  00  00  DE       6.3945
     0100      8   40  00  00  00  00  00  00  DE       6.3973
     0100      8   40  00  00  00  00  00  00  DE       6.4001
     0100      8   40  00  00  00  00  00  00  DE       6.4029
     0100      8   40  00  00  00  00  00  00  DE       6.4057
     0100      8   40  00  00  00  00  00  00  DE       6.4085
     0100      8   40  00  00  00  00  00  00  DE       6.4113
     0100      8   40  00  00  00  00  00  00  DE       6.4141
     0100      8   40  00  00  00  00  00  00  DE       6.4169
     0100      8   40  00  00  00  00  00  00  DE       6.4197
     0100      8   40  00  00  00  00  00  00  DE       6.4225
     0100      8   40  00  00  00  00  00  00  DE       6.4253
     0100      8   40  00  00  00  00  00  00  DE       6.4281
     0100      8   40  00  00  00  00  00  00  DE       6.4309
     0100      8   40  00  00  00  00  00  00  DE       6.4337
     0100      8   40  00  00  00  00  00  00  DE       6.4365
     0100      8   40  00  00  00  00  00  00  DE       6.4393
     0100      8   40  00  00  00  00  00  00  DE       6.4421
     0100      8   40  00  00  00  00  00  00  DE       6.4449
     0100      8   40  00  00  00  00  00  00  DE       6.4477
     0100      8   40  00  00  00  00  00  00  DE       6.4506
     0100      8   40  00  00  00  00  00  00  DE       6.4533
     0100      8   40  00  00  00  00  00  00  DE       6.4562
     0100      8   40  00  00  00  00  00  00  DE       6.4590
     0100      8   40  00  00  00  00  00  00  DE       6.4618
     0100      8   40  00  00  00  00  00  00  DE       6.4646
     0100      8   40  00  00  00  00  00  00  DE       6.4674
     0100      8   40  00  00  00  00  00  00  DE       6.4702
     0100      8   40  00  00  00  00  00  00  DE       6.4730
     0100      8   40  00  00  00  00  00  00  DE       6.4758
     0100      8   40  00  00  00  00  00  00  DE       6.4786
     0100      8   40  00  00  00  00  00  00  DE       6.4814
     0100      8   40  00  00  00  00  00  00  DE       6.4842
     0100      8   40  00  00  00  00  00  00  DE       6.4870
     0100      8   40  00  00  00  00  00  00  DE       6.4898
     0100      8   40  00  00  00  00  00  00  DE       6.4926
     0100      8   40  00  00  00  00  00  00  DE       6.4954
     0100      8   40  00  00  00  00  00  00  DE       6.4982
     0100      8   40  00  00  00  00  00  00  DE       6.5010
     0100      8   40  00  00  00  00  00  00  DE       6.5038
     0100      8   40  00  00  00  00  00  00  DE       6.5066
     0100      8   40  00  00  00  00  00  00  DE       6.5094
     0100      8   40  00  00  00  00  00  00  DE       6.5122
     0100      8   40  00  00  00  00  00  00  DE       6.5151
     0100      8   40  00  00  00  00  00  00  DE       6.5179
     0100      8   40  00  00  00  00  00  00  DE       6.5207
     0100      8   40  00  00  00  00  00  00  DE       6.5235
     0100      8   40  00  00  00  00  00  00  DE       6.5263
     0100      8   40  00  00  00  00  00  00  DE       6.5291
     0100      8   40  00  00  00  00  00  00  DE       6.5319
     0100      8   40  00  00  00  00  00  00  DE       6.5347
     0100      8   40  00  00  00  00  00  00  DE       6.5375
     0100      8   40  00  00  00  00  00  00  DE       6.5403
     0100      8   40  00  00  00  00  00  00  DE       6.5431
     0100      8   40  00  00  00  00  00  00  DE       6.5459
     0100      8   40  00  00  00  00  00  00  DE       6.5487
     0100      8   40  00  00  00  00  00  00  DE       6.5515
     0100      8   40  00  00  00  00  00  00  DE       6.5543
     0100      8   40  00  00  00  00  00  00  DE       6.5571
     0100      8   40  00  00  00  00  00  00  DE       6.5599
     0100      8   40  00  00  00  00  00  00  DE       6.5627
     0100      8   40  00  00  00  00  00  00  DE       6.5655
     0100      8   40  00  00  00  00  00  00  DE       6.5683
     0100      8   40  00  00  00  00  00  00  DE       6.5711
     0100      8   40  00  00  00  00  00  00  DE       6.5739
     0100      8   40  00  00  00  00  00  00  DE       6.5767
     0100      8   40  00  00  00  00  00  00  DE       6.5796
     0100      8   40  00  00  00  00  00  00  DE       6.5824
     0100      8   40  00  00  00  00  00  00  DE       6.5852
     0100      8   40  00  00  00  00  00  00  DE       6.5880
     0100      8   40  00  00  00  00  00  00  DE       6.5908
     0100      8   40  00  00  00  00  00  00  DE       6.5936
     0100      8   40  00  00  00  00  00  00  DE       6.5964
     0100      8   40  00  00  00  00  00  00  DE       6.5992
     0100      8   40  00  00  00  00  00  00  DE       6.6020
     0100      8   40  00  00  00  00  00  00  DE       6.6048
     0100      8   40  00  00  00  00  00  00  DE       6.6076
     0100      8   40  00  00  00  00  00  00  DE       6.6104
     0100      8   40  00  00  00  00  00  00  DE       6.6132
     0100      8   40  00  00  00  00  00  00  DE       6.6160
     0100      8   40  00  00  00  00  00  00  DE       6.6188
     0100      8   40  00  00  00  00  00  00  DE       6.6216
     0100      8   40  00  00  00  00  00  00  DE       6.6244
     0100      8   40  00  00  00  00  00  00  DE       6.6272
     0100      8   40  00  00  00  00  00  00  DE       6.6300
     0100      8   40  00  00  00  00  00  00  DE       6.6328
     0100      8   40  00  00  00  00  00  00  DE       6.6356
     0100      8   40  00  00  00  00  00  00  DE       6.6384
     0100      8   40  00  00  00  00  00  00  DE       6.6412
     0100      8   40  00  00  00  00  00  00  DE       6.6441
     0100      8   40  00  00  00  00  00  00  DE       6.6469
     0100      8   40  00  00  00  00  00  00  DE       6.6497
     0100      8   40  00  00  00  00  00  00  DE       6.6525
     0100      8   40  00  00  00  00  00  00  DE       6.6553
     0100      8   40  00  00  00  00  00  00  DE       6.6581
     0100      8   40  00  00  00  00  00  00  DE       6.6609
     0100      8   40  00  00  00  00  00  00  DE       6.6637
     0100      8   40  00  00  00  00  00  00  DE       6.6665
     0100      8   40  00  00  00  00  00  00  DE       6.6693
     0100      8   40  00  00  00  00  00  00  DE       6.6721
     0100      8   40  00  00  00  00  00  00  DE       6.6749
     0100      8   40  00  00  00  00  00  00  DE       6.6777
     0100      8   40  00  00  00  00  00  00  DE       6.6805
     0100      8   40  00  00  00  00  00  00  DE       6.6833
     0100      8   40  00  00  00  00  00  00  DE       6.6861
     0100      8   40  00  00  00  00  00  00  DE       6.6889
     0100      8   40  00  00  00  00  00  00  DE       6.6917
     0100      8   40  00  00  00  00  00  00  DE       6.6945
     0100      8   40  00  00  00  00  00  00  DE       6.6973
     0100      8   40  00  00  00  00  00  00  DE       6.7001
     0100      8   40  00  00  00  00  00  00  DE       6.7029
     0100      8   40  00  00  00  00  00  00  DE       6.7057
     0100      8   40  00  00  00  00  00  00  DE       6.7086
     0100      8   40  00  00  00  00  00  00  DE       6.7114
     0100      8   40  00  00  00  00  00  00  DE       6.7142
     0100      8   40  00  00  00  00  00  00  DE       6.7170
     0100      8   40  00  00  00  00  00  00  DE       6.7198
     0100      8   40  00  00  00  00  00  00  DE       6.7226
     0100      8   40  00  00  00  00  00  00  DE       6.7254
     0100      8   40  00  00  00  00  00  00  DE       6.7282
     0100      8   40  00  00  00  00  00  00  DE       6.7310
     0100      8   40  00  00  00  00  00  00  DE       6.7338
     0100      8   40  00  00  00  00  00  00  DE       6.7366
     0100      8   40  00  00  00  00  00  00  DE       6.7394
     0100      8   40  00  00  00  00  00  00  DE       6.7422
     0100      8   40  00  00  00  00  00  00  DE       6.7450
     0100      8   40  00  00  00  00  00  00  DE       6.7478
     0100      8   40  00  00  00  00  00  00  DE       6.7506
     0100      8   40  00  00  00  00  00  00  DE       6.7534
     0100      8   40  00  00  00  00  00  00  DE       6.7562
     0100      8   40  00  00  00  00  00  00  DE       6.7590
     0100      8   40  00  00  00  00  00  00  DE       6.7618
     0100      8   40  00  00  00  00  00  00  DE       6.7646
     0100      8   40  00  00  00  00  00  00  DE       6.7674
     0100      8   40  00  00  00  00  00  00  DE       6.7702
     0100      8   40  00  00  00  00  00  00  DE       6.7731
     0100      8   40  00  00  00  00  00  00  DE       6.7759
     0100      8   40  00  00  00  00  00  00  DE       6.7787
     0100      8   40  00  00  00  00  00  00  DE       6.7815
     0100      8   40  00  00  00  00  00  00  DE       6.7843
     0100      8   40  00  00  00  00  00  00  DE       6.7871
     0100      8   40  00  00  00  00  00  00  DE       6.7899
     0100      8   40  00  00  00  00  00  00  DE       6.7927
     0100      8   40  00  00  00  00  00  00  DE       6.7955
     0100      8   40  00  00  00  00  00  00  DE       6.7983
     0100      8   40  00  00  00  00  00  00  DE       6.8011
     0100      8   40  00  00  00  00  00  00  DE       6.8039
     0100      8   40  00  00  00  00  00  00  DE       6.8067
     0100      8   40  00  00  00  00  00  00  DE       6.8095
     0100      8   40  00  00  00  00  00  00  DE       6.8123
     0100      8   40  00  00  00  00  00  00  DE       6.8151
     0100      8   40  00  00  00  00  00  00  DE       6.8179
     0100      8   40  00  00  00  00  00  00  DE       6.8207
     0100      8   40  00  00  00  00  00  00  DE       6.8235
     0100      8   40  00  00  00  00  00  00  DE       6.8263
     0100      8   40  00  00  00  00  00  00  DE       6.8291
     0100      8   40  00  00  00  00  00  00  DE       6.8319
     0100      8   40  00  00  00  00  00  00  DE       6.8348
     0100      8   40  00  00  00  00  00  00  DE       6.8376
     0100      8   40  00  00  00  00  00  00  DE       6.8404
     0100      8   40  00  00  00  00  00  00  DE       6.8432
     0100      8   40  00  00  00  00  00  00  DE       6.8460
     0100      8   40  00  00  00  00  00  00  DE       6.8488
     0100      8   40  00  00  00  00  00  00  DE       6.8516
     0100      8   40  00  00  00  00  00  00  DE       6.8544
     0100      8   40  00  00  00  00  00  00  DE       6.8572
     0100      8   40  00  00  00  00  00  00  DE       6.8600
     0100      8   40  00  00  00  00  00  00  DE       6.8628
     0100      8   40  00  00  00  00  00  00  DE       6.8656
     0100      8   40  00  00  00  00  00  00  DE       6.8684
     0100      8   40  00  00  00  00  00  00  DE       6.8712
     0100      8   40  00  00  00  00  00  00  DE       6.8740
     0100      8   40  00  00  00  00  00  00  DE       6.8768
     0100      8   40  00  00  00  00  00  00  DE       6.8796
     0100      8   40  00  00  00  00  00  00  DE       6.8824
     0100      8   40  00  00  00  00  00  00  DE       6.8852
     0100      8   40  00  00  00  00  00  00  DE       6.8880
     0100      8   40  00  00  00  00  00  00  DE       6.8908
     0100      8   40  00  00  00  00  00  00  DE       6.8936
     0100      8   40  00  00  00  00  00  00  DE       6.8964
     0100      8   40  00  00  00  00  00  00  DE       6.8993
     0100      8   40  00  00  00  00  00  00  DE       6.9021
     0100      8   40  00  00  00  00  00  00  DE       6.9049
     0100      8   40  00  00  00  00  00  00  DE       6.9077
     0100      8   40  00  00  00  00  00  00  DE       6.9105
     0100      8   40  00  00  00  00  00  00  DE       6.9133
     0100      8   40  00  00  00  00  00  00  DE       6.9161
     0100      8   40  00  00  00  00  00  00  DE       6.9189
     0100      8   40  00  00  00  00  00  00  DE       6.9217
     0100      8   40  00  00  00  00  00  00  DE       6.9245
     0100      8   40  00  00  00  00  00  00  DE       6.9273
     0100      8   40  00  00  00  00  00  00  DE       6.9301
     0100      8   40  00  00  00  00  00  00  DE       6.9329
     0100      8   40  00  00  00  00  00  00  DE       6.9357
     0100      8   40  00  00  00  00  00  00  DE       6.9385
     0100      8   40  00  00  00  00  00  00  DE       6.9413
     0100      8   40  00  00  00  00  00  00  DE       6.9441
     0100      8   40  00  00  00  00  00  00  DE       6.9469
     0100      8   40  00  00  00  00  00  00  DE       6.9497
     0100      8   40  00  00  00  00  00  00  DE       6.9525
     0100      8   40  00  00  00  00  00  00  DE       6.9553
     0100      8   40  00  00  00  00  00  00  DE       6.9581
     0100      8   40  00  00  00  00  00  00  DE       6.9609
     0100      8   40  00  00  00  00  00  00  DE       6.9638
     0100      8   40  00  00  00  00  00  00  DE       6.9666
     0100      8   40  00  00  00  00  00  00  DE       6.9694
     0100      8   40  00  00  00  00  00  00  DE       6.9722
     0100      8   40  00  00  00  00  00  00  DE       6.9750
     0100      8   40  00  00  00  00  00  00  DE       6.9778
     0100      8   40  00  00  00  00  00  00  DE       6.9806
     0100      8   40  00  00  00  00  00  00  DE       6.9834
     0100      8   40  00  00  00  00  00  00  DE       6.9862
     0100      8   40  00  00  00  00  00  00  DE       6.9890
     0100      8   40  00  00  00  00  00  00  DE       6.9918
     0100      8   40  00  00  00  00  00  00  DE       6.9946
     0100      8   40  00  00  00  00  00  00  DE       6.9974
     0100      8   40  00  00  00  00  00  00  DE       7.0002
     0100      8   40  00  00  00  00  00  00  DE       7.0030
     0100      8   40  00  00  00  00  00  00  DE       7.0058
     0100      8   40  00  00  00  00  00  00  DE       7.0086
     0100      8   40  00  00  00  00  00  00  DE       7.0114
     0100      8   40  00  00  00  00  00  00  DE       7.0142
     0100      8   40  00  00  00  00  00  00  DE       7.0170
     0100      8   40  00  00  00  00  00  00  DE       7.0198
     0100      8   40  00  00  00  00  00  00  DE       7.0226
     0100      8   40  00  00  00  00  00  00  DE       7.0255
     0100      8   40  00  00  00  00  00  00  DE       7.0283
     0100      8   40  00  00  00  00  00  00  DE       7.0311
     0100      8   40  00  00  00  00  00  00  DE       7.0339
     0100      8   40  00  00  00  00  00  00  DE       7.0367
     0100      8   40  00  00  00  00  00  00  DE       7.0395
     0100      8   40  00  00  00  00  00  00  DE       7.0423
     0100      8   40  00  00  00  00  00  00  DE       7.0451
     0100      8   40  00  00  00  00  00  00  DE       7.0479
     0100      8   40  00  00  00  00  00  00  DE       7.0507
     0100      8   40  00  00  00  00  00  00  DE       7.0535
     0100      8   40  00  00  00  00  00  00  DE       7.0563
     0100      8   40  00  00  00  00  00  00  DE       7.0591
     0100      8   40  00  00  00  00  00  00  DE       7.0619
     0100      8   40  00  00  00  00  00  00  DE       7.0647
     0100      8   40  00  00  00  00  00  00  DE       7.0675
     0100      8   40  00  00  00  00  00  00  DE       7.0703
     0100      8   40  00  00  00  00  00  00  DE       7.0731
     0100      8   40  00  00  00  00  00  00  DE       7.0759
     0100      8   40  00  00  00  00  00  00  DE       7.0787
     0100      8   40  00  00  00  00  00  00  DE       7.0815
     0100      8   40  00  00  00  00  00  00  DE       7.0843
     0100      8   40  00  00  00  00  00  00  DE       7.0871
     0100      8   40  00  00  00  00  00  00  DE       7.0900
     0100      8   40  00  00  00  00  00  00  DE       7.0928
     0100      8   40  00  00  00  00  00  00  DE       7.0956
     0100      8   40  00  00  00  00  00  00  DE       7.0984
     0100      8   40  00  00  00  00  00  00  DE       7.1012
     0100      8   40  00  00  00  00  00  00  DE       7.1040
     0100      8   40  00  00  00  00  00  00  DE       7.1068
     0100      8   40  00  00  00  00  00  00  DE       7.1096
     0100      8   40  00  00  00  00  00  00  DE       7.1124
     0100      8   40  00  00  00  00  00  00  DE       7.1152
     0100      8   40  00  00  00  00  00  00  DE       7.1180
     0100      8   40  00  00  00  00  00  00  DE       7.1208
     0100      8   40  00  00  00  00  00  00  DE       7.1236
     0100      8   40  00  00  00  00  00  00  DE       7.1264
     0100      8   40  00  00  00  00  00  00  DE       7.1292
     0100      8   40  00  00  00  00  00  00  DE       7.1320
     0100      8   40  00  00  00  00  00  00  DE       7.1348
     0100      8   40  00  00  00  00  00  00  DE       7.1376
     0100      8   40  00  00  00  00  00  00  DE       7.1404
     0100      8   40  00  00  00  00  00  00  DE       7.1432
     0100      8   40  00  00  00  00  00  00  DE       7.1460
     0100      8   40  00  00  00  00  00  00  DE       7.1489
     0100      8   40  00  00  00  00  00  00  DE       7.1516
     0100      8   40  00  00  00  00  00  00  DE       7.1545
     0100      8   40  00  00  00  00  00  00  DE       7.1573
     0100      8   40  00  00  00  00  00  00  DE       7.1601
     0100      8   40  00  00  00  00  00  00  DE       7.1629
     0100      8   40  00  00  00  00  00  00  DE       7.1657
     0100      8   40  00  00  00  00  00  00  DE       7.1685
     0100      8   40  00  00  00  00  00  00  DE       7.1713
     0100      8   40  00  00  00  00  00  00  DE       7.1741
     0100      8   40  00  00  00  00  00  00  DE       7.1769
     0100      8   40  00  00  00  00  00  00  DE       7.1797
     0100      8   40  00  00  00  00  00  00  DE       7.1825
     0100      8   40  00  00  00  00  00  00  DE       7.1853
     0100      8   40  00  00  00  00  00  00  DE       7.1881
     0100      8   40  00  00  00  00  00  00  DE       7.1909
     0100      8   40  00  00  00  00  00  00  DE       7.1937
     0100      8   40  00  00  00  00  00  00  DE       7.1965
     0100      8   40  00  00  00  00  00  00  DE       7.1993
     0100      8   40  00  00  00  00  00  00  DE       7.2021
     0100      8   40  00  00  00  00  00  00  DE       7.2049
     0100      8   40  00  00  00  00  00  00  DE       7.2077
     0100      8   40  00  00  00  00  00  00  DE       7.2105
     0100      8   40  00  00  00  00  00  00  DE       7.2134
     0100      8   40  00  00  00  00  00  00  DE       7.2161
     0100      8   40  00  00  00  00  00  00  DE       7.2190
     0100      8   40  00  00  00  00  00  00  DE       7.2218
     0100      8   40  00  00  00  00  00  00  DE       7.2246
     0100      8   40  00  00  00  00  00  00  DE       7.2274
     0100      8   40  00  00  00  00  00  00  DE       7.2302
     0100      8   40  00  00  00  00  00  00  DE       7.2330
     0100      8   40  00  00  00  00  00  00  DE       7.2358
     0100      8   40  00  00  00  00  00  00  DE       7.2386
     0100      8   40  00  00  00  00  00  00  DE       7.2414
     0100      8   40  00  00  00  00  00  00  DE       7.2442
     0100      8   40  00  00  00  00  00  00  DE       7.2470
     0100      8   40  00  00  00  00  00  00  DE       7.2498
     0100      8   40  00  00  00  00  00  00  DE       7.2526
     0100      8   40  00  00  00  00  00  00  DE       7.2554
     0100      8   40  00  00  00  00  00  00  DE       7.2582
     0100      8   40  00  00  00  00  00  00  DE       7.2610
     0100      8   40  00  00  00  00  00  00  DE       7.2638
     0100      8   40  00  00  00  00  00  00  DE       7.2666
     0100      8   40  00  00  00  00  00  00  DE       7.2694
     0100      8   40  00  00  00  00  00  00  DE       7.2722
     0100      8   40  00  00  00  00  00  00  DE       7.2750
     0100      8   40  00  00  00  00  00  00  DE       7.2779
     0100      8   40  00  00  00  00  00  00  DE       7.2807
     0100      8   40  00  00  00  00  00  00  DE       7.2835
     0100      8   40  00  00  00  00  00  00  DE       7.2863
     0100      8   40  00  00  00  00  00  00  DE       7.2891
     0100      8   40  00  00  00  00  00  00  DE       7.2919
     0100      8   40  00  00  00  00  00  00  DE       7.2947
     0100      8   40  00  00  00  00  00  00  DE       7.2975
     0100      8   40  00  00  00  00  00  00  DE       7.3003
     0100      8   40  00  00  00  00  00  00  DE       7.3031
     0100      8   40  00  00  00  00  00  00  DE       7.3059
     0100      8   40  00  00  00  00  00  00  DE       7.3087
     0100      8   40  00  00  00  00  00  00  DE       7.3115
     0100      8   40  00  00  00  00  00  00  DE       7.3143
     0100      8   40  00  00  00  00  00  00  DE       7.3171
     0100      8   40  00  00  00  00  00  00  DE       7.3199
     0100      8   40  00  00  00  00  00  00  DE       7.3227
     0100      8   40  00  00  00  00  00  00  DE       7.3255
     0100      8   40  00  00  00  00  00  00  DE       7.3283
     0100      8   40  00  00  00  00  00  00  DE       7.3311
     0100      8   40  00  00  00  00  00  00  DE       7.3339
     0100      8   40  00  00  00  00  00  00  DE       7.3367
     0100      8   40  00  00  00  00  00  00  DE       7.3395
     0100      8   40  00  00  00  00  00  00  DE       7.3424
     0100      8   40  00  00  00  00  00  00  DE       7.3452
     0100      8   40  00  00  00  00  00  00  DE       7.3480
     0100      8   40  00  00  00  00  00  00  DE       7.3508
     0100      8   40  00  00  00  00  00  00  DE       7.3536
     0100      8   40  00  00  00  00  00  00  DE       7.3564
     0100      8   40  00  00  00  00  00  00  DE       7.3592
     0100      8   40  00  00  00  00  00  00  DE       7.3620
     0100      8   40  00  00  00  00  00  00  DE       7.3648
     0100      8   40  00  00  00  00  00  00  DE       7.3676
     0100      8   40  00  00  00  00  00  00  DE       7.3704
     0100      8   40  00  00  00  00  00  00  DE       7.3732
     0100      8   40  00  00  00  00  00  00  DE       7.3760
     0100      8   40  00  00  00  00  00  00  DE       7.3788
     0100      8   40  00  00  00  00  00  00  DE       7.3816
     0100      8   40  00  00  00  00  00  00  DE       7.3844
     0100      8   40  00  00  00  00  00  00  DE       7.3872
     0100      8   40  00  00  00  00  00  00  DE       7.3900
     0100      8   40  00  00  00  00  00  00  DE       7.3928
     0100      8   40  00  00  00  00  00  00  DE       7.3956
     0100      8   40  00  00  00  00  00  00  DE       7.3984
     0100      8   40  00  00  00  00  00  00  DE       7.4012
     0100      8   40  00  00  00  00  00  00  DE       7.4040
     0100      8   40  00  00  00  00  00  00  DE       7.4069
     0100      8   40  00  00  00  00  00  00  DE       7.4097
     0100      8   40  00  00  00  00  00  00  DE       7.4125
     0100      8   40  00  00  00  00  00  00  DE       7.4153
     0100      8   40  00  00  00  00  00  00  DE       7.4181
     0100      8   40  00  00  00  00  00  00  DE       7.4209
     0100      8   40  00  00  00  00  00  00  DE       7.4237
     0100      8   40  00  00  00  00  00  00  DE       7.4265
     0100      8   40  00  00  00  00  00  00  DE       7.4293
     0100      8   40  00  00  00  00  00  00  DE       7.4321
     0100      8   40  00  00  00  00  00  00  DE       7.4349
     0100      8   40  00  00  00  00  00  00  DE       7.4377
     0100      8   40  00  00  00  00  00  00  DE       7.4405
     0100      8   40  00  00  00  00  00  00  DE       7.4433
     0100      8   40  00  00  00  00  00  00  DE       7.4461
     0100      8   40  00  00  00  00  00  00  DE       7.4489
     0100      8   40  00  00  00  00  00  00  DE       7.4517
     0100      8   40  00  00  00  00  00  00  DE       7.4545
     0100      8   40  00  00  00  00  00  00  DE       7.4573
     0100      8   40  00  00  00  00  00  00  DE       7.4601
     0100      8   40  00  00  00  00  00  00  DE       7.4629
     0100      8   40  00  00  00  00  00  00  DE       7.4657
     0100      8   40  00  00  00  00  00  00  DE       7.4685
     0100      8   40  00  00  00  00  00  00  DE       7.4714
     0100      8   40  00  00  00  00  00  00  DE       7.4742
     0100      8   40  00  00  00  00  00  00  DE       7.4770
     0100      8   40  00  00  00  00  00  00  DE       7.4798
     0100      8   40  00  00  00  00  00  00  DE       7.4826
     0100      8   40  00  00  00  00  00  00  DE       7.4854
     0100      8   40  00  00  00  00  00  00  DE       7.4882
     0100      8   40  00  00  00  00  00  00  DE       7.4910
     0100      8   40  00  00  00  00  00  00  DE       7.4938
     0100      8   40  00  00  00  00  00  00  DE       7.4966
     0100      8   40  00  00  00  00  00  00  DE       7.4994
     0100      8   40  00  00  00  00  00  00  DE       7.5022
     0100      8   40  00  00  00  00  00  00  DE       7.5050
     0100      8   40  00  00  00  00  00  00  DE       7.5078
     0100      8   40  00  00  00  00  00  00  DE       7.5106
     0100      8   40  00  00  00  00  00  00  DE       7.5134
     0100      8   40  00  00  00  00  00  00  DE       7.5162
     0100      8   40  00  00  00  00  00  00  DE       7.5190
     0100      8   40  00  00  00  00  00  00  DE       7.5218
     0100      8   40  00  00  00  00  00  00  DE       7.5246
     0100      8   40  00  00  00  00  00  00  DE       7.5274
     0100      8   40  00  00  00  00  00  00  DE       7.5302
     0100      8   40  00  00  00  00  00  00  DE       7.5330
     0100      8   40  00  00  00  00  00  00  DE       7.5359
     0100      8   40  00  00  00  00  00  00  DE       7.5387
     0100      8   40  00  00  00  00  00  00  DE       7.5415
     0100      8   40  00  00  00  00  00  00  DE       7.5443
     0100      8   40  00  00  00  00  00  00  DE       7.5471
     0100      8   40  00  00  00  00  00  00  DE       7.5499
     0100      8   40  00  00  00  00  00  00  DE       7.5527
     0100      8   40  00  00  00  00  00  00  DE       7.5555
     0100      8   40  00  00  00  00  00  00  DE       7.5583
     0100      8   40  00  00  00  00  00  00  DE       7.5611
     0100      8   40  00  00  00  00  00  00  DE       7.5639
     0100      8   40  00  00  00  00  00  00  DE       7.5667
     0100      8   40  00  00  00  00  00  00  DE       7.5695
     0100      8   40  00  00  00  00  00  00  DE       7.5723
     0100      8   40  00  00  00  00  00  00  DE       7.5751
     0100      8   40  00  00  00  00  00  00  DE       7.5779
     0100      8   40  00  00  00  00  00  00  DE       7.5807
     0100      8   40  00  00  00  00  00  00  DE       7.5835
     0100      8   40  00  00  00  00  00  00  DE       7.5863
     0100      8   40  00  00  00  00  00  00  DE       7.5891
     0100      8   40  00  00  00  00  00  00  DE       7.5919
     0100      8   40  00  00  00  00  00  00  DE       7.5947
     0100      8   40  00  00  00  00  00  00  DE       7.5976
     0100      8   40  00  00  00  00  00  00  DE       7.6004
     0100      8   40  00  00  00  00  00  00  DE       7.6032
     0100      8   40  00  00  00  00  00  00  DE       7.6060
     0100      8   40  00  00  00  00  00  00  DE       7.6088
     0100      8   40  00  00  00  00  00  00  DE       7.6116
     0100      8   40  00  00  00  00  00  00  DE       7.6144
     0100      8   40  00  00  00  00  00  00  DE       7.6172
     0100      8   40  00  00  00  00  00  00  DE       7.6200
     0100      8   40  00  00  00  00  00  00  DE       7.6228
     0100      8   40  00  00  00  00  00  00  DE       7.6256
     0100      8   40  00  00  00  00  00  00  DE       7.6284
     0100      8   40  00  00  00  00  00  00  DE       7.6312
     0100      8   40  00  00  00  00  00  00  DE       7.6340
     0100      8   40  00  00  00  00  00  00  DE       7.6368
     0100      8   40  00  00  00  00  00  00  DE       7.6396
     0100      8   40  00  00  00  00  00  00  DE       7.6424
     0100      8   40  00  00  00  00  00  00  DE       7.6452
     0100      8   40  00  00  00  00  00  00  DE       7.6480
     0100      8   40  00  00  00  00  00  00  DE       7.6508
     0100      8   40  00  00  00  00  00  00  DE       7.6536
     0100      8   40  00  00  00  00  00  00  DE       7.6564
     0100      8   40  00  00  00  00  00  00  DE       7.6592
     0100      8   40  00  00  00  00  00  00  DE       7.6621
     0100      8   40  00  00  00  00  00  00  DE       7.6649
     0100      8   40  00  00  00  00  00  00  DE       7.6677
     0100      8   40  00  00  00  00  00  00  DE       7.6705
     0100      8   40  00  00  00  00  00  00  DE       7.6733
     0100      8   40  00  00  00  00  00  00  DE       7.6761
     0100      8   40  00  00  00  00  00  00  DE       7.6789
     0100      8   40  00  00  00  00  00  00  DE       7.6817
     0100      8   40  00  00  00  00  00  00  DE       7.6845
     0100      8   40  00  00  00  00  00  00  DE       7.6873
     0100      8   40  00  00  00  00  00  00  DE       7.6901
     0100      8   40  00  00  00  00  00  00  DE       7.6929
     0100      8   40  00  00  00  00  00  00  DE       7.6957
     0100      8   40  00  00  00  00  00  00  DE       7.6985
     0100      8   40  00  00  00  00  00  00  DE       7.7013
     0100      8   40  00  00  00  00  00  00  DE       7.7041
     0100      8   40  00  00  00  00  00  00  DE       7.7069
     0100      8   40  00  00  00  00  00  00  DE       7.7097
     0100      8   40  00  00  00  00  00  00  DE       7.7125
     0100      8   40  00  00  00  00  00  00  DE       7.7153
     0100      8   40  00  00  00  00  00  00  DE       7.7181
     0100      8   40  00  00  00  00  00  00  DE       7.7209
     0100      8   40  00  00  00  00  00  00  DE       7.7237
     0100      8   40  00  00  00  00  00  00  DE       7.7266
     0100      8   40  00  00  00  00  00  00  DE       7.7294
     0100      8   40  00  00  00  00  00  00  DE       7.7322
     0100      8   40  00  00  00  00  00  00  DE       7.7350
     0100      8   40  00  00  00  00  00  00  DE       7.7378
     0100      8   40  00  00  00  00  00  00  DE       7.7406
     0100      8   40  00  00  00  00  00  00  DE       7.7434
     0100      8   40  00  00  00  00  00  00  DE       7.7462
     0100      8   40  00  00  00  00  00  00  DE       7.7490
     0100      8   40  00  00  00  00  00  00  DE       7.7518
     0100      8   40  00  00  00  00  00  00  DE       7.7546
     0100      8   40  00  00  00  00  00  00  DE       7.7574
     0100      8   40  00  00  00  00  00  00  DE       7.7602
     0100      8   40  00  00  00  00  00  00  DE       7.7630
     0100      8   40  00  00  00  00  00  00  DE       7.7658
     0100      8   40  00  00  00  00  00  00  DE       7.7686
     0100      8   40  00  00  00  00  00  00  DE       7.7714
     0100      8   40  00  00  00  00  00  00  DE       7.7742
     0100      8   40  00  00  00  00  00  00  DE       7.7770
     0100      8   40  00  00  00  00  00  00  DE       7.7798
     0100      8   40  00  00  00  00  00  00  DE       7.7826
     0100      8   40  00  00  00  00  00  00  DE       7.7854
     0100      8   40  00  00  00  00  00  00  DE       7.7883
     0100      8   40  00  00  00  00  00  00  DE       7.7911
     0100      8   40  00  00  00  00  00  00  DE       7.7939
     0100      8   40  00  00  00  00  00  00  DE       7.7967
     0100      8   40  00  00  00  00  00  00  DE       7.7995
     0100      8   40  00  00  00  00  00  00  DE       7.8023
     0100      8   40  00  00  00  00  00  00  DE       7.8051
     0100      8   40  00  00  00  00  00  00  DE       7.8079
     0100      8   40  00  00  00  00  00  00  DE       7.8107
     0100      8   40  00  00  00  00  00  00  DE       7.8135
     0100      8   40  00  00  00  00  00  00  DE       7.8163
     0100      8   40  00  00  00  00  00  00  DE       7.8191
     0100      8   40  00  00  00  00  00  00  DE       7.8219
     0100      8   40  00  00  00  00  00  00  DE       7.8247
     0100      8   40  00  00  00  00  00  00  DE       7.8275
     0100      8   40  00  00  00  00  00  00  DE       7.8303
     0100      8   40  00  00  00  00  00  00  DE       7.8331
     0100      8   40  00  00  00  00  00  00  DE       7.8359
     0100      8   40  00  00  00  00  00  00  DE       7.8387
     0100      8   40  00  00  00  00  00  00  DE       7.8415
     0100      8   40  00  00  00  00  00  00  DE       7.8443
     0100      8   40  00  00  00  00  00  00  DE       7.8471
     0100      8   40  00  00  00  00  00  00  DE       7.8499
     0100      8   40  00  00  00  00  00  00  DE       7.8528
     0100      8   40  00  00  00  00  00  00  DE       7.8556
     0100      8   40  00  00  00  00  00  00  DE       7.8584
     0100      8   40  00  00  00  00  00  00  DE       7.8612
     0100      8   40  00  00  00  00  00  00  DE       7.8640
     0100      8   40  00  00  00  00  00  00  DE       7.8668
     0100      8   40  00  00  00  00  00  00  DE       7.8696
     0100      8   40  00  00  00  00  00  00  DE       7.8724
     0100      8   40  00  00  00  00  00  00  DE       7.8752
     0100      8   40  00  00  00  00  00  00  DE       7.8780
     0100      8   40  00  00  00  00  00  00  DE       7.8808
     0100      8   40  00  00  00  00  00  00  DE       7.8836
     0100      8   40  00  00  00  00  00  00  DE       7.8864
     0100      8   40  00  00  00  00  00  00  DE       7.8892
     0100      8   40  00  00  00  00  00  00  DE       7.8920
     0100      8   40  00  00  00  00  00  00  DE       7.8948
     0100      8   40  00  00  00  00  00  00  DE       7.8976
     0100      8   40  00  00  00  00  00  00  DE       7.9004
     0100      8   40  00  00  00  00  00  00  DE       7.9032
     0100      8   40  00  00  00  00  00  00  DE       7.9060
     0100      8   40  00  00  00  00  00  00  DE       7.9088
     0100      8   40  00  00  00  00  00  00  DE       7.9116
     0100      8   40  00  00  00  00  00  00  DE       7.9145
     0100      8   40  00  00  00  00  00  00  DE       7.9173
     0100      8   40  00  00  00  00  00  00  DE       7.9201
     0100      8   40  00  00  00  00  00  00  DE       7.9229
     0100      8   40  00  00  00  00  00  00  DE       7.9257
     0100      8   40  00  00  00  00  00  00  DE       7.9285
     0100      8   40  00  00  00  00  00  00  DE       7.9313
     0100      8   40  00  00  00  00  00  00  DE       7.9341
     0100      8   40  00  00  00  00  00  00  DE       7.9369
     0100      8   40  00  00  00  00  00  00  DE       7.9397
     0100      8   40  00  00  00  00  00  00  DE       7.9425
     0100      8   40  00  00  00  00  00  00  DE       7.9453
     0100      8   40  00  00  00  00  00  00  DE       7.9481
     0100      8   40  00  00  00  00  00  00  DE       7.9509
     0100      8   40  00  00  00  00  00  00  DE       7.9537
     0100      8   40  00  00  00  00  00  00  DE       7.9565
     0100      8   40  00  00  00  00  00  00  DE       7.9593
     0100      8   40  00  00  00  00  00  00  DE       7.9621
     0100      8   40  00  00  00  00  00  00  DE       7.9649
     0100      8   40  00  00  00  00  00  00  DE       7.9677
     0100      8   40  00  00  00  00  00  00  DE       7.9705
     0100      8   40  00  00  00  00  00  00  DE       7.9733
     0100      8   40  00  00  00  00  00  00  DE       7.9761
     0100      8   40  00  00  00  00  00  00  DE       7.9790
     0100      8   40  00  00  00  00  00  00  DE       7.9818
     0100      8   40  00  00  00  00  00  00  DE       7.9846
     0100      8   40  00  00  00  00  00  00  DE       7.9874
     0100      8   40  00  00  00  00  00  00  DE       7.9902
     0100      8   40  00  00  00  00  00  00  DE       7.9930
     0100      8   40  00  00  00  00  00  00  DE       7.9958
     0100      8   40  00  00  00  00  00  00  DE       7.9986
     0100      8   40  00  00  00  00  00  00  DE       8.0014
     0100      8   40  00  00  00  00  00  00  DE       8.0042
     0100      8   40  00  00  00  00  00  00  DE       8.0070
     0100      8   40  00  00  00  00  00  00  DE       8.0098
     0100      8   40  00  00  00  00  00  00  DE       8.0126
     0100      8   40  00  00  00  00  00  00  DE       8.0154
     0100      8   40  00  00  00  00  00  00  DE       8.0182
     0100      8   40  00  00  00  00  00  00  DE       8.0210
     0100      8   40  00  00  00  00  00  00  DE       8.0238
     0100      8   40  00  00  00  00  00  00  DE       8.0266
     0100      8   40  00  00  00  00  00  00  DE       8.0294
     0100      8   40  00  00  00  00  00  00  DE       8.0322
     0100      8   40  00  00  00  00  00  00  DE       8.0350
     0100      8   40  00  00  00  00  00  00  DE       8.0378
     0100      8   40  00  00  00  00  00  00  DE       8.0406
     0100      8   40  00  00  00  00  00  00  DE       8.0435
     0100      8   40  00  00  00  00  00  00  DE       8.0463
     0100      8   40  00  00  00  00  00  00  DE       8.0491
     0100      8   40  00  00  00  00  00  00  DE       8.0519
     0100      8   40  00  00  00  00  00  00  DE       8.0547
     0100      8   40  00  00  00  00  00  00  DE       8.0575
     0100      8   40  00  00  00  00  00  00  DE       8.0603
     0100      8   40  00  00  00  00  00  00  DE       8.0631
     0100      8   40  00  00  00  00  00  00  DE       8.0659
     0100      8   40  00  00  00  00  00  00  DE       8.0687
     0100      8   40  00  00  00  00  00  00  DE       8.0715
     0100      8   40  00  00  00  00  00  00  DE       8.0743
     0100      8   40  00  00  00  00  00  00  DE       8.0771
     0100      8   40  00  00  00  00  00  00  DE       8.0799
     0100      8   40  00  00  00  00  00  00  DE       8.0827
     0100      8   40  00  00  00  00  00  00  DE       8.0855
     0100      8   40  00  00  00  00  00  00  DE       8.0883
     0100      8   40  00  00  00  00  00  00  DE       8.0911
     0100      8   40  00  00  00  00  00  00  DE       8.0939
     0100      8   40  00  00  00  00  00  00  DE       8.0967
     0100      8   40  00  00  00  00  00  00  DE       8.0995
     0100      8   40  00  00  00  00  00  00  DE       8.1023
     0100      8   40  00  00  00  00  00  00  DE       8.1051
     0100      8   40  00  00  00  00  00  00  DE       8.1080
     0100      8   40  00  00  00  00  00  00  DE       8.1108
     0100      8   40  00  00  00  00  00  00  DE       8.1136
     0100      8   40  00  00  00  00  00  00  DE       8.1164
     0100      8   40  00  00  00  00  00  00  DE       8.1192
     0100      8   40  00  00  00  00  00  00  DE       8.1220
     0100      8   40  00  00  00  00  00  00  DE       8.1248
     0100      8   40  00  00  00  00  00  00  DE       8.1276
     0100      8   40  00  00  00  00  00  00  DE       8.1304
     0100      8   40  00  00  00  00  00  00  DE       8.1332
     0100      8   40  00  00  00  00  00  00  DE       8.1360
     0100      8   40  00  00  00  00  00  00  DE       8.1388
     0100      8   40  00  00  00  00  00  00  DE       8.1416
     0100      8   40  00  00  00  00  00  00  DE       8.1444
     0100      8   40  00  00  00  00  00  00  DE       8.1472
     0100      8   40  00  00  00  00  00  00  DE       8.1500
     0100      8   40  00  00  00  00  00  00  DE       8.1528
     0100      8   40  00  00  00  00  00  00  DE       8.1556
     0100      8   40  00  00  00  00  00  00  DE       8.1584
     0100      8   40  00  00  00  00  00  00  DE       8.1612
     0100      8   40  00  00  00  00  00  00  DE       8.1640
     0100      8   40  00  00  00  00  00  00  DE       8.1668
     0100      8   40  00  00  00  00  00  00  DE       8.1697
     0100      8   40  00  00  00  00  00  00  DE       8.1725
     0100      8   40  00  00  00  00  00  00  DE       8.1753
     0100      8   40  00  00  00  00  00  00  DE       8.1781
     0100      8   40  00  00  00  00  00  00  DE       8.1809
     0100      8   40  00  00  00  00  00  00  DE       8.1837
     0100      8   40  00  00  00  00  00  00  DE       8.1865
     0100      8   40  00  00  00  00  00  00  DE       8.1893
     0100      8   40  00  00  00  00  00  00  DE       8.1921
     0100      8   40  00  00  00  00  00  00  DE       8.1949
     0100      8   40  00  00  00  00  00  00  DE       8.1977
     0100      8   40  00  00  00  00  00  00  DE       8.2005
     0100      8   40  00  00  00  00  00  00  DE       8.2033
     0100      8   40  00  00  00  00  00  00  DE       8.2061
     0100      8   40  00  00  00  00  00  00  DE       8.2089
     0100      8   40  00  00  00  00  00  00  DE       8.2117
     0100      8   40  00  00  00  00  00  00  DE       8.2145
     0100      8   40  00  00  00  00  00  00  DE       8.2173
     0100      8   40  00  00  00  00  00  00  DE       8.2201
     0100      8   40  00  00  00  00  00  00  DE       8.2229
     0100      8   40  00  00  00  00  00  00  DE       8.2257
     0100      8   40  00  00  00  00  00  00  DE       8.2285
     0100      8   40  00  00  00  00  00  00  DE       8.2313
     0100      8   40  00  00  00  00  00  00  DE       8.2342
     0100      8   40  00  00  00  00  00  00  DE       8.2370
     0100      8   40  00  00  00  00  00  00  DE       8.2398
     0100      8   40  00  00  00  00  00  00  DE       8.2426
     0100      8   40  00  00  00  00  00  00  DE       8.2454
     0100      8   40  00  00  00  00  00  00  DE       8.2482
     0100      8   40  00  00  00  00  00  00  DE       8.2510
     0100      8   40  00  00  00  00  00  00  DE       8.2538
     0100      8   40  00  00  00  00  00  00  DE       8.2566
     0100      8   40  00  00  00  00  00  00  DE       8.2594
     0100      8   40  00  00  00  00  00  00  DE       8.2622
     0100      8   40  00  00  00  00  00  00  DE       8.2650
     0100      8   40  00  00  00  00  00  00  DE       8.2678
     0100      8   40  00  00  00  00  00  00  DE       8.2706
     0100      8   40  00  00  00  00  00  00  DE       8.2734
     0100      8   40  00  00  00  00  00  00  DE       8.2762
     0100      8   40  00  00  00  00  00  00  DE       8.2790
     0100      8   40  00  00  00  00  00  00  DE       8.2818
     0100      8   40  00  00  00  00  00  00  DE       8.2846
     0100      8   40  00  00  00  00  00  00  DE       8.2874
     0100      8   40  00  00  00  00  00  00  DE       8.2902
     0100      8   40  00  00  00  00  00  00  DE       8.2930
     0100      8   40  00  00  00  00  00  00  DE       8.2958
     0100      8   40  00  00  00  00  00  00  DE       8.2987
     0100      8   40  00  00  00  00  00  00  DE       8.3015
     0100      8   40  00  00  00  00  00  00  DE       8.3043
     0100      8   40  00  00  00  00  00  00  DE       8.3071
     0100      8   40  00  00  00  00  00  00  DE       8.3099
     0100      8   40  00  00  00  00  00  00  DE       8.3127
     0100      8   40  00  00  00  00  00  00  DE       8.3155
     0100      8   40  00  00  00  00  00  00  DE       8.3183
     0100      8   40  00  00  00  00  00  00  DE       8.3211
     0100      8   40  00  00  00  00  00  00  DE       8.3239
     0100      8   40  00  00  00  00  00  00  DE       8.3267
     0100      8   40  00  00  00  00  00  00  DE       8.3295
     0100      8   40  00  00  00  00  00  00  DE       8.3323
     0100      8   40  00  00  00  00  00  00  DE       8.3351
     0100      8   40  00  00  00  00  00  00  DE       8.3379
     0100      8   40  00  00  00  00  00  00  DE       8.3407
     0100      8   40  00  00  00  00  00  00  DE       8.3435
     0100      8   40  00  00  00  00  00  00  DE       8.3463
     0100      8   40  00  00  00  00  00  00  DE       8.3491
     0100      8   40  00  00  00  00  00  00  DE       8.3519
     0100      8   40  00  00  00  00  00  00  DE       8.3548
     0100      8   40  00  00  00  00  00  00  DE       8.3575
     0100      8   40  00  00  00  00  00  00  DE       8.3604
     0100      8   40  00  00  00  00  00  00  DE       8.3632
     0100      8   40  00  00  00  00  00  00  DE       8.3660
     0100      8   40  00  00  00  00  00  00  DE       8.3688
     0100      8   40  00  00  00  00  00  00  DE       8.3716
     0100      8   40  00  00  00  00  00  00  DE       8.3744
     0100      8   40  00  00  00  00  00  00  DE       8.3772
     0100      8   40  00  00  00  00  00  00  DE       8.3800
     0100      8   40  00  00  00  00  00  00  DE       8.3828
     0100      8   40  00  00  00  00  00  00  DE       8.3856
     0100      8   40  00  00  00  00  00  00  DE       8.3884
     0100      8   40  00  00  00  00  00  00  DE       8.3912
     0100      8   40  00  00  00  00  00  00  DE       8.3940
     0100      8   40  00  00  00  00  00  00  DE       8.3968
     0100      8   40  00  00  00  00  00  00  DE       8.3996
     0100      8   40  00  00  00  00  00  00  DE       8.4024
     0100      8   40  00  00  00  00  00  00  DE       8.4052
     0100      8   40  00  00  00  00  00  00  DE       8.4080
     0100      8   40  00  00  00  00  00  00  DE       8.4108
     0100      8   40  00  00  00  00  00  00  DE       8.4136
     0100      8   40  00  00  00  00  00  00  DE       8.4164
     0100      8   40  00  00  00  00  00  00  DE       8.4192
     0100      8   40  00  00  00  00  00  00  DE       8.4220
     0100      8   40  00  00  00  00  00  00  DE       8.4249
     0100      8   40  00  00  00  00  00  00  DE       8.4277
     0100      8   40  00  00  00  00  00  00  DE       8.4305
     0100      8   40  00  00  00  00  00  00  DE       8.4333
     0100      8   40  00  00  00  00  00  00  DE       8.4361
     0100      8   40  00  00  00  00  00  00  DE       8.4389
     0100      8   40  00  00  00  00  00  00  DE       8.4417
     0100      8   40  00  00  00  00  00  00  DE       8.4445
     0100      8   40  00  00  00  00  00  00  DE       8.4473
     0100      8   40  00  00  00  00  00  00  DE       8.4501
     0100      8   40  00  00  00  00  00  00  DE       8.4529
     0100      8   40  00  00  00  00  00  00  DE       8.4557
     0100      8   40  00  00  00  00  00  00  DE       8.4585
     0100      8   40  00  00  00  00  00  00  DE       8.4613
     0100      8   40  00  00  00  00  00  00  DE       8.4641
     0100      8   40  00  00  00  00  00  00  DE       8.4669
     0100      8   40  00  00  00  00  00  00  DE       8.4697
     0100      8   40  00  00  00  00  00  00  DE       8.4725
     0100      8   40  00  00  00  00  00  00  DE       8.4753
     0100      8   40  00  00  00  00  00  00  DE       8.4781
     0100      8   40  00  00  00  00  00  00  DE       8.4809
     0100      8   40  00  00  00  00  00  00  DE       8.4838
     0100      8   40  00  00  00  00  00  00  DE       8.4866
     0100      8   40  00  00  00  00  00  00  DE       8.4894
     0100      8   40  00  00  00  00  00  00  DE       8.4922
     0100      8   40  00  00  00  00  00  00  DE       8.4950
     0100      8   40  00  00  00  00  00  00  DE       8.4978
     0100      8   40  00  00  00  00  00  00  DE       8.5006
     0100      8   40  00  00  00  00  00  00  DE       8.5034
     0100      8   40  00  00  00  00  00  00  DE       8.5062
     0100      8   40  00  00  00  00  00  00  DE       8.5090
     0100      8   40  00  00  00  00  00  00  DE       8.5118
     0100      8   40  00  00  00  00  00  00  DE       8.5146
     0100      8   40  00  00  00  00  00  00  DE       8.5174
     0100      8   40  00  00  00  00  00  00  DE       8.5202
     0100      8   40  00  00  00  00  00  00  DE       8.5230
     0100      8   40  00  00  00  00  00  00  DE       8.5258
     0100      8   40  00  00  00  00  00  00  DE       8.5286
     0100      8   40  00  00  00  00  00  00  DE       8.5314
     0100      8   40  00  00  00  00  00  00  DE       8.5342
     0100      8   40  00  00  00  00  00  00  DE       8.5370
     0100      8   40  00  00  00  00  00  00  DE       8.5398
     0100      8   40  00  00  00  00  00  00  DE       8.5426
     0100      8   40  00  00  00  00  00  00  DE       8.5454
     0100      8   40  00  00  00  00  00  00  DE       8.5483
     0100      8   40  00  00  00  00  00  00  DE       8.5511
     0100      8   40  00  00  00  00  00  00  DE       8.5539
     0100      8   40  00  00  00  00  00  00  DE       8.5567
     0100      8   40  00  00  00  00  00  00  DE       8.5595
     0100      8   40  00  00  00  00  00  00  DE       8.5623
     0100      8   40  00  00  00  00  00  00  DE       8.5651
     0100      8   40  00  00  00  00  00  00  DE       8.5679
     0100      8   40  00  00  00  00  00  00  DE       8.5707
     0100      8   40  00  00  00  00  00  00  DE       8.5735
     0100      8   40  00  00  00  00  00  00  DE       8.5763
     0100      8   40  00  00  00  00  00  00  DE       8.5791
     0100      8   40  00  00  00  00  00  00  DE       8.5819
     0100      8   40  00  00  00  00  00  00  DE       8.5847
     0100      8   40  00  00  00  00  00  00  DE       8.5875
     0100      8   40  00  00  00  00  00  00  DE       8.5903
     0100      8   40  00  00  00  00  00  00  DE       8.5931
     0100      8   40  00  00  00  00  00  00  DE       8.5959
     0100      8   40  00  00  00  00  00  00  DE       8.5987
     0100      8   40  00  00  00  00  00  00  DE       8.6015
     0100      8   40  00  00  00  00  00  00  DE       8.6043
     0100      8   40  00  00  00  00  00  00  DE       8.6071
     0100      8   40  00  00  00  00  00  00  DE       8.6099
     0100      8   40  00  00  00  00  00  00  DE       8.6128
     0100      8   40  00  00  00  00  00  00  DE       8.6156
     0100      8   40  00  00  00  00  00  00  DE       8.6184
     0100      8   40  00  00  00  00  00  00  DE       8.6212
     0100      8   40  00  00  00  00  00  00  DE       8.6240
     0100      8   40  00  00  00  00  00  00  DE       8.6268
     0100      8   40  00  00  00  00  00  00  DE       8.6296
     0100      8   40  00  00  00  00  00  00  DE       8.6324
     0100      8   40  00  00  00  00  00  00  DE       8.6352
     0100      8   40  00  00  00  00  00  00  DE       8.6380
     0100      8   40  00  00  00  00  00  00  DE       8.6408
     0100      8   40  00  00  00  00  00  00  DE       8.6436
     0100      8   40  00  00  00  00  00  00  DE       8.6464
     0100      8   40  00  00  00  00  00  00  DE       8.6492
     0100      8   40  00  00  00  00  00  00  DE       8.6520
     0100      8   40  00  00  00  00  00  00  DE       8.6548
     0100      8   40  00  00  00  00  00  00  DE       8.6576
     0100      8   40  00  00  00  00  00  00  DE       8.6604
     0100      8   40  00  00  00  00  00  00  DE       8.6632
     0100      8   40  00  00  00  00  00  00  DE       8.6660
     0100      8   40  00  00  00  00  00  00  DE       8.6688
     0100      8   40  00  00  00  00  00  00  DE       8.6716
     0100      8   40  00  00  00  00  00  00  DE       8.6744
     0100      8   40  00  00  00  00  00  00  DE       8.6773
     0100      8   40  00  00  00  00  00  00  DE       8.6801
     0100      8   40  00  00  00  00  00  00  DE       8.6829
     0100      8   40  00  00  00  00  00  00  DE       8.6857
     0100      8   40  00  00  00  00  00  00  DE       8.6885
     0100      8   40  00  00  00  00  00  00  DE       8.6913
     0100      8   40  00  00  00  00  00  00  DE       8.6941
     0100      8   40  00  00  00  00  00  00  DE       8.6969
     0100      8   40  00  00  00  00  00  00  DE       8.6997
     0100      8   40  00  00  00  00  00  00  DE       8.7025
     0100      8   40  00  00  00  00  00  00  DE       8.7053
     0100      8   40  00  00  00  00  00  00  DE       8.7081
     0100      8   40  00  00  00  00  00  00  DE       8.7109
     0100      8   40  00  00  00  00  00  00  DE       8.7137
     0100      8   40  00  00  00  00  00  00  DE       8.7165
     0100      8   40  00  00  00  00  00  00  DE       8.7193
     0100      8   40  00  00  00  00  00  00  DE       8.7221
     0100      8   40  00  00  00  00  00  00  DE       8.7249
     0100      8   40  00  00  00  00  00  00  DE       8.7277
     0100      8   40  00  00  00  00  00  00  DE       8.7305
     0100      8   40  00  00  00  00  00  00  DE       8.7333
     0100      8   40  00  00  00  00  00  00  DE       8.7361
     0100      8   40  00  00  00  00  00  00  DE       8.7389
     0100      8   40  00  00  00  00  00  00  DE       8.7418
     0100      8   40  00  00  00  00  00  00  DE       8.7446
     0100      8   40  00  00  00  00  00  00  DE       8.7474
     0100      8   40  00  00  00  00  00  00  DE       8.7502
     0100      8   40  00  00  00  00  00  00  DE       8.7530
     0100      8   40  00  00  00  00  00  00  DE       8.7558
     0100      8   40  00  00  00  00  00  00  DE       8.7586
     0100      8   40  00  00  00  00  00  00  DE       8.7614
     0100      8   40  00  00  00  00  00  00  DE       8.7642
     0100      8   40  00  00  00  00  00  00  DE       8.7670
     0100      8   40  00  00  00  00  00  00  DE       8.7698
     0100      8   40  00  00  00  00  00  00  DE       8.7726
     0100      8   40  00  00  00  00  00  00  DE       8.7754
     0100      8   40  00  00  00  00  00  00  DE       8.7782
     0100      8   40  00  00  00  00  00  00  DE       8.7810
     0100      8   40  00  00  00  00  00  00  DE       8.7838
     0100      8   40  00  00  00  00  00  00  DE       8.7866
     0100      8   40  00  00  00  00  00  00  DE       8.7894
     0100      8   40  00  00  00  00  00  00  DE       8.7922
     0100      8   40  00  00  00  00  00  00  DE       8.7950
     0100      8   40  00  00  00  00  00  00  DE       8.7978
     0100      8   40  00  00  00  00  00  00  DE       8.8006
     0100      8   40  00  00  00  00  00  00  DE       8.8034
     0100      8   40  00  00  00  00  00  00  DE       8.8063
     0100      8   40  00  00  00  00  00  00  DE       8.8091
     0100      8   40  00  00  00  00  00  00  DE       8.8119
     0100      8   40  00  00  00  00  00  00  DE       8.8147
     0100      8   40  00  00  00  00  00  00  DE       8.8175
     0100      8   40  00  00  00  00  00  00  DE       8.8203
     0100      8   40  00  00  00  00  00  00  DE       8.8231
     0100      8   40  00  00  00  00  00  00  DE       8.8259
     0100      8   40  00  00  00  00  00  00  DE       8.8287
     0100      8   40  00  00  00  00  00  00  DE       8.8315
     0100      8   40  00  00  00  00  00  00  DE       8.8343
     0100      8   40  00  00  00  00  00  00  DE       8.8371
     0100      8   40  00  00  00  00  00  00  DE       8.8399
     0100      8   40  00  00  00  00  00  00  DE       8.8427
     0100      8   40  00  00  00  00  00  00  DE       8.8455
     0100      8   40  00  00  00  00  00  00  DE       8.8483
     0100      8   40  00  00  00  00  00  00  DE       8.8511
     0100      8   40  00  00  00  00  00  00  DE       8.8539
     0100      8   40  00  00  00  00  00  00  DE       8.8567
     0100      8   40  00  00  00  00  00  00  DE       8.8595
     0100      8   40  00  00  00  00  00  00  DE       8.8623
     0100      8   40  00  00  00  00  00  00  DE       8.8651
     0100      8   40  00  00  00  00  00  00  DE       8.8680
     0100      8   40  00  00  00  00  00  00  DE       8.8708
     0100      8   40  00  00  00  00  00  00  DE       8.8736
     0100      8   40  00  00  00  00  00  00  DE       8.8764
     0100      8   40  00  00  00  00  00  00  DE       8.8792
     0100      8   40  00  00  00  00  00  00  DE       8.8820
     0100      8   40  00  00  00  00  00  00  DE       8.8848
     0100      8   40  00  00  00  00  00  00  DE       8.8876
     0100      8   40  00  00  00  00  00  00  DE       8.8904
     0100      8   40  00  00  00  00  00  00  DE       8.8932
     0100      8   40  00  00  00  00  00  00  DE       8.8960
     0100      8   40  00  00  00  00  00  00  DE       8.8988
     0100      8   40  00  00  00  00  00  00  DE       8.9016
     0100      8   40  00  00  00  00  00  00  DE       8.9044
     0100      8   40  00  00  00  00  00  00  DE       8.9072
     0100      8   40  00  00  00  00  00  00  DE       8.9100
     0100      8   40  00  00  00  00  00  00  DE       8.9128
     0100      8   40  00  00  00  00  00  00  DE       8.9156
     0100      8   40  00  00  00  00  00  00  DE       8.9184
     0100      8   40  00  00  00  00  00  00  DE       8.9212
     0100      8   40  00  00  00  00  00  00  DE       8.9240
     0100      8   40  00  00  00  00  00  00  DE       8.9268
     0100      8   40  00  00  00  00  00  00  DE       8.9296
     0100      8   40  00  00  00  00  00  00  DE       8.9325
     0100      8   40  00  00  00  00  00  00  DE       8.9353
     0100      8   40  00  00  00  00  00  00  DE       8.9381
     0100      8   40  00  00  00  00  00  00  DE       8.9409
     0100      8   40  00  00  00  00  00  00  DE       8.9437
     0100      8   40  00  00  00  00  00  00  DE       8.9465
     0100      8   40  00  00  00  00  00  00  DE       8.9493
     0100      8   40  00  00  00  00  00  00  DE       8.9521
     0100      8   40  00  00  00  00  00  00  DE       8.9549
     0100      8   40  00  00  00  00  00  00  DE       8.9577
     0100      8   40  00  00  00  00  00  00  DE       8.9605
     0100      8   40  00  00  00  00  00  00  DE       8.9633
     0100      8   40  00  00  00  00  00  00  DE       8.9661
     0100      8   40  00  00  00  00  00  00  DE       8.9689
     0100      8   40  00  00  00  00  00  00  DE       8.9717
     0100      8   40  00  00  00  00  00  00  DE       8.9745
     0100      8   40  00  00  00  00  00  00  DE       8.9773
     0100      8   40  00  00  00  00  00  00  DE       8.9801
     0100      8   40  00  00  00  00  00  00  DE       8.9829
     0100      8   40  00  00  00  00  00  00  DE       8.9857
     0100      8   40  00  00  00  00  00  00  DE       8.9885
     0100      8   40  00  00  00  00  00  00  DE       8.9913
     0100      8   40  00  00  00  00  00  00  DE       8.9942
     0100      8   40  00  00  00  00  00  00  DE       8.9970
     0100      8   40  00  00  00  00  00  00  DE       8.9998
     0100      8   40  00  00  00  00  00  00  DE       9.0026
     0100      8   40  00  00  00  00  00  00  DE       9.0054
     0100      8   40  00  00  00  00  00  00  DE       9.0082
     0100      8   40  00  00  00  00  00  00  DE       9.0110
     0100      8   40  00  00  00  00  00  00  DE       9.0138
     0100      8   40  00  00  00  00  00  00  DE       9.0166
     0100      8   40  00  00  00  00  00  00  DE       9.0194
     0100      8   40  00  00  00  00  00  00  DE       9.0222
     0100      8   40  00  00  00  00  00  00  DE       9.0250
     0100      8   40  00  00  00  00  00  00  DE       9.0278
     0100      8   40  00  00  00  00  00  00  DE       9.0306
     0100      8   40  00  00  00  00  00  00  DE       9.0334
     0100      8   40  00  00  00  00  00  00  DE       9.0362
     0100      8   40  00  00  00  00  00  00  DE       9.0390
     0100      8   40  00  00  00  00  00  00  DE       9.0418
     0100      8   40  00  00  00  00  00  00  DE       9.0446
     0100      8   40  00  00  00  00  00  00  DE       9.0474
     0100      8   40  00  00  00  00  00  00  DE       9.0502
     0100      8   40  00  00  00  00  00  00  DE       9.0530
     0100      8   40  00  00  00  00  00  00  DE       9.0558
     0100      8   40  00  00  00  00  00  00  DE       9.0587
     0100      8   40  00  00  00  00  00  00  DE       9.0615
     0100      8   40  00  00  00  00  00  00  DE       9.0643
     0100      8   40  00  00  00  00  00  00  DE       9.0671
     0100      8   40  00  00  00  00  00  00  DE       9.0699
     0100      8   40  00  00  00  00  00  00  DE       9.0727
     0100      8   40  00  00  00  00  00  00  DE       9.0755
     0100      8   40  00  00  00  00  00  00  DE       9.0783
     0100      8   40  00  00  00  00  00  00  DE       9.0811
     0100      8   40  00  00  00  00  00  00  DE       9.0839
     0100      8   40  00  00  00  00  00  00  DE       9.0867
     0100      8   40  00  00  00  00  00  00  DE       9.0895
     0100      8   40  00  00  00  00  00  00  DE       9.0923
     0100      8   40  00  00  00  00  00  00  DE       9.0951
     0100      8   40  00  00  00  00  00  00  DE       9.0979
     0100      8   40  00  00  00  00  00  00  DE       9.1007
     0100      8   40  00  00  00  00  00  00  DE       9.1035
     0100      8   40  00  00  00  00  00  00  DE       9.1063
     0100      8   40  00  00  00  00  00  00  DE       9.1091
     0100      8   40  00  00  00  00  00  00  DE       9.1119
     0100      8   40  00  00  00  00  00  00  DE       9.1147
     0100      8   40  00  00  00  00  00  00  DE       9.1176
     0100      8   40  00  00  00  00  00  00  DE       9.1203
     0100      8   40  00  00  00  00  00  00  DE       9.1232
     0100      8   40  00  00  00  00  00  00  DE       9.1260
     0100      8   40  00  00  00  00  00  00  DE       9.1288
     0100      8   40  00  00  00  00  00  00  DE       9.1316
     0100      8   40  00  00  00  00  00  00  DE       9.1344
     0100      8   40  00  00  00  00  00  00  DE       9.1372
     0100      8   40  00  00  00  00  00  00  DE       9.1400
     0100      8   40  00  00  00  00  00  00  DE       9.1428
     0100      8   40  00  00  00  00  00  00  DE       9.1456
     0100      8   40  00  00  00  00  00  00  DE       9.1484
     0100      8   40  00  00  00  00  00  00  DE       9.1512
     0100      8   40  00  00  00  00  00  00  DE       9.1540
     0100      8   40  00  00  00  00  00  00  DE       9.1568
     0100      8   40  00  00  00  00  00  00  DE       9.1596
     0100      8   40  00  00  00  00  00  00  DE       9.1624
     0100      8   40  00  00  00  00  00  00  DE       9.1652
     0100      8   40  00  00  00  00  00  00  DE       9.1680
     0100      8   40  00  00  00  00  00  00  DE       9.1708
     0100      8   40  00  00  00  00  00  00  DE       9.1736
     0100      8   40  00  00  00  00  00  00  DE       9.1764
     0100      8   40  00  00  00  00  00  00  DE       9.1792
     0100      8   40  00  00  00  00  00  00  DE       9.1821
     0100      8   40  00  00  00  00  00  00  DE       9.1848
     0100      8   40  00  00  00  00  00  00  DE       9.1877
     0100      8   40  00  00  00  00  00  00  DE       9.1905
     0100      8   40  00  00  00  00  00  00  DE       9.1933
     0100      8   40  00  00  00  00  00  00  DE       9.1961
     0100      8   40  00  00  00  00  00  00  DE       9.1989
     0100      8   40  00  00  00  00  00  00  DE       9.2017
     0100      8   40  00  00  00  00  00  00  DE       9.2045
     0100      8   40  00  00  00  00  00  00  DE       9.2073
     0100      8   40  00  00  00  00  00  00  DE       9.2101
     0100      8   40  00  00  00  00  00  00  DE       9.2129
     0100      8   40  00  00  00  00  00  00  DE       9.2157
     0100      8   40  00  00  00  00  00  00  DE       9.2185
     0100      8   40  00  00  00  00  00  00  DE       9.2213
     0100      8   40  00  00  00  00  00  00  DE       9.2241
     0100      8   40  00  00  00  00  00  00  DE       9.2269
     0100      8   40  00  00  00  00  00  00  DE       9.2297
     0100      8   40  00  00  00  00  00  00  DE       9.2325
     0100      8   40  00  00  00  00  00  00  DE       9.2353
     0100      8   40  00  00  00  00  00  00  DE       9.2381
     0100      8   40  00  00  00  00  00  00  DE       9.2409
     0100      8   40  00  00  00  00  00  00  DE       9.2437
     0100      8   40  00  00  00  00  00  00  DE       9.2466
     0100      8   40  00  00  00  00  00  00  DE       9.2494
     0100      8   40  00  00  00  00  00  00  DE       9.2522
     0100      8   40  00  00  00  00  00  00  DE       9.2550
     0100      8   40  00  00  00  00  00  00  DE       9.2578
     0100      8   40  00  00  00  00  00  00  DE       9.2606
     0100      8   40  00  00  00  00  00  00  DE       9.2634
     0100      8   40  00  00  00  00  00  00  DE       9.2662
     0100      8   40  00  00  00  00  00  00  DE       9.2690
     0100      8   40  00  00  00  00  00  00  DE       9.2718
     0100      8   40  00  00  00  00  00  00  DE       9.2746
     0100      8   40  00  00  00  00  00  00  DE       9.2774
     0100      8   40  00  00  00  00  00  00  DE       9.2802
     0100      8   40  00  00  00  00  00  00  DE       9.2830
     0100      8   40  00  00  00  00  00  00  DE       9.2858
     0100      8   40  00  00  00  00  00  00  DE       9.2886
     0100      8   40  00  00  00  00  00  00  DE       9.2914
     0100      8   40  00  00  00  00  00  00  DE       9.2942
     0100      8   40  00  00  00  00  00  00  DE       9.2970
     0100      8   40  00  00  00  00  00  00  DE       9.2998
     0100      8   40  00  00  00  00  00  00  DE       9.3026
     0100      8   40  00  00  00  00  00  00  DE       9.3054
     0100      8   40  00  00  00  00  00  00  DE       9.3082
     0100      8   40  00  00  00  00  00  00  DE       9.3111
     0100      8   40  00  00  00  00  00  00  DE       9.3139
     0100      8   40  00  00  00  00  00  00  DE       9.3167
     0100      8   40  00  00  00  00  00  00  DE       9.3195
     0100      8   40  00  00  00  00  00  00  DE       9.3223
     0100      8   40  00  00  00  00  00  00  DE       9.3251
     0100      8   40  00  00  00  00  00  00  DE       9.3279
     0100      8   40  00  00  00  00  00  00  DE       9.3307
     0100      8   40  00  00  00  00  00  00  DE       9.3335
     0100      8   40  00  00  00  00  00  00  DE       9.3363
     0100      8   40  00  00  00  00  00  00  DE       9.3391
     0100      8   40  00  00  00  00  00  00  DE       9.3419
     0100      8   40  00  00  00  00  00  00  DE       9.3447
     0100      8   40  00  00  00  00  00  00  DE       9.3475
     0100      8   40  00  00  00  00  00  00  DE       9.3503
     0100      8   40  00  00  00  00  00  00  DE       9.3531
     0100      8   40  00  00  00  00  00  00  DE       9.3559
     0100      8   40  00  00  00  00  00  00  DE       9.3587
     0100      8   40  00  00  00  00  00  00  DE       9.3615
     0100      8   40  00  00  00  00  00  00  DE       9.3643
     0100      8   40  00  00  00  00  00  00  DE       9.3671
     0100      8   40  00  00  00  00  00  00  DE       9.3699
     0100      8   40  00  00  00  00  00  00  DE       9.3727
     0100      8   40  00  00  00  00  00  00  DE       9.3756
     0100      8   40  00  00  00  00  00  00  DE       9.3784
     0100      8   40  00  00  00  00  00  00  DE       9.3812
     0100      8   40  00  00  00  00  00  00  DE       9.3840
     0100      8   40  00  00  00  00  00  00  DE       9.3868
     0100      8   40  00  00  00  00  00  00  DE       9.3896
     0100      8   40  00  00  00  00  00  00  DE       9.3924
     0100      8   40  00  00  00  00  00  00  DE       9.3952
     0100      8   40  00  00  00  00  00  00  DE       9.3980
     0100      8   40  00  00  00  00  00  00  DE       9.4008
     0100      8   40  00  00  00  00  00  00  DE       9.4036
     0100      8   40  00  00  00  00  00  00  DE       9.4064
     0100      8   40  00  00  00  00  00  00  DE       9.4092
     0100      8   40  00  00  00  00  00  00  DE       9.4120
     0100      8   40  00  00  00  00  00  00  DE       9.4148
     0100      8   40  00  00  00  00  00  00  DE       9.4176
     0100      8   40  00  00  00  00  00  00  DE       9.4204
     0100      8   40  00  00  00  00  00  00  DE       9.4232
     0100      8   40  00  00  00  00  00  00  DE       9.4260
     0100      8   40  00  00  00  00  00  00  DE       9.4288
     0100      8   40  00  00  00  00  00  00  DE       9.4316
     0100      8   40  00  00  00  00  00  00  DE       9.4344
     0100      8   40  00  00  00  00  00  00  DE       9.4372
     0100      8   40  00  00  00  00  00  00  DE       9.4401
     0100      8   40  00  00  00  00  00  00  DE       9.4429
     0100      8   40  00  00  00  00  00  00  DE       9.4457
     0100      8   40  00  00  00  00  00  00  DE       9.4485
     0100      8   40  00  00  00  00  00  00  DE       9.4513
     0100      8   40  00  00  00  00  00  00  DE       9.4541
     0100      8   40  00  00  00  00  00  00  DE       9.4569
     0100      8   40  00  00  00  00  00  00  DE       9.4597
     0100      8   40  00  00  00  00  00  00  DE       9.4625
     0100      8   40  00  00  00  00  00  00  DE       9.4653
     0100      8   40  00  00  00  00  00  00  DE       9.4681
     0100      8   40  00  00  00  00  00  00  DE       9.4709
     0100      8   40  00  00  00  00  00  00  DE       9.4737
     0100      8   40  00  00  00  00  00  00  DE       9.4765
     0100      8   40  00  00  00  00  00  00  DE       9.4793
     0100      8   40  00  00  00  00  00  00  DE       9.4821
     0100      8   40  00  00  00  00  00  00  DE       9.4849
     0100      8   40  00  00  00  00  00  00  DE       9.4877
     0100      8   40  00  00  00  00  00  00  DE       9.4905
     0100      8   40  00  00  00  00  00  00  DE       9.4933
     0100      8   40  00  00  00  00  00  00  DE       9.4961
     0100      8   40  00  00  00  00  00  00  DE       9.4989
     0100      8   40  00  00  00  00  00  00  DE       9.5017
     0100      8   40  00  00  00  00  00  00  DE       9.5046
     0100      8   40  00  00  00  00  00  00  DE       9.5074
     0100      8   40  00  00  00  00  00  00  DE       9.5102
     0100      8   40  00  00  00  00  00  00  DE       9.5130
     0100      8   40  00  00  00  00  00  00  DE       9.5158
     0100      8   40  00  00  00  00  00  00  DE       9.5186
     0100      8   40  00  00  00  00  00  00  DE       9.5214
     0100      8   40  00  00  00  00  00  00  DE       9.5242
     0100      8   40  00  00  00  00  00  00  DE       9.5270
     0100      8   40  00  00  00  00  00  00  DE       9.5298
     0100      8   40  00  00  00  00  00  00  DE       9.5326
     0100      8   40  00  00  00  00  00  00  DE       9.5354
     0100      8   40  00  00  00  00  00  00  DE       9.5382
     0100      8   40  00  00  00  00  00  00  DE       9.5410
     0100      8   40  00  00  00  00  00  00  DE       9.5438
     0100      8   40  00  00  00  00  00  00  DE       9.5466
     0100      8   40  00  00  00  00  00  00  DE       9.5494
     0100      8   40  00  00  00  00  00  00  DE       9.5522
     0100      8   40  00  00  00  00  00  00  DE       9.5550
     0100      8   40  00  00  00  00  00  00  DE       9.5578
     0100      8   40  00  00  00  00  00  00  DE       9.5606
     0100      8   40  00  00  00  00  00  00  DE       9.5634
     0100      8   40  00  00  00  00  00  00  DE       9.5663
     0100      8   40  00  00  00  00  00  00  DE       9.5691
     0100      8   40  00  00  00  00  00  00  DE       9.5719
     0100      8   40  00  00  00  00  00  00  DE       9.5747
     0100      8   40  00  00  00  00  00  00  DE       9.5775
     0100      8   40  00  00  00  00  00  00  DE       9.5803
     0100      8   40  00  00  00  00  00  00  DE       9.5831
     0100      8   40  00  00  00  00  00  00  DE       9.5859
     0100      8   40  00  00  00  00  00  00  DE       9.5887
     0100      8   40  00  00  00  00  00  00  DE       9.5915
     0100      8   40  00  00  00  00  00  00  DE       9.5943
     0100      8   40  00  00  00  00  00  00  DE       9.5971
     0100      8   40  00  00  00  00  00  00  DE       9.5999
     0100      8   40  00  00  00  00  00  00  DE       9.6027
     0100      8   40  00  00  00  00  00  00  DE       9.6055
     0100      8   40  00  00  00  00  00  00  DE       9.6083
     0100      8   40  00  00  00  00  00  00  DE       9.6111
     0100      8   40  00  00  00  00  00  00  DE       9.6139
     0100      8   40  00  00  00  00  00  00  DE       9.6167
     0100      8   40  00  00  00  00  00  00  DE       9.6195
     0100      8   40  00  00  00  00  00  00  DE       9.6223
     0100      8   40  00  00  00  00  00  00  DE       9.6251
     0100      8   40  00  00  00  00  00  00  DE       9.6279
     0100      8   40  00  00  00  00  00  00  DE       9.6308
     0100      8   40  00  00  00  00  00  00  DE       9.6336
     0100      8   40  00  00  00  00  00  00  DE       9.6364
     0100      8   40  00  00  00  00  00  00  DE       9.6392
     0100      8   40  00  00  00  00  00  00  DE       9.6420
     0100      8   40  00  00  00  00  00  00  DE       9.6448
     0100      8   40  00  00  00  00  00  00  DE       9.6476
     0100      8   40  00  00  00  00  00  00  DE       9.6504
     0100      8   40  00  00  00  00  00  00  DE       9.6532
     0100      8   40  00  00  00  00  00  00  DE       9.6560
     0100      8   40  00  00  00  00  00  00  DE       9.6588
     0100      8   40  00  00  00  00  00  00  DE       9.6616
     0100      8   40  00  00  00  00  00  00  DE       9.6644
     0100      8   40  00  00  00  00  00  00  DE       9.6672
     0100      8   40  00  00  00  00  00  00  DE       9.6700
     0100      8   40  00  00  00  00  00  00  DE       9.6728
     0100      8   40  00  00  00  00  00  00  DE       9.6756
     0100      8   40  00  00  00  00  00  00  DE       9.6784
     0100      8   40  00  00  00  00  00  00  DE       9.6812
     0100      8   40  00  00  00  00  00  00  DE       9.6840
     0100      8   40  00  00  00  00  00  00  DE       9.6868
     0100      8   40  00  00  00  00  00  00  DE       9.6896
     0100      8   40  00  00  00  00  00  00  DE       9.6924
     0100      8   40  00  00  00  00  00  00  DE       9.6953
     0100      8   40  00  00  00  00  00  00  DE       9.6981
     0100      8   40  00  00  00  00  00  00  DE       9.7009
     0100      8   40  00  00  00  00  00  00  DE       9.7037
     0100      8   40  00  00  00  00  00  00  DE       9.7065
     0100      8   40  00  00  00  00  00  00  DE       9.7093
     0100      8   40  00  00  00  00  00  00  DE       9.7121
     0100      8   40  00  00  00  00  00  00  DE       9.7149
     0100      8   40  00  00  00  00  00  00  DE       9.7177
     0100      8   40  00  00  00  00  00  00  DE       9.7205
     0100      8   40  00  00  00  00  00  00  DE       9.7233
     0100      8   40  00  00  00  00  00  00  DE       9.7261
     0100      8   40  00  00  00  00  00  00  DE       9.7289
     0100      8   40  00  00  00  00  00  00  DE       9.7317
     0100      8   40  00  00  00  00  00  00  DE       9.7345
     0100      8   40  00  00  00  00  00  00  DE       9.7373
     0100      8   40  00  00  00  00  00  00  DE       9.7401
     0100      8   40  00  00  00  00  00  00  DE       9.7429
     0100      8   40  00  00  00  00  00  00  DE       9.7457
     0100      8   40  00  00  00  00  00  00  DE       9.7485
     0100      8   40  00  00  00  00  00  00  DE       9.7513
     0100      8   40  00  00  00  00  00  00  DE       9.7541
     0100      8   40  00  00  00  00  00  00  DE       9.7570
     0100      8   40  00  00  00  00  00  00  DE       9.7598
     0100      8   40  00  00  00  00  00  00  DE       9.7626
     0100      8   40  00  00  00  00  00  00  DE       9.7654
     0100      8   40  00  00  00  00  00  00  DE       9.7682
     0100      8   40  00  00  00  00  00  00  DE       9.7710
     0100      8   40  00  00  00  00  00  00  DE       9.7738
     0100      8   40  00  00  00  00  00  00  DE       9.7766
     0100      8   40  00  00  00  00  00  00  DE       9.7794
     0100      8   40  00  00  00  00  00  00  DE       9.7822
     0100      8   40  00  00  00  00  00  00  DE       9.7850
     0100      8   40  00  00  00  00  00  00  DE       9.7878
     0100      8   40  00  00  00  00  00  00  DE       9.7906
     0100      8   40  00  00  00  00  00  00  DE       9.7934
     0100      8   40  00  00  00  00  00  00  DE       9.7962
     0100      8   40  00  00  00  00  00  00  DE       9.7990
     0100      8   40  00  00  00  00  00  00  DE       9.8018
     0100      8   40  00  00  00  00  00  00  DE       9.8046
     0100      8   40  00  00  00  00  00  00  DE       9.8074
     0100      8   40  00  00  00  00  00  00  DE       9.8102
     0100      8   40  00  00  00  00  00  00  DE       9.8130
     0100      8   40  00  00  00  00  00  00  DE       9.8158
     0100      8   40  00  00  00  00  00  00  DE       9.8186
     0100      8   40  00  00  00  00  00  00  DE       9.8215
     0100      8   40  00  00  00  00  00  00  DE       9.8243
     0100      8   40  00  00  00  00  00  00  DE       9.8271
     0100      8   40  00  00  00  00  00  00  DE       9.8299
     0100      8   40  00  00  00  00  00  00  DE       9.8327
     0100      8   40  00  00  00  00  00  00  DE       9.8355
     0100      8   40  00  00  00  00  00  00  DE       9.8383
     0100      8   40  00  00  00  00  00  00  DE       9.8411
     0100      8   40  00  00  00  00  00  00  DE       9.8439
     0100      8   40  00  00  00  00  00  00  DE       9.8467
     0100      8   40  00  00  00  00  00  00  DE       9.8495
     0100      8   40  00  00  00  00  00  00  DE       9.8523
     0100      8   40  00  00  00  00  00  00  DE       9.8551
     0100      8   40  00  00  00  00  00  00  DE       9.8579
     0100      8   40  00  00  00  00  00  00  DE       9.8607
     0100      8   40  00  00  00  00  00  00  DE       9.8635
     0100      8   40  00  00  00  00  00  00  DE       9.8663
     0100      8   40  00  00  00  00  00  00  DE       9.8691
     0100      8   40  00  00  00  00  00  00  DE       9.8719
     0100      8   40  00  00  00  00  00  00  DE       9.8747
     0100      8   40  00  00  00  00  00  00  DE       9.8775
     0100      8   40  00  00  00  00  00  00  DE       9.8803
     0100      8   40  00  00  00  00  00  00  DE       9.8831
     0100      8   40  00  00  00  00  00  00  DE       9.8860
     0100      8   40  00  00  00  00  00  00  DE       9.8888
     0100      8   40  00  00  00  00  00  00  DE       9.8916
     0100      8   40  00  00  00  00  00  00  DE       9.8944
     0100      8   40  00  00  00  00  00  00  DE       9.8972
     0100      8   40  00  00  00  00  00  00  DE       9.9000
     0100      8   40  00  00  00  00  00  00  DE       9.9028
     0100      8   40  00  00  00  00  00  00  DE       9.9056
     0100      8   40  00  00  00  00  00  00  DE       9.9084
     0100      8   40  00  00  00  00  00  00  DE       9.9112
     0100      8   40  00  00  00  00  00  00  DE       9.9140
     0100      8   40  00  00  00  00  00  00  DE       9.9168
     0100      8   40  00  00  00  00  00  00  DE       9.9196
     0100      8   40  00  00  00  00  00  00  DE       9.9224
     0100      8   40  00  00  00  00  00  00  DE       9.9252
     0100      8   40  00  00  00  00  00  00  DE       9.9280
     0100      8   40  00  00  00  00  00  00  DE       9.9308
     0100      8   40  00  00  00  00  00  00  DE       9.9336
     0100      8   40  00  00  00  00  00  00  DE       9.9364
     0100      8   40  00  00  00  00  00  00  DE       9.9392
     0100      8   40  00  00  00  00  00  00  DE       9.9420
     0100      8   40  00  00  00  00  00  00  DE       9.9448
     0100      8   40  00  00  00  00  00  00  DE       9.9477
     0100      8   40  00  00  00  00  00  00  DE       9.9505
     0100      8   40  00  00  00  00  00  00  DE       9.9533
     0100      8   40  00  00  00  00  00  00  DE       9.9561
     0100      8   40  00  00  00  00  00  00  DE       9.9589
     0100      8   40  00  00  00  00  00  00  DE       9.9617
     0100      8   40  00  00  00  00  00  00  DE       9.9645
     0100      8   40  00  00  00  00  00  00  DE       9.9673
     0100      8   40  00  00  00  00  00  00  DE       9.9701
     0100      8   40  00  00  00  00  00  00  DE       9.9729
     0100      8   40  00  00  00  00  00  00  DE       9.9757
     0100      8   40  00  00  00  00  00  00  DE       9.9785
     0100      8   40  00  00  00  00  00  00  DE       9.9813
     0100      8   40  00  00  00  00  00  00  DE       9.9841
     0100      8   40  00  00  00  00  00  00  DE       9.9869
     0100      8   40  00  00  00  00  00  00  DE       9.9897
     0100      8   40  00  00  00  00  00  00  DE       9.9925
     0100      8   40  00  00  00  00  00  00  DE       9.9953
     0100      8   40  00  00  00  00  00  00  DE       9.9981
     0100      8   40  00  00  00  00  00  00  DE      10.0009
     0100      8   40  00  00  00  00  00  00  DE      10.0037
     0100      8   40  00  00  00  00  00  00  DE      10.0065
     0100      8   40  00  00  00  00  00  00  DE      10.0093
     0100      8   40  00  00  00  00  00  00  DE      10.0122
     0100      8   40  00  00  00  00  00  00  DE      10.0150
     0100      8   40  00  00  00  00  00  00  DE      10.0178
     0100      8   40  00  00  00  00  00  00  DE      10.0206
     0100      8   40  00  00  00  00  00  00  DE      10.0234
     0100      8   40  00  00  00  00  00  00  DE      10.0262
     0100      8   40  00  00  00  00  00  00  DE      10.0290
     0100      8   40  00  00  00  00  00  00  DE      10.0318
     0100      8   40  00  00  00  00  00  00  DE      10.0346
     0100      8   40  00  00  00  00  00  00  DE      10.0374
     0100      8   40  00  00  00  00  00  00  DE      10.0402
     0100      8   40  00  00  00  00  00  00  DE      10.0430
     0100      8   40  00  00  00  00  00  00  DE      10.0458
     0100      8   40  00  00  00  00  00  00  DE      10.0486
     0100      8   40  00  00  00  00  00  00  DE      10.0514
     0100      8   40  00  00  00  00  00  00  DE      10.0542
     0100      8   40  00  00  00  00  00  00  DE      10.0570
     0100      8   40  00  00  00  00  00  00  DE      10.0598
     0100      8   40  00  00  00  00  00  00  DE      10.0626
     0100      8   40  00  00  00  00  00  00  DE      10.0654
     0100      8   40  00  00  00  00  00  00  DE      10.0682
     0100      8   40  00  00  00  00  00  00  DE      10.0710
     0100      8   40  00  00  00  00  00  00  DE      10.0738
     0100      8   40  00  00  00  00  00  00  DE      10.0767
     0100      8   40  00  00  00  00  00  00  DE      10.0795
     0100      8   40  00  00  00  00  00  00  DE      10.0823
     0100      8   40  00  00  00  00  00  00  DE      10.0851
     0100      8   40  00  00  00  00  00  00  DE      10.0879
     0100      8   40  00  00  00  00  00  00  DE      10.0907
     0100      8   40  00  00  00  00  00  00  DE      10.0935
     0100      8   40  00  00  00  00  00  00  DE      10.0963
     0100      8   40  00  00  00  00  00  00  DE      10.0991
     0100      8   40  00  00  00  00  00  00  DE      10.1019
     0100      8   40  00  00  00  00  00  00  DE      10.1047
     0100      8   40  00  00  00  00  00  00  DE      10.1075
     0100      8   40  00  00  00  00  00  00  DE      10.1103
     0100      8   40  00  00  00  00  00  00  DE      10.1131
     0100      8   40  00  00  00  00  00  00  DE      10.1159
     0100      8   40  00  00  00  00  00  00  DE      10.1187
     0100      8   40  00  00  00  00  00  00  DE      10.1215
     0100      8   40  00  00  00  00  00  00  DE      10.1243
     0100      8   40  00  00  00  00  00  00  DE      10.1271
     0100      8   40  00  00  00  00  00  00  DE      10.1299
     0100      8   40  00  00  00  00  00  00  DE      10.1327
     0100      8   40  00  00  00  00  00  00  DE      10.1355
     0100      8   40  00  00  00  00  00  00  DE      10.1384
     0100      8   40  00  00  00  00  00  00  DE      10.1412
     0100      8   40  00  00  00  00  00  00  DE      10.1440
     0100      8   40  00  00  00  00  00  00  DE      10.1468
     0100      8   40  00  00  00  00  00  00  DE      10.1496
     0100      8   40  00  00  00  00  00  00  DE      10.1524
     0100      8   40  00  00  00  00  00  00  DE      10.1552
     0100      8   40  00  00  00  00  00  00  DE      10.1580
     0100      8   40  00  00  00  00  00  00  DE      10.1608
     0100      8   40  00  00  00  00  00  00  DE      10.1636
     0100      8   40  00  00  00  00  00  00  DE      10.1664
     0100      8   40  00  00  00  00  00  00  DE      10.1692
     0100      8   40  00  00  00  00  00  00  DE      10.1720
     0100      8   40  00  00  00  00  00  00  DE      10.1748
     0100      8   40  00  00  00  00  00  00  DE      10.1776
     0100      8   40  00  00  00  00  00  00  DE      10.1804
     0100      8   40  00  00  00  00  00  00  DE      10.1832
     0100      8   40  00  00  00  00  00  00  DE      10.1860
     0100      8   40  00  00  00  00  00  00  DE      10.1888
     0100      8   40  00  00  00  00  00  00  DE      10.1916
     0100      8   40  00  00  00  00  00  00  DE      10.1944
     0100      8   40  00  00  00  00  00  00  DE      10.1972
     0100      8   40  00  00  00  00  00  00  DE      10.2000
     0100      8   40  00  00  00  00  00  00  DE      10.2029
     0100      8   40  00  00  00  00  00  00  DE      10.2057
     0100      8   40  00  00  00  00  00  00  DE      10.2085
     0100      8   40  00  00  00  00  00  00  DE      10.2113
     0100      8   40  00  00  00  00  00  00  DE      10.2141
     0100      8   40  00  00  00  00  00  00  DE      10.2169
     0100      8   40  00  00  00  00  00  00  DE      10.2197
     0100      8   40  00  00  00  00  00  00  DE      10.2225
     0100      8   40  00  00  00  00  00  00  DE      10.2253
     0100      8   40  00  00  00  00  00  00  DE      10.2281
     0100      8   40  00  00  00  00  00  00  DE      10.2309
     0100      8   40  00  00  00  00  00  00  DE      10.2337
     0100      8   40  00  00  00  00  00  00  DE      10.2365
     0100      8   40  00  00  00  00  00  00  DE      10.2393
     0100      8   40  00  00  00  00  00  00  DE      10.2421
     0100      8   40  00  00  00  00  00  00  DE      10.2449
     0100      8   40  00  00  00  00  00  00  DE      10.2477
     0100      8   40  00  00  00  00  00  00  DE      10.2505
     0100      8   40  00  00  00  00  00  00  DE      10.2533
     0100      8   40  00  00  00  00  00  00  DE      10.2561
     0100      8   40  00  00  00  00  00  00  DE      10.2589
     0100      8   40  00  00  00  00  00  00  DE      10.2617
     0100      8   40  00  00  00  00  00  00  DE      10.2645
     0100      8   40  00  00  00  00  00  00  DE      10.2674
     0100      8   40  00  00  00  00  00  00  DE      10.2702
     0100      8   40  00  00  00  00  00  00  DE      10.2730
     0100      8   40  00  00  00  00  00  00  DE      10.2758
     0100      8   40  00  00  00  00  00  00  DE      10.2786
     0100      8   40  00  00  00  00  00  00  DE      10.2814
     0100      8   40  00  00  00  00  00  00  DE      10.2842
     0100      8   40  00  00  00  00  00  00  DE      10.2870
     0100      8   40  00  00  00  00  00  00  DE      10.2898
     0100      8   40  00  00  00  00  00  00  DE      10.2926
     0100      8   40  00  00  00  00  00  00  DE      10.2954
     0100      8   40  00  00  00  00  00  00  DE      10.2982
     0100      8   40  00  00  00  00  00  00  DE      10.3010
     0100      8   40  00  00  00  00  00  00  DE      10.3038
     0100      8   40  00  00  00  00  00  00  DE      10.3066
     0100      8   40  00  00  00  00  00  00  DE      10.3094
     0100      8   40  00  00  00  00  00  00  DE      10.3122
     0100      8   40  00  00  00  00  00  00  DE      10.3150
     0100      8   40  00  00  00  00  00  00  DE      10.3178
     0100      8   40  00  00  00  00  00  00  DE      10.3206
     0100      8   40  00  00  00  00  00  00  DE      10.3234
     0100      8   40  00  00  00  00  00  00  DE      10.3262
     0100      8   40  00  00  00  00  00  00  DE      10.3291
     0100      8   40  00  00  00  00  00  00  DE      10.3319
     0100      8   40  00  00  00  00  00  00  DE      10.3347
     0100      8   40  00  00  00  00  00  00  DE      10.3375
     0100      8   40  00  00  00  00  00  00  DE      10.3403
     0100      8   40  00  00  00  00  00  00  DE      10.3431
     0100      8   40  00  00  00  00  00  00  DE      10.3459
     0100      8   40  00  00  00  00  00  00  DE      10.3487
     0100      8   40  00  00  00  00  00  00  DE      10.3515
     0100      8   40  00  00  00  00  00  00  DE      10.3543
     0100      8   40  00  00  00  00  00  00  DE      10.3571
     0100      8   40  00  00  00  00  00  00  DE      10.3599
     0100      8   40  00  00  00  00  00  00  DE      10.3627
     0100      8   40  00  00  00  00  00  00  DE      10.3655
     0100      8   40  00  00  00  00  00  00  DE      10.3683
     0100      8   40  00  00  00  00  00  00  DE      10.3711
     0100      8   40  00  00  00  00  00  00  DE      10.3739
     0100      8   40  00  00  00  00  00  00  DE      10.3767
     0100      8   40  00  00  00  00  00  00  DE      10.3795
     0101      8   21  FF  7F  FF  00  00  00  51      10.3823
     0100      8   40  00  00  00  00  00  00  DE      10.3826
     0102      8   40  00  00  00  00  00  00  DE      10.3828
     0100      8   60  00  00  09  10  00  00  A8      10.3855
     0100      8   60  00  00  09  10  00  00  A8      10.3879
     0100      8   60  00  00  09  10  00  00  A8      10.3907
     0101      8   41  FF  7F  FF  00  00  00  E0      10.3923
     0102      8   60  00  00  09  10  00  00  A8      10.3926
     0100      8   60  00  00  09  10  00  00  A8      10.3936
     0100      8   80  00  00  09  10  00  00  B8      10.3965
     0100      8   80  00  00  09  10  00  00  B8      10.3992
     0100      8   80  00  00  09  10  00  00  B8      10.4020
     0101      8   60  01  7F  FF  00  00  00  9D      10.4024
     0102      8   80  00  00  09  10  00  00  B8      10.4026
     0100      8   80  00  00  09  10  00  00  B8      10.4048
     0100      8   A0  00  00  09  10  00  00  D7      10.4078
     0100      8   A0  00  00  09  10  00  00  D7      10.4104
     0101      8   80  01  7F  FF  00  00  00  8D      10.4124
     0102      8   A0  00  00  09  10  00  00  D7      10.4126
     0100      8   A0  00  00  09  10  00  00  D7      10.4132
     0100      8   C0  00  00  09  10  00  00  66      10.4161
     0100      8   C0  00  00  09  10  00  00  66      10.4188
     0100      8   C0  00  00  09  10  00  00  66      10.4216
     0101      8   A0  01  7F  FF  00  00  00  E2      10.4224
     0102      8   C0  00  00  09  10  00  00  66      10.4226
     0100      8   C0  00  00  09  10  00  00  66      10.4244
     0100      8   E0  00  00  09  10  00  00  09      10.4274
     0100      8   E0  00  00  09  10  00  00  09      10.4300
     0101      8   C0  01  7F  FF  00  00  00  53      10.4324
     0102      8   E0  00  00  09  10  00  00  09      10.4326
     0100      8   E0  00  00  09  10  00  00  09      10.4329
     0100      8   00  00  00  09  10  00  00  19      10.4357
     0100      8   00  00  00  09  10  00  00  19      10.4384
     0100      8   00  00  00  09  10  00  00  19      10.4412
     0101      8   E0  01  7F  FF  00  00  00  3C      10.4424
     0102      8   00  00  00  09  10  00  00  19      10.4426
     0100      8   00  00  00  09  10  00  00  19      10.4440
     0100      8   20  00  00  09  10  00  00  76      10.4470
     0100      8   20  00  00  09  10  00  00  76      10.4496
     0101      8   00  01  7F  FF  00  00  00  2C      10.4524
     0100      8   20  00  00  09  10  00  00  76      10.4526
     0102      8   20  00  00  09  10  00  00  76      10.4529
     0100      8   40  00  00  09  10  00  00  C7      10.4556
     0100      8   40  00  00  09  10  00  00  C7      10.4581
     0100      8   40  00  00  09  10  00  00  C7      10.4609
     0101      8   20  01  7F  FF  00  00  00  43      10.4624
     0102      8   40  00  00  09  10  00  00  C7      10.4626
     0100      8   40  00  00  09  10  00  00  C7      10.4637
     0100      8   60  00  00  09  10  00  00  A8      10.4666
     0100      8   60  00  00  09  10  00  00  A8      10.4693
     0100      8   60  00  00  09  10  00  00  A8      10.4721
     0101      8   40  01  7F  FF  00  00  00  F2      10.4724
     0102      8   60  00  00  09  10  00  00  A8      10.4726
     0501      8   0E  00  00  00  00  00  00  01      10.4729
     0100      8   60  00  00  09  10  00  00  A8      10.4749
     0100      8   80  00  00  09  10  00  00  B8      10.4778
     0100      8   80  00  00  09  10  00  00  B8      10.4805
     0101      8   60  01  7F  FF  00  00  00  9D      10.4824
     0102      8   80  00  00  09  10  00  00  B8      10.4826
     0100      8   80  00  00  09  10  00  00  B8      10.4833
     0100      8   A0  00  00  09  10  00  00  D7      10.4863
     0100      8   A0  00  00  09  10  00  00  D7      10.4889
     0100      8   A0  00  00  09  10  00  00  D7      10.4917
     0101      8   80  01  7F  FF  00  00  00  8D      10.4924
     0102      8   A0  00  00  09  10  00  00  D7      10.4926
     0100      8   A0  00  00  09  10  00  00  D7      10.4945
     0100      8   C0  00  00  09  10  00  00  66      10.4974
     0100      8   C0  00  00  09  10  00  00  66      10.5001
     0101      8   A0  01  7F  FF  00  00  00  E2      10.5024
     0102      8   C0  00  00  09  10  00  00  66      10.5026
     0100      8   C0  00  00  09  10  00  00  66      10.5029
     0100      8   E0  00  00  09  10  00  00  09      10.5059
     0100      8   E0  00  00  09  10  00  00  09      10.5085
     0100      8   E0  00  00  09  10  00  00  09      10.5113
     0101      8   C0  01  7F  FF  00  00  00  53      10.5124
     0102      8   E0  00  00  09  10  00  00  09      10.5126
     0100      8   E0  00  00  09  10  00  00  09      10.5141
     0100      8   00  00  00  09  10  00  00  19      10.5170
     0100      8   00  00  00  09  10  00  00  19      10.5198
     0101      8   E0  01  7F  FF  00  00  00  3C      10.5224
     0100      8   00  00  00  09  10  00  00  19      10.5226
     0102      8   00  00  00  09  10  00  00  19      10.5229
     0100      8   20  00  00  09  10  00  00  76      10.5255
     0100      8   20  00  00  09  10  00  00  76      10.5282
     0100      8   20  00  00  09  10  00  00  76      10.5310
     0101      8   00  01  7F  FF  00  00  00  2C      10.5324
     0102      8   20  00  00  09  10  00  00  76      10.5326
     0100      8   20  00  00  09  10  00  00  76      10.5338
     0100      8   40  00  00  09  10  00  00  C7      10.5367
     0100      8   40  00  00  09  10  00  00  C7      10.5394
     0100      8   40  00  00  09  10  00  00  C7      10.5422
     0101      8   20  01  7F  FF  00  00  00  43      10.5424
     0102      8   40  00  00  09  10  00  00  C7      10.5427
     0100      8   40  00  00  09  10  00  00  C7      10.5450
     0100      8   60  00  00  09  10  00  00  A8      10.5479
     0100      8   60  00  00  09  10  00  00  A8      10.5506
     0101      8   40  01  7F  FF  00  00  00  F2      10.5524
     0102      8   60  00  00  09  10  00  00  A8      10.5526
     0100      8   60  00  00  09  10  00  00  A8      10.5534
     0100      8   80  00  00  09  10  00  00  B8      10.5563
     0100      8   80  00  00  09  10  00  00  B8      10.5590
     0100      8   80  00  00  09  10  00  00  B8      10.5618
     0101      8   60  01  7F  FF  00  00  00  9D      10.5624
     0102      8   80  00  00  09  10  00  00  B8      10.5626
     0100      8   80  00  00  09  10  00  00  B8      10.5646
     0100      8   A0  00  00  09  10  00  00  D7      10.5676
     0100      8   A0  00  00  09  10  00  00  D7      10.5702
     0101      8   80  01  7F  FF  00  00  00  8D      10.5724
     0102      8   A0  00  00  09  10  00  00  D7      10.5726
     0501      8   0E  00  00  00  00  00  00  01      10.5729
     0100      8   A0  00  00  09  10  00  00  D7      10.5731
     0100      8   C0  00  00  09  10  00  00  66      10.5760
     0100      8   C0  00  00  09  10  00  00  66      10.5786
     0100      8   C0  00  00  09  10  00  00  66      10.5815
     0101      8   A0  01  7F  FF  00  00  01  FF      10.5824
     0102      8   C0  00  00  09  10  00  00  66      10.5826
     0100      8   C0  00  00  09  10  00  00  66      10.5843
     0100      8   E0  00  00  00  00  00  00  10      10.5898
     0101      8   C0  01  7F  FF  00  00  01  4E      10.5924
     0100      8   E0  00  00  00  00  00  00  10      10.5926
     0102      8   E0  00  00  00  00  00  00  10      10.5929
     0100      8   00  00  00  00  00  00  00  00      10.5981
     0100      8   00  00  00  00  00  00  00  00      10.6009
     0101      8   E0  01  7F  FF  00  00  01  21      10.6024
     0102      8   00  00  00  00  00  00  00  00      10.6026
     0100      8   00  00  00  00  00  00  00  00      10.6037
     0100      8   20  00  00  00  00  00  00  6F      10.6092
     0100      8   20  00  00  00  00  00  00  6F      10.6120
     0101      8   00  01  7F  FF  00  00  01  31      10.6124
     0102      8   20  00  00  00  00  00  00  6F      10.6126
     0100      8   20  00  00  00  00  00  00  6F      10.6149
     0100      8   40  00  00  00  00  00  00  DE      10.6204
     0101      8   20  01  7F  FF  00  00  01  5E      10.6224
     0102      8   40  00  00  00  00  00  00  DE      10.6226
     0100      8   40  00  00  00  00  00  00  DE      10.6232
     0100      8   60  00  00  00  00  00  00  B1      10.6287
     0100      8   60  00  00  00  00  00  00  B1      10.6315
     0101      8   40  01  7F  FF  00  00  01  EF      10.6324
     0102      8   60  00  00  00  00  00  00  B1      10.6326
     0100      8   60  00  00  00  00  00  00  B1      10.6343
     0100      8   80  00  00  00  00  00  00  A1      10.6398
     0101      8   60  01  7F  FF  00  00  01  80      10.6424
     0102      8   80  00  00  00  00  00  00  A1      10.6426
     0100      8   80  00  00  00  00  00  00  A1      10.6428
     0100      8   A0  00  00  00  00  00  00  CE      10.6482
     0100      8   A0  00  00  00  00  00  00  CE      10.6510
     0101      8   80  01  7F  FF  00  00  01  90      10.6523
     0102      8   A0  00  00  00  00  00  00  CE      10.6526
     0100      8   A0  00  00  00  00  00  00  CE      10.6538
     0100      8   C0  00  00  00  00  00  00  7F      10.6593
     0100      8   C0  00  00  00  00  00  00  7F      10.6621
     0101      8   A0  01  7F  FF  00  00  01  FF      10.6624
     0102      8   C0  00  00  00  00  00  00  7F      10.6626
     0100      8   C0  00  00  00  00  00  00  7F      10.6649
     0100      8   E0  00  00  00  00  00  00  10      10.6704
     0101      8   C0  01  7F  FF  00  00  01  4E      10.6723
     0102      8   E0  00  00  00  00  00  00  10      10.6726
     0501      8   0E  00  00  00  00  00  00  01      10.6728
     0100      8   E0  00  00  00  00  00  00  10      10.6732
     0100      8   00  00  00  00  00  00  00  00      10.6788
     0100      8   00  00  00  00  00  00  00  00      10.6816
     0101      8   E0  01  7F  FF  00  00  01  21      10.6823
     0102      8   00  00  00  00  00  00  00  00      10.6826
     0100      8   00  00  00  00  00  00  00  00      10.6844
     0100      8   20  00  00  00  00  00  00  6F      10.6899
     0101      8   00  01  7F  FF  00  00  01  31      10.6923
     0102      8   20  00  00  00  00  00  00  6F      10.6926
     0100      8   20  00  00  00  00  00  00  6F      10.6928
     0100      8   40  00  00  00  00  00  00  DE      10.6982
     0100      8   40  00  00  00  00  00  00  DE      10.7010
     0101      8   20  01  7F  FF  00  00  01  5E      10.7023
     0102      8   40  00  00  00  00  00  00  DE      10.7026
     0100      8   40  00  00  00  00  00  00  DE      10.7038
     0100      8   60  00  00  00  00  00  00  B1      10.7093
     0100      8   60  00  00  00  00  00  00  B1      10.7122
     0101      8   40  01  7F  FF  00  00  01  EF      10.7124
     0102      8   60  00  00  00  00  00  00  B1      10.7126
     0100      8   60  00  00  00  00  00  00  B1      10.7150
     0100      8   80  00  00  00  00  00  00  A1      10.7205
     0101      8   60  01  7F  FF  00  00  01  80      10.7223
     0102      8   80  00  00  00  00  00  00  A1      10.7226
     0100      8   80  00  00  00  00  00  00  A1      10.7233
     0100      8   A0  00  00  00  00  00  00  CE      10.7288
     0100      8   A0  00  00  00  00  00  00  CE      10.7316
     0101      8   80  01  7F  FF  00  00  01  90      10.7323
     0102      8   A0  00  00  00  00  00  00  CE      10.7326
     0100      8   A0  00  00  00  00  00  00  CE      10.7344
     0100      8   C0  00  00  00  00  00  00  7F      10.7399
     0101      8   A0  01  7F  FF  00  00  01  FF      10.7423
     0102      8   C0  00  00  00  00  00  00  7F      10.7426
     0100      8   C0  00  00  00  00  00  00  7F      10.7428
     0100      8   E0  00  00  00  00  00  00  10      10.7483
     0100      8   E0  00  00  00  00  00  00  10      10.7511
     0101      8   C0  01  7F  FF  00  00  01  4E      10.7523
     0102      8   E0  00  00  00  00  00  00  10      10.7526
     0100      8   E0  00  00  00  00  00  00  10      10.7539
     0100      8   00  00  00  00  00  00  00  00      10.7594
     0100      8   00  00  00  00  00  00  00  00      10.7622
     0101      8   E0  01  7F  FF  00  00  01  21      10.7625
     0102      8   00  00  00  00  00  00  00  00      10.7627
     0100      8   00  00  00  00  00  00  00  00      10.7650
     0100      8   20  00  00  00  00  00  00  6F      10.7705
     0101      8   00  01  7F  FF  00  00  01  31      10.7723
     0102      8   20  00  00  00  00  00  00  6F      10.7726
     0501      8   0E  00  00  00  00  00  00  01      10.7728
     0100      8   20  00  00  00  00  00  00  6F      10.7733
     0100      8   40  00  00  00  00  00  00  DE      10.7789
     0100      8   40  00  00  00  00  00  00  DE      10.7817
     0101      8   20  01  7F  FF  00  00  01  5E      10.7823
     0102      8   40  00  00  00  00  00  00  DE      10.7826
     0100      8   40  00  00  00  00  00  00  DE      10.7845
     0100      8   60  00  00  00  00  00  00  B1      10.7900
     0101      8   40  01  7F  FF  00  00  01  EF      10.7923
     0102      8   60  00  00  00  00  00  00  B1      10.7926
     0100      8   60  00  00  00  00  00  00  B1      10.7928
     0100      8   80  00  00  00  00  00  00  A1      10.7983
     0100      8   80  00  00  00  00  00  00  A1      10.8011
     0101      8   60  01  7F  FF  00  00  01  80      10.8023
     0102      8   80  00  00  00  00  00  00  A1      10.8026
     0100      8   80  00  00  00  00  00  00  A1      10.8039
     0100      8   A0  00  00  00  00  00  00  CE      10.8095
     0100      8   A0  00  00  00  00  00  00  CE      10.8123
     0101      8   80  01  7F  FF  00  00  01  90      10.8125
     0102      8   A0  00  00  00  00  00  00  CE      10.8127
     0100      8   A0  00  00  00  00  00  00  CE      10.8151
     0100      8   C0  00  00  00  00  00  00  7F      10.8206
     0101      8   A0  01  7F  FF  00  00  01  FF      10.8223
     0102      8   C0  00  00  00  00  00  00  7F      10.8226
     0100      8   C0  00  00  00  00  00  00  7F      10.8234
     0100      8   E0  00  00  00  00  00  00  10      10.8289
     0100      8   E0  00  00  00  00  00  00  10      10.8317
     0101      8   C0  01  7F  FF  00  00  01  4E      10.8323
     0102      8   E0  00  00  00  00  00  00  10      10.8326
     0100      8   E0  00  00  00  00  00  00  10      10.8345
     0100      8   00  00  00  00  00  00  00  00      10.8401
     0101      8   E0  01  7F  FF  00  00  01  21      10.8423
     0102      8   00  00  00  00  00  00  00  00      10.8426
     0100      8   00  00  00  00  00  00  00  00      10.8429
     0100      8   20  00  00  00  00  00  00  6F      10.8484
     0100      8   20  00  00  00  00  00  00  6F      10.8512
     0101      8   00  01  7F  FF  00  00  01  31      10.8523
     0102      8   20  00  00  00  00  00  00  6F      10.8526
     0100      8   20  00  00  00  00  00  00  6F      10.8540
     0100      8   40  00  00  00  00  00  00  DE      10.8595
     0100      8   40  00  00  00  00  00  00  DE      10.8623
     0101      8   20  01  7F  FF  00  00  01  5E      10.8626
     0102      8   40  00  00  00  00  00  00  DE      10.8628
     0100      8   40  00  00  00  00  00  00  DE      10.8651
     0100      8   60  00  00  00  00  00  00  B1      10.8706
     0101      8   40  01  7F  FF  00  00  01  EF      10.8723
     0102      8   60  00  00  00  00  00  00  B1      10.8726
     0501      8   0E  00  00  00  00  00  00  01      10.8728
     0100      8   60  00  00  00  00  00  00  B1      10.8735
     0100      8   80  00  00  00  00  00  00  A1      10.8790
     0100      8   80  00  00  00  00  00  00  A1      10.8818
     0101      8   60  01  7F  FF  00  00  01  80      10.8823
     0102      8   80  00  00  00  00  00  00  A1      10.8826
     0100      8   80  00  00  00  00  00  00  A1      10.8846
     0100      8   A0  00  00  00  00  00  00  CE      10.8901
     0101      8   80  01  7F  FF  00  00  01  90      10.8923
     0102      8   A0  00  00  00  00  00  00  CE      10.8926
     0100      8   A0  00  00  00  00  00  00  CE      10.8929
     0100      8   C0  00  00  00  00  00  00  7F      10.8984
     0100      8   C0  00  00  00  00  00  00  7F      10.9012
     0101      8   A0  01  7F  FF  00  00  01  FF      10.9023
     0102      8   C0  00  00  00  00  00  00  7F      10.9026
     0100      8   C0  00  00  00  00  00  00  7F      10.9041
     0100      8   E0  00  00  00  00  00  00  10      10.9096
     0101      8   C0  01  7F  FF  00  00  01  4E      10.9123
     0100      8   E0  00  00  00  00  00  00  10      10.9126
     0102      8   E0  00  00  00  00  00  00  10      10.9128
     0100      8   00  00  00  00  00  00  00  00      10.9179
     0100      8   00  00  00  00  00  00  00  00      10.9207
     0101      8   E0  01  7F  FF  00  00  01  21      10.9223
     0102      8   00  00  00  00  00  00  00  00      10.9226
     0100      8   00  00  00  00  00  00  00  00      10.9235
     0100      8   20  00  00  00  00  00  00  6F      10.9290
     0100      8   20  00  00  00  00  00  00  6F      10.9318
     0101      8   00  01  7F  FF  00  00  01  31      10.9323
     0102      8   20  00  00  00  00  00  00  6F      10.9326
     0100      8   20  00  00  00  00  00  00  6F      10.9346
     0100      8   40  00  00  00  00  00  00  DE      10.9402
     0101      8   20  01  7F  FF  00  00  01  5E      10.9423
     0102      8   40  00  00  00  00  00  00  DE      10.9426
     0100      8   40  00  00  00  00  00  00  DE      10.9430
     0100      8   60  00  00  00  00  00  00  B1      10.9485
     0100      8   60  00  00  00  00  00  00  B1      10.9513
     0101      8   40  01  7F  FF  00  00  01  EF      10.9523
     0102      8   60  00  00  00  00  00  00  B1      10.9526
     0100      8   60  00  00  00  00  00  00  B1      10.9541
     0100      8   80  00  00  00  00  00  00  A1      10.9596
     0101      8   60  01  7F  FF  00  00  01  80      10.9623
     0100      8   80  00  00  00  00  00  00  A1      10.9626
     0102      8   80  00  00  00  00  00  00  A1      10.9628
     0100      8   A0  00  00  00  00  00  00  CE      10.9679
     0100      8   A0  00  00  00  00  00  00  CE      10.9708
     0101      8   80  01  7F  FF  00  00  01  90      10.9723
     0102      8   A0  00  00  00  00  00  00  CE      10.9725
     0501      8   0E  03  00  00  00  00  00  CB      10.9728
     0100      8   A0  00  00  00  00  00  00  CE      10.9736
     0100      8   C0  00  00  00  00  00  00  7F      10.9791
     0100      8   C0  00  00  00  00  00  00  7F      10.9819
     0101      8   A0  01  7F  FF  00  00  0F  59      10.9823
     0102      8   C0  00  00  00  00  00  00  7F      10.9826
     0100      8   C0  00  00  00  00  00  00  7F      10.9847
     0100      8   E0  00  00  00  00  00  00  10      10.9884
     0100      8   E0  00  00  00  00  00  00  10      10.9912
     0101      8   C0  01  7F  FF  00  00  0F  E8      10.9923
     0102      8   E0  00  00  00  00  00  00  10      10.9925
     0100      8   E0  00  00  00  00  00  00  10      10.9940
     0100      8   00  00  00  00  00  00  00  00      10.9978
     0100      8   00  00  00  00  00  00  00  00      11.0006
     0101      8   E0  01  7F  FF  00  00  0F  87      11.0023
     0102      8   00  00  00  00  00  00  00  00      11.0026
     0100      8   00  00  00  00  00  00  00  00      11.0034
     0100      8   20  00  00  00  00  00  00  6F      11.0071
     0100      8   20  00  00  00  00  00  00  6F      11.0099
     0101      8   00  01  7F  FF  00  00  0F  97      11.0123
     0102      8   20  00  00  00  00  00  00  6F      11.0125
     0100      8   20  00  00  00  00  00  00  6F      11.0128
     0100      8   40  00  00  00  00  00  00  DE      11.0165
     0100      8   40  00  00  00  00  00  00  DE      11.0193
     0100      8   40  00  00  00  00  00  00  DE      11.0221
     0101      8   20  01  7F  FF  00  00  0F  F8      11.0223
     0102      8   40  00  00  00  00  00  00  DE      11.0226
     0100      8   40  00  00  00  00  00  00  DE      11.0249
     0100      8   60  00  00  00  00  00  00  B1      11.0286
     0100      8   60  00  00  00  00  00  00  B1      11.0314
     0101      8   40  01  7F  FF  00  00  0F  49      11.0323
     0102      8   60  00  00  00  00  00  00  B1      11.0325
     0100      8   60  00  00  00  00  00  00  B1      11.0342
     0100      8   80  00  00  00  00  00  00  A1      11.0380
     0100      8   80  00  00  00  00  00  00  A1      11.0408
     0100      8   80  00  00  00  00  00  00  A1      11.0436
     0100      8   80  00  00  00  00  00  00  A1      11.0464
     0100      8   80  00  00  00  00  00  00  A1      11.0492
     0100      8   80  00  00  00  00  00  00  A1      11.0520
     0100      8   80  00  00  00  00  00  00  A1      11.0548
     0100      8   80  00  00  00  00  00  00  A1      11.0576
     0100      8   80  00  00  00  00  00  00  A1      11.0604
     0100      8   80  00  00  00  00  00  00  A1      11.0632
     0100      8   80  00  00  00  00  00  00  A1      11.0660
     0100      8   80  00  00  00  00  00  00  A1      11.0688
     0100      8   80  00  00  00  00  00  00  A1      11.0716
     0100      8   80  00  00  00  00  00  00  A1      11.0744
     0100      8   80  00  00  00  00  00  00  A1      11.0772
     0100      8   80  00  00  00  00  00  00  A1      11.0800
     0100      8   80  00  00  00  00  00  00  A1      11.0828
     0100      8   80  00  00  00  00  00  00  A1      11.0857
     0100      8   80  00  00  00  00  00  00  A1      11.0885
     0100      8   80  00  00  00  00  00  00  A1      11.0913
     0100      8   80  00  00  00  00  00  00  A1      11.0941
     0100      8   80  00  00  00  00  00  00  A1      11.0969
     0100      8   80  00  00  00  00  00  00  A1      11.0997
     0100      8   80  00  00  00  00  00  00  A1      11.1025
     0100      8   80  00  00  00  00  00  00  A1      11.1053
     0100      8   80  00  00  00  00  00  00  A1      11.1081
     0100      8   80  00  00  00  00  00  00  A1      11.1109
     0100      8   80  00  00  00  00  00  00  A1      11.1137
     0100      8   80  00  00  00  00  00  00  A1      11.1165
     0100      8   80  00  00  00  00  00  00  A1      11.1193
     0100      8   80  00  00  00  00  00  00  A1      11.1221
     0100      8   80  00  00  00  00  00  00  A1      11.1249
     0100      8   80  00  00  00  00  00  00  A1      11.1277
     0100      8   80  00  00  00  00  00  00  A1      11.1305
     0100      8   80  00  00  00  00  00  00  A1      11.1333
     0100      8   80  00  00  00  00  00  00  A1      11.1361
     0100      8   80  00  00  00  00  00  00  A1      11.1389
     0100      8   80  00  00  00  00  00  00  A1      11.1417
     0100      8   80  00  00  00  00  00  00  A1      11.1445
     0100      8   80  00  00  00  00  00  00  A1      11.1473
     0100      8   80  00  00  00  00  00  00  A1      11.1502
     0100      8   80  00  00  00  00  00  00  A1      11.1530
     0100      8   80  00  00  00  00  00  00  A1      11.1558
     0100      8   80  00  00  00  00  00  00  A1      11.1586
     0100      8   80  00  00  00  00  00  00  A1      11.1614
     0100      8   80  00  00  00  00  00  00  A1      11.1642
     0100      8   80  00  00  00  00  00  00  A1      11.1670
     0100      8   80  00  00  00  00  00  00  A1      11.1698
     0100      8   80  00  00  00  00  00  00  A1      11.1726
     0100      8   80  00  00  00  00  00  00  A1      11.1754
     0100      8   80  00  00  00  00  00  00  A1      11.1782
     0100      8   80  00  00  00  00  00  00  A1      11.1810
     0100      8   80  00  00  00  00  00  00  A1      11.1838
     0100      8   80  00  00  00  00  00  00  A1      11.1866
     0100      8   80  00  00  00  00  00  00  A1      11.1894
     0100      8   80  00  00  00  00  00  00  A1      11.1922
     0100      8   80  00  00  00  00  00  00  A1      11.1950
     0100      8   80  00  00  00  00  00  00  A1      11.1978
     0100      8   80  00  00  00  00  00  00  A1      11.2006
     0100      8   80  00  00  00  00  00  00  A1      11.2034
     0100      8   80  00  00  00  00  00  00  A1      11.2062
     0100      8   80  00  00  00  00  00  00  A1      11.2091
     0100      8   80  00  00  00  00  00  00  A1      11.2118
     0100      8   80  00  00  00  00  00  00  A1      11.2147
     0100      8   80  00  00  00  00  00  00  A1      11.2175
     0100      8   80  00  00  00  00  00  00  A1      11.2203
     0100      8   80  00  00  00  00  00  00  A1      11.2231
     0100      8   80  00  00  00  00  00  00  A1      11.2259
     0100      8   80  00  00  00  00  00  00  A1      11.2287
     0100      8   80  00  00  00  00  00  00  A1      11.2315
     0100      8   80  00  00  00  00  00  00  A1      11.2343
     0100      8   80  00  00  00  00  00  00  A1      11.2371
     0100      8   80  00  00  00  00  00  00  A1      11.2399
     0100      8   80  00  00  00  00  00  00  A1      11.2427
     0100      8   80  00  00  00  00  00  00  A1      11.2455
     0100      8   80  00  00  00  00  00  00  A1      11.2483
     0100      8   80  00  00  00  00  00  00  A1      11.2511
     0100      8   80  00  00  00  00  00  00  A1      11.2539
     0100      8   80  00  00  00  00  00  00  A1      11.2567
     0100      8   80  00  00  00  00  00  00  A1      11.2595
     0100      8   80  00  00  00  00  00  00  A1      11.2623
     0100      8   80  00  00  00  00  00  00  A1      11.2651
     0100      8   80  00  00  00  00  00  00  A1      11.2679
     0100      8   80  00  00  00  00  00  00  A1      11.2707
     0100      8   80  00  00  00  00  00  00  A1      11.2736
     0100      8   80  00  00  00  00  00  00  A1      11.2764
     0100      8   80  00  00  00  00  00  00  A1      11.2792
     0100      8   80  00  00  00  00  00  00  A1      11.2820
     0100      8   80  00  00  00  00  00  00  A1      11.2848
     0100      8   80  00  00  00  00  00  00  A1      11.2876
     0100      8   80  00  00  00  00  00  00  A1      11.2904
     0100      8   80  00  00  00  00  00  00  A1      11.2932
     0100      8   80  00  00  00  00  00  00  A1      11.2960
     0100      8   80  00  00  00  00  00  00  A1      11.2988
     0100      8   80  00  00  00  00  00  00  A1      11.3016
     0100      8   80  00  00  00  00  00  00  A1      11.3044
     0100      8   80  00  00  00  00  00  00  A1      11.3072
     0100      8   80  00  00  00  00  00  00  A1      11.3100
     0100      8   80  00  00  00  00  00  00  A1      11.3128
     0100      8   80  00  00  00  00  00  00  A1      11.3156
     0100      8   80  00  00  00  00  00  00  A1      11.3184
     0100      8   80  00  00  00  00  00  00  A1      11.3212
     0100      8   80  00  00  00  00  00  00  A1      11.3240
     0100      8   80  00  00  00  00  00  00  A1      11.3268
     0100      8   80  00  00  00  00  00  00  A1      11.3296
     0100      8   80  00  00  00  00  00  00  A1      11.3324
     0100      8   80  00  00  00  00  00  00  A1      11.3352
     0100      8   80  00  00  00  00  00  00  A1      11.3381
     0100      8   80  00  00  00  00  00  00  A1      11.3409
     0100      8   80  00  00  00  00  00  00  A1      11.3437
     0100      8   80  00  00  00  00  00  00  A1      11.3465
     0100      8   80  00  00  00  00  00  00  A1      11.3493
     0100      8   80  00  00  00  00  00  00  A1      11.3521
     0100      8   80  00  00  00  00  00  00  A1      11.3549
     0100      8   80  00  00  00  00  00  00  A1      11.3577
     0100      8   80  00  00  00  00  00  00  A1      11.3605
     0100      8   80  00  00  00  00  00  00  A1      11.3633
     0100      8   80  00  00  00  00  00  00  A1      11.3661
     0100      8   80  00  00  00  00  00  00  A1      11.3689
     0100      8   80  00  00  00  00  00  00  A1      11.3717
     0100      8   80  00  00  00  00  00  00  A1      11.3745
     0100      8   80  00  00  00  00  00  00  A1      11.3773
     0100      8   80  00  00  00  00  00  00  A1      11.3801
     0100      8   80  00  00  00  00  00  00  A1      11.3829
     0100      8   80  00  00  00  00  00  00  A1      11.3857
     0100      8   80  00  00  00  00  00  00  A1      11.3885
     0100      8   80  00  00  00  00  00  00  A1      11.3913
     0100      8   80  00  00  00  00  00  00  A1      11.3941
     0100      8   80  00  00  00  00  00  00  A1      11.3969
     0100      8   80  00  00  00  00  00  00  A1      11.3997
     0100      8   80  00  00  00  00  00  00  A1      11.4026
     0100      8   80  00  00  00  00  00  00  A1      11.4054
     0100      8   80  00  00  00  00  00  00  A1      11.4082
     0100      8   80  00  00  00  00  00  00  A1      11.4110
     0100      8   80  00  00  00  00  00  00  A1      11.4138
     0100      8   80  00  00  00  00  00  00  A1      11.4166
     0100      8   80  00  00  00  00  00  00  A1      11.4194
     0100      8   80  00  00  00  00  00  00  A1      11.4222
     0100      8   80  00  00  00  00  00  00  A1      11.4250
     0100      8   80  00  00  00  00  00  00  A1      11.4278
     0100      8   80  00  00  00  00  00  00  A1      11.4306
     0100      8   80  00  00  00  00  00  00  A1      11.4334
     0100      8   80  00  00  00  00  00  00  A1      11.4362
     0100      8   80  00  00  00  00  00  00  A1      11.4390
     0100      8   80  00  00  00  00  00  00  A1      11.4418
     0100      8   80  00  00  00  00  00  00  A1      11.4446
     0100      8   80  00  00  00  00  00  00  A1      11.4474
     0100      8   80  00  00  00  00  00  00  A1      11.4502
     0100      8   80  00  00  00  00  00  00  A1      11.4530
     0100      8   80  00  00  00  00  00  00  A1      11.4558
     0100      8   80  00  00  00  00  00  00  A1      11.4586
     0100      8   80  00  00  00  00  00  00  A1      11.4614
     0100      8   80  00  00  00  00  00  00  A1      11.4642
     0100      8   80  00  00  00  00  00  00  A1      11.4671
     0100      8   80  00  00  00  00  00  00  A1      11.4699
     0100      8   80  00  00  00  00  00  00  A1      11.4727
     0100      8   80  00  00  00  00  00  00  A1      11.4755
     0100      8   80  00  00  00  00  00  00  A1      11.4783
     0100      8   80  00  00  00  00  00  00  A1      11.4811
     0100      8   80  00  00  00  00  00  00  A1      11.4839
     0100      8   80  00  00  00  00  00  00  A1      11.4867
     0100      8   80  00  00  00  00  00  00  A1      11.4895
     0100      8   80  00  00  00  00  00  00  A1      11.4923
     0100      8   80  00  00  00  00  00  00  A1      11.4951
     0100      8   80  00  00  00  00  00  00  A1      11.4979
     0100      8   80  00  00  00  00  00  00  A1      11.5007
     0100      8   80  00  00  00  00  00  00  A1      11.5035
     0100      8   80  00  00  00  00  00  00  A1      11.5063
     0100      8   80  00  00  00  00  00  00  A1      11.5091
     0100      8   80  00  00  00  00  00  00  A1      11.5119
     0100      8   80  00  00  00  00  00  00  A1      11.5147
     0100      8   80  00  00  00  00  00  00  A1      11.5175
     0100      8   80  00  00  00  00  00  00  A1      11.5203
     0100      8   80  00  00  00  00  00  00  A1      11.5231
     0100      8   80  00  00  00  00  00  00  A1      11.5259
     0100      8   80  00  00  00  00  00  00  A1      11.5287
     0100      8   80  00  00  00  00  00  00  A1      11.5316
     0100      8   80  00  00  00  00  00  00  A1      11.5344
     0100      8   80  00  00  00  00  00  00  A1      11.5372
     0100      8   80  00  00  00  00  00  00  A1      11.5400
     0100      8   80  00  00  00  00  00  00  A1      11.5428
     0100      8   80  00  00  00  00  00  00  A1      11.5456
     0100      8   80  00  00  00  00  00  00  A1      11.5484
     0100      8   80  00  00  00  00  00  00  A1      11.5512
     0100      8   80  00  00  00  00  00  00  A1      11.5540
     0100      8   80  00  00  00  00  00  00  A1      11.5568
     0100      8   80  00  00  00  00  00  00  A1      11.5596
     0100      8   80  00  00  00  00  00  00  A1      11.5624
     0100      8   80  00  00  00  00  00  00  A1      11.5652
     0100      8   80  00  00  00  00  00  00  A1      11.5680
     0100      8   80  00  00  00  00  00  00  A1      11.5708
     0100      8   80  00  00  00  00  00  00  A1      11.5736
     0100      8   80  00  00  00  00  00  00  A1      11.5764
     0100      8   80  00  00  00  00  00  00  A1      11.5792
     0100      8   80  00  00  00  00  00  00  A1      11.5820
     0100      8   80  00  00  00  00  00  00  A1      11.5848
     0100      8   80  00  00  00  00  00  00  A1      11.5876
     0100      8   80  00  00  00  00  00  00  A1      11.5904
     0100      8   80  00  00  00  00  00  00  A1      11.5932
     0100      8   80  00  00  00  00  00  00  A1      11.5961
     0100      8   80  00  00  00  00  00  00  A1      11.5989
     0100      8   80  00  00  00  00  00  00  A1      11.6017
     0100      8   80  00  00  00  00  00  00  A1      11.6045
     0100      8   80  00  00  00  00  00  00  A1      11.6073
     0100      8   80  00  00  00  00  00  00  A1      11.6101
     0100      8   80  00  00  00  00  00  00  A1      11.6129
     0100      8   80  00  00  00  00  00  00  A1      11.6157
     0100      8   80  00  00  00  00  00  00  A1      11.6185
     0100      8   80  00  00  00  00  00  00  A1      11.6213
     0100      8   80  00  00  00  00  00  00  A1      11.6241
     0100      8   80  00  00  00  00  00  00  A1      11.6269
     0100      8   80  00  00  00  00  00  00  A1      11.6297
     0100      8   80  00  00  00  00  00  00  A1      11.6325
     0100      8   80  00  00  00  00  00  00  A1      11.6353
     0100      8   80  00  00  00  00  00  00  A1      11.6381
     0100      8   80  00  00  00  00  00  00  A1      11.6409
     0100      8   80  00  00  00  00  00  00  A1      11.6437
     0100      8   80  00  00  00  00  00  00  A1      11.6465
     0100      8   80  00  00  00  00  00  00  A1      11.6493
     0100      8   80  00  00  00  00  00  00  A1      11.6521
     0100      8   80  00  00  00  00  00  00  A1      11.6549
     0100      8   80  00  00  00  00  00  00  A1      11.6578
     0100      8   80  00  00  00  00  00  00  A1      11.6606
     0100      8   80  00  00  00  00  00  00  A1      11.6634
     0100      8   80  00  00  00  00  00  00  A1      11.6662
     0100      8   80  00  00  00  00  00  00  A1      11.6690
     0100      8   80  00  00  00  00  00  00  A1      11.6718
     0100      8   80  00  00  00  00  00  00  A1      11.6746
     0100      8   80  00  00  00  00  00  00  A1      11.6774
     0100      8   80  00  00  00  00  00  00  A1      11.6802
     0100      8   80  00  00  00  00  00  00  A1      11.6830
     0100      8   80  00  00  00  00  00  00  A1      11.6858
     0100      8   80  00  00  00  00  00  00  A1      11.6886
     0100      8   80  00  00  00  00  00  00  A1      11.6914
     0100      8   80  00  00  00  00  00  00  A1      11.6942
     0100      8   80  00  00  00  00  00  00  A1      11.6970
     0100      8   80  00  00  00  00  00  00  A1      11.6998
     0100      8   80  00  00  00  00  00  00  A1      11.7026
     0100      8   80  00  00  00  00  00  00  A1      11.7054
     0100      8   80  00  00  00  00  00  00  A1      11.7082
     0100      8   80  00  00  00  00  00  00  A1      11.7110
     0100      8   80  00  00  00  00  00  00  A1      11.7138
     0100      8   80  00  00  00  00  00  00  A1      11.7166
     0100      8   80  00  00  00  00  00  00  A1      11.7194
     0100      8   80  00  00  00  00  00  00  A1      11.7223
     0100      8   80  00  00  00  00  00  00  A1      11.7251
     0100      8   80  00  00  00  00  00  00  A1      11.7279
     0100      8   80  00  00  00  00  00  00  A1      11.7307
     0100      8   80  00  00  00  00  00  00  A1      11.7335
     0100      8   80  00  00  00  00  00  00  A1      11.7363
     0100      8   80  00  00  00  00  00  00  A1      11.7391
     0100      8   80  00  00  00  00  00  00  A1      11.7419
     0100      8   80  00  00  00  00  00  00  A1      11.7447
     0100      8   80  00  00  00  00  00  00  A1      11.7475
     0100      8   80  00  00  00  00  00  00  A1      11.7503
     0100      8   80  00  00  00  00  00  00  A1      11.7531
     0100      8   80  00  00  00  00  00  00  A1      11.7559
     0100      8   80  00  00  00  00  00  00  A1      11.7587
     0100      8   80  00  00  00  00  00  00  A1      11.7615
     0100      8   80  00  00  00  00  00  00  A1      11.7643
     0100      8   80  00  00  00  00  00  00  A1      11.7671
     0100      8   80  00  00  00  00  00  00  A1      11.7699
     0100      8   80  00  00  00  00  00  00  A1      11.7727
     0100      8   80  00  00  00  00  00  00  A1      11.7755
     0100      8   80  00  00  00  00  00  00  A1      11.7783
     0100      8   80  00  00  00  00  00  00  A1      11.7811
     0100      8   80  00  00  00  00  00  00  A1      11.7839
     0100      8   80  00  00  00  00  00  00  A1      11.7868
     0100      8   80  00  00  00  00  00  00  A1      11.7896
     0100      8   80  00  00  00  00  00  00  A1      11.7924
     0100      8   80  00  00  00  00  00  00  A1      11.7952
     0100      8   80  00  00  00  00  00  00  A1      11.7980
     0100      8   80  00  00  00  00  00  00  A1      11.8008
     0100      8   80  00  00  00  00  00  00  A1      11.8036
     0100      8   80  00  00  00  00  00  00  A1      11.8064
     0100      8   80  00  00  00  00  00  00  A1      11.8092
     0100      8   80  00  00  00  00  00  00  A1      11.8120
     0100      8   80  00  00  00  00  00  00  A1      11.8148
     0100      8   80  00  00  00  00  00  00  A1      11.8176
     0100      8   80  00  00  00  00  00  00  A1      11.8204
     0100      8   80  00  00  00  00  00  00  A1      11.8232
     0100      8   80  00  00  00  00  00  00  A1      11.8260
     0100      8   80  00  00  00  00  00  00  A1      11.8288
     0100      8   80  00  00  00  00  00  00  A1      11.8316
     0100      8   80  00  00  00  00  00  00  A1      11.8344
     0100      8   80  00  00  00  00  00  00  A1      11.8372
     0100      8   80  00  00  00  00  00  00  A1      11.8400
     0100      8   80  00  00  00  00  00  00  A1      11.8428
     0100      8   80  00  00  00  00  00  00  A1      11.8456
     0100      8   80  00  00  00  00  00  00  A1      11.8485
     0100      8   80  00  00  00  00  00  00  A1      11.8513
     0100      8   80  00  00  00  00  00  00  A1      11.8541
     0100      8   80  00  00  00  00  00  00  A1      11.8569
     0100      8   80  00  00  00  00  00  00  A1      11.8597
     0100      8   80  00  00  00  00  00  00  A1      11.8625
     0100      8   80  00  00  00  00  00  00  A1      11.8653
     0100      8   80  00  00  00  00  00  00  A1      11.8681
     0100      8   80  00  00  00  00  00  00  A1      11.8709
     0100      8   80  00  00  00  00  00  00  A1      11.8737
     0100      8   80  00  00  00  00  00  00  A1      11.8765
     0100      8   80  00  00  00  00  00  00  A1      11.8793
     0100      8   80  00  00  00  00  00  00  A1      11.8821
     0100      8   80  00  00  00  00  00  00  A1      11.8849
     0100      8   80  00  00  00  00  00  00  A1      11.8877
     0100      8   80  00  00  00  00  00  00  A1      11.8905
     0100      8   80  00  00  00  00  00  00  A1      11.8933
     0100      8   80  00  00  00  00  00  00  A1      11.8961
     0100      8   80  00  00  00  00  00  00  A1      11.8989
     0100      8   80  00  00  00  00  00  00  A1      11.9017
     0100      8   80  00  00  00  00  00  00  A1      11.9045
     0100      8   80  00  00  00  00  00  00  A1      11.9074
     0100      8   80  00  00  00  00  00  00  A1      11.9101
     0100      8   80  00  00  00  00  00  00  A1      11.9130
     0100      8   80  00  00  00  00  00  00  A1      11.9158
     0100      8   80  00  00  00  00  00  00  A1      11.9186
     0100      8   80  00  00  00  00  00  00  A1      11.9214
     0100      8   80  00  00  00  00  00  00  A1      11.9242
     0100      8   80  00  00  00  00  00  00  A1      11.9270
     0100      8   80  00  00  00  00  00  00  A1      11.9298
     0100      8   80  00  00  00  00  00  00  A1      11.9326
     0100      8   80  00  00  00  00  00  00  A1      11.9354
     0100      8   80  00  00  00  00  00  00  A1      11.9382
     0100      8   80  00  00  00  00  00  00  A1      11.9410
     0100      8   80  00  00  00  00  00  00  A1      11.9438
     0100      8   80  00  00  00  00  00  00  A1      11.9466
     0100      8   80  00  00  00  00  00  00  A1      11.9494
     0100      8   80  00  00  00  00  00  00  A1      11.9522
     0100      8   80  00  00  00  00  00  00  A1      11.9550
     0100      8   80  00  00  00  00  00  00  A1      11.9578
     0100      8   80  00  00  00  00  00  00  A1      11.9606
     0100      8   80  00  00  00  00  00  00  A1      11.9634
     0100      8   80  00  00  00  00  00  00  A1      11.9662
     0100      8   80  00  00  00  00  00  00  A1      11.9690
     0100      8   80  00  00  00  00  00  00  A1      11.9719
     0100      8   80  00  00  00  00  00  00  A1      11.9747
     0100      8   80  00  00  00  00  00  00  A1      11.9775
     0100      8   80  00  00  00  00  00  00  A1      11.9803
     0100      8   80  00  00  00  00  00  00  A1      11.9831
     0100      8   80  00  00  00  00  00  00  A1      11.9859
     0100      8   80  00  00  00  00  00  00  A1      11.9887
     0100      8   80  00  00  00  00  00  00  A1      11.9915
     0100      8   80  00  00  00  00  00  00  A1      11.9943
     0100      8   80  00  00  00  00  00  00  A1      11.9971
     0100      8   80  00  00  00  00  00  00  A1      11.9999
     0100      8   80  00  00  00  00  00  00  A1      12.0027
     0100      8   80  00  00  00  00  00  00  A1      12.0055
     0100      8   80  00  00  00  00  00  00  A1      12.0083
     0100      8   80  00  00  00  00  00  00  A1      12.0111
     0100      8   80  00  00  00  00  00  00  A1      12.0139
     0100      8   80  00  00  00  00  00  00  A1      12.0167
     0100      8   80  00  00  00  00  00  00  A1      12.0195
     0100      8   80  00  00  00  00  00  00  A1      12.0223
     0100      8   80  00  00  00  00  00  00  A1      12.0251
     0100      8   80  00  00  00  00  00  00  A1      12.0279
     0100      8   80  00  00  00  00  00  00  A1      12.0307
     0100      8   80  00  00  00  00  00  00  A1      12.0335
     0100      8   80  00  00  00  00  00  00  A1      12.0364
     0100      8   80  00  00  00  00  00  00  A1      12.0392
     0100      8   80  00  00  00  00  00  00  A1      12.0420
     0100      8   80  00  00  00  00  00  00  A1      12.0448
     0100      8   80  00  00  00  00  00  00  A1      12.0476
     0100      8   80  00  00  00  00  00  00  A1      12.0504
     0100      8   80  00  00  00  00  00  00  A1      12.0532
     0100      8   80  00  00  00  00  00  00  A1      12.0560
     0100      8   80  00  00  00  00  00  00  A1      12.0588
     0100      8   80  00  00  00  00  00  00  A1      12.0616
     0100      8   80  00  00  00  00  00  00  A1      12.0644
     0100      8   80  00  00  00  00  00  00  A1      12.0672
     0100      8   80  00  00  00  00  00  00  A1      12.0700
     0100      8   80  00  00  00  00  00  00  A1      12.0728
     0100      8   80  00  00  00  00  00  00  A1      12.0756
     0100      8   80  00  00  00  00  00  00  A1      12.0784
     0100      8   80  00  00  00  00  00  00  A1      12.0812
     0100      8   80  00  00  00  00  00  00  A1      12.0840
     0100      8   80  00  00  00  00  00  00  A1      12.0868
     0100      8   80  00  00  00  00  00  00  A1      12.0896
     0100      8   80  00  00  00  00  00  00  A1      12.0924
     0100      8   80  00  00  00  00  00  00  A1      12.0952
     0100      8   80  00  00  00  00  00  00  A1      12.0980
     0100      8   80  00  00  00  00  00  00  A1      12.1009
     0100      8   80  00  00  00  00  00  00  A1      12.1037
     0100      8   80  00  00  00  00  00  00  A1      12.1065
     0100      8   80  00  00  00  00  00  00  A1      12.1093
     0100      8   80  00  00  00  00  00  00  A1      12.1121
     0100      8   80  00  00  00  00  00  00  A1      12.1149
     0100      8   80  00  00  00  00  00  00  A1      12.1177
     0100      8   80  00  00  00  00  00  00  A1      12.1205
     0100      8   80  00  00  00  00  00  00  A1      12.1233
     0100      8   80  00  00  00  00  00  00  A1      12.1261
     0100      8   80  00  00  00  00  00  00  A1      12.1289
     0100      8   80  00  00  00  00  00  00  A1      12.1317
     0100      8   80  00  00  00  00  00  00  A1      12.1345
     0100      8   80  00  00  00  00  00  00  A1      12.1373
     0100      8   80  00  00  00  00  00  00  A1      12.1401
     0100      8   80  00  00  00  00  00  00  A1      12.1429
     0100      8   80  00  00  00  00  00  00  A1      12.1457
     0100      8   80  00  00  00  00  00  00  A1      12.1485
     0100      8   80  00  00  00  00  00  00  A1      12.1513
     0100      8   80  00  00  00  00  00  00  A1      12.1541
     0100      8   80  00  00  00  00  00  00  A1      12.1569
     0100      8   80  00  00  00  00  00  00  A1      12.1597
     0100      8   80  00  00  00  00  00  00  A1      12.1625
     0100      8   80  00  00  00  00  00  00  A1      12.1654
     0100      8   80  00  00  00  00  00  00  A1      12.1682
     0100      8   80  00  00  00  00  00  00  A1      12.1710
     0100      8   80  00  00  00  00  00  00  A1      12.1738
     0100      8   80  00  00  00  00  00  00  A1      12.1766
     0100      8   80  00  00  00  00  00  00  A1      12.1794
     0100      8   80  00  00  00  00  00  00  A1      12.1822
     0100      8   80  00  00  00  00  00  00  A1      12.1850
     0100      8   80  00  00  00  00  00  00  A1      12.1878
     0100      8   80  00  00  00  00  00  00  A1      12.1906
     0100      8   80  00  00  00  00  00  00  A1      12.1934
     0100      8   80  00  00  00  00  00  00  A1      12.1962
     0100      8   80  00  00  00  00  00  00  A1      12.1990
     0100      8   80  00  00  00  00  00  00  A1      12.2018
     0100      8   80  00  00  00  00  00  00  A1      12.2046
     0100      8   80  00  00  00  00  00  00  A1      12.2074
     0100      8   80  00  00  00  00  00  00  A1      12.2102
     0100      8   80  00  00  00  00  00  00  A1      12.2130
     0100      8   80  00  00  00  00  00  00  A1      12.2158
     0100      8   80  00  00  00  00  00  00  A1      12.2186
     0100      8   80  00  00  00  00  00  00  A1      12.2214
     0100      8   80  00  00  00  00  00  00  A1      12.2242
     0100      8   80  00  00  00  00  00  00  A1      12.2270
     0100      8   80  00  00  00  00  00  00  A1      12.2299
     0100      8   80  00  00  00  00  00  00  A1      12.2327
     0100      8   80  00  00  00  00  00  00  A1      12.2355
     0100      8   80  00  00  00  00  00  00  A1      12.2383
     0100      8   80  00  00  00  00  00  00  A1      12.2411
     0100      8   80  00  00  00  00  00  00  A1      12.2439
     0100      8   80  00  00  00  00  00  00  A1      12.2467
     0100      8   80  00  00  00  00  00  00  A1      12.2495
     0100      8   80  00  00  00  00  00  00  A1      12.2523
     0100      8   80  00  00  00  00  00  00  A1      12.2551
     0100      8   80  00  00  00  00  00  00  A1      12.2579
     0100      8   80  00  00  00  00  00  00  A1      12.2607
     0100      8   80  00  00  00  00  00  00  A1      12.2635
     0100      8   80  00  00  00  00  00  00  A1      12.2663
     0100      8   80  00  00  00  00  00  00  A1      12.2691
     0100      8   80  00  00  00  00  00  00  A1      12.2719
     0100      8   80  00  00  00  00  00  00  A1      12.2747
     0100      8   80  00  00  00  00  00  00  A1      12.2775
     0100      8   80  00  00  00  00  00  00  A1      12.2803
     0100      8   80  00  00  00  00  00  00  A1      12.2831
     0100      8   80  00  00  00  00  00  00  A1      12.2859
     0100      8   80  00  00  00  00  00  00  A1      12.2887
     0100      8   80  00  00  00  00  00  00  A1      12.2915
     0100      8   80  00  00  00  00  00  00  A1      12.2944
     0100      8   80  00  00  00  00  00  00  A1      12.2972
     0100      8   80  00  00  00  00  00  00  A1      12.3000
     0100      8   80  00  00  00  00  00  00  A1      12.3028
     0100      8   80  00  00  00  00  00  00  A1      12.3056
     0100      8   80  00  00  00  00  00  00  A1      12.3084
     0100      8   80  00  00  00  00  00  00  A1      12.3112
     0100      8   80  00  00  00  00  00  00  A1      12.3140
     0100      8   80  00  00  00  00  00  00  A1      12.3168
     0100      8   80  00  00  00  00  00  00  A1      12.3196
     0100      8   80  00  00  00  00  00  00  A1      12.3224
     0100      8   80  00  00  00  00  00  00  A1      12.3252
     0100      8   80  00  00  00  00  00  00  A1      12.3280
     0100      8   80  00  00  00  00  00  00  A1      12.3308
     0100      8   80  00  00  00  00  00  00  A1      12.3336
     0100      8   80  00  00  00  00  00  00  A1      12.3364
     0100      8   80  00  00  00  00  00  00  A1      12.3392
     0100      8   80  00  00  00  00  00  00  A1      12.3420
     0100      8   80  00  00  00  00  00  00  A1      12.3448
     0100      8   80  00  00  00  00  00  00  A1      12.3476
     0100      8   80  00  00  00  00  00  00  A1      12.3504
     0100      8   80  00  00  00  00  00  00  A1      12.3532
     0100      8   80  00  00  00  00  00  00  A1      12.3561
     0100      8   80  00  00  00  00  00  00  A1      12.3589
     0100      8   80  00  00  00  00  00  00  A1      12.3617
     0100      8   80  00  00  00  00  00  00  A1      12.3645
     0100      8   80  00  00  00  00  00  00  A1      12.3673
     0100      8   80  00  00  00  00  00  00  A1      12.3701
     0100      8   80  00  00  00  00  00  00  A1      12.3729
     0100      8   80  00  00  00  00  00  00  A1      12.3757
     0100      8   80  00  00  00  00  00  00  A1      12.3785
     0100      8   80  00  00  00  00  00  00  A1      12.3813
     0100      8   80  00  00  00  00  00  00  A1      12.3841
     0100      8   80  00  00  00  00  00  00  A1      12.3869
     0100      8   80  00  00  00  00  00  00  A1      12.3897
     0100      8   80  00  00  00  00  00  00  A1      12.3925
     0100      8   80  00  00  00  00  00  00  A1      12.3953
     0100      8   80  00  00  00  00  00  00  A1      12.3981
     0100      8   80  00  00  00  00  00  00  A1      12.4009
     0100      8   80  00  00  00  00  00  00  A1      12.4037
     0100      8   80  00  00  00  00  00  00  A1      12.4065
     0100      8   80  00  00  00  00  00  00  A1      12.4093
     0100      8   80  00  00  00  00  00  00  A1      12.4121
     0100      8   80  00  00  00  00  00  00  A1      12.4149
     0100      8   80  00  00  00  00  00  00  A1      12.4177
     0100      8   80  00  00  00  00  00  00  A1      12.4206
     0100      8   80  00  00  00  00  00  00  A1      12.4234
     0100      8   80  00  00  00  00  00  00  A1      12.4262
     0100      8   80  00  00  00  00  00  00  A1      12.4290
     0100      8   80  00  00  00  00  00  00  A1      12.4318
     0100      8   80  00  00  00  00  00  00  A1      12.4346
     0100      8   80  00  00  00  00  00  00  A1      12.4374
     0100      8   80  00  00  00  00  00  00  A1      12.4402
     0100      8   80  00  00  00  00  00  00  A1      12.4430
     0100      8   80  00  00  00  00  00  00  A1      12.4458
     0100      8   80  00  00  00  00  00  00  A1      12.4486
     0100      8   80  00  00  00  00  00  00  A1      12.4514
     0101      8   21  FF  7F  FF  00  00  00  51      12.4535
     0102      8   80  00  00  00  00  00  00  A1      12.4537
     0100      8   80  00  00  00  00  00  00  A1      12.4542
     0100      8   A0  00  00  09  10  00  00  D7      12.4572
     0100      8   A0  00  00  09  10  00  00  D7      12.4598
     0100      8   A0  00  00  09  10  00  00  D7      12.4626
     0101      8   41  FF  7F  FF  00  00  00  E0      12.4635
     0102      8   A0  00  00  09  10  00  00  D7      12.4637
     0100      8   A0  00  00  09  10  00  00  D7      12.4654
     0100      8   C0  00  00  09  10  00  00  66      12.4684
     0100      8   C0  00  00  09  10  00  00  66      12.4710
     0101      8   60  01  7F  FF  00  00  00  9D      12.4735
     0102      8   C0  00  00  09  10  00  00  66      12.4738
     0100      8   C0  00  00  09  10  00  00  66      12.4740
     0100      8   E0  00  00  09  10  00  00  09      12.4770
     0100      8   E0  00  00  09  10  00  00  09      12.4794
     0100      8   E0  00  00  09  10  00  00  09      12.4822
     0101      8   80  01  7F  FF  00  00  00  8D      12.4835
     0102      8   E0  00  00  09  10  00  00  09      12.4838
     0100      8   E0  00  00  09  10  00  00  09      12.4850
     0100      8   00  00  00  09  10  00  00  19      12.4879
     0100      8   00  00  00  09  10  00  00  19      12.4907
     0100      8   00  00  00  09  10  00  00  19      12.4935
     0101      8   A0  01  7F  FF  00  00  00  E2      12.4937
     0102      8   00  00  00  09  10  00  00  19      12.4940
     0100      8   00  00  00  09  10  00  00  19      12.4963
     0100      8   20  00  00  09  10  00  00  76      12.4992
     0100      8   20  00  00  09  10  00  00  76      12.5019
     0101      8   C0  01  7F  FF  00  00  00  53      12.5036
     0102      8   20  00  00  09  10  00  00  76      12.5038
     0100      8   20  00  00  09  10  00  00  76      12.5047
     0100      8   40  00  00  09  10  00  00  C7      12.5076
     0100      8   40  00  00  09  10  00  00  C7      12.5103
     0100      8   40  00  00  09  10  00  00  C7      12.5131
     0101      8   E0  01  7F  FF  00  00  00  3C      12.5136
     0102      8   40  00  00  09  10  00  00  C7      12.5138
     0100      8   40  00  00  09  10  00  00  C7      12.5159
     0100      8   60  00  00  09  10  00  00  A8      12.5188
     0100      8   60  00  00  09  10  00  00  A8      12.5215
     0101      8   00  01  7F  FF  00  00  00  2C      12.5236
     0102      8   60  00  00  09  10  00  00  A8      12.5238
     0100      8   60  00  00  09  10  00  00  A8      12.5243
     0100      8   80  00  00  09  10  00  00  B8      12.5272
     0100      8   80  00  00  09  10  00  00  B8      12.5299
     0100      8   80  00  00  09  10  00  00  B8      12.5327
     0101      8   20  01  7F  FF  00  00  00  43      12.5335
     0102      8   80  00  00  09  10  00  00  B8      12.5338
     0100      8   80  00  00  09  10  00  00  B8      12.5355
     0100      8   A0  00  00  09  10  00  00  D7      12.5385
     0100      8   A0  00  00  09  10  00  00  D7      12.5411
     0101      8   40  01  7F  FF  00  00  00  F2      12.5436
     0102      8   A0  00  00  09  10  00  00  D7      12.5438
     0100      8   A0  00  00  09  10  00  00  D7      12.5440
     0501      8   0E  00  00  00  00  00  00  01      12.5443
     0100      8   C0  00  00  09  10  00  00  66      12.5470
     0100      8   C0  00  00  09  10  00  00  66      12.5496
     0100      8   C0  00  00  09  10  00  00  66      12.5524
     0101      8   60  01  7F  FF  00  00  00  9D      12.5535
     0102      8   C0  00  00  09  10  00  00  66      12.5538
     0100      8   C0  00  00  09  10  00  00  66      12.5552
     0100      8   E0  00  00  09  10  00  00  09      12.5582
     0100      8   E0  00  00  09  10  00  00  09      12.5608
     0101      8   80  01  7F  FF  00  00  00  8D      12.5635
     0100      8   E0  00  00  09  10  00  00  09      12.5638
     0102      8   E0  00  00  09  10  00  00  09      12.5640
     0100      8   00  00  00  09  10  00  00  19      12.5667
     0100      8   00  00  00  09  10  00  00  19      12.5692
     0100      8   00  00  00  09  10  00  00  19      12.5720
     0101      8   A0  01  7F  FF  00  00  00  E2      12.5735
     0102      8   00  00  00  09  10  00  00  19      12.5738
     0100      8   00  00  00  09  10  00  00  19      12.5748
     0100      8   20  00  00  09  10  00  00  76      12.5777
     0100      8   20  00  00  09  10  00  00  76      12.5804
     0100      8   20  00  00  09  10  00  00  76      12.5832
     0101      8   C0  01  7F  FF  00  00  00  53      12.5835
     0102      8   20  00  00  09  10  00  00  76      12.5838
     0100      8   20  00  00  09  10  00  00  76      12.5860
     0100      8   40  00  00  09  10  00  00  C7      12.5890
     0100      8   40  00  00  09  10  00  00  C7      12.5916
     0101      8   E0  01  7F  FF  00  00  00  3C      12.5935
     0102      8   40  00  00  09  10  00  00  C7      12.5938
     0100      8   40  00  00  09  10  00  00  C7      12.5944
     0100      8   60  00  00  09  10  00  00  A8      12.5974
     0100      8   60  00  00  09  10  00  00  A8      12.6000
     0100      8   60  00  00  09  10  00  00  A8      12.6028
     0101      8   00  01  7F  FF  00  00  00  2C      12.6035
     0102      8   60  00  00  09  10  00  00  A8      12.6038
     0100      8   60  00  00  09  10  00  00  A8      12.6056
     0100      8   80  00  00  09  10  00  00  B8      12.6086
     0100      8   80  00  00  09  10  00  00  B8      12.6112
     0101      8   20  01  7F  FF  00  00  00  43      12.6135
     0102      8   80  00  00  09  10  00  00  B8      12.6138
     0100      8   80  00  00  09  10  00  00  B8      12.6141
     0100      8   A0  00  00  09  10  00  00  D7      12.6171
     0100      8   A0  00  00  09  10  00  00  D7      12.6197
     0100      8   A0  00  00  09  10  00  00  D7      12.6225
     0101      8   40  01  7F  FF  00  00  00  F2      12.6235
     0102      8   A0  00  00  09  10  00  00  D7      12.6238
     0100      8   A0  00  00  09  10  00  00  D7      12.6253
     0100      8   C0  00  00  09  10  00  00  66      12.6282
     0100      8   C0  00  00  09  10  00  00  66      12.6309
     0101      8   60  01  7F  FF  00  00  00  9D      12.6335
     0100      8   C0  00  00  09  10  00  00  66      12.6338
     0102      8   C0  00  00  09  10  00  00  66      12.6340
     0100      8   E0  00  00  09  10  00  00  09      12.6368
     0100      8   E0  00  00  09  10  00  00  09      12.6393
     0100      8   E0  00  00  09  10  00  00  09      12.6421
     0101      8   80  01  7F  FF  00  00  00  8D      12.6435
     0102      8   E0  00  00  09  10  00  00  09      12.6438
     0501      8   0E  00  00  00  00  00  00  01      12.6440
     0100      8   E0  00  00  09  10  00  00  09      12.6449
     0100      8   00  00  00  09  10  00  00  19      12.6478
     0100      8   00  00  00  09  10  00  00  19      12.6505
     0100      8   00  00  00  09  10  00  00  19      12.6533
     0101      8   A0  01  7F  FF  00  00  01  FF      12.6536
     0102      8   00  00  00  09  10  00  00  19      12.6538
     0100      8   00  00  00  09  10  00  00  19      12.6561
     0100      8   20  00  00  00  00  00  00  6F      12.6616
     0101      8   C0  01  7F  FF  00  00  01  4E      12.6635
     0102      8   20  00  00  00  00  00  00  6F      12.6638
     0100      8   20  00  00  00  00  00  00  6F      12.6645
     0100      8   40  00  00  00  00  00  00  DE      12.6700
     0100      8   40  00  00  00  00  00  00  DE      12.6728
     0101      8   E0  01  7F  FF  00  00  01  21      12.6735
     0102      8   40  00  00  00  00  00  00  DE      12.6738
     0100      8   40  00  00  00  00  00  00  DE      12.6756
     0100      8   60  00  00  00  00  00  00  B1      12.6811
     0101      8   00  01  7F  FF  00  00  01  31      12.6835
     0102      8   60  00  00  00  00  00  00  B1      12.6838
     0100      8   60  00  00  00  00  00  00  B1      12.6840
     0100      8   80  00  00  00  00  00  00  A1      12.6894
     0100      8   80  00  00  00  00  00  00  A1      12.6922
     0101      8   20  01  7F  FF  00  00  01  5E      12.6935
     0102      8   80  00  00  00  00  00  00  A1      12.6938
     0100      8   80  00  00  00  00  00  00  A1      12.6950
     0100      8   A0  00  00  00  00  00  00  CE      12.7006
     0100      8   A0  00  00  00  00  00  00  CE      12.7034
     0101      8   40  01  7F  FF  00  00  01  EF      12.7036
     0102      8   A0  00  00  00  00  00  00  CE      12.7039
     0100      8   A0  00  00  00  00  00  00  CE      12.7062
     0100      8   C0  00  00  00  00  00  00  7F      12.7117
     0101      8   60  01  7F  FF  00  00  01  80      12.7135
     0102      8   C0  00  00  00  00  00  00  7F      12.7138
     0100      8   C0  00  00  00  00  00  00  7F      12.7145
     0100      8   E0  00  00  00  00  00  00  10      12.7200
     0100      8   E0  00  00  00  00  00  00  10      12.7228
     0101      8   80  01  7F  FF  00  00  01  90      12.7235
     0102      8   E0  00  00  00  00  00  00  10      12.7238
     0100      8   E0  00  00  00  00  00  00  10      12.7256
     0100      8   00  00  00  00  00  00  00  00      12.7312
     0101      8   A0  01  7F  FF  00  00  01  FF      12.7335
     0102      8   00  00  00  00  00  00  00  00      12.7338
     0100      8   00  00  00  00  00  00  00  00      12.7340
     0100      8   20  00  00  00  00  00  00  6F      12.7395
     0100      8   20  00  00  00  00  00  00  6F      12.7423
     0101      8   C0  01  7F  FF  00  00  01  4E      12.7435
     0102      8   20  00  00  00  00  00  00  6F      12.7438
     0501      8   0E  00  00  00  00  00  00  01      12.7440
     0100      8   20  00  00  00  00  00  00  6F      12.7451
     0100      8   40  00  00  00  00  00  00  DE      12.7506
     0100      8   40  00  00  00  00  00  00  DE      12.7534
     0101      8   E0  01  7F  FF  00  00  01  21      12.7537
     0102      8   40  00  00  00  00  00  00  DE      12.7539
     0100      8   40  00  00  00  00  00  00  DE      12.7562
     0100      8   60  00  00  00  00  00  00  B1      12.7618
     0101      8   00  01  7F  FF  00  00  01  31      12.7635
     0102      8   60  00  00  00  00  00  00  B1      12.7638
     0100      8   60  00  00  00  00  00  00  B1      12.7646
     0100      8   80  00  00  00  00  00  00  A1      12.7701
     0100      8   80  00  00  00  00  00  00  A1      12.7729
     0101      8   20  01  7F  FF  00  00  01  5E      12.7735
     0102      8   80  00  00  00  00  00  00  A1      12.7738
     0100      8   80  00  00  00  00  00  00  A1      12.7757
     0100      8   A0  00  00  00  00  00  00  CE      12.7812
     0101      8   40  01  7F  FF  00  00  01  EF      12.7835
     0102      8   A0  00  00  00  00  00  00  CE      12.7838
     0100      8   A0  00  00  00  00  00  00  CE      12.7840
     0100      8   C0  00  00  00  00  00  00  7F      12.7895
     0100      8   C0  00  00  00  00  00  00  7F      12.7924
     0101      8   60  01  7F  FF  00  00  01  80      12.7935
     0102      8   C0  00  00  00  00  00  00  7F      12.7938
     0100      8   C0  00  00  00  00  00  00  7F      12.7952
     0100      8   E0  00  00  00  00  00  00  10      12.8007
     0100      8   E0  00  00  00  00  00  00  10      12.8035
     0101      8   80  01  7F  FF  00  00  01  90      12.8037
     0102      8   E0  00  00  00  00  00  00  10      12.8040
     0100      8   E0  00  00  00  00  00  00  10      12.8063
     0100      8   00  00  00  00  00  00  00  00      12.8118
     0101      8   A0  01  7F  FF  00  00  01  FF      12.8135
     0102      8   00  00  00  00  00  00  00  00      12.8138
     0100      8   00  00  00  00  00  00  00  00      12.8146
     0100      8   20  00  00  00  00  00  00  6F      12.8201
     0100      8   20  00  00  00  00  00  00  6F      12.8229
     0101      8   C0  01  7F  FF  00  00  01  4E      12.8235
     0102      8   20  00  00  00  00  00  00  6F      12.8238
     0100      8   20  00  00  00  00  00  00  6F      12.8258
     0100      8   40  00  00  00  00  00  00  DE      12.8313
     0101      8   E0  01  7F  FF  00  00  01  21      12.8335
     0102      8   40  00  00  00  00  00  00  DE      12.8337
     0100      8   40  00  00  00  00  00  00  DE      12.8341
     0100      8   60  00  00  00  00  00  00  B1      12.8396
     0100      8   60  00  00  00  00  00  00  B1      12.8424
     0101      8   00  01  7F  FF  00  00  01  31      12.8435
     0102      8   60  00  00  00  00  00  00  B1      12.8437
     0501      8   0E  00  00  00  00  00  00  01      12.8440
     0100      8   60  00  00  00  00  00  00  B1      12.8452
     0100      8   80  00  00  00  00  00  00  A1      12.8507
     0101      8   20  01  7F  FF  00  00  01  5E      12.8535
     0100      8   80  00  00  00  00  00  00  A1      12.8538
     0102      8   80  00  00  00  00  00  00  A1      12.8540
     0100      8   A0  00  00  00  00  00  00  CE      12.8591
     0100      8   A0  00  00  00  00  00  00  CE      12.8619
     0101      8   40  01  7F  FF  00  00  01  EF      12.8635
     0102      8   A0  00  00  00  00  00  00  CE      12.8637
     0100      8   A0  00  00  00  00  00  00  CE      12.8647
     0100      8   C0  00  00  00  00  00  00  7F      12.8702
     0100      8   C0  00  00  00  00  00  00  7F      12.8730
     0101      8   60  01  7F  FF  00  00  01  80      12.8735
     0102      8   C0  00  00  00  00  00  00  7F      12.8738
     0100      8   C0  00  00  00  00  00  00  7F      12.8758
     0100      8   E0  00  00  00  00  00  00  10      12.8813
     0101      8   80  01  7F  FF  00  00  01  90      12.8835
     0102      8   E0  00  00  00  00  00  00  10      12.8837
     0100      8   E0  00  00  00  00  00  00  10      12.8841
     0100      8   00  00  00  00  00  00  00  00      12.8897
     0100      8   00  00  00  00  00  00  00  00      12.8925
     0101      8   A0  01  7F  FF  00  00  01  FF      12.8935
     0102      8   00  00  00  00  00  00  00  00      12.8937
     0100      8   00  00  00  00  00  00  00  00      12.8953
     0100      8   20  00  00  00  00  00  00  6F      12.9008
     0101      8   C0  01  7F  FF  00  00  01  4E      12.9035
     0100      8   20  00  00  00  00  00  00  6F      12.9037
     0102      8   20  00  00  00  00  00  00  6F      12.9040
     0100      8   40  00  00  00  00  00  00  DE      12.9091
     0100      8   40  00  00  00  00  00  00  DE      12.9119
     0101      8   E0  01  7F  FF  00  00  01  21      12.9135
     0102      8   40  00  00  00  00  00  00  DE      12.9137
     0100      8   40  00  00  00  00  00  00  DE      12.9147
     0100      8   60  00  00  00  00  00  00  B1      12.9202
     0100      8   60  00  00  00  00  00  00  B1      12.9231
     0101      8   00  01  7F  FF  00  00  01  31      12.9235
     0102      8   60  00  00  00  00  00  00  B1      12.9237
     0100      8   60  00  00  00  00  00  00  B1      12.9259
     0100      8   80  00  00  00  00  00  00  A1      12.9314
     0101      8   20  01  7F  FF  00  00  01  5E      12.9335
     0102      8   80  00  00  00  00  00  00  A1      12.9337
     0100      8   80  00  00  00  00  00  00  A1      12.9342
     0100      8   A0  00  00  00  00  00  00  CE      12.9397
     0100      8   A0  00  00  00  00  00  00  CE      12.9425
     0101      8   40  01  7F  FF  00  00  01  EF      12.9435
     0102      8   A0  00  00  00  00  00  00  CE      12.9437
     0501      8   0E  00  00  00  00  00  00  01      12.9440
     0100      8   A0  00  00  00  00  00  00  CE      12.9453
     0100      8   C0  00  00  00  00  00  00  7F      12.9508
     0101      8   60  01  7F  FF  00  00  01  80      12.9535
     0100      8   C0  00  00  00  00  00  00  7F      12.9537
     0102      8   C0  00  00  00  00  00  00  7F      12.9540
     0100      8   E0  00  00  00  00  00  00  10      12.9592
     0100      8   E0  00  00  00  00  00  00  10      12.9620
     0101      8   80  01  7F  FF  00  00  01  90      12.9635
     0102      8   E0  00  00  00  00  00  00  10      12.9637
     0100      8   E0  00  00  00  00  00  00  10      12.9648
     0100      8   00  00  00  00  00  00  00  00      12.9703
     0100      8   00  00  00  00  00  00  00  00      12.9731
     0101      8   A0  01  7F  FF  00  00  01  FF      12.9735
     0102      8   00  00  00  00  00  00  00  00      12.9737
     0100      8   00  00  00  00  00  00  00  00      12.9759
     0100      8   20  00  00  00  00  00  00  6F      12.9814
     0101      8   C0  01  7F  FF  00  00  01  4E      12.9835
     0102      8   20  00  00  00  00  00  00  6F      12.9837
     0100      8   20  00  00  00  00  00  00  6F      12.9842
     0100      8   40  00  00  00  00  00  00  DE      12.9898
     0100      8   40  00  00  00  00  00  00  DE      12.9926
     0101      8   E0  01  7F  FF  00  00  01  21      12.9935
     0102      8   40  00  00  00  00  00  00  DE      12.9937
     0100      8   40  00  00  00  00  00  00  DE      12.9954
     0100      8   60  00  00  00  00  00  00  B1      13.0009
     0101      8   00  01  7F  FF  00  00  01  31      13.0035
     0100      8   60  00  00  00  00  00  00  B1      13.0037
     0102      8   60  00  00  00  00  00  00  B1      13.0040
     0100      8   80  00  00  00  00  00  00  A1      13.0092
     0100      8   80  00  00  00  00  00  00  A1      13.0120
     0101      8   20  01  7F  FF  00  00  01  5E      13.0135
     0102      8   80  00  00  00  00  00  00  A1      13.0137
     0100      8   80  00  00  00  00  00  00  A1      13.0148
     0100      8   A0  00  00  00  00  00  00  CE      13.0204
     0100      8   A0  00  00  00  00  00  00  CE      13.0232
     0101      8   40  01  7F  FF  00  00  01  EF      13.0235
     0102      8   A0  00  00  00  00  00  00  CE      13.0237
     0100      8   A0  00  00  00  00  00  00  CE      13.0260
     0100      8   C0  00  00  00  00  00  00  7F      13.0315
     0101      8   60  01  7F  FF  00  00  01  80      13.0335
     0102      8   C0  00  00  00  00  00  00  7F      13.0337
     0100      8   C0  00  00  00  00  00  00  7F      13.0343
     0100      8   E0  00  00  00  00  00  00  10      13.0398
     0100      8   E0  00  00  00  00  00  00  10      13.0426
     0101      8   80  01  7F  FF  00  00  01  90      13.0435
     0102      8   E0  00  00  00  00  00  00  10      13.0437
     0501      8   0E  03  00  00  00  00  00  CB      13.0440
     0100      8   E0  00  00  00  00  00  00  10      13.0454
     0100      8   00  00  00  00  00  00  00  00      13.0510
     0101      8   A0  01  7F  FF  00  00  0F  59      13.0535
     0102      8   00  00  00  00  00  00  00  00      13.0537
     0100      8   00  00  00  00  00  00  00  00      13.0540
     0100      8   20  00  00  00  00  00  00  6F      13.0575
     0100      8   20  00  00  00  00  00  00  6F      13.0603
     0100      8   20  00  00  00  00  00  00  6F      13.0631
     0101      8   C0  01  7F  FF  00  00  0F  E8      13.0635
     0102      8   20  00  00  00  00  00  00  6F      13.0637
     0100      8   20  00  00  00  00  00  00  6F      13.0659
     0100      8   40  00  00  00  00  00  00  DE      13.0696
     0100      8   40  00  00  00  00  00  00  DE      13.0725
     0101      8   E0  01  7F  FF  00  00  0F  87      13.0735
     0102      8   40  00  00  00  00  00  00  DE      13.0737
     0100      8   40  00  00  00  00  00  00  DE      13.0753
     0100      8   60  00  00  00  00  00  00  B1      13.0790
     0100      8   60  00  00  00  00  00  00  B1      13.0818
     0101      8   00  01  7F  FF  00  00  0F  97      13.0835
     0102      8   60  00  00  00  00  00  00  B1      13.0837
     0100      8   60  00  00  00  00  00  00  B1      13.0846
     0100      8   80  00  00  00  00  00  00  A1      13.0883
     0100      8   80  00  00  00  00  00  00  A1      13.0911
     0101      8   20  01  7F  FF  00  00  0F  F8      13.0935
     0102      8   80  00  00  00  00  00  00  A1      13.0937
     0100      8   80  00  00  00  00  00  00  A1      13.0940
     0100      8   A0  00  00  00  00  00  00  CE      13.0977
     0100      8   A0  00  00  00  00  00  00  CE      13.1005
     0100      8   A0  00  00  00  00  00  00  CE      13.1033
     0101      8   40  01  7F  FF  00  00  0F  49      13.1035
     0102      8   A0  00  00  00  00  00  00  CE      13.1038
     0100      8   A0  00  00  00  00  00  00  CE      13.1061
     0100      8   C0  00  00  00  00  00  00  7F      13.1098
     0100      8   C0  00  00  00  00  00  00  7F      13.1127
     0101      8   60  01  7F  FF  00  00  0F  26      13.1135
     0102      8   C0  00  00  00  00  00  00  7F      13.1137
     0100      8   C0  00  00  00  00  00  00  7F      13.1155
     0100      8   E0  00  00  00  00  00  00  10      13.1192
     0100      8   E0  00  00  00  00  00  00  10      13.1220
     0101      8   80  01  7F  FF  00  00  0F  36      13.1235
     0102      8   E0  00  00  00  00  00  00  10      13.1237
     0100      8   E0  00  00  00  00  00  00  10      13.1248
     0100      8   00  00  00  00  00  00  00  00      13.1285
     0100      8   00  00  00  00  00  00  00  00      13.1313
     0101      8   A0  01  7F  FF  00  00  0F  59      13.1335
     0102      8   00  00  00  00  00  00  00  00      13.1337
     0100      8   00  00  00  00  00  00  00  00      13.1342
     0100      8   20  00  00  00  00  00  00  6F      13.1379
     0100      8   20  00  00  00  00  00  00  6F      13.1407
     0101      8   C0  01  7F  FF  00  00  0F  E8      13.1435
     0100      8   20  00  00  00  00  00  00  6F      13.1437
     0102      8   20  00  00  00  00  00  00  6F      13.1440
     0501      8   0E  03  00  00  00  00  00  CB      13.1442
     0100      8   40  00  00  00  00  00  00  DE      13.1472
     0100      8   40  00  00  00  00  00  00  DE      13.1500
     0100      8   40  00  00  00  00  00  00  DE      13.1528
     0101      8   E0  01  7F  FF  00  00  0F  87      13.1535
     0102      8   40  00  00  00  00  00  00  DE      13.1537
     0100      8   40  00  00  00  00  00  00  DE      13.1556
     0100      8   60  00  00  00  00  00  00  B1      13.1594
     0100      8   60  00  00  00  00  00  00  B1      13.1622
     0101      8   00  01  7F  FF  00  00  0F  97      13.1635
     0102      8   60  00  00  00  00  00  00  B1      13.1637
     0100      8   60  00  00  00  00  00  00  B1      13.1650
     0100      8   80  00  00  00  00  00  00  A1      13.1687
     0100      8   80  00  00  00  00  00  00  A1      13.1715
     0101      8   20  01  7F  FF  00  00  0F  F8      13.1735
     0102      8   80  00  00  00  00  00  00  A1      13.1737
     0100      8   80  00  00  00  00  00  00  A1      13.1743
     0100      8   A0  00  00  00  00  00  00  CE      13.1781
     0100      8   A0  00  00  00  00  00  00  CE      13.1809
     0101      8   40  01  7F  FF  00  00  0F  49      13.1835
     0100      8   A0  00  00  00  00  00  00  CE      13.1837
     0102      8   A0  00  00  00  00  00  00  CE      13.1839
     0100      8   C0  00  00  00  00  00  00  7F      13.1874
     0100      8   C0  00  00  00  00  00  00  7F      13.1902
     0100      8   C0  00  00  00  00  00  00  7F      13.1930
     0101      8   60  01  7F  FF  00  00  0F  26      13.1934
     0102      8   C0  00  00  00  00  00  00  7F      13.1937
     0100      8   C0  00  00  00  00  00  00  7F      13.1958
     0100      8   E0  00  00  00  00  00  00  10      13.1996
     0100      8   E0  00  00  00  00  00  00  10      13.2024
     0101      8   80  01  7F  FF  00  00  0F  36      13.2034
     0102      8   E0  00  00  00  00  00  00  10      13.2037
     0100      8   E0  00  00  00  00  00  00  10      13.2052
     0100      8   00  00  00  00  00  00  00  00      13.2089
     0100      8   00  00  00  00  00  00  00  00      13.2117
     0101      8   A0  01  7F  FF  00  00  0F  59      13.2134
     0102      8   00  00  00  00  00  00  00  00      13.2137
     0100      8   00  00  00  00  00  00  00  00      13.2145
     0100      8   20  00  00  00  00  00  00  6F      13.2183
     0100      8   20  00  00  00  00  00  00  6F      13.2211
     0101      8   C0  01  7F  FF  00  00  0F  E8      13.2234
     0102      8   20  00  00  00  00  00  00  6F      13.2237
     0100      8   20  00  00  00  00  00  00  6F      13.2239
     0100      8   40  00  00  00  00  00  00  DE      13.2276
     0100      8   40  00  00  00  00  00  00  DE      13.2304
     0100      8   40  00  00  00  00  00  00  DE      13.2332
     0101      8   E0  01  7F  FF  00  00  0F  87      13.2335
     0102      8   40  00  00  00  00  00  00  DE      13.2337
     0100      8   40  00  00  00  00  00  00  DE      13.2360
     0100      8   60  00  00  00  00  00  00  B1      13.2398
     0100      8   60  00  00  00  00  00  00  B1      13.2426
     0101      8   00  01  7F  FF  00  00  0F  97      13.2435
     0102      8   60  00  00  00  00  00  00  B1      13.2437
     0501      8   0E  03  00  00  00  00  00  CB      13.2439
     0100      8   60  00  00  00  00  00  00  B1      13.2454
     0100      8   80  00  00  00  00  00  00  A1      13.2491
     0100      8   80  00  00  00  00  00  00  A1      13.2519
     0101      8   20  01  7F  FF  00  00  0F  F8      13.2534
     0102      8   80  00  00  00  00  00  00  A1      13.2537
     0100      8   80  00  00  00  00  00  00  A1      13.2547
     0100      8   A0  00  00  00  00  00  00  CE      13.2585
     0100      8   A0  00  00  00  00  00  00  CE      13.2613
     0101      8   40  01  7F  FF  00  00  0F  49      13.2634
     0102      8   A0  00  00  00  00  00  00  CE      13.2637
     0100      8   A0  00  00  00  00  00  00  CE      13.2641
     0100      8   C0  00  00  00  00  00  00  7F      13.2678
     0100      8   C0  00  00  00  00  00  00  7F      13.2706
     0100      8   C0  00  00  00  00  00  00  7F      13.2734
     0101      8   60  01  7F  FF  00  00  0F  26      13.2737
     0102      8   C0  00  00  00  00  00  00  7F      13.2739
     0100      8   C0  00  00  00  00  00  00  7F      13.2762
     0100      8   E0  00  00  00  00  00  00  10      13.2800
     0100      8   E0  00  00  00  00  00  00  10      13.2828
     0101      8   80  01  7F  FF  00  00  0F  36      13.2834
     0102      8   E0  00  00  00  00  00  00  10      13.2837
     0100      8   E0  00  00  00  00  00  00  10      13.2856
     0100      8   00  00  00  00  00  00  00  00      13.2893
     0100      8   00  00  00  00  00  00  00  00      13.2921
     0101      8   A0  01  7F  FF  00  00  0F  59      13.2934
     0102      8   00  00  00  00  00  00  00  00      13.2937
     0100      8   00  00  00  00  00  00  00  00      13.2949
     0100      8   20  00  00  00  00  00  00  6F      13.2987
     0100      8   20  00  00  00  00  00  00  6F      13.3015
     0101      8   C0  01  7F  FF  00  00  0F  E8      13.3034
     0102      8   20  00  00  00  00  00  00  6F      13.3037
     0100      8   20  00  00  00  00  00  00  6F      13.3043
     0100      8   40  00  00  00  00  00  00  DE      13.3080
     0100      8   40  00  00  00  00  00  00  DE      13.3108
     0101      8   E0  01  7F  FF  00  00  0F  87      13.3134
     0100      8   40  00  00  00  00  00  00  DE      13.3137
     0102      8   40  00  00  00  00  00  00  DE      13.3139
     0100      8   60  00  00  00  00  00  00  B1      13.3174
     0100      8   60  00  00  00  00  00  00  B1      13.3202
     0100      8   60  00  00  00  00  00  00  B1      13.3230
     0101      8   00  01  7F  FF  00  00  0F  97      13.3234
     0102      8   60  00  00  00  00  00  00  B1      13.3237
     0100      8   60  00  00  00  00  00  00  B1      13.3258
     0100      8   80  00  00  00  00  00  00  A1      13.3295
     0100      8   80  00  00  00  00  00  00  A1      13.3323
     0101      8   20  01  7F  FF  00  00  0F  F8      13.3334
     0102      8   80  00  00  00  00  00  00  A1      13.3337
     0100      8   80  00  00  00  00  00  00  A1      13.3351
     0100      8   A0  00  00  00  00  00  00  CE      13.3389
     0100      8   A0  00  00  00  00  00  00  CE      13.3417
     0101      8   40  01  7F  FF  00  00  0F  49      13.3434
     0102      8   A0  00  00  00  00  00  00  CE      13.3437
     0501      8   0E  03  00  00  00  00  00  CB      13.3439
     0100      8   A0  00  00  00  00  00  00  CE      13.3445
     0100      8   C0  00  00  00  00  00  00  7F      13.3482
     0100      8   C0  00  00  00  00  00  00  7F      13.3510
     0101      8   60  01  7F  FF  00  00  0F  26      13.3534
     0102      8   C0  00  00  00  00  00  00  7F      13.3537
     0100      8   C0  00  00  00  00  00  00  7F      13.3539
     0100      8   E0  00  00  00  00  00  00  10      13.3576
     0100      8   E0  00  00  00  00  00  00  10      13.3604
     0100      8   E0  00  00  00  00  00  00  10      13.3632
     0101      8   80  01  7F  FF  00  00  0F  36      13.3634
     0102      8   E0  00  00  00  00  00  00  10      13.3637
     0100      8   E0  00  00  00  00  00  00  10      13.3660
     0100      8   00  00  00  00  00  00  00  00      13.3697
     0100      8   00  00  00  00  00  00  00  00      13.3725
     0101      8   A0  01  7F  FF  00  00  0F  59      13.3734
     0102      8   00  00  00  00  00  00  00  00      13.3737
     0100      8   00  00  00  00  00  00  00  00      13.3753
     0100      8   20  00  00  00  00  00  00  6F      13.3791
     0100      8   20  00  00  00  00  00  00  6F      13.3819
     0101      8   C0  01  7F  FF  00  00  0F  E8      13.3834
     0102      8   20  00  00  00  00  00  00  6F      13.3837
     0100      8   20  00  00  00  00  00  00  6F      13.3847
     0100      8   40  00  00  00  00  00  00  DE      13.3884
     0100      8   40  00  00  00  00  00  00  DE      13.3912
     0101      8   E0  01  7F  FF  00  00  0F  87      13.3934
     0102      8   40  00  00  00  00  00  00  DE      13.3937
     0100      8   40  00  00  00  00  00  00  DE      13.3940
     0100      8   60  00  00  00  00  00  00  B1      13.3978
     0100      8   60  00  00  00  00  00  00  B1      13.4006
     0100      8   60  00  00  00  00  00  00  B1      13.4034
     0101      8   00  01  7F  FF  00  00  0F  97      13.4036
     0102      8   60  00  00  00  00  00  00  B1      13.4039
     0100      8   60  00  00  00  00  00  00  B1      13.4062
     0100      8   80  00  00  00  00  00  00  A1      13.4099
     0100      8   80  00  00  00  00  00  00  A1      13.4127
     0101      8   20  01  7F  FF  00  00  0F  F8      13.4134
     0102      8   80  00  00  00  00  00  00  A1      13.4137
     0100      8   80  00  00  00  00  00  00  A1      13.4155
     0100      8   A0  00  00  00  00  00  00  CE      13.4193
     0100      8   A0  00  00  00  00  00  00  CE      13.4221
     0101      8   40  01  7F  FF  00  00  0F  49      13.4234
     0102      8   A0  00  00  00  00  00  00  CE      13.4237
     0100      8   A0  00  00  00  00  00  00  CE      13.4249
     0100      8   C0  00  00  00  00  00  00  7F      13.4286
     0100      8   C0  00  00  00  00  00  00  7F      13.4314
     0101      8   60  01  7F  FF  00  00  0F  26      13.4334
     0102      8   C0  00  00  00  00  00  00  7F      13.4337
     0100      8   C0  00  00  00  00  00  00  7F      13.4342
     0100      8   E0  00  00  00  00  00  00  10      13.4380
     0100      8   E0  00  00  00  00  00  00  10      13.4408
     0101      8   80  01  7F  FF  00  00  0F  36      13.4434
     0100      8   E0  00  00  00  00  00  00  10      13.4437
     0102      8   E0  00  00  00  00  00  00  10      13.4439
     0501      8   0E  03  00  00  00  00  00  CB      13.4442
     0100      8   00  00  00  00  00  00  00  00      13.4473
     0100      8   00  00  00  00  00  00  00  00      13.4501
     0100      8   00  00  00  00  00  00  00  00      13.4529
     0101      8   A0  01  7F  FF  00  00  0F  59      13.4534
     0102      8   00  00  00  00  00  00  00  00      13.4537
     0100      8   00  00  00  00  00  00  00  00      13.4557
     0100      8   20  00  00  00  00  00  00  6F      13.4595
     0100      8   20  00  00  00  00  00  00  6F      13.4623
     0101      8   C0  01  7F  FF  00  00  0F  E8      13.4634
     0102      8   20  00  00  00  00  00  00  6F      13.4637
     0100      8   20  00  00  00  00  00  00  6F      13.4651
     0100      8   40  00  00  00  00  00  00  DE      13.4688
     0100      8   40  00  00  00  00  00  00  DE      13.4716
     0101      8   E0  01  7F  FF  00  00  0F  87      13.4734
     0102      8   40  00  00  00  00  00  00  DE      13.4737
     0100      8   40  00  00  00  00  00  00  DE      13.4744
     0100      8   60  00  00  00  00  00  00  B1      13.4782
     0100      8   60  00  00  00  00  00  00  B1      13.4810
     0101      8   00  01  7F  FF  00  00  0F  97      13.4834
     0102      8   60  00  00  00  00  00  00  B1      13.4837
     0100      8   60  00  00  00  00  00  00  B1      13.4839
     0100      8   80  00  00  00  00  00  00  A1      13.4875
     0100      8   80  00  00  00  00  00  00  A1      13.4903
     0100      8   80  00  00  00  00  00  00  A1      13.4931
     0101      8   20  01  7F  FF  00  00  0F  F8      13.4934
     0102      8   80  00  00  00  00  00  00  A1      13.4937
     0100      8   80  00  00  00  00  00  00  A1      13.4959
     0100      8   A0  00  00  00  00  00  00  CE      13.4997
     0100      8   A0  00  00  00  00  00  00  CE      13.5025
     0101      8   40  01  7F  FF  00  00  0F  49      13.5034
     0102      8   A0  00  00  00  00  00  00  CE      13.5036
     0100      8   A0  00  00  00  00  00  00  CE      13.5053
     0100      8   C0  00  00  00  00  00  00  7F      13.5090
     0100      8   C0  00  00  00  00  00  00  7F      13.5118
     0101      8   60  01  7F  FF  00  00  0F  26      13.5134
     0102      8   C0  00  00  00  00  00  00  7F      13.5137
     0100      8   C0  00  00  00  00  00  00  7F      13.5146
     0100      8   E0  00  00  00  00  00  00  10      13.5184
     0100      8   E0  00  00  00  00  00  00  10      13.5212
     0101      8   80  01  7F  FF  00  00  0F  36      13.5234
     0102      8   E0  00  00  00  00  00  00  10      13.5237
     0100      8   E0  00  00  00  00  00  00  10      13.5240
     0100      8   00  00  00  00  00  00  00  00      13.5277
     0100      8   00  00  00  00  00  00  00  00      13.5305
     0100      8   00  00  00  00  00  00  00  00      13.5333
     0101      8   A0  01  7F  FF  00  00  0F  59      13.5336
     0102      8   00  00  00  00  00  00  00  00      13.5338
     0100      8   00  00  00  00  00  00  00  00      13.5361
     0100      8   20  00  00  00  00  00  00  6F      13.5399
     0100      8   20  00  00  00  00  00  00  6F      13.5427
     0101      8   C0  01  7F  FF  00  00  0F  E8      13.5434
     0102      8   20  00  00  00  00  00  00  6F      13.5437
     0501      8   0E  03  00  00  00  00  00  CB      13.5439
     0100      8   20  00  00  00  00  00  00  6F      13.5455
     0100      8   40  00  00  00  00  00  00  DE      13.5492
     0100      8   40  00  00  00  00  00  00  DE      13.5520
     0101      8   E0  01  7F  FF  00  00  0F  87      13.5534
     0102      8   40  00  00  00  00  00  00  DE      13.5536
     0100      8   40  00  00  00  00  00  00  DE      13.5548
     0100      8   60  00  00  00  00  00  00  B1      13.5586
     0100      8   60  00  00  00  00  00  00  B1      13.5614
     0101      8   00  01  7F  FF  00  00  0F  97      13.5634
     0102      8   60  00  00  00  00  00  00  B1      13.5636
     0100      8   60  00  00  00  00  00  00  B1      13.5642
     0100      8   80  00  00  00  00  00  00  A1      13.5679
     0100      8   80  00  00  00  00  00  00  A1      13.5707
     0101      8   20  01  7F  FF  00  00  0F  F8      13.5734
     0100      8   80  00  00  00  00  00  00  A1      13.5736
     0102      8   80  00  00  00  00  00  00  A1      13.5739
     0100      8   A0  00  00  00  00  00  00  CE      13.5772
     0100      8   A0  00  00  00  00  00  00  CE      13.5800
     0100      8   A0  00  00  00  00  00  00  CE      13.5829
     0101      8   40  01  7F  FF  00  00  0F  49      13.5834
     0102      8   A0  00  00  00  00  00  00  CE      13.5836
     0100      8   A0  00  00  00  00  00  00  CE      13.5857
     0100      8   C0  00  00  00  00  00  00  7F      13.5894
     0100      8   C0  00  00  00  00  00  00  7F      13.5922
     0101      8   60  01  7F  FF  00  00  0F  26      13.5934
     0102      8   C0  00  00  00  00  00  00  7F      13.5936
     0100      8   C0  00  00  00  00  00  00  7F      13.5950
     0100      8   E0  00  00  00  00  00  00  10      13.5987
     0100      8   E0  00  00  00  00  00  00  10      13.6016
     0101      8   80  01  7F  FF  00  00  0F  36      13.6034
     0102      8   E0  00  00  00  00  00  00  10      13.6036
     0100      8   E0  00  00  00  00  00  00  10      13.6044
     0100      8   00  00  00  00  00  00  00  00      13.6081
     0100      8   00  00  00  00  00  00  00  00      13.6109
     0101      8   A0  01  7F  FF  00  00  0F  59      13.6134
     0102      8   00  00  00  00  00  00  00  00      13.6136
     0100      8   00  00  00  00  00  00  00  00      13.6139
     0100      8   20  00  00  00  00  00  00  6F      13.6174
     0100      8   20  00  00  00  00  00  00  6F      13.6202
     0100      8   20  00  00  00  00  00  00  6F      13.6231
     0101      8   C0  01  7F  FF  00  00  0F  E8      13.6234
     0102      8   20  00  00  00  00  00  00  6F      13.6236
     0100      8   20  00  00  00  00  00  00  6F      13.6259
     0100      8   40  00  00  00  00  00  00  DE      13.6296
     0100      8   40  00  00  00  00  00  00  DE      13.6324
     0101      8   E0  01  7F  FF  00  00  0F  87      13.6334
     0102      8   40  00  00  00  00  00  00  DE      13.6336
     0100      8   40  00  00  00  00  00  00  DE      13.6352
     0100      8   60  00  00  00  00  00  00  B1      13.6389
     0100      8   60  00  00  00  00  00  00  B1      13.6417
     0101      8   00  01  7F  FF  00  00  0F  97      13.6434
     0102      8   60  00  00  00  00  00  00  B1      13.6436
     0501      8   0E  03  00  00  00  00  00  CB      13.6439
     0100      8   60  00  00  00  00  00  00  B1      13.6446
     0100      8   80  00  00  00  00  00  00  A1      13.6483
     0100      8   80  00  00  00  00  00  00  A1      13.6511
     0101      8   20  01  7F  FF  00  00  0F  F8      13.6534
     0102      8   80  00  00  00  00  00  00  A1      13.6536
     0100      8   80  00  00  00  00  00  00  A1      13.6539
     0100      8   A0  00  00  00  00  00  00  CE      13.6576
     0100      8   A0  00  00  00  00  00  00  CE      13.6604
     0100      8   A0  00  00  00  00  00  00  CE      13.6632
     0101      8   40  01  7F  FF  00  00  0F  49      13.6635
     0102      8   A0  00  00  00  00  00  00  CE      13.6637
     0100      8   A0  00  00  00  00  00  00  CE      13.6661
     0100      8   C0  00  00  00  00  00  00  7F      13.6698
     0100      8   C0  00  00  00  00  00  00  7F      13.6726
     0101      8   60  01  7F  FF  00  00  0F  26      13.6734
     0102      8   C0  00  00  00  00  00  00  7F      13.6736
     0100      8   C0  00  00  00  00  00  00  7F      13.6754
     0100      8   E0  00  00  00  00  00  00  10      13.6791
     0100      8   E0  00  00  00  00  00  00  10      13.6819
     0101      8   80  01  7F  FF  00  00  0F  36      13.6834
     0102      8   E0  00  00  00  00  00  00  10      13.6836
     0100      8   E0  00  00  00  00  00  00  10      13.6848
     0100      8   00  00  00  00  00  00  00  00      13.6885
     0100      8   00  00  00  00  00  00  00  00      13.6913
     0101      8   A0  01  7F  FF  00  00  0F  59      13.6934
     0102      8   00  00  00  00  00  00  00  00      13.6936
     0100      8   00  00  00  00  00  00  00  00      13.6941
     0100      8   20  00  00  00  00  00  00  6F      13.6978
     0100      8   20  00  00  00  00  00  00  6F      13.7006
     0101      8   C0  01  7F  FF  00  00  0F  E8      13.7034
     0100      8   20  00  00  00  00  00  00  6F      13.7036
     0102      8   20  00  00  00  00  00  00  6F      13.7039
     0100      8   40  00  00  00  00  00  00  DE      13.7072
     0100      8   40  00  00  00  00  00  00  DE      13.7100
     0100      8   40  00  00  00  00  00  00  DE      13.7128
     0101      8   E0  01  7F  FF  00  00  0F  87      13.7134
     0102      8   40  00  00  00  00  00  00  DE      13.7136
     0100      8   40  00  00  00  00  00  00  DE      13.7156
     0100      8   60  00  00  00  00  00  00  B1      13.7193
     0100      8   60  00  00  00  00  00  00  B1      13.7221
     0101      8   00  01  7F  FF  00  00  0F  97      13.7234
     0102      8   60  00  00  00  00  00  00  B1      13.7236
     0100      8   60  00  00  00  00  00  00  B1      13.7249
     0100      8   80  00  00  00  00  00  00  A1      13.7287
     0100      8   80  00  00  00  00  00  00  A1      13.7315
     0101      8   20  01  7F  FF  00  00  0F  F8      13.7334
     0102      8   80  00  00  00  00  00  00  A1      13.7336
     0100      8   80  00  00  00  00  00  00  A1      13.7343
     0100      8   A0  00  00  00  00  00  00  CE      13.7380
     0100      8   A0  00  00  00  00  00  00  CE      13.7408
     0101      8   40  01  7F  FF  00  00  0F  49      13.7434
     0102      8   A0  00  00  00  00  00  00  CE      13.7436
     0100      8   A0  00  00  00  00  00  00  CE      13.7439
     0501      8   0E  03  00  00  00  00  00  CB      13.7441
     0100      8   C0  00  00  00  00  00  00  7F      13.7474
     0100      8   C0  00  00  00  00  00  00  7F      13.7502
     0100      8   C0  00  00  00  00  00  00  7F      13.7530
     0101      8   60  01  7F  FF  00  00  0F  26      13.7534
     0102      8   C0  00  00  00  00  00  00  7F      13.7536
     0100      8   C0  00  00  00  00  00  00  7F      13.7558
     0100      8   E0  00  00  00  00  00  00  10      13.7595
     0100      8   E0  00  00  00  00  00  00  10      13.7623
     0101      8   80  01  7F  FF  00  00  0F  36      13.7634
     0102      8   E0  00  00  00  00  00  00  10      13.7636
     0100      8   E0  00  00  00  00  00  00  10      13.7651
     0100      8   00  00  00  00  00  00  00  00      13.7689
     0100      8   00  00  00  00  00  00  00  00      13.7717
     0101      8   A0  01  7F  FF  00  00  0F  59      13.7734
     0102      8   00  00  00  00  00  00  00  00      13.7736
     0100      8   00  00  00  00  00  00  00  00      13.7745
     0100      8   20  00  00  00  00  00  00  6F      13.7782
     0100      8   20  00  00  00  00  00  00  6F      13.7810
     0101      8   C0  01  7F  FF  00  00  0F  E8      13.7834
     0102      8   20  00  00  00  00  00  00  6F      13.7836
     0100      8   20  00  00  00  00  00  00  6F      13.7839
     0100      8   40  00  00  00  00  00  00  DE      13.7876
     0100      8   40  00  00  00  00  00  00  DE      13.7904
     0100      8   40  00  00  00  00  00  00  DE      13.7932
     0101      8   E0  01  7F  FF  00  00  0F  87      13.7934
     0102      8   40  00  00  00  00  00  00  DE      13.7937
     0100      8   40  00  00  00  00  00  00  DE      13.7960
     0100      8   60  00  00  00  00  00  00  B1      13.7997
     0100      8   60  00  00  00  00  00  00  B1      13.8025
     0101      8   00  01  7F  FF  00  00  0F  97      13.8034
     0102      8   60  00  00  00  00  00  00  B1      13.8036
     0100      8   60  00  00  00  00  00  00  B1      13.8053
     0100      8   80  00  00  00  00  00  00  A1      13.8091
     0100      8   80  00  00  00  00  00  00  A1      13.8119
     0101      8   20  01  7F  FF  00  00  0F  F8      13.8134
     0102      8   80  00  00  00  00  00  00  A1      13.8136
     0100      8   80  00  00  00  00  00  00  A1      13.8147
     0100      8   A0  00  00  00  00  00  00  CE      13.8184
     0100      8   A0  00  00  00  00  00  00  CE      13.8212
     0101      8   40  01  7F  FF  00  00  0F  49      13.8234
     0102      8   A0  00  00  00  00  00  00  CE      13.8236
     0100      8   A0  00  00  00  00  00  00  CE      13.8240
     0100      8   C0  00  00  00  00  00  00  7F      13.8278
     0100      8   C0  00  00  00  00  00  00  7F      13.8306
     0101      8   60  01  7F  FF  00  00  0F  26      13.8334
     0100      8   C0  00  00  00  00  00  00  7F      13.8336
     0102      8   C0  00  00  00  00  00  00  7F      13.8339
     0100      8   E0  00  00  00  00  00  00  10      13.8371
     0100      8   E0  00  00  00  00  00  00  10      13.8399
     0100      8   E0  00  00  00  00  00  00  10      13.8427
     0101      8   80  01  7F  FF  00  00  0F  36      13.8434
     0102      8   E0  00  00  00  00  00  00  10      13.8436
     0501      8   0E  03  00  00  00  00  00  CB      13.8438
     0100      8   E0  00  00  00  00  00  00  10      13.8455
     0100      8   00  00  00  00  00  00  00  00      13.8493
     0100      8   00  00  00  00  00  00  00  00      13.8521
     0101      8   A0  01  7F  FF  00  00  0F  59      13.8534
     0102      8   00  00  00  00  00  00  00  00      13.8536
     0100      8   00  00  00  00  00  00  00  00      13.8549
     0100      8   20  00  00  00  00  00  00  6F      13.8586
     0100      8   20  00  00  00  00  00  00  6F      13.8614
     0101      8   C0  01  7F  FF  00  00  0F  E8      13.8634
     0102      8   20  00  00  00  00  00  00  6F      13.8636
     0100      8   20  00  00  00  00  00  00  6F      13.8642
     0100      8   40  00  00  00  00  00  00  DE      13.8680
     0100      8   40  00  00  00  00  00  00  DE      13.8708
     0101      8   E0  01  7F  FF  00  00  0F  87      13.8734
     0100      8   40  00  00  00  00  00  00  DE      13.8736
     0102      8   40  00  00  00  00  00  00  DE      13.8738
     0100      8   60  00  00  00  00  00  00  B1      13.8773
     0100      8   60  00  00  00  00  00  00  B1      13.8801
     0100      8   60  00  00  00  00  00  00  B1      13.8829
     0101      8   00  01  7F  FF  00  00  0F  97      13.8834
     0102      8   60  00  00  00  00  00  00  B1      13.8836
     0100      8   60  00  00  00  00  00  00  B1      13.8857
     0100      8   80  00  00  00  00  00  00  A1      13.8895
     0100      8   80  00  00  00  00  00  00  A1      13.8923
     0101      8   20  01  7F  FF  00  00  0F  F8      13.8934
     0102      8   80  00  00  00  00  00  00  A1      13.8936
     0100      8   80  00  00  00  00  00  00  A1      13.8951
     0100      8   A0  00  00  00  00  00  00  CE      13.8988
     0100      8   A0  00  00  00  00  00  00  CE      13.9016
     0101      8   40  01  7F  FF  00  00  0F  49      13.9033
     0102      8   A0  00  00  00  00  00  00  CE      13.9036
     0100      8   A0  00  00  00  00  00  00  CE      13.9044
     0100      8   C0  00  00  00  00  00  00  7F      13.9082
     0100      8   C0  00  00  00  00  00  00  7F      13.9110
     0101      8   60  01  7F  FF  00  00  0F  26      13.9133
     0102      8   C0  00  00  00  00  00  00  7F      13.9136
     0100      8   C0  00  00  00  00  00  00  7F      13.9138
     0100      8   E0  00  00  00  00  00  00  10      13.9175
     0100      8   E0  00  00  00  00  00  00  10      13.9203
     0100      8   E0  00  00  00  00  00  00  10      13.9231
     0101      8   80  01  7F  FF  00  00  0F  36      13.9234
     0102      8   E0  00  00  00  00  00  00  10      13.9236
     0100      8   E0  00  00  00  00  00  00  10      13.9259
     0100      8   00  00  00  00  00  00  00  00      13.9297
     0100      8   00  00  00  00  00  00  00  00      13.9325
     0101      8   A0  01  7F  FF  00  00  0F  59      13.9333
     0102      8   00  00  00  00  00  00  00  00      13.9336
     0100      8   00  00  00  00  00  00  00  00      13.9353
     0100      8   20  00  00  00  00  00  00  6F      13.9390
     0100      8   20  00  00  00  00  00  00  6F      13.9418
     0101      8   C0  01  7F  FF  00  00  0F  E8      13.9433
     0102      8   20  00  00  00  00  00  00  6F      13.9436
     0501      8   0E  03  00  00  00  00  00  CB      13.9438
     0100      8   20  00  00  00  00  00  00  6F      13.9446
     0100      8   40  00  00  00  00  00  00  DE      13.9484
     0100      8   40  00  00  00  00  00  00  DE      13.9512
     0101      8   E0  01  7F  FF  00  00  0F  87      13.9533
     0102      8   40  00  00  00  00  00  00  DE      13.9536
     0100      8   40  00  00  00  00  00  00  DE      13.9540
     0100      8   60  00  00  00  00  00  00  B1      13.9577
     0100      8   60  00  00  00  00  00  00  B1      13.9605
     0100      8   60  00  00  00  00  00  00  B1      13.9633
     0101      8   00  01  7F  FF  00  00  0F  97      13.9636
     0102      8   60  00  00  00  00  00  00  B1      13.9638
     0100      8   60  00  00  00  00  00  00  B1      13.9661
     0100      8   80  00  00  00  00  00  00  A1      13.9699
     0100      8   80  00  00  00  00  00  00  A1      13.9727
     0101      8   20  01  7F  FF  00  00  0F  F8      13.9733
     0102      8   80  00  00  00  00  00  00  A1      13.9736
     0100      8   80  00  00  00  00  00  00  A1      13.9755
     0100      8   A0  00  00  00  00  00  00  CE      13.9792
     0100      8   A0  00  00  00  00  00  00  CE      13.9820
     0101      8   40  01  7F  FF  00  00  0F  49      13.9833
     0102      8   A0  00  00  00  00  00  00  CE      13.9836
     0100      8   A0  00  00  00  00  00  00  CE      13.9848
     0100      8   C0  00  00  00  00  00  00  7F      13.9886
     0100      8   C0  00  00  00  00  00  00  7F      13.9914
     0101      8   60  01  7F  FF  00  00  0F  26      13.9933
     0102      8   C0  00  00  00  00  00  00  7F      13.9936
     0100      8   C0  00  00  00  00  00  00  7F      13.9942
     0100      8   E0  00  00  00  00  00  00  10      13.9979
     0100      8   E0  00  00  00  00  00  00  10      14.0007
     0101      8   80  01  7F  FF  00  00  0F  36      14.0033
     0100      8   E0  00  00  00  00  00  00  10      14.0036
     0102      8   E0  00  00  00  00  00  00  10      14.0038
     0100      8   00  00  00  00  00  00  00  00      14.0073
     0100      8   00  00  00  00  00  00  00  00      14.0101
     0100      8   00  00  00  00  00  00  00  00      14.0129
     0101      8   A0  01  7F  FF  00  00  0F  59      14.0133
     0102      8   00  00  00  00  00  00  00  00      14.0136
     0100      8   00  00  00  00  00  00  00  00      14.0157
     0100      8   20  00  00  00  00  00  00  6F      14.0194
     0100      8   20  00  00  00  00  00  00  6F      14.0222
     0101      8   C0  01  7F  FF  00  00  0F  E8      14.0233
     0102      8   20  00  00  00  00  00  00  6F      14.0236
     0100      8   20  00  00  00  00  00  00  6F      14.0250
     0100      8   40  00  00  00  00  00  00  DE      14.0288
     0100      8   40  00  00  00  00  00  00  DE      14.0316
     0101      8   E0  01  7F  FF  00  00  0F  87      14.0333
     0102      8   40  00  00  00  00  00  00  DE      14.0336
     0100      8   40  00  00  00  00  00  00  DE      14.0344
     0100      8   60  00  00  00  00  00  00  B1      14.0381
     0100      8   60  00  00  00  00  00  00  B1      14.0409
     0101      8   00  01  7F  FF  00  00  0F  97      14.0433
     0102      8   60  00  00  00  00  00  00  B1      14.0436
     0100      8   60  00  00  00  00  00  00  B1      14.0438
     0501      8   0E  03  00  00  00  00  00  CB      14.0441
     0100      8   80  00  00  00  00  00  00  A1      14.0475
     0100      8   80  00  00  00  00  00  00  A1      14.0503
     0100      8   80  00  00  00  00  00  00  A1      14.0531
     0101      8   20  01  7F  FF  00  00  0F  F8      14.0533
     0102      8   80  00  00  00  00  00  00  A1      14.0536
     0100      8   80  00  00  00  00  00  00  A1      14.0559
     0100      8   A0  00  00  00  00  00  00  CE      14.0596
     0100      8   A0  00  00  00  00  00  00  CE      14.0624
     0101      8   40  01  7F  FF  00  00  0F  49      14.0633
     0102      8   A0  00  00  00  00  00  00  CE      14.0636
     0100      8   A0  00  00  00  00  00  00  CE      14.0652
     0100      8   C0  00  00  00  00  00  00  7F      14.0690
     0100      8   C0  00  00  00  00  00  00  7F      14.0718
     0101      8   60  01  7F  FF  00  00  0F  26      14.0733
     0102      8   C0  00  00  00  00  00  00  7F      14.0736
     0100      8   C0  00  00  00  00  00  00  7F      14.0746
     0100      8   E0  00  00  00  00  00  00  10      14.0783
     0100      8   E0  00  00  00  00  00  00  10      14.0811
     0101      8   80  01  7F  FF  00  00  0F  36      14.0833
     0102      8   E0  00  00  00  00  00  00  10      14.0836
     0100      8   E0  00  00  00  00  00  00  10      14.0839
     0100      8   00  00  00  00  00  00  00  00      14.0877
     0100      8   00  00  00  00  00  00  00  00      14.0905
     0100      8   00  00  00  00  00  00  00  00      14.0933
     0101      8   A0  01  7F  FF  00  00  0F  59      14.0935
     0102      8   00  00  00  00  00  00  00  00      14.0938
     0100      8   00  00  00  00  00  00  00  00      14.0961
     0100      8   20  00  00  00  00  00  00  6F      14.0998
     0100      8   20  00  00  00  00  00  00  6F      14.1026
     0101      8   C0  01  7F  FF  00  00  0F  E8      14.1033
     0102      8   20  00  00  00  00  00  00  6F      14.1036
     0100      8   20  00  00  00  00  00  00  6F      14.1054
     0100      8   40  00  00  00  00  00  00  DE      14.1091
     0100      8   40  00  00  00  00  00  00  DE      14.1120
     0101      8   E0  01  7F  FF  00  00  0F  87      14.1133
     0102      8   40  00  00  00  00  00  00  DE      14.1136
     0100      8   40  00  00  00  00  00  00  DE      14.1148
     0100      8   60  00  00  00  00  00  00  B1      14.1185
     0100      8   60  00  00  00  00  00  00  B1      14.1213
     0101      8   00  01  7F  FF  00  00  0F  97      14.1233
     0102      8   60  00  00  00  00  00  00  B1      14.1236
     0100      8   60  00  00  00  00  00  00  B1      14.1241
     0100      8   80  00  00  00  00  00  00  A1      14.1279
     0100      8   80  00  00  00  00  00  00  A1      14.1307
     0101      8   20  01  7F  FF  00  00  0F  F8      14.1333
     0100      8   80  00  00  00  00  00  00  A1      14.1336
     0102      8   80  00  00  00  00  00  00  A1      14.1338
     0100      8   A0  00  00  00  00  00  00  CE      14.1372
     0100      8   A0  00  00  00  00  00  00  CE      14.1400
     0100      8   A0  00  00  00  00  00  00  CE      14.1428
     0101      8   40  01  7F  FF  00  00  0F  49      14.1433
     0102      8   A0  00  00  00  00  00  00  CE      14.1436
     0501      8   0E  03  00  00  00  00  00  CB      14.1438
     0100      8   A0  00  00  00  00  00  00  CE      14.1456
     0100      8   C0  00  00  00  00  00  00  7F      14.1494
     0100      8   C0  00  00  00  00  00  00  7F      14.1522
     0101      8   60  01  7F  FF  00  00  0F  26      14.1533
     0102      8   C0  00  00  00  00  00  00  7F      14.1536
     0100      8   C0  00  00  00  00  00  00  7F      14.1550
     0100      8   E0  00  00  00  00  00  00  10      14.1587
     0100      8   E0  00  00  00  00  00  00  10      14.1615
     0101      8   80  01  7F  FF  00  00  0F  36      14.1633
     0102      8   E0  00  00  00  00  00  00  10      14.1636
     0100      8   E0  00  00  00  00  00  00  10      14.1643
     0100      8   00  00  00  00  00  00  00  00      14.1680
     0100      8   00  00  00  00  00  00  00  00      14.1709
     0101      8   A0  01  7F  FF  00  00  0F  59      14.1733
     0102      8   00  00  00  00  00  00  00  00      14.1736
     0100      8   00  00  00  00  00  00  00  00      14.1738
     0100      8   20  00  00  00  00  00  00  6F      14.1774
     0100      8   20  00  00  00  00  00  00  6F      14.1802
     0100      8   20  00  00  00  00  00  00  6F      14.1830
     0101      8   C0  01  7F  FF  00  00  0F  E8      14.1833
     0102      8   20  00  00  00  00  00  00  6F      14.1836
     0100      8   20  00  00  00  00  00  00  6F      14.1858
     0100      8   40  00  00  00  00  00  00  DE      14.1895
     0100      8   40  00  00  00  00  00  00  DE      14.1924
     0101      8   E0  01  7F  FF  00  00  0F  87      14.1933
     0102      8   40  00  00  00  00  00  00  DE      14.1936
     0100      8   40  00  00  00  00  00  00  DE      14.1951
     0100      8   60  00  00  00  00  00  00  B1      14.1989
     0100      8   60  00  00  00  00  00  00  B1      14.2017
     0101      8   00  01  7F  FF  00  00  0F  97      14.2033
     0102      8   60  00  00  00  00  00  00  B1      14.2036
     0100      8   60  00  00  00  00  00  00  B1      14.2045
     0100      8   80  00  00  00  00  00  00  A1      14.2082
     0100      8   80  00  00  00  00  00  00  A1      14.2110
     0101      8   20  01  7F  FF  00  00  0F  F8      14.2133
     0102      8   80  00  00  00  00  00  00  A1      14.2136
     0100      8   80  00  00  00  00  00  00  A1      14.2139
     0100      8   A0  00  00  00  00  00  00  CE      14.2176
     0100      8   A0  00  00  00  00  00  00  CE      14.2204
     0100      8   A0  00  00  00  00  00  00  CE      14.2232
     0101      8   40  01  7F  FF  00  00  0F  49      14.2234
     0102      8   A0  00  00  00  00  00  00  CE      14.2237
     0100      8   A0  00  00  00  00  00  00  CE      14.2260
     0100      8   C0  00  00  00  00  00  00  7F      14.2297
     0100      8   C0  00  00  00  00  00  00  7F      14.2325
     0101      8   60  01  7F  FF  00  00  0F  26      14.2333
     0102      8   C0  00  00  00  00  00  00  7F      14.2335
     0100      8   C0  00  00  00  00  00  00  7F      14.2354
     0100      8   E0  00  00  00  00  00  00  10      14.2391
     0100      8   E0  00  00  00  00  00  00  10      14.2419
     0101      8   80  01  7F  FF  00  00  0F  36      14.2433
     0102      8   E0  00  00  00  00  00  00  10      14.2435
     0501      8   0E  03  00  00  00  00  00  CB      14.2438
     0100      8   E0  00  00  00  00  00  00  10      14.2447
     0100      8   00  00  00  00  00  00  00  00      14.2484
     0100      8   00  00  00  00  00  00  00  00      14.2512
     0101      8   A0  01  7F  FF  00  00  0F  59      14.2533
     0102      8   00  00  00  00  00  00  00  00      14.2535
     0100      8   00  00  00  00  00  00  00  00      14.2540
     0100      8   20  00  00  00  00  00  00  6F      14.2578
     0100      8   20  00  00  00  00  00  00  6F      14.2606
     0101      8   C0  01  7F  FF  00  00  0F  E8      14.2633
     0100      8   20  00  00  00  00  00  00  6F      14.2635
     0102      8   20  00  00  00  00  00  00  6F      14.2638
     0100      8   40  00  00  00  00  00  00  DE      14.2671
     0100      8   40  00  00  00  00  00  00  DE      14.2699
     0100      8   40  00  00  00  00  00  00  DE      14.2727
     0101      8   E0  01  7F  FF  00  00  0F  87      14.2733
     0102      8   40  00  00  00  00  00  00  DE      14.2735
     0100      8   40  00  00  00  00  00  00  DE      14.2755
     0100      8   60  00  00  00  00  00  00  B1      14.2793
     0100      8   60  00  00  00  00  00  00  B1      14.2821
     0101      8   00  01  7F  FF  00  00  0F  97      14.2833
     0102      8   60  00  00  00  00  00  00  B1      14.2835
     0100      8   60  00  00  00  00  00  00  B1      14.2849
     0100      8   80  00  00  00  00  00  00  A1      14.2886
     0100      8   80  00  00  00  00  00  00  A1      14.2914
     0101      8   20  01  7F  FF  00  00  0F  F8      14.2933
     0102      8   80  00  00  00  00  00  00  A1      14.2935
     0100      8   80  00  00  00  00  00  00  A1      14.2942
     0100      8   A0  00  00  00  00  00  00  CE      14.2980
     0100      8   A0  00  00  00  00  00  00  CE      14.3008
     0101      8   40  01  7F  FF  00  00  0F  49      14.3033
     0102      8   A0  00  00  00  00  00  00  CE      14.3035
     0100      8   A0  00  00  00  00  00  00  CE      14.3038
     0100      8   C0  00  00  00  00  00  00  7F      14.3073
     0100      8   C0  00  00  00  00  00  00  7F      14.3101
     0100      8   C0  00  00  00  00  00  00  7F      14.3129
     0101      8   60  01  7F  FF  00  00  0F  26      14.3133
     0102      8   C0  00  00  00  00  00  00  7F      14.3135
     0100      8   C0  00  00  00  00  00  00  7F      14.3157
     0100      8   E0  00  00  00  00  00  00  10      14.3195
     0100      8   E0  00  00  00  00  00  00  10      14.3223
     0101      8   80  01  7F  FF  00  00  0F  36      14.3233
     0102      8   E0  00  00  00  00  00  00  10      14.3235
     0100      8   E0  00  00  00  00  00  00  10      14.3251
     0100      8   00  00  00  00  00  00  00  00      14.3288
     0100      8   00  00  00  00  00  00  00  00      14.3316
     0101      8   A0  01  7F  FF  00  00  0F  59      14.3333
     0102      8   00  00  00  00  00  00  00  00      14.3335
     0100      8   00  00  00  00  00  00  00  00      14.3344
     0100      8   20  00  00  00  00  00  00  6F      14.3382
     0100      8   20  00  00  00  00  00  00  6F      14.3410
     0100      8   20  00  00  00  00  00  00  6F      14.3438
     0100      8   20  00  00  00  00  00  00  6F      14.3466
     0100      8   20  00  00  00  00  00  00  6F      14.3494
     0100      8   20  00  00  00  00  00  00  6F      14.3522
     0100      8   20  00  00  00  00  00  00  6F      14.3550
     0100      8   20  00  00  00  00  00  00  6F      14.3578
     0100      8   20  00  00  00  00  00  00  6F      14.3606
     0100      8   20  00  00  00  00  00  00  6F      14.3634
     0100      8   20  00  00  00  00  00  00  6F      14.3662
     0100      8   20  00  00  00  00  00  00  6F      14.3690
     0100      8   20  00  00  00  00  00  00  6F      14.3718
     0100      8   20  00  00  00  00  00  00  6F      14.3746
     0100      8   20  00  00  00  00  00  00  6F      14.3774
     0100      8   20  00  00  00  00  00  00  6F      14.3802
     0100      8   20  00  00  00  00  00  00  6F      14.3830
     0100      8   20  00  00  00  00  00  00  6F      14.3859
     0100      8   20  00  00  00  00  00  00  6F      14.3887
     0100      8   20  00  00  00  00  00  00  6F      14.3915
     0100      8   20  00  00  00  00  00  00  6F      14.3943
     0100      8   20  00  00  00  00  00  00  6F      14.3971
     0100      8   20  00  00  00  00  00  00  6F      14.3999
     0100      8   20  00  00  00  00  00  00  6F      14.4027
     0100      8   20  00  00  00  00  00  00  6F      14.4055
     0100      8   20  00  00  00  00  00  00  6F      14.4083
     0100      8   20  00  00  00  00  00  00  6F      14.4111
     0100      8   20  00  00  00  00  00  00  6F      14.4139
     0100      8   20  00  00  00  00  00  00  6F      14.4167
     0100      8   20  00  00  00  00  00  00  6F      14.4195
     0100      8   20  00  00  00  00  00  00  6F      14.4223
     0100      8   20  00  00  00  00  00  00  6F      14.4251
     0100      8   20  00  00  00  00  00  00  6F      14.4279
     0100      8   20  00  00  00  00  00  00  6F      14.4307
     0100      8   20  00  00  00  00  00  00  6F      14.4335
     0100      8   20  00  00  00  00  00  00  6F      14.4363
     0100      8   20  00  00  00  00  00  00  6F      14.4391
     0100      8   20  00  00  00  00  00  00  6F      14.4419
     0100      8   20  00  00  00  00  00  00  6F      14.4447
     0100      8   20  00  00  00  00  00  00  6F      14.4476
     0100      8   20  00  00  00  00  00  00  6F      14.4504
     0100      8   20  00  00  00  00  00  00  6F      14.4532
     0100      8   20  00  00  00  00  00  00  6F      14.4560
     0100      8   20  00  00  00  00  00  00  6F      14.4588
     0100      8   20  00  00  00  00  00  00  6F      14.4616
     0100      8   20  00  00  00  00  00  00  6F      14.4644
     0100      8   20  00  00  00  00  00  00  6F      14.4672
     0100      8   20  00  00  00  00  00  00  6F      14.4700
     0100      8   20  00  00  00  00  00  00  6F      14.4728
     0100      8   20  00  00  00  00  00  00  6F      14.4756
     0100      8   20  00  00  00  00  00  00  6F      14.4784
     0100      8   20  00  00  00  00  00  00  6F      14.4812
     0100      8   20  00  00  00  00  00  00  6F      14.4840
     0100      8   20  00  00  00  00  00  00  6F      14.4868
     0100      8   20  00  00  00  00  00  00  6F      14.4896
     0100      8   20  00  00  00  00  00  00  6F      14.4924
     0100      8   20  00  00  00  00  00  00  6F      14.4952
     0100      8   20  00  00  00  00  00  00  6F      14.4980
     0100      8   20  00  00  00  00  00  00  6F      14.5008
     0100      8   20  00  00  00  00  00  00  6F      14.5036
     0100      8   20  00  00  00  00  00  00  6F      14.5064
     0100      8   20  00  00  00  00  00  00  6F      14.5092
     0100      8   20  00  00  00  00  00  00  6F      14.5121
     0100      8   20  00  00  00  00  00  00  6F      14.5149
     0100      8   20  00  00  00  00  00  00  6F      14.5177
     0100      8   20  00  00  00  00  00  00  6F      14.5205
     0100      8   20  00  00  00  00  00  00  6F      14.5233
     0100      8   20  00  00  00  00  00  00  6F      14.5261
     0100      8   20  00  00  00  00  00  00  6F      14.5289
     0100      8   20  00  00  00  00  00  00  6F      14.5317
     0100      8   20  00  00  00  00  00  00  6F      14.5345
     0100      8   20  00  00  00  00  00  00  6F      14.5373
     0100      8   20  00  00  00  00  00  00  6F      14.5401
     0100      8   20  00  00  00  00  00  00  6F      14.5429
     0100      8   20  00  00  00  00  00  00  6F      14.5457
     0100      8   20  00  00  00  00  00  00  6F      14.5485
     0100      8   20  00  00  00  00  00  00  6F      14.5513
     0100      8   20  00  00  00  00  00  00  6F      14.5541
     0100      8   20  00  00  00  00  00  00  6F      14.5569
     0100      8   20  00  00  00  00  00  00  6F      14.5597
     0100      8   20  00  00  00  00  00  00  6F      14.5625
     0100      8   20  00  00  00  00  00  00  6F      14.5653
     0100      8   20  00  00  00  00  00  00  6F      14.5681
     0100      8   20  00  00  00  00  00  00  6F      14.5709
     0100      8   20  00  00  00  00  00  00  6F      14.5737
     0100      8   20  00  00  00  00  00  00  6F      14.5766
     0100      8   20  00  00  00  00  00  00  6F      14.5794
     0100      8   20  00  00  00  00  00  00  6F      14.5822
     0100      8   20  00  00  00  00  00  00  6F      14.5850
     0100      8   20  00  00  00  00  00  00  6F      14.5878
     0100      8   20  00  00  00  00  00  00  6F      14.5906
     0100      8   20  00  00  00  00  00  00  6F      14.5934
     0100      8   20  00  00  00  00  00  00  6F      14.5962
     0100      8   20  00  00  00  00  00  00  6F      14.5990
     0100      8   20  00  00  00  00  00  00  6F      14.6018
     0100      8   20  00  00  00  00  00  00  6F      14.6046
     0100      8   20  00  00  00  00  00  00  6F      14.6074
     0100      8   20  00  00  00  00  00  00  6F      14.6102
     0100      8   20  00  00  00  00  00  00  6F      14.6130
     0100      8   20  00  00  00  00  00  00  6F      14.6158
     0100      8   20  00  00  00  00  00  00  6F      14.6186
     0100      8   20  00  00  00  00  00  00  6F      14.6214
     0100      8   20  00  00  00  00  00  00  6F      14.6242
     0100      8   20  00  00  00  00  00  00  6F      14.6270
     0100      8   20  00  00  00  00  00  00  6F      14.6298
     0100      8   20  00  00  00  00  00  00  6F      14.6326
     0100      8   20  00  00  00  00  00  00  6F      14.6354
     0100      8   20  00  00  00  00  00  00  6F      14.6383
     0100      8   20  00  00  00  00  00  00  6F      14.6411
     0100      8   20  00  00  00  00  00  00  6F      14.6439
     0100      8   20  00  00  00  00  00  00  6F      14.6467
     0100      8   20  00  00  00  00  00  00  6F      14.6495
     0100      8   20  00  00  00  00  00  00  6F      14.6523
     0100      8   20  00  00  00  00  00  00  6F      14.6551
     0100      8   20  00  00  00  00  00  00  6F      14.6579
     0100      8   20  00  00  00  00  00  00  6F      14.6607
     0100      8   20  00  00  00  00  00  00  6F      14.6635
     0100      8   20  00  00  00  00  00  00  6F      14.6663
     0100      8   20  00  00  00  00  00  00  6F      14.6691
     0100      8   20  00  00  00  00  00  00  6F      14.6719
     0100      8   20  00  00  00  00  00  00  6F      14.6747
     0100      8   20  00  00  00  00  00  00  6F      14.6775
     0100      8   20  00  00  00  00  00  00  6F      14.6803
     0100      8   20  00  00  00  00  00  00  6F      14.6831
     0100      8   20  00  00  00  00  00  00  6F      14.6859
     0100      8   20  00  00  00  00  00  00  6F      14.6887
     0100      8   20  00  00  00  00  00  00  6F      14.6915
     0100      8   20  00  00  00  00  00  00  6F      14.6943
     0100      8   20  00  00  00  00  00  00  6F      14.6972
     0100      8   20  00  00  00  00  00  00  6F      14.6999
     0100      8   20  00  00  00  00  00  00  6F      14.7028
     0100      8   20  00  00  00  00  00  00  6F      14.7056
     0100      8   20  00  00  00  00  00  00  6F      14.7084
     0100      8   20  00  00  00  00  00  00  6F      14.7112
     0100      8   20  00  00  00  00  00  00  6F      14.7140
     0100      8   20  00  00  00  00  00  00  6F      14.7168
     0100      8   20  00  00  00  00  00  00  6F      14.7196
     0100      8   20  00  00  00  00  00  00  6F      14.7224
     0100      8   20  00  00  00  00  00  00  6F      14.7252
     0100      8   20  00  00  00  00  00  00  6F      14.7280
     0100      8   20  00  00  00  00  00  00  6F      14.7308
     0100      8   20  00  00  00  00  00  00  6F      14.7336
     0100      8   20  00  00  00  00  00  00  6F      14.7364
     0100      8   20  00  00  00  00  00  00  6F      14.7392
     0100      8   20  00  00  00  00  00  00  6F      14.7420
     0100      8   20  00  00  00  00  00  00  6F      14.7448
     0100      8   20  00  00  00  00  00  00  6F      14.7476
     0100      8   20  00  00  00  00  00  00  6F      14.7504
     0100      8   20  00  00  00  00  00  00  6F      14.7532
     0100      8   20  00  00  00  00  00  00  6F      14.7560
     0100      8   20  00  00  00  00  00  00  6F      14.7588
     0100      8   20  00  00  00  00  00  00  6F      14.7617
     0100      8   20  00  00  00  00  00  00  6F      14.7645
     0100      8   20  00  00  00  00  00  00  6F      14.7673
     0100      8   20  00  00  00  00  00  00  6F      14.7701
     0100      8   20  00  00  00  00  00  00  6F      14.7729
     0100      8   20  00  00  00  00  00  00  6F      14.7757
     0100      8   20  00  00  00  00  00  00  6F      14.7785
     0100      8   20  00  00  00  00  00  00  6F      14.7813
     0100      8   20  00  00  00  00  00  00  6F      14.7841
     0100      8   20  00  00  00  00  00  00  6F      14.7869
     0100      8   20  00  00  00  00  00  00  6F      14.7897
     0100      8   20  00  00  00  00  00  00  6F      14.7925
     0100      8   20  00  00  00  00  00  00  6F      14.7953
     0100      8   20  00  00  00  00  00  00  6F      14.7981
     0100      8   20  00  00  00  00  00  00  6F      14.8009
     0100      8   20  00  00  00  00  00  00  6F      14.8037
     0100      8   20  00  00  00  00  00  00  6F      14.8065
     0100      8   20  00  00  00  00  00  00  6F      14.8093
     0100      8   20  00  00  00  00  00  00  6F      14.8121
     0100      8   20  00  00  00  00  00  00  6F      14.8149
     0100      8   20  00  00  00  00  00  00  6F      14.8177
     0100      8   20  00  00  00  00  00  00  6F      14.8205
     0100      8   20  00  00  00  00  00  00  6F      14.8233
     0100      8   20  00  00  00  00  00  00  6F      14.8262
     0100      8   20  00  00  00  00  00  00  6F      14.8290
     0100      8   20  00  00  00  00  00  00  6F      14.8318
     0100      8   20  00  00  00  00  00  00  6F      14.8346
     0100      8   20  00  00  00  00  00  00  6F      14.8374
     0100      8   20  00  00  00  00  00  00  6F      14.8402
     0100      8   20  00  00  00  00  00  00  6F      14.8430
     0100      8   20  00  00  00  00  00  00  6F      14.8458
     0100      8   20  00  00  00  00  00  00  6F      14.8486
     0100      8   20  00  00  00  00  00  00  6F      14.8514
     0100      8   20  00  00  00  00  00  00  6F      14.8542
     0100      8   20  00  00  00  00  00  00  6F      14.8570
     0100      8   20  00  00  00  00  00  00  6F      14.8598
     0100      8   20  00  00  00  00  00  00  6F      14.8626
     0100      8   20  00  00  00  00  00  00  6F      14.8654
     0100      8   20  00  00  00  00  00  00  6F      14.8682
     0100      8   20  00  00  00  00  00  00  6F      14.8710
     0100      8   20  00  00  00  00  00  00  6F      14.8738
     0100      8   20  00  00  00  00  00  00  6F      14.8766
     0100      8   20  00  00  00  00  00  00  6F      14.8794
     0100      8   20  00  00  00  00  00  00  6F      14.8822
     0100      8   20  00  00  00  00  00  00  6F      14.8850
     0100      8   20  00  00  00  00  00  00  6F      14.8878
     0100      8   20  00  00  00  00  00  00  6F      14.8907
     0100      8   20  00  00  00  00  00  00  6F      14.8935
     0100      8   20  00  00  00  00  00  00  6F      14.8963
     0100      8   20  00  00  00  00  00  00  6F      14.8991
     0100      8   20  00  00  00  00  00  00  6F      14.9019
     0100      8   20  00  00  00  00  00  00  6F      14.9047
     0100      8   20  00  00  00  00  00  00  6F      14.9075
     0100      8   20  00  00  00  00  00  00  6F      14.9103
     0100      8   20  00  00  00  00  00  00  6F      14.9131
     0100      8   20  00  00  00  00  00  00  6F      14.9159
     0100      8   20  00  00  00  00  00  00  6F      14.9187
     0100      8   20  00  00  00  00  00  00  6F      14.9215
     0100      8   20  00  00  00  00  00  00  6F      14.9243
     0100      8   20  00  00  00  00  00  00  6F      14.9271
     0100      8   20  00  00  00  00  00  00  6F      14.9299
     0100      8   20  00  00  00  00  00  00  6F      14.9327
     0100      8   20  00  00  00  00  00  00  6F      14.9355
     0100      8   20  00  00  00  00  00  00  6F      14.9383
     0100      8   20  00  00  00  00  00  00  6F      14.9411
     0100      8   20  00  00  00  00  00  00  6F      14.9439
     0100      8   20  00  00  00  00  00  00  6F      14.9467
     0100      8   20  00  00  00  00  00  00  6F      14.9495
     0100      8   20  00  00  00  00  00  00  6F      14.9523
     0100      8   20  00  00  00  00  00  00  6F      14.9552
     0100      8   20  00  00  00  00  00  00  6F      14.9580
     0100      8   20  00  00  00  00  00  00  6F      14.9608
     0100      8   20  00  00  00  00  00  00  6F      14.9636
     0100      8   20  00  00  00  00  00  00  6F      14.9664
     0100      8   20  00  00  00  00  00  00  6F      14.9692
     0100      8   20  00  00  00  00  00  00  6F      14.9720
     0100      8   20  00  00  00  00  00  00  6F      14.9748
     0100      8   20  00  00  00  00  00  00  6F      14.9776
     0100      8   20  00  00  00  00  00  00  6F      14.9804
     0100      8   20  00  00  00  00  00  00  6F      14.9832
     0100      8   20  00  00  00  00  00  00  6F      14.9860
     0100      8   20  00  00  00  00  00  00  6F      14.9888
     0100      8   20  00  00  00  00  00  00  6F      14.9916
     0100      8   20  00  00  00  00  00  00  6F      14.9944
     0100      8   20  00  00  00  00  00  00  6F      14.9972
     0100      8   20  00  00  00  00  00  00  6F      15.0000
     0100      8   20  00  00  00  00  00  00  6F      15.0028
     0100      8   20  00  00  00  00  00  00  6F      15.0056
     0100      8   20  00  00  00  00  00  00  6F      15.0084
     0100      8   20  00  00  00  00  00  00  6F      15.0112
     0100      8   20  00  00  00  00  00  00  6F      15.0140
     0100      8   20  00  00  00  00  00  00  6F      15.0168
     0101      8   21  FF  7F  FF  00  00  00  51      15.0173
     0102      8   20  00  00  00  00  00  00  6F      15.0175
     0100      8   20  00  00  00  00  00  00  6F      15.0197
     0100      8   40  00  00  09  10  00  00  C7      15.0226
     0100      8   40  00  00  09  10  00  00  C7      15.0253
     0101      8   41  FF  7F  FF  00  00  00  E0      15.0273
     0102      8   40  00  00  09  10  00  00  C7      15.0275
     0100      8   40  00  00  09  10  00  00  C7      15.0281
     0100      8   60  00  00  09  10  00  00  A8      15.0310
     0100      8   60  00  00  09  10  00  00  A8      15.0337
     0100      8   60  00  00  09  10  00  00  A8      15.0365
     0101      8   60  01  7F  FF  00  00  00  9D      15.0373
     0102      8   60  00  00  09  10  00  00  A8      15.0376
     0100      8   60  00  00  09  10  00  00  A8      15.0393
     0100      8   80  00  00  09  10  00  00  B8      15.0422
     0100      8   80  00  00  09  10  00  00  B8      15.0449
     0101      8   80  01  7F  FF  00  00  00  8D      15.0473
     0102      8   80  00  00  09  10  00  00  B8      15.0476
     0100      8   80  00  00  09  10  00  00  B8      15.0478
     0100      8   A0  00  00  09  10  00  00  D7      15.0508
     0100      8   A0  00  00  09  10  00  00  D7      15.0533
     0100      8   A0  00  00  09  10  00  00  D7      15.0561
     0101      8   A0  01  7F  FF  00  00  00  E2      15.0573
     0102      8   A0  00  00  09  10  00  00  D7      15.0576
     0100      8   A0  00  00  09  10  00  00  D7      15.0589
     0100      8   C0  00  00  09  10  00  00  66      15.0619
     0100      8   C0  00  00  09  10  00  00  66      15.0645
     0100      8   C0  00  00  09  10  00  00  66      15.0673
     0101      8   C0  01  7F  FF  00  00  00  53      15.0676
     0102      8   C0  00  00  09  10  00  00  66      15.0678
     0100      8   C0  00  00  09  10  00  00  66      15.0701
     0100      8   E0  00  00  09  10  00  00  09      15.0731
     0100      8   E0  00  00  09  10  00  00  09      15.0757
     0101      8   E0  01  7F  FF  00  00  00  3C      15.0773
     0102      8   E0  00  00  09  10  00  00  09      15.0776
     0100      8   E0  00  00  09  10  00  00  09      15.0785
     0100      8   00  00  00  09  10  00  00  19      15.0814
     0100      8   00  00  00  09  10  00  00  19      15.0842
     0100      8   00  00  00  09  10  00  00  19      15.0870
     0101      8   00  01  7F  FF  00  00  00  2C      15.0873
     0102      8   00  00  00  09  10  00  00  19      15.0876
     0100      8   00  00  00  09  10  00  00  19      15.0898
     0100      8   20  00  00  09  10  00  00  76      15.0927
     0100      8   20  00  00  09  10  00  00  76      15.0954
     0101      8   20  01  7F  FF  00  00  00  43      15.0973
     0102      8   20  00  00  09  10  00  00  76      15.0976
     0100      8   20  00  00  09  10  00  00  76      15.0982
     0100      8   40  00  00  09  10  00  00  C7      15.1011
     0100      8   40  00  00  09  10  00  00  C7      15.1038
     0100      8   40  00  00  09  10  00  00  C7      15.1066
     0101      8   40  01  7F  FF  00  00  00  F2      15.1073
     0102      8   40  00  00  09  10  00  00  C7      15.1076
     0501      8   0E  00  00  00  00  00  00  01      15.1078
     0100      8   40  00  00  09  10  00  00  C7      15.1094
     0100      8   60  00  00  09  10  00  00  A8      15.1123
     0100      8   60  00  00  09  10  00  00  A8      15.1150
     0101      8   60  01  7F  FF  00  00  00  9D      15.1173
     0102      8   60  00  00  09  10  00  00  A8      15.1176
     0100      8   60  00  00  09  10  00  00  A8      15.1178
     0100      8   80  00  00  09  10  00  00  B8      15.1207
     0100      8   80  00  00  09  10  00  00  B8      15.1234
     0100      8   80  00  00  09  10  00  00  B8      15.1262
     0101      8   80  01  7F  FF  00  00  00  8D      15.1273
     0102      8   80  00  00  09  10  00  00  B8      15.1276
     0100      8   80  00  00  09  10  00  00  B8      15.1290
     0100      8   A0  00  00  09  10  00  00  D7      15.1320
     0100      8   A0  00  00  09  10  00  00  D7      15.1346
     0101      8   A0  01  7F  FF  00  00  00  E2      15.1373
     0100      8   A0  00  00  09  10  00  00  D7      15.1376
     0102      8   A0  00  00  09  10  00  00  D7      15.1378
     0100      8   C0  00  00  09  10  00  00  66      15.1405
     0100      8   C0  00  00  09  10  00  00  66      15.1430
     0100      8   C0  00  00  09  10  00  00  66      15.1458
     0101      8   C0  01  7F  FF  00  00  00  53      15.1473
     0102      8   C0  00  00  09  10  00  00  66      15.1476
     0100      8   C0  00  00  09  10  00  00  66      15.1487
     0100      8   E0  00  00  09  10  00  00  09      15.1517
     0100      8   E0  00  00  09  10  00  00  09      15.1543
     0100      8   E0  00  00  09  10  00  00  09      15.1571
     0101      8   E0  01  7F  FF  00  00  00  3C      15.1573
     0102      8   E0  00  00  09  10  00  00  09      15.1576
     0100      8   E0  00  00  09  10  00  00  09      15.1599
     0100      8   00  00  00  09  10  00  00  19      15.1627
     0100      8   00  00  00  09  10  00  00  19      15.1655
     0101      8   00  01  7F  FF  00  00  00  2C      15.1673
     0102      8   00  00  00  09  10  00  00  19      15.1676
     0100      8   00  00  00  09  10  00  00  19      15.1683
     0100      8   20  00  00  09  10  00  00  76      15.1712
     0100      8   20  00  00  09  10  00  00  76      15.1739
     0100      8   20  00  00  09  10  00  00  76      15.1767
     0101      8   20  01  7F  FF  00  00  00  43      15.1773
     0102      8   20  00  00  09  10  00  00  76      15.1776
     0100      8   20  00  00  09  10  00  00  76      15.1795
     0100      8   40  00  00  09  10  00  00  C7      15.1824
     0100      8   40  00  00  09  10  00  00  C7      15.1851
     0101      8   40  01  7F  FF  00  00  00  F2      15.1873
     0102      8   40  00  00  09  10  00  00  C7      15.1876
     0100      8   40  00  00  09  10  00  00  C7      15.1879
     0100      8   60  00  00  09  10  00  00  A8      15.1909
     0100      8   60  00  00  09  10  00  00  A8      15.1935
     0100      8   60  00  00  09  10  00  00  A8      15.1963
     0101      8   60  01  7F  FF  00  00  00  9D      15.1973
     0102      8   60  00  00  09  10  00  00  A8      15.1976
     0100      8   60  00  00  09  10  00  00  A8      15.1991
     0100      8   80  00  00  09  10  00  00  B8      15.2020
     0100      8   80  00  00  09  10  00  00  B8      15.2047
     0101      8   80  01  7F  FF  00  00  00  8D      15.2073
     0100      8   80  00  00  09  10  00  00  B8      15.2076
     0102      8   80  00  00  09  10  00  00  B8      15.2078
     0501      8   0E  00  00  00  00  00  00  01      15.2081
     0100      8   A0  00  00  09  10  00  00  D7      15.2106
     0100      8   A0  00  00  09  10  00  00  D7      15.2132
     0100      8   A0  00  00  09  10  00  00  D7      15.2160
     0101      8   A0  01  7F  FF  00  00  01  FF      15.2173
     0102      8   A0  00  00  09  10  00  00  D7      15.2176
     0100      8   A0  00  00  09  10  00  00  D7      15.2188
     0100      8   C0  00  00  00  00  00  00  7F      15.2243
     0100      8   C0  00  00  00  00  00  00  7F      15.2271
     0101      8   C0  01  7F  FF  00  00  01  4E      15.2273
     0102      8   C0  00  00  00  00  00  00  7F      15.2276
     0100      8   C0  00  00  00  00  00  00  7F      15.2299
     0100      8   E0  00  00  00  00  00  00  10      15.2354
     0101      8   E0  01  7F  FF  00  00  01  21      15.2373
     0102      8   E0  00  00  00  00  00  00  10      15.2376
     0100      8   E0  00  00  00  00  00  00  10      15.2382
     0100      8   00  00  00  00  00  00  00  00      15.2438
     0100      8   00  00  00  00  00  00  00  00      15.2466
     0101      8   00  01  7F  FF  00  00  01  31      15.2473
     0102      8   00  00  00  00  00  00  00  00      15.2476
     0100      8   00  00  00  00  00  00  00  00      15.2494
     0100      8   20  00  00  00  00  00  00  6F      15.2549
     0101      8   20  01  7F  FF  00  00  01  5E      15.2573
     0102      8   20  00  00  00  00  00  00  6F      15.2576
     0100      8   20  00  00  00  00  00  00  6F      15.2578
     0100      8   40  00  00  00  00  00  00  DE      15.2632
     0100      8   40  00  00  00  00  00  00  DE      15.2660
     0101      8   40  01  7F  FF  00  00  01  EF      15.2673
     0102      8   40  00  00  00  00  00  00  DE      15.2676
     0100      8   40  00  00  00  00  00  00  DE      15.2688
     0100      8   60  00  00  00  00  00  00  B1      15.2743
     0100      8   60  00  00  00  00  00  00  B1      15.2771
     0101      8   60  01  7F  FF  00  00  01  80      15.2774
     0102      8   60  00  00  00  00  00  00  B1      15.2776
     0100      8   60  00  00  00  00  00  00  B1      15.2800
     0100      8   80  00  00  00  00  00  00  A1      15.2855
     0101      8   80  01  7F  FF  00  00  01  90      15.2873
     0102      8   80  00  00  00  00  00  00  A1      15.2875
     0100      8   80  00  00  00  00  00  00  A1      15.2883
     0100      8   A0  00  00  00  00  00  00  CE      15.2938
     0100      8   A0  00  00  00  00  00  00  CE      15.2966
     0101      8   A0  01  7F  FF  00  00  01  FF      15.2973
     0102      8   A0  00  00  00  00  00  00  CE      15.2975
     0100      8   A0  00  00  00  00  00  00  CE      15.2994
     0100      8   C0  00  00  00  00  00  00  7F      15.3049
     0101      8   C0  01  7F  FF  00  00  01  4E      15.3073
     0102      8   C0  00  00  00  00  00  00  7F      15.3076
     0100      8   C0  00  00  00  00  00  00  7F      15.3078
     0501      8   0E  00  00  00  00  00  00  01      15.3081
     0100      8   E0  00  00  00  00  00  00  10      15.3133
     0100      8   E0  00  00  00  00  00  00  10      15.3161
     0101      8   E0  01  7F  FF  00  00  01  21      15.3173
     0102      8   E0  00  00  00  00  00  00  10      15.3175
     0100      8   E0  00  00  00  00  00  00  10      15.3189
     0100      8   00  00  00  00  00  00  00  00      15.3244
     0100      8   00  00  00  00  00  00  00  00      15.3272
     0101      8   00  01  7F  FF  00  00  01  31      15.3274
     0102      8   00  00  00  00  00  00  00  00      15.3277
     0100      8   00  00  00  00  00  00  00  00      15.3300
     0100      8   20  00  00  00  00  00  00  6F      15.3355
     0101      8   20  01  7F  FF  00  00  01  5E      15.3373
     0102      8   20  00  00  00  00  00  00  6F      15.3375
     0100      8   20  00  00  00  00  00  00  6F      15.3383
     0100      8   40  00  00  00  00  00  00  DE      15.3439
     0100      8   40  00  00  00  00  00  00  DE      15.3467
     0101      8   40  01  7F  FF  00  00  01  EF      15.3473
     0102      8   40  00  00  00  00  00  00  DE      15.3475
     0100      8   40  00  00  00  00  00  00  DE      15.3495
     0100      8   60  00  00  00  00  00  00  B1      15.3550
     0101      8   60  01  7F  FF  00  00  01  80      15.3573
     0102      8   60  00  00  00  00  00  00  B1      15.3575
     0100      8   60  00  00  00  00  00  00  B1      15.3578
     0100      8   80  00  00  00  00  00  00  A1      15.3633
     0100      8   80  00  00  00  00  00  00  A1      15.3661
     0101      8   80  01  7F  FF  00  00  01  90      15.3673
     0102      8   80  00  00  00  00  00  00  A1      15.3675
     0100      8   80  00  00  00  00  00  00  A1      15.3689
     0100      8   A0  00  00  00  00  00  00  CE      15.3744
     0100      8   A0  00  00  00  00  00  00  CE      15.3773
     0101      8   A0  01  7F  FF  00  00  01  FF      15.3775
     0102      8   A0  00  00  00  00  00  00  CE      15.3777
     0100      8   A0  00  00  00  00  00  00  CE      15.3801
     0100      8   C0  00  00  00  00  00  00  7F      15.3856
     0101      8   C0  01  7F  FF  00  00  01  4E      15.3873
     0102      8   C0  00  00  00  00  00  00  7F      15.3875
     0100      8   C0  00  00  00  00  00  00  7F      15.3884
     0100      8   E0  00  00  00  00  00  00  10      15.3939
     0100      8   E0  00  00  00  00  00  00  10      15.3967
     0101      8   E0  01  7F  FF  00  00  01  21      15.3973
     0102      8   E0  00  00  00  00  00  00  10      15.3975
     0100      8   E0  00  00  00  00  00  00  10      15.3995
     0100      8   00  00  00  00  00  00  00  00      15.4050
     0101      8   00  01  7F  FF  00  00  01  31      15.4073
     0102      8   00  00  00  00  00  00  00  00      15.4075
     0501      8   0E  00  00  00  00  00  00  01      15.4078
     0100      8   00  00  00  00  00  00  00  00      15.4080
     0100      8   20  00  00  00  00  00  00  6F      15.4134
     0100      8   20  00  00  00  00  00  00  6F      15.4162
     0101      8   20  01  7F  FF  00  00  01  5E      15.4173
     0102      8   20  00  00  00  00  00  00  6F      15.4175
     0100      8   20  00  00  00  00  00  00  6F      15.4190
     0100      8   40  00  00  00  00  00  00  DE      15.4245
     0101      8   40  01  7F  FF  00  00  01  EF      15.4273
     0100      8   40  00  00  00  00  00  00  DE      15.4275
     0102      8   40  00  00  00  00  00  00  DE      15.4278
     0100      8   60  00  00  00  00  00  00  B1      15.4328
     0100      8   60  00  00  00  00  00  00  B1      15.4356
     0101      8   60  01  7F  FF  00  00  01  80      15.4373
     0102      8   60  00  00  00  00  00  00  B1      15.4375
     0100      8   60  00  00  00  00  00  00  B1      15.4384
     0100      8   80  00  00  00  00  00  00  A1      15.4440
     0100      8   80  00  00  00  00  00  00  A1      15.4468
     0101      8   80  01  7F  FF  00  00  01  90      15.4473
     0102      8   80  00  00  00  00  00  00  A1      15.4475
     0100      8   80  00  00  00  00  00  00  A1      15.4496
     0100      8   A0  00  00  00  00  00  00  CE      15.4551
     0101      8   A0  01  7F  FF  00  00  01  FF      15.4573
     0102      8   A0  00  00  00  00  00  00  CE      15.4575
     0100      8   A0  00  00  00  00  00  00  CE      15.4579
     0100      8   C0  00  00  00  00  00  00  7F      15.4634
     0100      8   C0  00  00  00  00  00  00  7F      15.4662
     0101      8   C0  01  7F  FF  00  00  01  4E      15.4673
     0102      8   C0  00  00  00  00  00  00  7F      15.4675
     0100      8   C0  00  00  00  00  00  00  7F      15.4690
     0100      8   E0  00  00  00  00  00  00  10      15.4746
     0101      8   E0  01  7F  FF  00  00  01  21      15.4773
     0100      8   E0  00  00  00  00  00  00  10      15.4775
     0102      8   E0  00  00  00  00  00  00  10      15.4778
     0100      8   00  00  00  00  00  00  00  00      15.4829
     0100      8   00  00  00  00  00  00  00  00      15.4857
     0101      8   00  01  7F  FF  00  00  01  31      15.4873
     0102      8   00  00  00  00  00  00  00  00      15.4875
     0100      8   00  00  00  00  00  00  00  00      15.4885
     0100      8   20  00  00  00  00  00  00  6F      15.4940
     0100      8   20  00  00  00  00  00  00  6F      15.4968
     0101      8   20  01  7F  FF  00  00  01  5E      15.4973
     0102      8   20  00  00  00  00  00  00  6F      15.4975
     0100      8   20  00  00  00  00  00  00  6F      15.4996
     0100      8   40  00  00  00  00  00  00  DE      15.5052
     0101      8   40  01  7F  FF  00  00  01  EF      15.5073
     0102      8   40  00  00  00  00  00  00  DE      15.5075
     0501      8   0E  00  00  00  00  00  00  01      15.5078
     0100      8   40  00  00  00  00  00  00  DE      15.5080
     0100      8   60  00  00  00  00  00  00  B1      15.5135
     0100      8   60  00  00  00  00  00  00  B1      15.5163
     0101      8   60  01  7F  FF  00  00  01  80      15.5173
     0102      8   60  00  00  00  00  00  00  B1      15.5175
     0100      8   60  00  00  00  00  00  00  B1      15.5191
     0100      8   80  00  00  00  00  00  00  A1      15.5246
     0101      8   80  01  7F  FF  00  00  01  90      15.5273
     0100      8   80  00  00  00  00  00  00  A1      15.5275
     0102      8   80  00  00  00  00  00  00  A1      15.5278
     0100      8   A0  00  00  00  00  00  00  CE      15.5329
     0100      8   A0  00  00  00  00  00  00  CE      15.5357
     0101      8   A0  01  7F  FF  00  00  01  FF      15.5373
     0102      8   A0  00  00  00  00  00  00  CE      15.5375
     0100      8   A0  00  00  00  00  00  00  CE      15.5386
     0100      8   C0  00  00  00  00  00  00  7F      15.5441
     0100      8   C0  00  00  00  00  00  00  7F      15.5469
     0101      8   C0  01  7F  FF  00  00  01  4E      15.5473
     0102      8   C0  00  00  00  00  00  00  7F      15.5475
     0100      8   C0  00  00  00  00  00  00  7F      15.5497
     0100      8   E0  00  00  00  00  00  00  10      15.5552
     0101      8   E0  01  7F  FF  00  00  01  21      15.5573
     0102      8   E0  00  00  00  00  00  00  10      15.5575
     0100      8   E0  00  00  00  00  00  00  10      15.5580
     0100      8   00  00  00  00  00  00  00  00      15.5635
     0100      8   00  00  00  00  00  00  00  00      15.5664
     0101      8   00  01  7F  FF  00  00  01  31      15.5673
     0102      8   00  00  00  00  00  00  00  00      15.5675
     0100      8   00  00  00  00  00  00  00  00      15.5692
     0100      8   20  00  00  00  00  00  00  6F      15.5747
     0101      8   20  01  7F  FF  00  00  01  5E      15.5773
     0100      8   20  00  00  00  00  00  00  6F      15.5775
     0102      8   20  00  00  00  00  00  00  6F      15.5778
     0100      8   40  00  00  00  00  00  00  DE      15.5830
     0100      8   40  00  00  00  00  00  00  DE      15.5858
     0101      8   40  01  7F  FF  00  00  01  EF      15.5873
     0102      8   40  00  00  00  00  00  00  DE      15.5875
     0100      8   40  00  00  00  00  00  00  DE      15.5886
     0100      8   60  00  00  00  00  00  00  B1      15.5941
     0100      8   60  00  00  00  00  00  00  B1      15.5969
     0101      8   60  01  7F  FF  00  00  01  80      15.5973
     0102      8   60  00  00  00  00  00  00  B1      15.5975
     0100      8   60  00  00  00  00  00  00  B1      15.5997
     0100      8   80  00  00  00  00  00  00  A1      15.6053
     0101      8   80  01  7F  FF  00  00  01  90      15.6073
     0102      8   80  00  00  00  00  00  00  A1      15.6075
     0501      8   0E  03  00  00  00  00  00  CB      15.6077
     0100      8   80  00  00  00  00  00  00  A1      15.6081
     0100      8   A0  00  00  00  00  00  00  CE      15.6136
     0100      8   A0  00  00  00  00  00  00  CE      15.6164
     0101      8   A0  01  7F  FF  00  00  0F  59      15.6173
     0102      8   A0  00  00  00  00  00  00  CE      15.6175
     0100      8   A0  00  00  00  00  00  00  CE      15.6192
     0100      8   C0  00  00  00  00  00  00  7F      15.6229
     0100      8   C0  00  00  00  00  00  00  7F      15.6258
     0101      8   C0  01  7F  FF  00  00  0F  E8      15.6272
     0102      8   C0  00  00  00  00  00  00  7F      15.6275
     0100      8   C0  00  00  00  00  00  00  7F      15.6286
     0100      8   E0  00  00  00  00  00  00  10      15.6323
     0100      8   E0  00  00  00  00  00  00  10      15.6351
     0101      8   E0  01  7F  FF  00  00  0F  87      15.6373
     0102      8   E0  00  00  00  00  00  00  10      15.6375
     0100      8   E0  00  00  00  00  00  00  10      15.6379
     0100      8   00  00  00  00  00  00  00  00      15.6416
     0100      8   00  00  00  00  00  00  00  00      15.6444
     0100      8   00  00  00  00  00  00  00  00      15.6473
     0101      8   00  01  7F  FF  00  00  0F  97      15.6475
     0102      8   00  00  00  00  00  00  00  00      15.6478
     0100      8   00  00  00  00  00  00  00  00      15.6501
     0100      8   20  00  00  00  00  00  00  6F      15.6538
     0100      8   20  00  00  00  00  00  00  6F      15.6566
     0101      8   20  01  7F  FF  00  00  0F  F8      15.6573
     0102      8   20  00  00  00  00  00  00  6F      15.6575
     0100      8   20  00  00  00  00  00  00  6F      15.6594
     0100      8   40  00  00  00  00  00  00  DE      15.6631
     0100      8   40  00  00  00  00  00  00  DE      15.6659
     0101      8   40  01  7F  FF  00  00  0F  49      15.6672
     0102      8   40  00  00  00  00  00  00  DE      15.6675
     0100      8   40  00  00  00  00  00  00  DE      15.6688
     0100      8   60  00  00  00  00  00  00  B1      15.6725
     0100      8   60  00  00  00  00  00  00  B1      15.6753
     0101      8   60  01  7F  FF  00  00  0F  26      15.6772
     0102      8   60  00  00  00  00  00  00  B1      15.6775
     0100      8   60  00  00  00  00  00  00  B1      15.6781
     0100      8   80  00  00  00  00  00  00  A1      15.6818
     0100      8   80  00  00  00  00  00  00  A1      15.6846
     0101      8   80  01  7F  FF  00  00  0F  36      15.6872
     0100      8   80  00  00  00  00  00  00  A1      15.6875
     0102      8   80  00  00  00  00  00  00  A1      15.6877
     0100      8   A0  00  00  00  00  00  00  CE      15.6912
     0100      8   A0  00  00  00  00  00  00  CE      15.6940
     0100      8   A0  00  00  00  00  00  00  CE      15.6968
     0101      8   A0  01  7F  FF  00  00  0F  59      15.6972
     0102      8   A0  00  00  00  00  00  00  CE      15.6975
     0100      8   A0  00  00  00  00  00  00  CE      15.6996
     0100      8   C0  00  00  00  00  00  00  7F      15.7033
     0100      8   C0  00  00  00  00  00  00  7F      15.7061
     0101      8   C0  01  7F  FF  00  00  0F  E8      15.7072
     0102      8   C0  00  00  00  00  00  00  7F      15.7075
     0501      8   0E  03  00  00  00  00  00  CB      15.7077
     0100      8   C0  00  00  00  00  00  00  7F      15.7089
     0100      8   E0  00  00  00  00  00  00  10      15.7127
     0100      8   E0  00  00  00  00  00  00  10      15.7155
     0101      8   E0  01  7F  FF  00  00  0F  87      15.7172
     0102      8   E0  00  00  00  00  00  00  10      15.7175
     0100      8   E0  00  00  00  00  00  00  10      15.7183
     0100      8   00  00  00  00  00  00  00  00      15.7220
     0100      8   00  00  00  00  00  00  00  00      15.7248
     0101      8   00  01  7F  FF  00  00  0F  97      15.7272
     0102      8   00  00  00  00  00  00  00  00      15.7275
     0100      8   00  00  00  00  00  00  00  00      15.7277
     0100      8   20  00  00  00  00  00  00  6F      15.7314
     0100      8   20  00  00  00  00  00  00  6F      15.7342
     0100      8   20  00  00  00  00  00  00  6F      15.7370
     0101      8   20  01  7F  FF  00  00  0F  F8      15.7372
     0102      8   20  00  00  00  00  00  00  6F      15.7375
     0100      8   20  00  00  00  00  00  00  6F      15.7398
     0100      8   40  00  00  00  00  00  00  DE      15.7435
     0100      8   40  00  00  00  00  00  00  DE      15.7463
     0101      8   40  01  7F  FF  00  00  0F  49      15.7472
     0102      8   40  00  00  00  00  00  00  DE      15.7475
     0100      8   40  00  00  00  00  00  00  DE      15.7491
     0100      8   60  00  00  00  00  00  00  B1      15.7529
     0100      8   60  00  00  00  00  00  00  B1      15.7557
     0101      8   60  01  7F  FF  00  00  0F  26      15.7572
     0102      8   60  00  00  00  00  00  00  B1      15.7575
     0100      8   60  00  00  00  00  00  00  B1      15.7585
     0100      8   80  00  00  00  00  00  00  A1      15.7622
     0100      8   80  00  00  00  00  00  00  A1      15.7650
     0101      8   80  01  7F  FF  00  00  0F  36      15.7672
     0102      8   80  00  00  00  00  00  00  A1      15.7675
     0100      8   80  00  00  00  00  00  00  A1      15.7678
     0100      8   A0  00  00  00  00  00  00  CE      15.7716
     0100      8   A0  00  00  00  00  00  00  CE      15.7744
     0100      8   A0  00  00  00  00  00  00  CE      15.7772
     0101      8   A0  01  7F  FF  00  00  0F  59      15.7774
     0102      8   A0  00  00  00  00  00  00  CE      15.7777
     0100      8   A0  00  00  00  00  00  00  CE      15.7800
     0100      8   C0  00  00  00  00  00  00  7F      15.7837
     0100      8   C0  00  00  00  00  00  00  7F      15.7865
     0101      8   C0  01  7F  FF  00  00  0F  E8      15.7872
     0102      8   C0  00  00  00  00  00  00  7F      15.7875
     0100      8   C0  00  00  00  00  00  00  7F      15.7893
     0100      8   E0  00  00  00  00  00  00  10      15.7931
     0100      8   E0  00  00  00  00  00  00  10      15.7959
     0101      8   E0  01  7F  FF  00  00  0F  87      15.7972
     0102      8   E0  00  00  00  00  00  00  10      15.7975
     0100      8   E0  00  00  00  00  00  00  10      15.7987
     0100      8   00  00  00  00  00  00  00  00      15.8024
     0100      8   00  00  00  00  00  00  00  00      15.8052
     0101      8   00  01  7F  FF  00  00  0F  97      15.8072
     0102      8   00  00  00  00  00  00  00  00      15.8075
     0501      8   0E  03  00  00  00  00  00  CB      15.8077
     0100      8   00  00  00  00  00  00  00  00      15.8080
     0100      8   20  00  00  00  00  00  00  6F      15.8118
     0100      8   20  00  00  00  00  00  00  6F      15.8146
     0101      8   20  01  7F  FF  00  00  0F  F8      15.8172
     0100      8   20  00  00  00  00  00  00  6F      15.8175
     0102      8   20  00  00  00  00  00  00  6F      15.8177
     0100      8   40  00  00  00  00  00  00  DE      15.8211
     0100      8   40  00  00  00  00  00  00  DE      15.8239
     0100      8   40  00  00  00  00  00  00  DE      15.8267
     0101      8   40  01  7F  FF  00  00  0F  49      15.8272
     0102      8   40  00  00  00  00  00  00  DE      15.8275
     0100      8   40  00  00  00  00  00  00  DE      15.8295
     0100      8   60  00  00  00  00  00  00  B1      15.8333
     0100      8   60  00  00  00  00  00  00  B1      15.8361
     0101      8   60  01  7F  FF  00  00  0F  26      15.8372
     0102      8   60  00  00  00  00  00  00  B1      15.8375
     0100      8   60  00  00  00  00  00  00  B1      15.8389
     0100      8   80  00  00  00  00  00  00  A1      15.8426
     0100      8   80  00  00  00  00  00  00  A1      15.8454
     0101      8   80  01  7F  FF  00  00  0F  36      15.8472
     0102      8   80  00  00  00  00  00  00  A1      15.8475
     0100      8   80  00  00  00  00  00  00  A1      15.8482
     0100      8   A0  00  00  00  00  00  00  CE      15.8520
     0100      8   A0  00  00  00  00  00  00  CE      15.8548
     0101      8   A0  01  7F  FF  00  00  0F  59      15.8572
     0102      8   A0  00  00  00  00  00  00  CE      15.8575
     0100      8   A0  00  00  00  00  00  00  CE      15.8577
     0100      8   C0  00  00  00  00  00  00  7F      15.8613
     0100      8   C0  00  00  00  00  00  00  7F      15.8641
     0100      8   C0  00  00  00  00  00  00  7F      15.8669
     0101      8   C0  01  7F  FF  00  00  0F  E8      15.8672
     0102      8   C0  00  00  00  00  00  00  7F      15.8675
     0100      8   C0  00  00  00  00  00  00  7F      15.8697
     0100      8   E0  00  00  00  00  00  00  10      15.8735
     0100      8   E0  00  00  00  00  00  00  10      15.8763
     0101      8   E0  01  7F  FF  00  00  0F  87      15.8772
     0102      8   E0  00  00  00  00  00  00  10      15.8775
     0100      8   E0  00  00  00  00  00  00  10      15.8791
     0100      8   00  00  00  00  00  00  00  00      15.8828
     0100      8   00  00  00  00  00  00  00  00      15.8856
     0101      8   00  01  7F  FF  00  00  0F  97      15.8872
     0102      8   00  00  00  00  00  00  00  00      15.8875
     0100      8   00  00  00  00  00  00  00  00      15.8884
     0100      8   20  00  00  00  00  00  00  6F      15.8922
     0100      8   20  00  00  00  00  00  00  6F      15.8950
     0101      8   20  01  7F  FF  00  00  0F  F8      15.8972
     0102      8   20  00  00  00  00  00  00  6F      15.8975
     0100      8   20  00  00  00  00  00  00  6F      15.8978
     0100      8   40  00  00  00  00  00  00  DE      15.9015
     0100      8   40  00  00  00  00  00  00  DE      15.9043
     0100      8   40  00  00  00  00  00  00  DE      15.9071
     0101      8   40  01  7F  FF  00  00  0F  49      15.9074
     0102      8   40  00  00  00  00  00  00  DE      15.9076
     0501      8   0E  03  00  00  00  00  00  CB      15.9079
     0100      8   40  00  00  00  00  00  00  DE      15.9099
     0100      8   60  00  00  00  00  00  00  B1      15.9137
     0100      8   60  00  00  00  00  00  00  B1      15.9165
     0101      8   60  01  7F  FF  00  00  0F  26      15.9172
     0102      8   60  00  00  00  00  00  00  B1      15.9175
     0100      8   60  00  00  00  00  00  00  B1      15.9193
     0100      8   80  00  00  00  00  00  00  A1      15.9230
     0100      8   80  00  00  00  00  00  00  A1      15.9258
     0101      8   80  01  7F  FF  00  00  0F  36      15.9272
     0102      8   80  00  00  00  00  00  00  A1      15.9275
     0100      8   80  00  00  00  00  00  00  A1      15.9286
     0100      8   A0  00  00  00  00  00  00  CE      15.9324
     0100      8   A0  00  00  00  00  00  00  CE      15.9352
     0101      8   A0  01  7F  FF  00  00  0F  59      15.9372
     0102      8   A0  00  00  00  00  00  00  CE      15.9374
     0100      8   A0  00  00  00  00  00  00  CE      15.9380
     0100      8   C0  00  00  00  00  00  00  7F      15.9417
     0100      8   C0  00  00  00  00  00  00  7F      15.9445
     0101      8   C0  01  7F  FF  00  00  0F  E8      15.9472
     0100      8   C0  00  00  00  00  00  00  7F      15.9475
     0102      8   C0  00  00  00  00  00  00  7F      15.9477
     0100      8   E0  00  00  00  00  00  00  10      15.9511
     0100      8   E0  00  00  00  00  00  00  10      15.9539
     0100      8   E0  00  00  00  00  00  00  10      15.9567
     0101      8   E0  01  7F  FF  00  00  0F  87      15.9572
     0102      8   E0  00  00  00  00  00  00  10      15.9575
     0100      8   E0  00  00  00  00  00  00  10      15.9595
     0100      8   00  00  00  00  00  00  00  00      15.9632
     0100      8   00  00  00  00  00  00  00  00      15.9660
     0101      8   00  01  7F  FF  00  00  0F  97      15.9672
     0102      8   00  00  00  00  00  00  00  00      15.9675
     0100      8   00  00  00  00  00  00  00  00      15.9688
     0100      8   20  00  00  00  00  00  00  6F      15.9726
     0100      8   20  00  00  00  00  00  00  6F      15.9754
     0101      8   20  01  7F  FF  00  00  0F  F8      15.9772
     0102      8   20  00  00  00  00  00  00  6F      15.9775
     0100      8   20  00  00  00  00  00  00  6F      15.9782
     0100      8   40  00  00  00  00  00  00  DE      15.9819
     0100      8   40  00  00  00  00  00  00  DE      15.9847
     0101      8   40  01  7F  FF  00  00  0F  49      15.9872
     0102      8   40  00  00  00  00  00  00  DE      15.9874
     0100      8   40  00  00  00  00  00  00  DE      15.9877
     0100      8   60  00  00  00  00  00  00  B1      15.9913
     0100      8   60  00  00  00  00  00  00  B1      15.9941
     0100      8   60  00  00  00  00  00  00  B1      15.9969
     0100      8   60  00  00  00  00  00  00  B1      15.9997
     0100      8   60  00  00  00  00  00  00  B1      16.0025
     0100      8   60  00  00  00  00  00  00  B1      16.0053
     0100      8   60  00  00  00  00  00  00  B1      16.0081
     0100      8   60  00  00  00  00  00  00  B1      16.0109
     0100      8   60  00  00  00  00  00  00  B1      16.0137
     0100      8   60  00  00  00  00  00  00  B1      16.0165
     0100      8   60  00  00  00  00  00  00  B1      16.0193
     0100      8   60  00  00  00  00  00  00  B1      16.0221
     0100      8   60  00  00  00  00  00  00  B1      16.0249
     0100      8   60  00  00  00  00  00  00  B1      16.0277
     0100      8   60  00  00  00  00  00  00  B1      16.0305
     0100      8   60  00  00  00  00  00  00  B1      16.0333
     0100      8   60  00  00  00  00  00  00  B1      16.0361
     0100      8   60  00  00  00  00  00  00  B1      16.0389
     0100      8   60  00  00  00  00  00  00  B1      16.0417
     0100      8   60  00  00  00  00  00  00  B1      16.0445
     0100      8   60  00  00  00  00  00  00  B1      16.0473
     0100      8   60  00  00  00  00  00  00  B1      16.0501
     0100      8   60  00  00  00  00  00  00  B1      16.0530
     0100      8   60  00  00  00  00  00  00  B1      16.0558
     0100      8   60  00  00  00  00  00  00  B1      16.0586
     0100      8   60  00  00  00  00  00  00  B1      16.0614
     0100      8   60  00  00  00  00  00  00  B1      16.0642
     0100      8   60  00  00  00  00  00  00  B1      16.0670
     0100      8   60  00  00  00  00  00  00  B1      16.0698
     0100      8   60  00  00  00  00  00  00  B1      16.0726
     0100      8   60  00  00  00  00  00  00  B1      16.0754
     0100      8   60  00  00  00  00  00  00  B1      16.0782
     0100      8   60  00  00  00  00  00  00  B1      16.0810
     0100      8   60  00  00  00  00  00  00  B1      16.0838
     0100      8   60  00  00  00  00  00  00  B1      16.0866
     0100      8   60  00  00  00  00  00  00  B1      16.0894
     0100      8   60  00  00  00  00  00  00  B1      16.0922
     0100      8   60  00  00  00  00  00  00  B1      16.0950
     0100      8   60  00  00  00  00  00  00  B1      16.0978
     0100      8   60  00  00  00  00  00  00  B1      16.1006
     0100      8   60  00  00  00  00  00  00  B1      16.1034
     0100      8   60  00  00  00  00  00  00  B1      16.1062
     0100      8   60  00  00  00  00  00  00  B1      16.1090
     0100      8   60  00  00  00  00  00  00  B1      16.1118
     0100      8   60  00  00  00  00  00  00  B1      16.1146
     0100      8   60  00  00  00  00  00  00  B1      16.1175
     0100      8   60  00  00  00  00  00  00  B1      16.1203
     0100      8   60  00  00  00  00  00  00  B1      16.1231
     0100      8   60  00  00  00  00  00  00  B1      16.1259
     0100      8   60  00  00  00  00  00  00  B1      16.1287
     0100      8   60  00  00  00  00  00  00  B1      16.1315
     0100      8   60  00  00  00  00  00  00  B1      16.1343
     0100      8   60  00  00  00  00  00  00  B1      16.1371
     0100      8   60  00  00  00  00  00  00  B1      16.1399
     0100      8   60  00  00  00  00  00  00  B1      16.1427
     0100      8   60  00  00  00  00  00  00  B1      16.1455
     0100      8   60  00  00  00  00  00  00  B1      16.1483
     0100      8   60  00  00  00  00  00  00  B1      16.1511
     0100      8   60  00  00  00  00  00  00  B1      16.1539
     0100      8   60  00  00  00  00  00  00  B1      16.1567
     0100      8   60  00  00  00  00  00  00  B1      16.1595
     0100      8   60  00  00  00  00  00  00  B1      16.1623
     0100      8   60  00  00  00  00  00  00  B1      16.1651
     0100      8   60  00  00  00  00  00  00  B1      16.1679
     0100      8   60  00  00  00  00  00  00  B1      16.1707
     0100      8   60  00  00  00  00  00  00  B1      16.1735
     0100      8   60  00  00  00  00  00  00  B1      16.1763
     0100      8   60  00  00  00  00  00  00  B1      16.1791
     0100      8   60  00  00  00  00  00  00  B1      16.1820
     0100      8   60  00  00  00  00  00  00  B1      16.1848
     0100      8   60  00  00  00  00  00  00  B1      16.1876
     0100      8   60  00  00  00  00  00  00  B1      16.1904
     0100      8   60  00  00  00  00  00  00  B1      16.1932
     0100      8   60  00  00  00  00  00  00  B1      16.1960
     0100      8   60  00  00  00  00  00  00  B1      16.1988
     0100      8   60  00  00  00  00  00  00  B1      16.2016
     0100      8   60  00  00  00  00  00  00  B1      16.2044
     0100      8   60  00  00  00  00  00  00  B1      16.2072
     0100      8   60  00  00  00  00  00  00  B1      16.2100
     0100      8   60  00  00  00  00  00  00  B1      16.2128
     0100      8   60  00  00  00  00  00  00  B1      16.2156
     0100      8   60  00  00  00  00  00  00  B1      16.2184
     0100      8   60  00  00  00  00  00  00  B1      16.2212
     0100      8   60  00  00  00  00  00  00  B1      16.2240
     0100      8   60  00  00  00  00  00  00  B1      16.2268
     0100      8   60  00  00  00  00  00  00  B1      16.2296
     0100      8   60  00  00  00  00  00  00  B1      16.2324
     0100      8   60  00  00  00  00  00  00  B1      16.2352
     0100      8   60  00  00  00  00  00  00  B1      16.2380
     0100      8   60  00  00  00  00  00  00  B1      16.2408
     0100      8   60  00  00  00  00  00  00  B1      16.2437
     0100      8   60  00  00  00  00  00  00  B1      16.2465
     0100      8   60  00  00  00  00  00  00  B1      16.2493
     0100      8   60  00  00  00  00  00  00  B1      16.2521
     0100      8   60  00  00  00  00  00  00  B1      16.2549
     0100      8   60  00  00  00  00  00  00  B1      16.2577
     0100      8   60  00  00  00  00  00  00  B1      16.2605
     0100      8   60  00  00  00  00  00  00  B1      16.2633
     0100      8   60  00  00  00  00  00  00  B1      16.2661
     0100      8   60  00  00  00  00  00  00  B1      16.2689
     0100      8   60  00  00  00  00  00  00  B1      16.2717
     0100      8   60  00  00  00  00  00  00  B1      16.2745
     0100      8   60  00  00  00  00  00  00  B1      16.2773
     0100      8   60  00  00  00  00  00  00  B1      16.2801
     0100      8   60  00  00  00  00  00  00  B1      16.2829
     0100      8   60  00  00  00  00  00  00  B1      16.2857
     0100      8   60  00  00  00  00  00  00  B1      16.2885
     0100      8   60  00  00  00  00  00  00  B1      16.2913
     0100      8   60  00  00  00  00  00  00  B1      16.2941
     0100      8   60  00  00  00  00  00  00  B1      16.2969
     0100      8   60  00  00  00  00  00  00  B1      16.2997
     0100      8   60  00  00  00  00  00  00  B1      16.3025
     0100      8   60  00  00  00  00  00  00  B1      16.3053
     0100      8   60  00  00  00  00  00  00  B1      16.3082
     0100      8   60  00  00  00  00  00  00  B1      16.3110
     0100      8   60  00  00  00  00  00  00  B1      16.3138
     0100      8   60  00  00  00  00  00  00  B1      16.3166
     0100      8   60  00  00  00  00  00  00  B1      16.3194
     0100      8   60  00  00  00  00  00  00  B1      16.3222
     0100      8   60  00  00  00  00  00  00  B1      16.3250
     0100      8   60  00  00  00  00  00  00  B1      16.3278
     0100      8   60  00  00  00  00  00  00  B1      16.3306
     0100      8   60  00  00  00  00  00  00  B1      16.3334
     0100      8   60  00  00  00  00  00  00  B1      16.3362
     0100      8   60  00  00  00  00  00  00  B1      16.3390
     0100      8   60  00  00  00  00  00  00  B1      16.3418
     0100      8   60  00  00  00  00  00  00  B1      16.3446
     0100      8   60  00  00  00  00  00  00  B1      16.3474
     0100      8   60  00  00  00  00  00  00  B1      16.3502
     0100      8   60  00  00  00  00  00  00  B1      16.3530
     0100      8   60  00  00  00  00  00  00  B1      16.3558
     0100      8   60  00  00  00  00  00  00  B1      16.3586
     0100      8   60  00  00  00  00  00  00  B1      16.3614
     0100      8   60  00  00  00  00  00  00  B1      16.3642
     0100      8   60  00  00  00  00  00  00  B1      16.3670
     0100      8   60  00  00  00  00  00  00  B1      16.3698
     0100      8   60  00  00  00  00  00  00  B1      16.3727
     0100      8   60  00  00  00  00  00  00  B1      16.3755
     0100      8   60  00  00  00  00  00  00  B1      16.3783
     0100      8   60  00  00  00  00  00  00  B1      16.3811
     0100      8   60  00  00  00  00  00  00  B1      16.3839
     0100      8   60  00  00  00  00  00  00  B1      16.3867
     0100      8   60  00  00  00  00  00  00  B1      16.3895
     0100      8   60  00  00  00  00  00  00  B1      16.3923
     0100      8   60  00  00  00  00  00  00  B1      16.3951
     0100      8   60  00  00  00  00  00  00  B1      16.3979
     0100      8   60  00  00  00  00  00  00  B1      16.4007
     0100      8   60  00  00  00  00  00  00  B1      16.4035
     0100      8   60  00  00  00  00  00  00  B1      16.4063
     0100      8   60  00  00  00  00  00  00  B1      16.4091
     0100      8   60  00  00  00  00  00  00  B1      16.4119
     0100      8   60  00  00  00  00  00  00  B1      16.4147
     0100      8   60  00  00  00  00  00  00  B1      16.4175
     0100      8   60  00  00  00  00  00  00  B1      16.4203
     0100      8   60  00  00  00  00  00  00  B1      16.4231
     0100      8   60  00  00  00  00  00  00  B1      16.4259
     0100      8   60  00  00  00  00  00  00  B1      16.4287
     0100      8   60  00  00  00  00  00  00  B1      16.4315
     0100      8   60  00  00  00  00  00  00  B1      16.4343
     0100      8   60  00  00  00  00  00  00  B1      16.4372
     0100      8   60  00  00  00  00  00  00  B1      16.4400
     0100      8   60  00  00  00  00  00  00  B1      16.4428
     0100      8   60  00  00  00  00  00  00  B1      16.4456
     0100      8   60  00  00  00  00  00  00  B1      16.4484
     0100      8   60  00  00  00  00  00  00  B1      16.4512
     0100      8   60  00  00  00  00  00  00  B1      16.4540
     0100      8   60  00  00  00  00  00  00  B1      16.4568
     0100      8   60  00  00  00  00  00  00  B1      16.4596
     0100      8   60  00  00  00  00  00  00  B1      16.4624
     0100      8   60  00  00  00  00  00  00  B1      16.4652
     0100      8   60  00  00  00  00  00  00  B1      16.4680
     0100      8   60  00  00  00  00  00  00  B1      16.4708
     0100      8   60  00  00  00  00  00  00  B1      16.4736
     0100      8   60  00  00  00  00  00  00  B1      16.4764
     0100      8   60  00  00  00  00  00  00  B1      16.4792
     0100      8   60  00  00  00  00  00  00  B1      16.4820
     0100      8   60  00  00  00  00  00  00  B1      16.4848
     0100      8   60  00  00  00  00  00  00  B1      16.4876
     0100      8   60  00  00  00  00  00  00  B1      16.4904
     0100      8   60  00  00  00  00  00  00  B1      16.4932
     0100      8   60  00  00  00  00  00  00  B1      16.4960
     0100      8   60  00  00  00  00  00  00  B1      16.4989
     0100      8   60  00  00  00  00  00  00  B1      16.5017
     0100      8   60  00  00  00  00  00  00  B1      16.5045
     0100      8   60  00  00  00  00  00  00  B1      16.5073
     0100      8   60  00  00  00  00  00  00  B1      16.5101
     0100      8   60  00  00  00  00  00  00  B1      16.5129
     0100      8   60  00  00  00  00  00  00  B1      16.5157
     0100      8   60  00  00  00  00  00  00  B1      16.5185
     0100      8   60  00  00  00  00  00  00  B1      16.5213
     0100      8   60  00  00  00  00  00  00  B1      16.5241
     0100      8   60  00  00  00  00  00  00  B1      16.5269
     0100      8   60  00  00  00  00  00  00  B1      16.5297
     0100      8   60  00  00  00  00  00  00  B1      16.5325
     0100      8   60  00  00  00  00  00  00  B1      16.5353
     0100      8   60  00  00  00  00  00  00  B1      16.5381
     0100      8   60  00  00  00  00  00  00  B1      16.5409
     0100      8   60  00  00  00  00  00  00  B1      16.5437
     0100      8   60  00  00  00  00  00  00  B1      16.5465
     0100      8   60  00  00  00  00  00  00  B1      16.5493
     0100      8   60  00  00  00  00  00  00  B1      16.5521
     0100      8   60  00  00  00  00  00  00  B1      16.5549
     0100      8   60  00  00  00  00  00  00  B1      16.5577
     0100      8   60  00  00  00  00  00  00  B1      16.5605
     0100      8   60  00  00  00  00  00  00  B1      16.5634
     0100      8   60  00  00  00  00  00  00  B1      16.5662
     0100      8   60  00  00  00  00  00  00  B1      16.5690
     0100      8   60  00  00  00  00  00  00  B1      16.5718
     0100      8   60  00  00  00  00  00  00  B1      16.5746
     0100      8   60  00  00  00  00  00  00  B1      16.5774
     0100      8   60  00  00  00  00  00  00  B1      16.5802
     0100      8   60  00  00  00  00  00  00  B1      16.5830
     0100      8   60  00  00  00  00  00  00  B1      16.5858
     0100      8   60  00  00  00  00  00  00  B1      16.5886
     0100      8   60  00  00  00  00  00  00  B1      16.5914
     0100      8   60  00  00  00  00  00  00  B1      16.5942
     0100      8   60  00  00  00  00  00  00  B1      16.5970
     0100      8   60  00  00  00  00  00  00  B1      16.5998
     0100      8   60  00  00  00  00  00  00  B1      16.6026
     0100      8   60  00  00  00  00  00  00  B1      16.6054
     0100      8   60  00  00  00  00  00  00  B1      16.6082
     0100      8   60  00  00  00  00  00  00  B1      16.6110
     0100      8   60  00  00  00  00  00  00  B1      16.6138
     0100      8   60  00  00  00  00  00  00  B1      16.6166
     0100      8   60  00  00  00  00  00  00  B1      16.6194
     0100      8   60  00  00  00  00  00  00  B1      16.6222
     0100      8   60  00  00  00  00  00  00  B1      16.6251
     0100      8   60  00  00  00  00  00  00  B1      16.6279
     0100      8   60  00  00  00  00  00  00  B1      16.6307
     0100      8   60  00  00  00  00  00  00  B1      16.6335
     0100      8   60  00  00  00  00  00  00  B1      16.6363
     0100      8   60  00  00  00  00  00  00  B1      16.6391
     0100      8   60  00  00  00  00  00  00  B1      16.6419
     0100      8   60  00  00  00  00  00  00  B1      16.6447
     0100      8   60  00  00  00  00  00  00  B1      16.6475
     0100      8   60  00  00  00  00  00  00  B1      16.6503
     0100      8   60  00  00  00  00  00  00  B1      16.6531
     0100      8   60  00  00  00  00  00  00  B1      16.6559
     0100      8   60  00  00  00  00  00  00  B1      16.6587
     0100      8   60  00  00  00  00  00  00  B1      16.6615
     0100      8   60  00  00  00  00  00  00  B1      16.6643
     0100      8   60  00  00  00  00  00  00  B1      16.6671
     0100      8   60  00  00  00  00  00  00  B1      16.6699
     0100      8   60  00  00  00  00  00  00  B1      16.6727
     0100      8   60  00  00  00  00  00  00  B1      16.6755
     0100      8   60  00  00  00  00  00  00  B1      16.6783
     0100      8   60  00  00  00  00  00  00  B1      16.6811
     0100      8   60  00  00  00  00  00  00  B1      16.6839
     0100      8   60  00  00  00  00  00  00  B1      16.6867
     0100      8   60  00  00  00  00  00  00  B1      16.6896
     0100      8   60  00  00  00  00  00  00  B1      16.6924
     0100      8   60  00  00  00  00  00  00  B1      16.6952
     0100      8   60  00  00  00  00  00  00  B1      16.6980
     0100      8   60  00  00  00  00  00  00  B1      16.7008
     0100      8   60  00  00  00  00  00  00  B1      16.7036
     0100      8   60  00  00  00  00  00  00  B1      16.7064
     0100      8   60  00  00  00  00  00  00  B1      16.7092
     0100      8   60  00  00  00  00  00  00  B1      16.7120
     0100      8   60  00  00  00  00  00  00  B1      16.7148
     0100      8   60  00  00  00  00  00  00  B1      16.7176
     0100      8   60  00  00  00  00  00  00  B1      16.7204
     0100      8   60  00  00  00  00  00  00  B1      16.7232
     0100      8   60  00  00  00  00  00  00  B1      16.7260
     0100      8   60  00  00  00  00  00  00  B1      16.7288
     0100      8   60  00  00  00  00  00  00  B1      16.7316
     0100      8   60  00  00  00  00  00  00  B1      16.7344
     0100      8   60  00  00  00  00  00  00  B1      16.7372
     0100      8   60  00  00  00  00  00  00  B1      16.7400
     0100      8   60  00  00  00  00  00  00  B1      16.7428
     0100      8   60  00  00  00  00  00  00  B1      16.7456
     0100      8   60  00  00  00  00  00  00  B1      16.7484
     0100      8   60  00  00  00  00  00  00  B1      16.7512
     0100      8   60  00  00  00  00  00  00  B1      16.7541
     0100      8   60  00  00  00  00  00  00  B1      16.7569
     0100      8   60  00  00  00  00  00  00  B1      16.7597
     0100      8   60  00  00  00  00  00  00  B1      16.7625
     0100      8   60  00  00  00  00  00  00  B1      16.7653
     0100      8   60  00  00  00  00  00  00  B1      16.7681
     0100      8   60  00  00  00  00  00  00  B1      16.7709
     0100      8   60  00  00  00  00  00  00  B1      16.7737
     0100      8   60  00  00  00  00  00  00  B1      16.7765
     0100      8   60  00  00  00  00  00  00  B1      16.7793
     0100      8   60  00  00  00  00  00  00  B1      16.7821
     0100      8   60  00  00  00  00  00  00  B1      16.7849
     0100      8   60  00  00  00  00  00  00  B1      16.7877
     0100      8   60  00  00  00  00  00  00  B1      16.7905
     0100      8   60  00  00  00  00  00  00  B1      16.7933
     0100      8   60  00  00  00  00  00  00  B1      16.7961
     0100      8   60  00  00  00  00  00  00  B1      16.7989
     0100      8   60  00  00  00  00  00  00  B1      16.8017
     0100      8   60  00  00  00  00  00  00  B1      16.8045
     0100      8   60  00  00  00  00  00  00  B1      16.8073
     0100      8   60  00  00  00  00  00  00  B1      16.8101
     0100      8   60  00  00  00  00  00  00  B1      16.8129
     0100      8   60  00  00  00  00  00  00  B1      16.8158
     0100      8   60  00  00  00  00  00  00  B1      16.8186
     0100      8   60  00  00  00  00  00  00  B1      16.8214
     0100      8   60  00  00  00  00  00  00  B1      16.8242
     0100      8   60  00  00  00  00  00  00  B1      16.8270
     0100      8   60  00  00  00  00  00  00  B1      16.8298
     0100      8   60  00  00  00  00  00  00  B1      16.8326
     0100      8   60  00  00  00  00  00  00  B1      16.8354
     0100      8   60  00  00  00  00  00  00  B1      16.8382
     0100      8   60  00  00  00  00  00  00  B1      16.8410
     0100      8   60  00  00  00  00  00  00  B1      16.8438
     0100      8   60  00  00  00  00  00  00  B1      16.8466
     0100      8   60  00  00  00  00  00  00  B1      16.8494
     0100      8   60  00  00  00  00  00  00  B1      16.8522
     0100      8   60  00  00  00  00  00  00  B1      16.8550
     0100      8   60  00  00  00  00  00  00  B1      16.8578
     0100      8   60  00  00  00  00  00  00  B1      16.8606
     0100      8   60  00  00  00  00  00  00  B1      16.8634
     0100      8   60  00  00  00  00  00  00  B1      16.8662
     0100      8   60  00  00  00  00  00  00  B1      16.8690
     0100      8   60  00  00  00  00  00  00  B1      16.8718
     0100      8   60  00  00  00  00  00  00  B1      16.8746
     0100      8   60  00  00  00  00  00  00  B1      16.8774
     0100      8   60  00  00  00  00  00  00  B1      16.8803
     0100      8   60  00  00  00  00  00  00  B1      16.8831
     0100      8   60  00  00  00  00  00  00  B1      16.8859
     0100      8   60  00  00  00  00  00  00  B1      16.8887
     0100      8   60  00  00  00  00  00  00  B1      16.8915
     0100      8   60  00  00  00  00  00  00  B1      16.8943
     0100      8   60  00  00  00  00  00  00  B1      16.8971
     0100      8   60  00  00  00  00  00  00  B1      16.8999
     0100      8   60  00  00  00  00  00  00  B1      16.9027
     0100      8   60  00  00  00  00  00  00  B1      16.9055
     0100      8   60  00  00  00  00  00  00  B1      16.9083
     0100      8   60  00  00  00  00  00  00  B1      16.9111
     0100      8   60  00  00  00  00  00  00  B1      16.9139
     0100      8   60  00  00  00  00  00  00  B1      16.9167
     0100      8   60  00  00  00  00  00  00  B1      16.9195
     0100      8   60  00  00  00  00  00  00  B1      16.9223
     0100      8   60  00  00  00  00  00  00  B1      16.9251
     0100      8   60  00  00  00  00  00  00  B1      16.9279
     0100      8   60  00  00  00  00  00  00  B1      16.9307
     0100      8   60  00  00  00  00  00  00  B1      16.9335
     0100      8   60  00  00  00  00  00  00  B1      16.9363
     0100      8   60  00  00  00  00  00  00  B1      16.9392
     0100      8   60  00  00  00  00  00  00  B1      16.9419
     0100      8   60  00  00  00  00  00  00  B1      16.9448
     0100      8   60  00  00  00  00  00  00  B1      16.9476
     0100      8   60  00  00  00  00  00  00  B1      16.9504
     0100      8   60  00  00  00  00  00  00  B1      16.9532
     0100      8   60  00  00  00  00  00  00  B1      16.9560
     0100      8   60  00  00  00  00  00  00  B1      16.9588
     0100      8   60  00  00  00  00  00  00  B1      16.9616
     0100      8   60  00  00  00  00  00  00  B1      16.9644
     0100      8   60  00  00  00  00  00  00  B1      16.9672
     0100      8   60  00  00  00  00  00  00  B1      16.9700
     0100      8   60  00  00  00  00  00  00  B1      16.9728
     0100      8   60  00  00  00  00  00  00  B1      16.9756
     0100      8   60  00  00  00  00  00  00  B1      16.9784
     0100      8   60  00  00  00  00  00  00  B1      16.9812
     0100      8   60  00  00  00  00  00  00  B1      16.9840
     0100      8   60  00  00  00  00  00  00  B1      16.9868
     0100      8   60  00  00  00  00  00  00  B1      16.9896
     0100      8   60  00  00  00  00  00  00  B1      16.9924
     0100      8   60  00  00  00  00  00  00  B1      16.9952
     0100      8   60  00  00  00  00  00  00  B1      16.9980
     0100      8   60  00  00  00  00  00  00  B1      17.0008
     0100      8   60  00  00  00  00  00  00  B1      17.0037
     0100      8   60  00  00  00  00  00  00  B1      17.0065
     0100      8   60  00  00  00  00  00  00  B1      17.0093
     0100      8   60  00  00  00  00  00  00  B1      17.0121
     0100      8   60  00  00  00  00  00  00  B1      17.0149
     0100      8   60  00  00  00  00  00  00  B1      17.0177
     0100      8   60  00  00  00  00  00  00  B1      17.0205
     0100      8   60  00  00  00  00  00  00  B1      17.0233
     0100      8   60  00  00  00  00  00  00  B1      17.0261
     0100      8   60  00  00  00  00  00  00  B1      17.0289
     0100      8   60  00  00  00  00  00  00  B1      17.0317
     0100      8   60  00  00  00  00  00  00  B1      17.0345
     0100      8   60  00  00  00  00  00  00  B1      17.0373
     0100      8   60  00  00  00  00  00  00  B1      17.0401
     0100      8   60  00  00  00  00  00  00  B1      17.0429
     0100      8   60  00  00  00  00  00  00  B1      17.0457
     0100      8   60  00  00  00  00  00  00  B1      17.0485
     0100      8   60  00  00  00  00  00  00  B1      17.0513
     0100      8   60  00  00  00  00  00  00  B1      17.0541
     0100      8   60  00  00  00  00  00  00  B1      17.0569
     0100      8   60  00  00  00  00  00  00  B1      17.0597
     0100      8   60  00  00  00  00  00  00  B1      17.0625
     0100      8   60  00  00  00  00  00  00  B1      17.0653
     0100      8   60  00  00  00  00  00  00  B1      17.0682
     0100      8   60  00  00  00  00  00  00  B1      17.0710
     0100      8   60  00  00  00  00  00  00  B1      17.0738
     0100      8   60  00  00  00  00  00  00  B1      17.0766
     0100      8   60  00  00  00  00  00  00  B1      17.0794
     0100      8   60  00  00  00  00  00  00  B1      17.0822
     0100      8   60  00  00  00  00  00  00  B1      17.0850
     0100      8   60  00  00  00  00  00  00  B1      17.0878
     0100      8   60  00  00  00  00  00  00  B1      17.0906
     0100      8   60  00  00  00  00  00  00  B1      17.0934
     0100      8   60  00  00  00  00  00  00  B1      17.0962
     0100      8   60  00  00  00  00  00  00  B1      17.0990
     0100      8   60  00  00  00  00  00  00  B1      17.1018
     0100      8   60  00  00  00  00  00  00  B1      17.1046
     0100      8   60  00  00  00  00  00  00  B1      17.1074
     0100      8   60  00  00  00  00  00  00  B1      17.1102
     0100      8   60  00  00  00  00  00  00  B1      17.1130
     0100      8   60  00  00  00  00  00  00  B1      17.1158
     0100      8   60  00  00  00  00  00  00  B1      17.1186
     0100      8   60  00  00  00  00  00  00  B1      17.1214
     0100      8   60  00  00  00  00  00  00  B1      17.1242
     0100      8   60  00  00  00  00  00  00  B1      17.1270
     0100      8   60  00  00  00  00  00  00  B1      17.1298
     0100      8   60  00  00  00  00  00  00  B1      17.1327
     0100      8   60  00  00  00  00  00  00  B1      17.1355
     0100      8   60  00  00  00  00  00  00  B1      17.1383
     0100      8   60  00  00  00  00  00  00  B1      17.1411
     0100      8   60  00  00  00  00  00  00  B1      17.1439
     0100      8   60  00  00  00  00  00  00  B1      17.1467
     0100      8   60  00  00  00  00  00  00  B1      17.1495
     0100      8   60  00  00  00  00  00  00  B1      17.1523
     0100      8   60  00  00  00  00  00  00  B1      17.1551
     0100      8   60  00  00  00  00  00  00  B1      17.1579
     0100      8   60  00  00  00  00  00  00  B1      17.1607
     0100      8   60  00  00  00  00  00  00  B1      17.1635
     0100      8   60  00  00  00  00  00  00  B1      17.1663
     0100      8   60  00  00  00  00  00  00  B1      17.1691
     0100      8   60  00  00  00  00  00  00  B1      17.1719
     0100      8   60  00  00  00  00  00  00  B1      17.1747
     0100      8   60  00  00  00  00  00  00  B1      17.1775
     0100      8   60  00  00  00  00  00  00  B1      17.1803
     0100      8   60  00  00  00  00  00  00  B1      17.1831
     0100      8   60  00  00  00  00  00  00  B1      17.1859
     0100      8   60  00  00  00  00  00  00  B1      17.1887
     0100      8   60  00  00  00  00  00  00  B1      17.1915
     0100      8   60  00  00  00  00  00  00  B1      17.1943
     0100      8   60  00  00  00  00  00  00  B1      17.1972
     0100      8   60  00  00  00  00  00  00  B1      17.2000
     0100      8   60  00  00  00  00  00  00  B1      17.2028
     0100      8   60  00  00  00  00  00  00  B1      17.2056
     0100      8   60  00  00  00  00  00  00  B1      17.2084
     0100      8   60  00  00  00  00  00  00  B1      17.2112
     0100      8   60  00  00  00  00  00  00  B1      17.2140
     0100      8   60  00  00  00  00  00  00  B1      17.2168
     0100      8   60  00  00  00  00  00  00  B1      17.2196
     0100      8   60  00  00  00  00  00  00  B1      17.2224
     0100      8   60  00  00  00  00  00  00  B1      17.2252
     0100      8   60  00  00  00  00  00  00  B1      17.2280
     0100      8   60  00  00  00  00  00  00  B1      17.2308
     0100      8   60  00  00  00  00  00  00  B1      17.2336
     0100      8   60  00  00  00  00  00  00  B1      17.2364
     0100      8   60  00  00  00  00  00  00  B1      17.2392
     0100      8   60  00  00  00  00  00  00  B1      17.2420
     0100      8   60  00  00  00  00  00  00  B1      17.2448
     0100      8   60  00  00  00  00  00  00  B1      17.2476
     0100      8   60  00  00  00  00  00  00  B1      17.2504
     0100      8   60  00  00  00  00  00  00  B1      17.2532
     0100      8   60  00  00  00  00  00  00  B1      17.2560
     0100      8   60  00  00  00  00  00  00  B1      17.2588
     0100      8   60  00  00  00  00  00  00  B1      17.2617
     0100      8   60  00  00  00  00  00  00  B1      17.2645
     0100      8   60  00  00  00  00  00  00  B1      17.2673
     0100      8   60  00  00  00  00  00  00  B1      17.2701
     0100      8   60  00  00  00  00  00  00  B1      17.2729
     0100      8   60  00  00  00  00  00  00  B1      17.2757
     0100      8   60  00  00  00  00  00  00  B1      17.2785
     0100      8   60  00  00  00  00  00  00  B1      17.2813
     0100      8   60  00  00  00  00  00  00  B1      17.2841
     0100      8   60  00  00  00  00  00  00  B1      17.2869
     0100      8   60  00  00  00  00  00  00  B1      17.2897
     0100      8   60  00  00  00  00  00  00  B1      17.2925
     0100      8   60  00  00  00  00  00  00  B1      17.2953
     0100      8   60  00  00  00  00  00  00  B1      17.2981
     0100      8   60  00  00  00  00  00  00  B1      17.3009
     0100      8   60  00  00  00  00  00  00  B1      17.3037
     0100      8   60  00  00  00  00  00  00  B1      17.3065
     0100      8   60  00  00  00  00  00  00  B1      17.3093
     0100      8   60  00  00  00  00  00  00  B1      17.3121
     0100      8   60  00  00  00  00  00  00  B1      17.3149
     0100      8   60  00  00  00  00  00  00  B1      17.3177
     0100      8   60  00  00  00  00  00  00  B1      17.3205
     0100      8   60  00  00  00  00  00  00  B1      17.3234
     0100      8   60  00  00  00  00  00  00  B1      17.3262
     0100      8   60  00  00  00  00  00  00  B1      17.3290
     0100      8   60  00  00  00  00  00  00  B1      17.3318
     0100      8   60  00  00  00  00  00  00  B1      17.3346
     0100      8   60  00  00  00  00  00  00  B1      17.3374
     0100      8   60  00  00  00  00  00  00  B1      17.3402
     0100      8   60  00  00  00  00  00  00  B1      17.3430
     0100      8   60  00  00  00  00  00  00  B1      17.3458
     0100      8   60  00  00  00  00  00  00  B1      17.3486
     0100      8   60  00  00  00  00  00  00  B1      17.3514
     0100      8   60  00  00  00  00  00  00  B1      17.3542
     0100      8   60  00  00  00  00  00  00  B1      17.3570
     0100      8   60  00  00  00  00  00  00  B1      17.3598
     0100      8   60  00  00  00  00  00  00  B1      17.3626
     0100      8   60  00  00  00  00  00  00  B1      17.3654
     0100      8   60  00  00  00  00  00  00  B1      17.3682
     0100      8   60  00  00  00  00  00  00  B1      17.3710
     0100      8   60  00  00  00  00  00  00  B1      17.3738
     0100      8   60  00  00  00  00  00  00  B1      17.3766
     0100      8   60  00  00  00  00  00  00  B1      17.3794
     0100      8   60  00  00  00  00  00  00  B1      17.3822
     0100      8   60  00  00  00  00  00  00  B1      17.3850
     0100      8   60  00  00  00  00  00  00  B1      17.3879
     0100      8   60  00  00  00  00  00  00  B1      17.3907
     0100      8   60  00  00  00  00  00  00  B1      17.3935
     0100      8   60  00  00  00  00  00  00  B1      17.3963
     0100      8   60  00  00  00  00  00  00  B1      17.3991
     0100      8   60  00  00  00  00  00  00  B1      17.4019
     0100      8   60  00  00  00  00  00  00  B1      17.4047
     0100      8   60  00  00  00  00  00  00  B1      17.4075
     0100      8   60  00  00  00  00  00  00  B1      17.4103
     0100      8   60  00  00  00  00  00  00  B1      17.4131
     0100      8   60  00  00  00  00  00  00  B1      17.4159
     0100      8   60  00  00  00  00  00  00  B1      17.4187
     0100      8   60  00  00  00  00  00  00  B1      17.4215
     0100      8   60  00  00  00  00  00  00  B1      17.4243
     0100      8   60  00  00  00  00  00  00  B1      17.4271
     0100      8   60  00  00  00  00  00  00  B1      17.4299
     0100      8   60  00  00  00  00  00  00  B1      17.4327
     0100      8   60  00  00  00  00  00  00  B1      17.4355
     0100      8   60  00  00  00  00  00  00  B1      17.4383
     0100      8   60  00  00  00  00  00  00  B1      17.4411
     0100      8   60  00  00  00  00  00  00  B1      17.4439
     0100      8   60  00  00  00  00  00  00  B1      17.4467
     0100      8   60  00  00  00  00  00  00  B1      17.4495
     0100      8   60  00  00  00  00  00  00  B1      17.4524
     0100      8   60  00  00  00  00  00  00  B1      17.4552
     0100      8   60  00  00  00  00  00  00  B1      17.4580
     0100      8   60  00  00  00  00  00  00  B1      17.4608
     0100      8   60  00  00  00  00  00  00  B1      17.4636
     0100      8   60  00  00  00  00  00  00  B1      17.4664
     0100      8   60  00  00  00  00  00  00  B1      17.4692
     0100      8   60  00  00  00  00  00  00  B1      17.4720
     0100      8   60  00  00  00  00  00  00  B1      17.4748
     0100      8   60  00  00  00  00  00  00  B1      17.4776
     0100      8   60  00  00  00  00  00  00  B1      17.4804
     0100      8   60  00  00  00  00  00  00  B1      17.4832
     0100      8   60  00  00  00  00  00  00  B1      17.4860
     0100      8   60  00  00  00  00  00  00  B1      17.4888
     0100      8   60  00  00  00  00  00  00  B1      17.4916
     0100      8   60  00  00  00  00  00  00  B1      17.4944
     0100      8   60  00  00  00  00  00  00  B1      17.4972
     0100      8   60  00  00  00  00  00  00  B1      17.5000
     0100      8   60  00  00  00  00  00  00  B1      17.5028
     0100      8   60  00  00  00  00  00  00  B1      17.5056
     0100      8   60  00  00  00  00  00  00  B1      17.5084
     0100      8   60  00  00  00  00  00  00  B1      17.5112
     0100      8   60  00  00  00  00  00  00  B1      17.5141
     0100      8   60  00  00  00  00  00  00  B1      17.5169
     0100      8   60  00  00  00  00  00  00  B1      17.5197
     0100      8   60  00  00  00  00  00  00  B1      17.5225
     0100      8   60  00  00  00  00  00  00  B1      17.5253
     0100      8   60  00  00  00  00  00  00  B1      17.5281
     0100      8   60  00  00  00  00  00  00  B1      17.5309
     0100      8   60  00  00  00  00  00  00  B1      17.5337
     0100      8   60  00  00  00  00  00  00  B1      17.5365
     0100      8   60  00  00  00  00  00  00  B1      17.5393
     0100      8   60  00  00  00  00  00  00  B1      17.5421
     0100      8   60  00  00  00  00  00  00  B1      17.5449
     0100      8   60  00  00  00  00  00  00  B1      17.5477
     0100      8   60  00  00  00  00  00  00  B1      17.5505
     0100      8   60  00  00  00  00  00  00  B1      17.5533
     0100      8   60  00  00  00  00  00  00  B1      17.5561
     0100      8   60  00  00  00  00  00  00  B1      17.5589
     0100      8   60  00  00  00  00  00  00  B1      17.5617
     0100      8   60  00  00  00  00  00  00  B1      17.5645
     0100      8   60  00  00  00  00  00  00  B1      17.5673
     0100      8   60  00  00  00  00  00  00  B1      17.5701
     0100      8   60  00  00  00  00  00  00  B1      17.5730
     0100      8   60  00  00  00  00  00  00  B1      17.5757
     0100      8   60  00  00  00  00  00  00  B1      17.5786
     0100      8   60  00  00  00  00  00  00  B1      17.5814
     0100      8   60  00  00  00  00  00  00  B1      17.5842
     0100      8   60  00  00  00  00  00  00  B1      17.5870
     0100      8   60  00  00  00  00  00  00  B1      17.5898
     0100      8   60  00  00  00  00  00  00  B1      17.5926
     0100      8   60  00  00  00  00  00  00  B1      17.5954
     0100      8   60  00  00  00  00  00  00  B1      17.5982
     0100      8   60  00  00  00  00  00  00  B1      17.6010
     0100      8   60  00  00  00  00  00  00  B1      17.6038
     0100      8   60  00  00  00  00  00  00  B1      17.6066
     0100      8   60  00  00  00  00  00  00  B1      17.6094
     0100      8   60  00  00  00  00  00  00  B1      17.6122
     0100      8   60  00  00  00  00  00  00  B1      17.6150
     0100      8   60  00  00  00  00  00  00  B1      17.6178
     0100      8   60  00  00  00  00  00  00  B1      17.6206
     0100      8   60  00  00  00  00  00  00  B1      17.6234
     0100      8   60  00  00  00  00  00  00  B1      17.6262
     0100      8   60  00  00  00  00  00  00  B1      17.6290
     0100      8   60  00  00  00  00  00  00  B1      17.6318
     0100      8   60  00  00  00  00  00  00  B1      17.6346
     0100      8   60  00  00  00  00  00  00  B1      17.6375
     0100      8   60  00  00  00  00  00  00  B1      17.6403
     0100      8   60  00  00  00  00  00  00  B1      17.6431
     0100      8   60  00  00  00  00  00  00  B1      17.6459
     0100      8   60  00  00  00  00  00  00  B1      17.6487
     0100      8   60  00  00  00  00  00  00  B1      17.6515
     0100      8   60  00  00  00  00  00  00  B1      17.6543
     0100      8   60  00  00  00  00  00  00  B1      17.6571
     0100      8   60  00  00  00  00  00  00  B1      17.6599
     0100      8   60  00  00  00  00  00  00  B1      17.6627
     0100      8   60  00  00  00  00  00  00  B1      17.6655
     0100      8   60  00  00  00  00  00  00  B1      17.6683
     0100      8   60  00  00  00  00  00  00  B1      17.6711
     0100      8   60  00  00  00  00  00  00  B1      17.6739
     0100      8   60  00  00  00  00  00  00  B1      17.6767
     0100      8   60  00  00  00  00  00  00  B1      17.6795
     0100      8   60  00  00  00  00  00  00  B1      17.6823
     0100      8   60  00  00  00  00  00  00  B1      17.6851
     0100      8   60  00  00  00  00  00  00  B1      17.6879
     0100      8   60  00  00  00  00  00  00  B1      17.6907
     0100      8   60  00  00  00  00  00  00  B1      17.6935
     0100      8   60  00  00  00  00  00  00  B1      17.6963
     0100      8   60  00  00  00  00  00  00  B1      17.6991
     0100      8   60  00  00  00  00  00  00  B1      17.7020
     0100      8   60  00  00  00  00  00  00  B1      17.7048
     0100      8   60  00  00  00  00  00  00  B1      17.7076
     0100      8   60  00  00  00  00  00  00  B1      17.7104
     0100      8   60  00  00  00  00  00  00  B1      17.7132
     0100      8   60  00  00  00  00  00  00  B1      17.7160
     0100      8   60  00  00  00  00  00  00  B1      17.7188
     0100      8   60  00  00  00  00  00  00  B1      17.7216
     0100      8   60  00  00  00  00  00  00  B1      17.7244
     0100      8   60  00  00  00  00  00  00  B1      17.7272
     0100      8   60  00  00  00  00  00  00  B1      17.7300
     0100      8   60  00  00  00  00  00  00  B1      17.7328
     0100      8   60  00  00  00  00  00  00  B1      17.7356
     0100      8   60  00  00  00  00  00  00  B1      17.7384
     0100      8   60  00  00  00  00  00  00  B1      17.7412
     0100      8   60  00  00  00  00  00  00  B1      17.7440
     0100      8   60  00  00  00  00  00  00  B1      17.7468
     0100      8   60  00  00  00  00  00  00  B1      17.7496
     0100      8   60  00  00  00  00  00  00  B1      17.7524
     0100      8   60  00  00  00  00  00  00  B1      17.7552
     0100      8   60  00  00  00  00  00  00  B1      17.7580
     0100      8   60  00  00  00  00  00  00  B1      17.7608
     0100      8   60  00  00  00  00  00  00  B1      17.7636
     0100      8   60  00  00  00  00  00  00  B1      17.7665
     0100      8   60  00  00  00  00  00  00  B1      17.7693
     0100      8   60  00  00  00  00  00  00  B1      17.7721
     0100      8   60  00  00  00  00  00  00  B1      17.7749
     0100      8   60  00  00  00  00  00  00  B1      17.7777
     0100      8   60  00  00  00  00  00  00  B1      17.7805
     0100      8   60  00  00  00  00  00  00  B1      17.7833
     0100      8   60  00  00  00  00  00  00  B1      17.7861
     0100      8   60  00  00  00  00  00  00  B1      17.7889
     0100      8   60  00  00  00  00  00  00  B1      17.7917
     0100      8   60  00  00  00  00  00  00  B1      17.7945
     0100      8   60  00  00  00  00  00  00  B1      17.7973
     0100      8   60  00  00  00  00  00  00  B1      17.8001
     0100      8   60  00  00  00  00  00  00  B1      17.8029
     0100      8   60  00  00  00  00  00  00  B1      17.8057
     0100      8   60  00  00  00  00  00  00  B1      17.8085
     0100      8   60  00  00  00  00  00  00  B1      17.8113
     0100      8   60  00  00  00  00  00  00  B1      17.8141
     0100      8   60  00  00  00  00  00  00  B1      17.8169
     0100      8   60  00  00  00  00  00  00  B1      17.8197
     0100      8   60  00  00  00  00  00  00  B1      17.8225
     0100      8   60  00  00  00  00  00  00  B1      17.8253
     0100      8   60  00  00  00  00  00  00  B1      17.8281
     0100      8   60  00  00  00  00  00  00  B1      17.8310
     0100      8   60  00  00  00  00  00  00  B1      17.8338
     0100      8   60  00  00  00  00  00  00  B1      17.8366
     0100      8   60  00  00  00  00  00  00  B1      17.8394
     0100      8   60  00  00  00  00  00  00  B1      17.8422
     0100      8   60  00  00  00  00  00  00  B1      17.8450
     0100      8   60  00  00  00  00  00  00  B1      17.8478
     0100      8   60  00  00  00  00  00  00  B1      17.8506
     0100      8   60  00  00  00  00  00  00  B1      17.8534
     0100      8   60  00  00  00  00  00  00  B1      17.8562
     0100      8   60  00  00  00  00  00  00  B1      17.8590
     0100      8   60  00  00  00  00  00  00  B1      17.8618
     0100      8   60  00  00  00  00  00  00  B1      17.8646
     0100      8   60  00  00  00  00  00  00  B1      17.8674
     0100      8   60  00  00  00  00  00  00  B1      17.8702
     0100      8   60  00  00  00  00  00  00  B1      17.8730
     0100      8   60  00  00  00  00  00  00  B1      17.8758
     0100      8   60  00  00  00  00  00  00  B1      17.8786
     0100      8   60  00  00  00  00  00  00  B1      17.8814
     0100      8   60  00  00  00  00  00  00  B1      17.8842
     0100      8   60  00  00  00  00  00  00  B1      17.8870
     0100      8   60  00  00  00  00  00  00  B1      17.8898
     0100      8   60  00  00  00  00  00  00  B1      17.8926
     0100      8   60  00  00  00  00  00  00  B1      17.8955
     0100      8   60  00  00  00  00  00  00  B1      17.8983
     0100      8   60  00  00  00  00  00  00  B1      17.9011
     0100      8   60  00  00  00  00  00  00  B1      17.9039
     0100      8   60  00  00  00  00  00  00  B1      17.9067
     0100      8   60  00  00  00  00  00  00  B1      17.9095
     0100      8   60  00  00  00  00  00  00  B1      17.9123
     0100      8   60  00  00  00  00  00  00  B1      17.9151
     0100      8   60  00  00  00  00  00  00  B1      17.9179
     0100      8   60  00  00  00  00  00  00  B1      17.9207
     0100      8   60  00  00  00  00  00  00  B1      17.9235
     0100      8   60  00  00  00  00  00  00  B1      17.9263
     0100      8   60  00  00  00  00  00  00  B1      17.9291
     0100      8   60  00  00  00  00  00  00  B1      17.9319
     0100      8   60  00  00  00  00  00  00  B1      17.9347
     0100      8   60  00  00  00  00  00  00  B1      17.9375
     0100      8   60  00  00  00  00  00  00  B1      17.9403
     0100      8   60  00  00  00  00  00  00  B1      17.9431
     0100      8   60  00  00  00  00  00  00  B1      17.9459
     0100      8   60  00  00  00  00  00  00  B1      17.9487
     0100      8   60  00  00  00  00  00  00  B1      17.9515
     0100      8   60  00  00  00  00  00  00  B1      17.9543
     0100      8   60  00  00  00  00  00  00  B1      17.9571
     0100      8   60  00  00  00  00  00  00  B1      17.9600
     0100      8   60  00  00  00  00  00  00  B1      17.9628
     0100      8   60  00  00  00  00  00  00  B1      17.9656
     0100      8   60  00  00  00  00  00  00  B1      17.9684
     0100      8   60  00  00  00  00  00  00  B1      17.9712
     0100      8   60  00  00  00  00  00  00  B1      17.9740
     0100      8   60  00  00  00  00  00  00  B1      17.9768
     0100      8   60  00  00  00  00  00  00  B1      17.9796
     0100      8   60  00  00  00  00  00  00  B1      17.9824
     0100      8   60  00  00  00  00  00  00  B1      17.9852
     0100      8   60  00  00  00  00  00  00  B1      17.9880
     0100      8   60  00  00  00  00  00  00  B1      17.9908
     0100      8   60  00  00  00  00  00  00  B1      17.9936
     0100      8   60  00  00  00  00  00  00  B1      17.9964
     0100      8   60  00  00  00  00  00  00  B1      17.9992
     0100      8   60  00  00  00  00  00  00  B1      18.0020
     0100      8   60  00  00  00  00  00  00  B1      18.0048
     0100      8   60  00  00  00  00  00  00  B1      18.0076
     0100      8   60  00  00  00  00  00  00  B1      18.0104
     0100      8   60  00  00  00  00  00  00  B1      18.0132
     0100      8   60  00  00  00  00  00  00  B1      18.0160
     0100      8   60  00  00  00  00  00  00  B1      18.0188
     0100      8   60  00  00  00  00  00  00  B1      18.0216
     0100      8   60  00  00  00  00  00  00  B1      18.0245
     0100      8   60  00  00  00  00  00  00  B1      18.0273
     0100      8   60  00  00  00  00  00  00  B1      18.0301
     0100      8   60  00  00  00  00  00  00  B1      18.0329
     0100      8   60  00  00  00  00  00  00  B1      18.0357
     0100      8   60  00  00  00  00  00  00  B1      18.0385
     0100      8   60  00  00  00  00  00  00  B1      18.0413
     0100      8   60  00  00  00  00  00  00  B1      18.0441
     0100      8   60  00  00  00  00  00  00  B1      18.0469
     0100      8   60  00  00  00  00  00  00  B1      18.0497
     0100      8   60  00  00  00  00  00  00  B1      18.0525
     0100      8   60  00  00  00  00  00  00  B1      18.0553
     0100      8   60  00  00  00  00  00  00  B1      18.0581
     0100      8   60  00  00  00  00  00  00  B1      18.0609
     0100      8   60  00  00  00  00  00  00  B1      18.0637
     0100      8   60  00  00  00  00  00  00  B1      18.0665
     0100      8   60  00  00  00  00  00  00  B1      18.0693
     0100      8   60  00  00  00  00  00  00  B1      18.0721
     0100      8   60  00  00  00  00  00  00  B1      18.0749
     0100      8   60  00  00  00  00  00  00  B1      18.0777
     0100      8   60  00  00  00  00  00  00  B1      18.0805
     0100      8   60  00  00  00  00  00  00  B1      18.0833
     0100      8   60  00  00  00  00  00  00  B1      18.0862
     0100      8   60  00  00  00  00  00  00  B1      18.0890
     0100      8   60  00  00  00  00  00  00  B1      18.0918
     0100      8   60  00  00  00  00  00  00  B1      18.0946
     0100      8   60  00  00  00  00  00  00  B1      18.0974
     0100      8   60  00  00  00  00  00  00  B1      18.1002
     0100      8   60  00  00  00  00  00  00  B1      18.1030
     0100      8   60  00  00  00  00  00  00  B1      18.1058
     0100      8   60  00  00  00  00  00  00  B1      18.1086
     0100      8   60  00  00  00  00  00  00  B1      18.1114
     0100      8   60  00  00  00  00  00  00  B1      18.1142
     0100      8   60  00  00  00  00  00  00  B1      18.1170
     0100      8   60  00  00  00  00  00  00  B1      18.1198
     0100      8   60  00  00  00  00  00  00  B1      18.1226
     0100      8   60  00  00  00  00  00  00  B1      18.1254
     0100      8   60  00  00  00  00  00  00  B1      18.1282
     0100      8   60  00  00  00  00  00  00  B1      18.1310
     0100      8   60  00  00  00  00  00  00  B1      18.1338
     0100      8   60  00  00  00  00  00  00  B1      18.1366
     0100      8   60  00  00  00  00  00  00  B1      18.1394
     0100      8   60  00  00  00  00  00  00  B1      18.1422
     0100      8   60  00  00  00  00  00  00  B1      18.1450
     0100      8   60  00  00  00  00  00  00  B1      18.1478
     0100      8   60  00  00  00  00  00  00  B1      18.1507
     0100      8   60  00  00  00  00  00  00  B1      18.1535
     0100      8   60  00  00  00  00  00  00  B1      18.1563
     0100      8   60  00  00  00  00  00  00  B1      18.1591
     0100      8   60  00  00  00  00  00  00  B1      18.1619
     0100      8   60  00  00  00  00  00  00  B1      18.1647
     0100      8   60  00  00  00  00  00  00  B1      18.1675
     0100      8   60  00  00  00  00  00  00  B1      18.1703
     0100      8   60  00  00  00  00  00  00  B1      18.1731
     0100      8   60  00  00  00  00  00  00  B1      18.1759
     0100      8   60  00  00  00  00  00  00  B1      18.1787
     0100      8   60  00  00  00  00  00  00  B1      18.1815
     0100      8   60  00  00  00  00  00  00  B1      18.1843
     0100      8   60  00  00  00  00  00  00  B1      18.1871
     0100      8   60  00  00  00  00  00  00  B1      18.1899
     0100      8   60  00  00  00  00  00  00  B1      18.1927
     0100      8   60  00  00  00  00  00  00  B1      18.1955
     0100      8   60  00  00  00  00  00  00  B1      18.1983
     0100      8   60  00  00  00  00  00  00  B1      18.2011
     0100      8   60  00  00  00  00  00  00  B1      18.2039
     0100      8   60  00  00  00  00  00  00  B1      18.2067
     0100      8   60  00  00  00  00  00  00  B1      18.2095
     0100      8   60  00  00  00  00  00  00  B1      18.2123
     0100      8   60  00  00  00  00  00  00  B1      18.2152
     0100      8   60  00  00  00  00  00  00  B1      18.2180
     0100      8   60  00  00  00  00  00  00  B1      18.2208
