     0100      8   00  00  00  00  00  00  00  00     530.4331
     0100      8   00  00  00  00  00  00  00  00     530.4334
     0100      8   00  00  00  00  00  00  00  00     530.4336
     0100      8   00  00  00  00  00  00  00  00     530.4339
     0100      8   00  00  00  00  00  00  00  00     530.4356
     0100      8   00  00  00  00  00  00  00  00     530.4376
     0100      8   00  00  00  00  00  00  00  00     530.4396
     0100      8   00  00  00  00  00  00  00  00     530.4416
     0100      8   00  00  00  00  00  00  00  00     530.4436
     0100      8   00  00  00  00  00  00  00  00     530.4456
     0100      8   00  00  00  00  00  00  00  00     530.4476
     0100      8   00  00  00  00  00  00  00  00     530.4496
     0100      8   00  00  00  00  00  00  00  00     530.4517
     0100      8   00  00  00  00  00  00  00  00     530.4537
     0100      8   00  00  00  00  00  00  00  00     530.4559
     0100      8   00  00  00  00  00  00  00  00     530.4583
     0100      8   00  00  00  00  00  00  00  00     530.4607
     0100      8   00  00  00  00  00  00  00  00     530.4630
     0100      8   00  00  00  00  00  00  00  00     530.4654
     0100      8   00  00  00  00  00  00  00  00     530.4678
     0100      8   00  00  00  00  00  00  00  00     530.4702
     0100      8   00  00  00  00  00  00  00  00     530.4725
     0100      8   00  00  00  00  00  00  00  00     530.4749
     0100      8   00  00  00  00  00  00  00  00     530.4773
     0100      8   00  00  00  00  00  00  00  00     530.4797
     0100      8   00  00  00  00  00  00  00  00     530.4821
     0100      8   00  00  00  00  00  00  00  00     530.4844
     0100      8   00  00  00  00  00  00  00  00     530.4868
     0100      8   00  00  00  00  00  00  00  00     530.4892
     0100      8   00  00  00  00  00  00  00  00     530.4916
     0100      8   00  00  00  00  00  00  00  00     530.4940
     0100      8   00  00  00  00  00  00  00  00     530.4963
     0100      8   00  00  00  00  00  00  00  00     530.4987
     0100      8   00  00  00  00  00  00  00  00     530.5011
     0100      8   00  00  00  00  00  00  00  00     530.5035
     0100      8   00  00  00  00  00  00  00  00     530.5059
     0100      8   00  00  00  00  00  00  00  00     530.5082
     0100      8   00  00  00  00  00  00  00  00     530.5106
     0100      8   00  00  00  00  00  00  00  00     530.5130
     0100      8   00  00  00  00  00  00  00  00     530.5154
     0100      8   00  00  00  00  00  00  00  00     530.5178
     0100      8   00  00  00  00  00  00  00  00     530.5201
     0100      8   00  00  00  00  00  00  00  00     530.5225
     0100      8   00  00  00  00  00  00  00  00     530.5249
     0100      8   00  00  00  00  00  00  00  00     530.5273
     0100      8   00  00  00  00  00  00  00  00     530.5296
     0100      8   00  00  00  00  00  00  00  00     530.5320
     0100      8   00  00  00  00  00  00  00  00     530.5344
     0100      8   00  00  00  00  00  00  00  00     530.5368
     0100      8   00  00  00  00  00  00  00  00     530.5392
     0100      8   00  00  00  00  00  00  00  00     530.5416
     0100      8   00  00  00  00  00  00  00  00     530.5439
     0100      8   00  00  00  00  00  00  00  00     530.5463
     0100      8   00  00  00  00  00  00  00  00     530.5487
     0100      8   00  00  00  00  00  00  00  00     530.5511
     0100      8   00  00  00  00  00  00  00  00     530.5534
     0100      8   00  00  00  00  00  00  00  00     530.5558
     0100      8   00  00  00  00  00  00  00  00     530.5582
     0100      8   00  00  00  00  00  00  00  00     530.5606
     0100      8   00  00  00  00  00  00  00  00     530.5630
     0100      8   00  00  00  00  00  00  00  00     530.5653
     0100      8   00  00  00  00  00  00  00  00     530.5677
     0100      8   00  00  00  00  00  00  00  00     530.5701
     0100      8   00  00  00  00  00  00  00  00     530.5725
     0100      8   00  00  00  00  00  00  00  00     530.5749
     0100      8   00  00  00  00  00  00  00  00     530.5772
     0100      8   00  00  00  00  00  00  00  00     530.5796
     0100      8   00  00  00  00  00  00  00  00     530.5820
     0100      8   00  00  00  00  00  00  00  00     530.5844
     0100      8   00  00  00  00  00  00  00  00     530.5868
     0100      8   00  00  00  00  00  00  00  00     530.5891
     0100      8   00  00  00  00  00  00  00  00     530.5915
     0100      8   00  00  00  00  00  00  00  00     530.5939
     0100      8   00  00  00  00  00  00  00  00     530.5963
     0100      8   00  00  00  00  00  00  00  00     530.5987
     0100      8   00  00  00  00  00  00  00  00     530.6010
     0100      8   00  00  00  00  00  00  00  00     530.6034
     0100      8   00  00  00  00  00  00  00  00     530.6058
     0100      8   00  00  00  00  00  00  00  00     530.6082
     0100      8   00  00  00  00  00  00  00  00     530.6106
     0100      8   00  00  00  00  00  00  00  00     530.6129
     0100      8   00  00  00  00  00  00  00  00     530.6153
     0100      8   00  00  00  00  00  00  00  00     530.6177
     0100      8   00  00  00  00  00  00  00  00     530.6201
     0100      8   00  00  00  00  00  00  00  00     530.6225
     0100      8   00  00  00  00  00  00  00  00     530.6248
     0100      8   00  00  00  00  00  00  00  00     530.6272
     0100      8   00  00  00  00  00  00  00  00     530.6296
     0100      8   00  00  00  00  00  00  00  00     530.6320
     0100      8   00  00  00  00  00  00  00  00     530.6343
     0100      8   00  00  00  00  00  00  00  00     530.6367
     0100      8   00  00  00  00  00  00  00  00     530.6391
     0100      8   00  00  00  00  00  00  00  00     530.6415
     0100      8   00  00  00  00  00  00  00  00     530.6439
     0100      8   00  00  00  00  00  00  00  00     530.6462
     0100      8   00  00  00  00  00  00  00  00     530.6486
     0100      8   00  00  00  00  00  00  00  00     530.6510
     0100      8   00  00  00  00  00  00  00  00     530.6534
     0100      8   00  00  00  00  00  00  00  00     530.6558
     0100      8   00  00  00  00  00  00  00  00     530.6581
     0100      8   00  00  00  00  00  00  00  00     530.6605
     0100      8   00  00  00  00  00  00  00  00     530.6629
     0100      8   00  00  00  00  00  00  00  00     530.6653
     0100      8   00  00  00  00  00  00  00  00     530.6677
     0100      8   00  00  00  00  00  00  00  00     530.6700
     0100      8   00  00  00  00  00  00  00  00     530.6724
     0100      8   00  00  00  00  00  00  00  00     530.6748
     0100      8   00  00  00  00  00  00  00  00     530.6772
     0100      8   00  00  00  00  00  00  00  00     530.6796
     0100      8   00  00  00  00  00  00  00  00     530.6819
     0100      8   00  00  00  00  00  00  00  00     530.6843
     0100      8   00  00  00  00  00  00  00  00     530.6867
     0100      8   00  00  00  00  00  00  00  00     530.6891
     0100      8   00  00  00  00  00  00  00  00     530.6915
     0100      8   00  00  00  00  00  00  00  00     530.6938
     0100      8   00  00  00  00  00  00  00  00     530.6962
     0100      8   00  00  00  00  00  00  00  00     530.6986
     0100      8   00  00  00  00  00  00  00  00     530.7010
     0100      8   00  00  00  00  00  00  00  00     530.7034
     0100      8   00  00  00  00  00  00  00  00     530.7057
     0100      8   00  00  00  00  00  00  00  00     530.7081
     0100      8   00  00  00  00  00  00  00  00     530.7105
     0100      8   00  00  00  00  00  00  00  00     530.7129
     0100      8   00  00  00  00  00  00  00  00     530.7153
     0100      8   00  00  00  00  00  00  00  00     530.7176
     0100      8   00  00  00  00  00  00  00  00     530.7200
     0100      8   00  00  00  00  00  00  00  00     530.7224
     0100      8   00  00  00  00  00  00  00  00     530.7248
     0100      8   00  00  00  00  00  00  00  00     530.7271
     0100      8   00  00  00  00  00  00  00  00     530.7295
     0100      8   00  00  00  00  00  00  00  00     530.7319
     0100      8   00  00  00  00  00  00  00  00     530.7343
     0100      8   00  00  00  00  00  00  00  00     530.7367
     0100      8   00  00  00  00  00  00  00  00     530.7391
     0100      8   00  00  00  00  00  00  00  00     530.7414
     0100      8   00  00  00  00  00  00  00  00     530.7438
     0100      8   00  00  00  00  00  00  00  00     530.7462
     0100      8   00  00  00  00  00  00  00  00     530.7486
     0100      8   00  00  00  00  00  00  00  00     530.7509
     0100      8   00  00  00  00  00  00  00  00     530.7533
     0100      8   00  00  00  00  00  00  00  00     530.7557
     0100      8   00  00  00  00  00  00  00  00     530.7581
     0100      8   00  00  00  00  00  00  00  00     530.7605
     0100      8   00  00  00  00  00  00  00  00     530.7628
     0100      8   00  00  00  00  00  00  00  00     530.7652
     0100      8   00  00  00  00  00  00  00  00     530.7676
     0100      8   00  00  00  00  00  00  00  00     530.7700
     0100      8   00  00  00  00  00  00  00  00     530.7724
     0100      8   00  00  00  00  00  00  00  00     530.7747
     0100      8   00  00  00  00  00  00  00  00     530.7771
     0100      8   00  00  00  00  00  00  00  00     530.7795
     0100      8   00  00  00  00  00  00  00  00     530.7819
     0100      8   00  00  00  00  00  00  00  00     530.7843
     0100      8   00  00  00  00  00  00  00  00     530.7866
     0100      8   00  00  00  00  00  00  00  00     530.7890
     0100      8   00  00  00  00  00  00  00  00     530.7914
     0100      8   00  00  00  00  00  00  00  00     530.7938
     0100      8   00  00  00  00  00  00  00  00     530.7962
     0100      8   00  00  00  00  00  00  00  00     530.7985
     0100      8   00  00  00  00  00  00  00  00     530.8009
     0100      8   00  00  00  00  00  00  00  00     530.8033
     0100      8   00  00  00  00  00  00  00  00     530.8057
     0100      8   00  00  00  00  00  00  00  00     530.8081
     0100      8   00  00  00  00  00  00  00  00     530.8104
     0100      8   00  00  00  00  00  00  00  00     530.8128
     0100      8   00  00  00  00  00  00  00  00     530.8152
     0100      8   00  00  00  00  00  00  00  00     530.8176
     0100      8   00  00  00  00  00  00  00  00     530.8200
     0100      8   00  00  00  00  00  00  00  00     530.8223
     0100      8   00  00  00  00  00  00  00  00     530.8247
     0100      8   00  00  00  00  00  00  00  00     530.8271
     0100      8   00  00  00  00  00  00  00  00     530.8295
     0100      8   00  00  00  00  00  00  00  00     530.8318
     0100      8   00  00  00  00  00  00  00  00     530.8342
     0100      8   00  00  00  00  00  00  00  00     530.8366
     0100      8   00  00  00  00  00  00  00  00     530.8390
     0100      8   00  00  00  00  00  00  00  00     530.8414
     0100      8   00  00  00  00  00  00  00  00     530.8437
     0100      8   00  00  00  00  00  00  00  00     530.8461
     0100      8   00  00  00  00  00  00  00  00     530.8485
     0100      8   00  00  00  00  00  00  00  00     530.8509
     0100      8   00  00  00  00  00  00  00  00     530.8533
     0100      8   00  00  00  00  00  00  00  00     530.8556
     0100      8   00  00  00  00  00  00  00  00     530.8580
     0100      8   00  00  00  00  00  00  00  00     530.8604
     0100      8   00  00  00  00  00  00  00  00     530.8628
     0100      8   00  00  00  00  00  00  00  00     530.8652
     0100      8   00  00  00  00  00  00  00  00     530.8675
     0100      8   00  00  00  00  00  00  00  00     530.8699
     0100      8   00  00  00  00  00  00  00  00     530.8723
     0100      8   00  00  00  00  00  00  00  00     530.8747
     0100      8   00  00  00  00  00  00  00  00     530.8771
     0100      8   00  00  00  00  00  00  00  00     530.8794
     0100      8   00  00  00  00  00  00  00  00     530.8818
     0100      8   00  00  00  00  00  00  00  00     530.8842
     0100      8   00  00  00  00  00  00  00  00     530.8866
     0100      8   00  00  00  00  00  00  00  00     530.8890
     0100      8   00  00  00  00  00  00  00  00     530.8913
     0100      8   00  00  00  00  00  00  00  00     530.8937
     0100      8   00  00  00  00  00  00  00  00     530.8961
     0100      8   00  00  00  00  00  00  00  00     530.8985
     0100      8   00  00  00  00  00  00  00  00     530.9009
     0100      8   00  00  00  00  00  00  00  00     530.9032
     0100      8   00  00  00  00  00  00  00  00     530.9056
     0100      8   00  00  00  00  00  00  00  00     530.9080
     0100      8   00  00  00  00  00  00  00  00     530.9104
     0100      8   00  00  00  00  00  00  00  00     530.9127
     0100      8   00  00  00  00  00  00  00  00     530.9151
     0100      8   00  00  00  00  00  00  00  00     530.9175
     0100      8   00  00  00  00  00  00  00  00     530.9199
     0100      8   00  00  00  00  00  00  00  00     530.9223
     0100      8   00  00  00  00  00  00  00  00     530.9246
     0100      8   00  00  00  00  00  00  00  00     530.9270
     0100      8   00  00  00  00  00  00  00  00     530.9294
     0100      8   00  00  00  00  00  00  00  00     530.9318
     0100      8   00  00  00  00  00  00  00  00     530.9342
     0100      8   00  00  00  00  00  00  00  00     530.9365
     0100      8   00  00  00  00  00  00  00  00     530.9389
     0100      8   00  00  00  00  00  00  00  00     530.9413
     0100      8   00  00  00  00  00  00  00  00     530.9437
     0100      8   00  00  00  00  00  00  00  00     530.9461
     0100      8   00  00  00  00  00  00  00  00     530.9484
     0100      8   00  00  00  00  00  00  00  00     530.9508
     0100      8   00  00  00  00  00  00  00  00     530.9532
     0100      8   00  00  00  00  00  00  00  00     530.9556
     0100      8   00  00  00  00  00  00  00  00     530.9580
     0100      8   00  00  00  00  00  00  00  00     530.9603
     0100      8   00  00  00  00  00  00  00  00     530.9627
     0100      8   00  00  00  00  00  00  00  00     530.9651
     0100      8   00  00  00  00  00  00  00  00     530.9675
     0100      8   00  00  00  00  00  00  00  00     530.9699
     0100      8   00  00  00  00  00  00  00  00     530.9722
     0100      8   00  00  00  00  00  00  00  00     530.9746
     0100      8   00  00  00  00  00  00  00  00     530.9770
     0100      8   00  00  00  00  00  00  00  00     530.9794
     0100      8   00  00  00  00  00  00  00  00     530.9818
     0100      8   00  00  00  00  00  00  00  00     530.9841
     0100      8   00  00  00  00  00  00  00  00     530.9865
     0100      8   00  00  00  00  00  00  00  00     530.9889
     0100      8   00  00  00  00  00  00  00  00     530.9913
     0100      8   00  00  00  00  00  00  00  00     530.9937
     0100      8   00  00  00  00  00  00  00  00     530.9960
     0100      8   00  00  00  00  00  00  00  00     530.9984
     0100      8   00  00  00  00  00  00  00  00     531.0008
     0100      8   00  00  00  00  00  00  00  00     531.0032
     0100      8   00  00  00  00  00  00  00  00     531.0055
     0100      8   00  00  00  00  00  00  00  00     531.0079
     0100      8   00  00  00  00  00  00  00  00     531.0103
     0100      8   00  00  00  00  00  00  00  00     531.0127
     0100      8   00  00  00  00  00  00  00  00     531.0151
     0100      8   00  00  00  00  00  00  00  00     531.0175
     0100      8   00  00  00  00  00  00  00  00     531.0198
     0100      8   00  00  00  00  00  00  00  00     531.0222
     0100      8   00  00  00  00  00  00  00  00     531.0246
     0100      8   00  00  00  00  00  00  00  00     531.0270
     0100      8   00  00  00  00  00  00  00  00     531.0293
     0100      8   00  00  00  00  00  00  00  00     531.0317
     0100      8   00  00  00  00  00  00  00  00     531.0341
     0100      8   00  00  00  00  00  00  00  00     531.0365
     0100      8   00  00  00  00  00  00  00  00     531.0389
     0100      8   00  00  00  00  00  00  00  00     531.0412
     0100      8   00  00  00  00  00  00  00  00     531.0436
     0100      8   00  00  00  00  00  00  00  00     531.0460
     0100      8   00  00  00  00  00  00  00  00     531.0484
     0100      8   00  00  00  00  00  00  00  00     531.0508
     0100      8   00  00  00  00  00  00  00  00     531.0531
     0100      8   00  00  00  00  00  00  00  00     531.0555
     0100      8   00  00  00  00  00  00  00  00     531.0579
     0100      8   00  00  00  00  00  00  00  00     531.0603
     0100      8   00  00  00  00  00  00  00  00     531.0627
     0100      8   00  00  00  00  00  00  00  00     531.0650
     0100      8   00  00  00  00  00  00  00  00     531.0674
     0100      8   00  00  00  00  00  00  00  00     531.0698
     0100      8   00  00  00  00  00  00  00  00     531.0722
     0100      8   00  00  00  00  00  00  00  00     531.0746
     0100      8   00  00  00  00  00  00  00  00     531.0769
     0100      8   00  00  00  00  00  00  00  00     531.0793
     0100      8   00  00  00  00  00  00  00  00     531.0817
     0100      8   00  00  00  00  00  00  00  00     531.0841
     0100      8   00  00  00  00  00  00  00  00     531.0865
     0100      8   00  00  00  00  00  00  00  00     531.0888
     0100      8   00  00  00  00  00  00  00  00     531.0912
     0100      8   00  00  00  00  00  00  00  00     531.0936
     0100      8   00  00  00  00  00  00  00  00     531.0960
     0100      8   00  00  00  00  00  00  00  00     531.0984
     0100      8   00  00  00  00  00  00  00  00     531.1007
     0100      8   00  00  00  00  00  00  00  00     531.1031
     0100      8   00  00  00  00  00  00  00  00     531.1055
     0100      8   00  00  00  00  00  00  00  00     531.1079
     0100      8   00  00  00  00  00  00  00  00     531.1102
     0100      8   00  00  00  00  00  00  00  00     531.1126
     0100      8   00  00  00  00  00  00  00  00     531.1150
     0100      8   00  00  00  00  00  00  00  00     531.1174
     0100      8   00  00  00  00  00  00  00  00     531.1198
     0100      8   00  00  00  00  00  00  00  00     531.1221
     0100      8   00  00  00  00  00  00  00  00     531.1245
     0100      8   00  00  00  00  00  00  00  00     531.1269
     0100      8   00  00  00  00  00  00  00  00     531.1293
     0100      8   00  00  00  00  00  00  00  00     531.1317
     0100      8   00  00  00  00  00  00  00  00     531.1340
     0100      8   00  00  00  00  00  00  00  00     531.1364
     0100      8   00  00  00  00  00  00  00  00     531.1388
     0100      8   00  00  00  00  00  00  00  00     531.1412
     0100      8   00  00  00  00  00  00  00  00     531.1436
     0100      8   00  00  00  00  00  00  00  00     531.1459
     0100      8   00  00  00  00  00  00  00  00     531.1483
     0100      8   00  00  00  00  00  00  00  00     531.1507
     0100      8   00  00  00  00  00  00  00  00     531.1531
     0100      8   00  00  00  00  00  00  00  00     531.1555
     0100      8   00  00  00  00  00  00  00  00     531.1578
     0100      8   00  00  00  00  00  00  00  00     531.1602
     0100      8   00  00  00  00  00  00  00  00     531.1626
     0100      8   00  00  00  00  00  00  00  00     531.1650
     0100      8   00  00  00  00  00  00  00  00     531.1674
     0100      8   00  00  00  00  00  00  00  00     531.1697
     0100      8   00  00  00  00  00  00  00  00     531.1721
     0100      8   00  00  00  00  00  00  00  00     531.1745
     0100      8   00  00  00  00  00  00  00  00     531.1769
     0100      8   00  00  00  00  00  00  00  00     531.1793
     0100      8   00  00  00  00  00  00  00  00     531.1816
     0100      8   00  00  00  00  00  00  00  00     531.1840
     0100      8   00  00  00  00  00  00  00  00     531.1864
     0100      8   00  00  00  00  00  00  00  00     531.1888
     0100      8   00  00  00  00  00  00  00  00     531.1911
     0100      8   00  00  00  00  00  00  00  00     531.1935
     0100      8   00  00  00  00  00  00  00  00     531.1959
     0100      8   00  00  00  00  00  00  00  00     531.1983
     0100      8   00  00  00  00  00  00  00  00     531.2007
     0100      8   00  00  00  00  00  00  00  00     531.2030
     0100      8   00  00  00  00  00  00  00  00     531.2054
     0100      8   00  00  00  00  00  00  00  00     531.2078
     0100      8   00  00  00  00  00  00  00  00     531.2102
     0100      8   00  00  00  00  00  00  00  00     531.2126
     0100      8   00  00  00  00  00  00  00  00     531.2149
     0100      8   00  00  00  00  00  00  00  00     531.2173
     0100      8   00  00  00  00  00  00  00  00     531.2197
     0100      8   00  00  00  00  00  00  00  00     531.2221
     0100      8   00  00  00  00  00  00  00  00     531.2245
     0100      8   00  00  00  00  00  00  00  00     531.2268
     0100      8   00  00  00  00  00  00  00  00     531.2292
     0100      8   00  00  00  00  00  00  00  00     531.2316
     0100      8   00  00  00  00  00  00  00  00     531.2340
     0100      8   00  00  00  00  00  00  00  00     531.2364
     0100      8   00  00  00  00  00  00  00  00     531.2387
     0100      8   00  00  00  00  00  00  00  00     531.2411
     0100      8   00  00  00  00  00  00  00  00     531.2435
     0100      8   00  00  00  00  00  00  00  00     531.2459
     0100      8   00  00  00  00  00  00  00  00     531.2483
     0100      8   00  00  00  00  00  00  00  00     531.2506
     0100      8   00  00  00  00  00  00  00  00     531.2530
     0100      8   00  00  00  00  00  00  00  00     531.2554
     0100      8   00  00  00  00  00  00  00  00     531.2578
     0100      8   00  00  00  00  00  00  00  00     531.2602
     0100      8   00  00  00  00  00  00  00  00     531.2625
     0100      8   00  00  00  00  00  00  00  00     531.2649
     0100      8   00  00  00  00  00  00  00  00     531.2673
     0100      8   00  00  00  00  00  00  00  00     531.2697
     0100      8   00  00  00  00  00  00  00  00     531.2721
     0100      8   00  00  00  00  00  00  00  00     531.2744
     0100      8   00  00  00  00  00  00  00  00     531.2768
     0100      8   00  00  00  00  00  00  00  00     531.2792
     0100      8   00  00  00  00  00  00  00  00     531.2816
     0100      8   00  00  00  00  00  00  00  00     531.2839
     0100      8   00  00  00  00  00  00  00  00     531.2863
     0100      8   00  00  00  00  00  00  00  00     531.2887
     0100      8   00  00  00  00  00  00  00  00     531.2911
     0100      8   00  00  00  00  00  00  00  00     531.2935
     0100      8   00  00  00  00  00  00  00  00     531.2958
     0100      8   00  00  00  00  00  00  00  00     531.2982
     0100      8   00  00  00  00  00  00  00  00     531.3006
     0100      8   00  00  00  00  00  00  00  00     531.3030
     0100      8   00  00  00  00  00  00  00  00     531.3054
     0100      8   00  00  00  00  00  00  00  00     531.3077
     0100      8   00  00  00  00  00  00  00  00     531.3101
     0100      8   00  00  00  00  00  00  00  00     531.3125
     0100      8   00  00  00  00  00  00  00  00     531.3149
     0100      8   00  00  00  00  00  00  00  00     531.3173
     0100      8   00  00  00  00  00  00  00  00     531.3196
     0100      8   00  00  00  00  00  00  00  00     531.3220
     0100      8   00  00  00  00  00  00  00  00     531.3244
     0100      8   00  00  00  00  00  00  00  00     531.3268
     0100      8   00  00  00  00  00  00  00  00     531.3292
     0100      8   00  00  00  00  00  00  00  00     531.3315
     0100      8   00  00  00  00  00  00  00  00     531.3339
     0100      8   00  00  00  00  00  00  00  00     531.3363
     0100      8   00  00  00  00  00  00  00  00     531.3387
     0100      8   00  00  00  00  00  00  00  00     531.3411
     0100      8   00  00  00  00  00  00  00  00     531.3434
     0100      8   00  00  00  00  00  00  00  00     531.3458
     0100      8   00  00  00  00  00  00  00  00     531.3482
     0100      8   00  00  00  00  00  00  00  00     531.3506
     0100      8   00  00  00  00  00  00  00  00     531.3530
     0100      8   00  00  00  00  00  00  00  00     531.3553
     0100      8   00  00  00  00  00  00  00  00     531.3577
     0100      8   00  00  00  00  00  00  00  00     531.3601
     0100      8   00  00  00  00  00  00  00  00     531.3625
     0100      8   00  00  00  00  00  00  00  00     531.3649
     0100      8   00  00  00  00  00  00  00  00     531.3672
     0100      8   00  00  00  00  00  00  00  00     531.3696
     0100      8   00  00  00  00  00  00  00  00     531.3720
     0100      8   00  00  00  00  00  00  00  00     531.3744
     0100      8   00  00  00  00  00  00  00  00     531.3767
     0100      8   00  00  00  00  00  00  00  00     531.3791
     0100      8   00  00  00  00  00  00  00  00     531.3815
     0100      8   00  00  00  00  00  00  00  00     531.3839
     0100      8   00  00  00  00  00  00  00  00     531.3863
     0100      8   00  00  00  00  00  00  00  00     531.3886
     0100      8   00  00  00  00  00  00  00  00     531.3910
     0100      8   00  00  00  00  00  00  00  00     531.3934
     0100      8   00  00  00  00  00  00  00  00     531.3958
     0100      8   00  00  00  00  00  00  00  00     531.3982
     0100      8   00  00  00  00  00  00  00  00     531.4005
     0100      8   00  00  00  00  00  00  00  00     531.4029
     0100      8   00  00  00  00  00  00  00  00     531.4053
     0100      8   00  00  00  00  00  00  00  00     531.4077
     0100      8   00  00  00  00  00  00  00  00     531.4101
     0100      8   00  00  00  00  00  00  00  00     531.4124
     0100      8   00  00  00  00  00  00  00  00     531.4148
     0100      8   00  00  00  00  00  00  00  00     531.4172
     0100      8   00  00  00  00  00  00  00  00     531.4196
     0100      8   00  00  00  00  00  00  00  00     531.4220
     0100      8   00  00  00  00  00  00  00  00     531.4243
     0100      8   00  00  00  00  00  00  00  00     531.4267
     0100      8   00  00  00  00  00  00  00  00     531.4291
     0100      8   00  00  00  00  00  00  00  00     531.4315
     0100      8   00  00  00  00  00  00  00  00     531.4339
     0100      8   00  00  00  00  00  00  00  00     531.4362
     0100      8   00  00  00  00  00  00  00  00     531.4386
     0100      8   00  00  00  00  00  00  00  00     531.4410
     0100      8   00  00  00  00  00  00  00  00     531.4434
     0100      8   00  00  00  00  00  00  00  00     531.4458
     0100      8   00  00  00  00  00  00  00  00     531.4481
     0100      8   00  00  00  00  00  00  00  00     531.4505
     0100      8   00  00  00  00  00  00  00  00     531.4529
     0100      8   00  00  00  00  00  00  00  00     531.4553
     0100      8   00  00  00  00  00  00  00  00     531.4577
     0100      8   00  00  00  00  00  00  00  00     531.4600
     0100      8   00  00  00  00  00  00  00  00     531.4624
     0100      8   00  00  00  00  00  00  00  00     531.4648
     0100      8   00  00  00  00  00  00  00  00     531.4672
     0100      8   00  00  00  00  00  00  00  00     531.4695
     0100      8   00  00  00  00  00  00  00  00     531.4719
     0100      8   00  00  00  00  00  00  00  00     531.4743
     0100      8   00  00  00  00  00  00  00  00     531.4767
     0100      8   00  00  00  00  00  00  00  00     531.4791
     0100      8   00  00  00  00  00  00  00  00     531.4814
     0100      8   00  00  00  00  00  00  00  00     531.4838
     0100      8   00  00  00  00  00  00  00  00     531.4862
     0100      8   00  00  00  00  00  00  00  00     531.4886
     0100      8   00  00  00  00  00  00  00  00     531.4910
     0100      8   00  00  00  00  00  00  00  00     531.4933
     0100      8   00  00  00  00  00  00  00  00     531.4957
     0100      8   00  00  00  00  00  00  00  00     531.4981
     0100      8   00  00  00  00  00  00  00  00     531.5005
     0100      8   00  00  00  00  00  00  00  00     531.5029
     0100      8   00  00  00  00  00  00  00  00     531.5052
     0100      8   00  00  00  00  00  00  00  00     531.5076
     0100      8   00  00  00  00  00  00  00  00     531.5100
     0100      8   00  00  00  00  00  00  00  00     531.5124
     0100      8   00  00  00  00  00  00  00  00     531.5148
     0100      8   00  00  00  00  00  00  00  00     531.5171
     0100      8   00  00  00  00  00  00  00  00     531.5195
     0100      8   00  00  00  00  00  00  00  00     531.5219
     0100      8   00  00  00  00  00  00  00  00     531.5243
     0100      8   00  00  00  00  00  00  00  00     531.5267
     0100      8   00  00  00  00  00  00  00  00     531.5290
     0100      8   00  00  00  00  00  00  00  00     531.5314
     0100      8   00  00  00  00  00  00  00  00     531.5338
     0100      8   00  00  00  00  00  00  00  00     531.5362
     0100      8   00  00  00  00  00  00  00  00     531.5386
     0100      8   00  00  00  00  00  00  00  00     531.5409
     0100      8   00  00  00  00  00  00  00  00     531.5433
     0100      8   00  00  00  00  00  00  00  00     531.5457
     0100      8   00  00  00  00  00  00  00  00     531.5481
     0100      8   00  00  00  00  00  00  00  00     531.5505
     0100      8   00  00  00  00  00  00  00  00     531.5528
     0100      8   00  00  00  00  00  00  00  00     531.5552
     0100      8   00  00  00  00  00  00  00  00     531.5576
     0100      8   00  00  00  00  00  00  00  00     531.5600
     0100      8   00  00  00  00  00  00  00  00     531.5623
     0100      8   00  00  00  00  00  00  00  00     531.5647
     0100      8   00  00  00  00  00  00  00  00     531.5671
     0100      8   00  00  00  00  00  00  00  00     531.5695
     0100      8   00  00  00  00  00  00  00  00     531.5719
     0100      8   00  00  00  00  00  00  00  00     531.5742
     0100      8   00  00  00  00  00  00  00  00     531.5766
     0100      8   00  00  00  00  00  00  00  00     531.5790
     0100      8   00  00  00  00  00  00  00  00     531.5814
     0100      8   00  00  00  00  00  00  00  00     531.5838
     0100      8   00  00  00  00  00  00  00  00     531.5861
     0100      8   00  00  00  00  00  00  00  00     531.5885
     0100      8   00  00  00  00  00  00  00  00     531.5909
     0100      8   00  00  00  00  00  00  00  00     531.5933
     0100      8   00  00  00  00  00  00  00  00     531.5957
     0100      8   00  00  00  00  00  00  00  00     531.5980
     0100      8   00  00  00  00  00  00  00  00     531.6004
     0100      8   00  00  00  00  00  00  00  00     531.6028
     0100      8   00  00  00  00  00  00  00  00     531.6052
     0100      8   00  00  00  00  00  00  00  00     531.6076
     0100      8   00  00  00  00  00  00  00  00     531.6099
     0100      8   00  00  00  00  00  00  00  00     531.6123
     0100      8   00  00  00  00  00  00  00  00     531.6147
     0100      8   00  00  00  00  00  00  00  00     531.6171
     0100      8   00  00  00  00  00  00  00  00     531.6195
     0100      8   00  00  00  00  00  00  00  00     531.6218
     0100      8   00  00  00  00  00  00  00  00     531.6242
     0100      8   00  00  00  00  00  00  00  00     531.6266
     0100      8   00  00  00  00  00  00  00  00     531.6290
     0100      8   00  00  00  00  00  00  00  00     531.6314
     0100      8   00  00  00  00  00  00  00  00     531.6337
     0100      8   00  00  00  00  00  00  00  00     531.6361
     0100      8   00  00  00  00  00  00  00  00     531.6385
     0100      8   00  00  00  00  00  00  00  00     531.6409
     0100      8   00  00  00  00  00  00  00  00     531.6433
     0100      8   00  00  00  00  00  00  00  00     531.6456
     0100      8   00  00  00  00  00  00  00  00     531.6480
     0100      8   00  00  00  00  00  00  00  00     531.6504
     0100      8   00  00  00  00  00  00  00  00     531.6528
     0100      8   00  00  00  00  00  00  00  00     531.6551
     0100      8   00  00  00  00  00  00  00  00     531.6575
     0100      8   00  00  00  00  00  00  00  00     531.6599
     0100      8   00  00  00  00  00  00  00  00     531.6623
     0100      8   00  00  00  00  00  00  00  00     531.6647
     0100      8   00  00  00  00  00  00  00  00     531.6670
     0100      8   00  00  00  00  00  00  00  00     531.6694
     0100      8   00  00  00  00  00  00  00  00     531.6718
     0100      8   00  00  00  00  00  00  00  00     531.6742
     0100      8   00  00  00  00  00  00  00  00     531.6766
     0100      8   00  00  00  00  00  00  00  00     531.6790
     0100      8   00  00  00  00  00  00  00  00     531.6813
     0100      8   00  00  00  00  00  00  00  00     531.6837
     0100      8   00  00  00  00  00  00  00  00     531.6861
     0100      8   00  00  00  00  00  00  00  00     531.6885
     0100      8   00  00  00  00  00  00  00  00     531.6908
     0100      8   00  00  00  00  00  00  00  00     531.6932
     0100      8   00  00  00  00  00  00  00  00     531.6956
     0100      8   00  00  00  00  00  00  00  00     531.6980
     0100      8   00  00  00  00  00  00  00  00     531.7004
     0100      8   00  00  00  00  00  00  00  00     531.7027
     0100      8   00  00  00  00  00  00  00  00     531.7051
     0100      8   00  00  00  00  00  00  00  00     531.7075
     0100      8   00  00  00  00  00  00  00  00     531.7099
     0100      8   00  00  00  00  00  00  00  00     531.7123
     0100      8   00  00  00  00  00  00  00  00     531.7146
     0100      8   00  00  00  00  00  00  00  00     531.7170
     0100      8   00  00  00  00  00  00  00  00     531.7194
     0100      8   00  00  00  00  00  00  00  00     531.7218
     0100      8   00  00  00  00  00  00  00  00     531.7242
     0100      8   00  00  00  00  00  00  00  00     531.7265
     0100      8   00  00  00  00  00  00  00  00     531.7289
     0100      8   00  00  00  00  00  00  00  00     531.7313
     0100      8   00  00  00  00  00  00  00  00     531.7337
     0100      8   00  00  00  00  00  00  00  00     531.7361
     0100      8   00  00  00  00  00  00  00  00     531.7384
     0100      8   00  00  00  00  00  00  00  00     531.7408
     0100      8   00  00  00  00  00  00  00  00     531.7432
     0100      8   00  00  00  00  00  00  00  00     531.7456
     0100      8   00  00  00  00  00  00  00  00     531.7480
     0100      8   00  00  00  00  00  00  00  00     531.7503
     0100      8   00  00  00  00  00  00  00  00     531.7527
     0100      8   00  00  00  00  00  00  00  00     531.7551
     0100      8   00  00  00  00  00  00  00  00     531.7575
     0100      8   00  00  00  00  00  00  00  00     531.7599
     0100      8   00  00  00  00  00  00  00  00     531.7622
     0100      8   00  00  00  00  00  00  00  00     531.7646
     0100      8   00  00  00  00  00  00  00  00     531.7670
     0100      8   00  00  00  00  00  00  00  00     531.7694
     0100      8   00  00  00  00  00  00  00  00     531.7717
     0100      8   00  00  00  00  00  00  00  00     531.7741
     0100      8   00  00  00  00  00  00  00  00     531.7765
     0100      8   00  00  00  00  00  00  00  00     531.7789
     0100      8   00  00  00  00  00  00  00  00     531.7813
     0100      8   00  00  00  00  00  00  00  00     531.7836
     0100      8   00  00  00  00  00  00  00  00     531.7860
     0100      8   00  00  00  00  00  00  00  00     531.7884
     0100      8   00  00  00  00  00  00  00  00     531.7908
     0100      8   00  00  00  00  00  00  00  00     531.7932
     0100      8   00  00  00  00  00  00  00  00     531.7955
     0100      8   00  00  00  00  00  00  00  00     531.7979
     0100      8   00  00  00  00  00  00  00  00     531.8003
     0100      8   00  00  00  00  00  00  00  00     531.8027
     0100      8   00  00  00  00  00  00  00  00     531.8051
     0100      8   00  00  00  00  00  00  00  00     531.8074
     0100      8   00  00  00  00  00  00  00  00     531.8098
     0100      8   00  00  00  00  00  00  00  00     531.8122
     0100      8   00  00  00  00  00  00  00  00     531.8146
     0100      8   00  00  00  00  00  00  00  00     531.8170
     0100      8   00  00  00  00  00  00  00  00     531.8193
     0100      8   00  00  00  00  00  00  00  00     531.8217
     0100      8   00  00  00  00  00  00  00  00     531.8241
     0100      8   00  00  00  00  00  00  00  00     531.8265
     0100      8   00  00  00  00  00  00  00  00     531.8289
     0100      8   00  00  00  00  00  00  00  00     531.8312
     0100      8   00  00  00  00  00  00  00  00     531.8336
     0100      8   00  00  00  00  00  00  00  00     531.8360
     0100      8   00  00  00  00  00  00  00  00     531.8384
     0100      8   00  00  00  00  00  00  00  00     531.8408
     0100      8   00  00  00  00  00  00  00  00     531.8431
     0100      8   00  00  00  00  00  00  00  00     531.8455
     0100      8   00  00  00  00  00  00  00  00     531.8479
     0100      8   00  00  00  00  00  00  00  00     531.8503
     0100      8   00  00  00  00  00  00  00  00     531.8526
     0100      8   00  00  00  00  00  00  00  00     531.8550
     0100      8   00  00  00  00  00  00  00  00     531.8574
     0100      8   00  00  00  00  00  00  00  00     531.8598
     0100      8   00  00  00  00  00  00  00  00     531.8622
     0100      8   00  00  00  00  00  00  00  00     531.8645
     0100      8   00  00  00  00  00  00  00  00     531.8669
     0100      8   00  00  00  00  00  00  00  00     531.8693
     0100      8   00  00  00  00  00  00  00  00     531.8717
     0100      8   00  00  00  00  00  00  00  00     531.8741
     0100      8   00  00  00  00  00  00  00  00     531.8764
     0100      8   00  00  00  00  00  00  00  00     531.8788
     0100      8   00  00  00  00  00  00  00  00     531.8812
     0100      8   00  00  00  00  00  00  00  00     531.8836
     0100      8   00  00  00  00  00  00  00  00     531.8860
     0100      8   00  00  00  00  00  00  00  00     531.8883
     0100      8   00  00  00  00  00  00  00  00     531.8907
     0100      8   00  00  00  00  00  00  00  00     531.8931
     0100      8   00  00  00  00  00  00  00  00     531.8955
     0100      8   00  00  00  00  00  00  00  00     531.8979
     0100      8   00  00  00  00  00  00  00  00     531.9002
     0100      8   00  00  00  00  00  00  00  00     531.9026
     0100      8   00  00  00  00  00  00  00  00     531.9050
     0100      8   00  00  00  00  00  00  00  00     531.9074
     0100      8   00  00  00  00  00  00  00  00     531.9098
     0100      8   00  00  00  00  00  00  00  00     531.9121
     0100      8   00  00  00  00  00  00  00  00     531.9145
     0100      8   00  00  00  00  00  00  00  00     531.9169
     0100      8   00  00  00  00  00  00  00  00     531.9193
     0100      8   00  00  00  00  00  00  00  00     531.9217
     0100      8   00  00  00  00  00  00  00  00     531.9240
     0100      8   00  00  00  00  00  00  00  00     531.9264
     0100      8   00  00  00  00  00  00  00  00     531.9288
     0100      8   00  00  00  00  00  00  00  00     531.9312
     0100      8   00  00  00  00  00  00  00  00     531.9336
     0100      8   00  00  00  00  00  00  00  00     531.9359
     0100      8   00  00  00  00  00  00  00  00     531.9383
     0100      8   00  00  00  00  00  00  00  00     531.9407
     0100      8   00  00  00  00  00  00  00  00     531.9431
     0100      8   00  00  00  00  00  00  00  00     531.9454
     0100      8   00  00  00  00  00  00  00  00     531.9478
     0100      8   00  00  00  00  00  00  00  00     531.9502
     0100      8   00  00  00  00  00  00  00  00     531.9526
     0100      8   00  00  00  00  00  00  00  00     531.9550
     0100      8   00  00  00  00  00  00  00  00     531.9574
     0100      8   00  00  00  00  00  00  00  00     531.9597
     0100      8   00  00  00  00  00  00  00  00     531.9621
     0100      8   00  00  00  00  00  00  00  00     531.9645
     0100      8   00  00  00  00  00  00  00  00     531.9669
     0100      8   00  00  00  00  00  00  00  00     531.9692
     0100      8   00  00  00  00  00  00  00  00     531.9716
     0100      8   00  00  00  00  00  00  00  00     531.9740
     0100      8   00  00  00  00  00  00  00  00     531.9764
     0100      8   00  00  00  00  00  00  00  00     531.9788
     0100      8   00  00  00  00  00  00  00  00     531.9811
     0100      8   00  00  00  00  00  00  00  00     531.9835
     0100      8   00  00  00  00  00  00  00  00     531.9859
     0100      8   00  00  00  00  00  00  00  00     531.9883
     0100      8   00  00  00  00  00  00  00  00     531.9907
     0100      8   00  00  00  00  00  00  00  00     531.9930
     0100      8   00  00  00  00  00  00  00  00     531.9954
     0100      8   00  00  00  00  00  00  00  00     531.9978
     0100      8   00  00  00  00  00  00  00  00     532.0002
     0100      8   00  00  00  00  00  00  00  00     532.0026
     0100      8   00  00  00  00  00  00  00  00     532.0049
     0100      8   00  00  00  00  00  00  00  00     532.0073
     0100      8   00  00  00  00  00  00  00  00     532.0097
     0100      8   00  00  00  00  00  00  00  00     532.0121
     0100      8   00  00  00  00  00  00  00  00     532.0145
     0100      8   00  00  00  00  00  00  00  00     532.0168
     0100      8   00  00  00  00  00  00  00  00     532.0192
     0100      8   00  00  00  00  00  00  00  00     532.0216
     0100      8   00  00  00  00  00  00  00  00     532.0240
     0100      8   00  00  00  00  00  00  00  00     532.0264
     0100      8   00  00  00  00  00  00  00  00     532.0287
     0100      8   00  00  00  00  00  00  00  00     532.0311
     0100      8   00  00  00  00  00  00  00  00     532.0335
     0100      8   00  00  00  00  00  00  00  00     532.0359
     0100      8   00  00  00  00  00  00  00  00     532.0383
     0100      8   00  00  00  00  00  00  00  00     532.0406
     0100      8   00  00  00  00  00  00  00  00     532.0430
     0100      8   00  00  00  00  00  00  00  00     532.0454
     0100      8   00  00  00  00  00  00  00  00     532.0478
     0100      8   00  00  00  00  00  00  00  00     532.0501
     0100      8   00  00  00  00  00  00  00  00     532.0525
     0100      8   00  00  00  00  00  00  00  00     532.0549
     0100      8   00  00  00  00  00  00  00  00     532.0573
     0100      8   00  00  00  00  00  00  00  00     532.0597
     0100      8   00  00  00  00  00  00  00  00     532.0620
     0100      8   00  00  00  00  00  00  00  00     532.0644
     0100      8   00  00  00  00  00  00  00  00     532.0668
     0100      8   00  00  00  00  00  00  00  00     532.0692
     0100      8   00  00  00  00  00  00  00  00     532.0716
     0100      8   00  00  00  00  00  00  00  00     532.0739
     0100      8   00  00  00  00  00  00  00  00     532.0763
     0100      8   00  00  00  00  00  00  00  00     532.0787
     0100      8   00  00  00  00  00  00  00  00     532.0811
     0100      8   00  00  00  00  00  00  00  00     532.0835
     0100      8   00  00  00  00  00  00  00  00     532.0858
     0100      8   00  00  00  00  00  00  00  00     532.0882
     0100      8   00  00  00  00  00  00  00  00     532.0906
     0100      8   00  00  00  00  00  00  00  00     532.0930
     0100      8   00  00  00  00  00  00  00  00     532.0954
     0100      8   00  00  00  00  00  00  00  00     532.0977
     0100      8   00  00  00  00  00  00  00  00     532.1001
     0100      8   00  00  00  00  00  00  00  00     532.1025
     0100      8   00  00  00  00  00  00  00  00     532.1049
     0100      8   00  00  00  00  00  00  00  00     532.1073
     0100      8   00  00  00  00  00  00  00  00     532.1096
     0100      8   00  00  00  00  00  00  00  00     532.1120
     0100      8   00  00  00  00  00  00  00  00     532.1144
     0100      8   00  00  00  00  00  00  00  00     532.1168
     0100      8   00  00  00  00  00  00  00  00     532.1192
     0100      8   00  00  00  00  00  00  00  00     532.1215
     0100      8   00  00  00  00  00  00  00  00     532.1239
     0100      8   00  00  00  00  00  00  00  00     532.1263
     0100      8   00  00  00  00  00  00  00  00     532.1287
     0100      8   00  00  00  00  00  00  00  00     532.1310
     0100      8   00  00  00  00  00  00  00  00     532.1334
     0100      8   00  00  00  00  00  00  00  00     532.1358
     0100      8   00  00  00  00  00  00  00  00     532.1382
     0100      8   00  00  00  00  00  00  00  00     532.1406
     0100      8   00  00  00  00  00  00  00  00     532.1429
     0100      8   00  00  00  00  00  00  00  00     532.1453
     0100      8   00  00  00  00  00  00  00  00     532.1477
     0100      8   00  00  00  00  00  00  00  00     532.1501
     0100      8   00  00  00  00  00  00  00  00     532.1525
     0100      8   00  00  00  00  00  00  00  00     532.1548
     0100      8   00  00  00  00  00  00  00  00     532.1572
     0100      8   00  00  00  00  00  00  00  00     532.1596
     0100      8   00  00  00  00  00  00  00  00     532.1620
     0100      8   00  00  00  00  00  00  00  00     532.1644
     0100      8   00  00  00  00  00  00  00  00     532.1667
     0100      8   00  00  00  00  00  00  00  00     532.1691
     0100      8   00  00  00  00  00  00  00  00     532.1715
     0100      8   00  00  00  00  00  00  00  00     532.1739
     0100      8   00  00  00  00  00  00  00  00     532.1763
     0100      8   00  00  00  00  00  00  00  00     532.1786
     0100      8   00  00  00  00  00  00  00  00     532.1810
     0100      8   00  00  00  00  00  00  00  00     532.1834
     0100      8   00  00  00  00  00  00  00  00     532.1858
     0100      8   00  00  00  00  00  00  00  00     532.1882
     0100      8   00  00  00  00  00  00  00  00     532.1905
     0100      8   00  00  00  00  00  00  00  00     532.1929
     0100      8   00  00  00  00  00  00  00  00     532.1953
     0100      8   00  00  00  00  00  00  00  00     532.1977
     0100      8   00  00  00  00  00  00  00  00     532.2001
     0100      8   00  00  00  00  00  00  00  00     532.2024
     0100      8   00  00  00  00  00  00  00  00     532.2048
     0100      8   00  00  00  00  00  00  00  00     532.2072
     0100      8   00  00  00  00  00  00  00  00     532.2096
     0100      8   00  00  00  00  00  00  00  00     532.2119
     0100      8   00  00  00  00  00  00  00  00     532.2143
     0100      8   00  00  00  00  00  00  00  00     532.2167
     0100      8   00  00  00  00  00  00  00  00     532.2191
     0100      8   00  00  00  00  00  00  00  00     532.2215
     0100      8   00  00  00  00  00  00  00  00     532.2238
     0100      8   00  00  00  00  00  00  00  00     532.2262
     0100      8   00  00  00  00  00  00  00  00     532.2286
     0100      8   00  00  00  00  00  00  00  00     532.2310
     0100      8   00  00  00  00  00  00  00  00     532.2334
     0100      8   00  00  00  00  00  00  00  00     532.2358
     0100      8   00  00  00  00  00  00  00  00     532.2381
     0100      8   00  00  00  00  00  00  00  00     532.2405
     0100      8   00  00  00  00  00  00  00  00     532.2429
     0100      8   00  00  00  00  00  00  00  00     532.2453
     0100      8   00  00  00  00  00  00  00  00     532.2476
     0100      8   00  00  00  00  00  00  00  00     532.2500
     0100      8   00  00  00  00  00  00  00  00     532.2524
     0100      8   00  00  00  00  00  00  00  00     532.2548
     0100      8   00  00  00  00  00  00  00  00     532.2572
     0100      8   00  00  00  00  00  00  00  00     532.2595
     0100      8   00  00  00  00  00  00  00  00     532.2619
     0100      8   00  00  00  00  00  00  00  00     532.2643
     0100      8   00  00  00  00  00  00  00  00     532.2667
     0100      8   00  00  00  00  00  00  00  00     532.2691
     0100      8   00  00  00  00  00  00  00  00     532.2714
     0100      8   00  00  00  00  00  00  00  00     532.2738
     0100      8   00  00  00  00  00  00  00  00     532.2762
     0100      8   00  00  00  00  00  00  00  00     532.2786
     0100      8   00  00  00  00  00  00  00  00     532.2810
     0100      8   00  00  00  00  00  00  00  00     532.2833
     0100      8   00  00  00  00  00  00  00  00     532.2857
     0100      8   00  00  00  00  00  00  00  00     532.2881
     0100      8   00  00  00  00  00  00  00  00     532.2905
     0100      8   00  00  00  00  00  00  00  00     532.2929
     0100      8   00  00  00  00  00  00  00  00     532.2952
     0100      8   00  00  00  00  00  00  00  00     532.2976
     0100      8   00  00  00  00  00  00  00  00     532.3000
     0100      8   00  00  00  00  00  00  00  00     532.3024
     0100      8   00  00  00  00  00  00  00  00     532.3047
     0100      8   00  00  00  00  00  00  00  00     532.3071
     0100      8   00  00  00  00  00  00  00  00     532.3095
     0100      8   00  00  00  00  00  00  00  00     532.3119
     0100      8   00  00  00  00  00  00  00  00     532.3143
     0100      8   00  00  00  00  00  00  00  00     532.3167
     0100      8   00  00  00  00  00  00  00  00     532.3190
     0100      8   00  00  00  00  00  00  00  00     532.3214
     0100      8   00  00  00  00  00  00  00  00     532.3238
     0100      8   00  00  00  00  00  00  00  00     532.3262
     0100      8   00  00  00  00  00  00  00  00     532.3285
     0100      8   00  00  00  00  00  00  00  00     532.3309
     0100      8   00  00  00  00  00  00  00  00     532.3333
     0100      8   00  00  00  00  00  00  00  00     532.3357
     0100      8   00  00  00  00  00  00  00  00     532.3381
     0100      8   00  00  00  00  00  00  00  00     532.3404
     0100      8   00  00  00  00  00  00  00  00     532.3428
     0100      8   00  00  00  00  00  00  00  00     532.3452
     0100      8   00  00  00  00  00  00  00  00     532.3476
     0100      8   00  00  00  00  00  00  00  00     532.3500
     0100      8   00  00  00  00  00  00  00  00     532.3523
     0100      8   00  00  00  00  00  00  00  00     532.3547
     0100      8   00  00  00  00  00  00  00  00     532.3571
     0100      8   00  00  00  00  00  00  00  00     532.3595
     0100      8   00  00  00  00  00  00  00  00     532.3619
     0100      8   00  00  00  00  00  00  00  00     532.3642
     0100      8   00  00  00  00  00  00  00  00     532.3666
     0100      8   00  00  00  00  00  00  00  00     532.3690
     0100      8   00  00  00  00  00  00  00  00     532.3714
     0100      8   00  00  00  00  00  00  00  00     532.3738
     0100      8   00  00  00  00  00  00  00  00     532.3761
     0100      8   00  00  00  00  00  00  00  00     532.3785
     0100      8   00  00  00  00  00  00  00  00     532.3809
     0100      8   00  00  00  00  00  00  00  00     532.3833
     0100      8   00  00  00  00  00  00  00  00     532.3857
     0100      8   00  00  00  00  00  00  00  00     532.3880
     0100      8   00  00  00  00  00  00  00  00     532.3904
     0100      8   00  00  00  00  00  00  00  00     532.3928
     0100      8   00  00  00  00  00  00  00  00     532.3952
     0100      8   00  00  00  00  00  00  00  00     532.3976
     0100      8   00  00  00  00  00  00  00  00     532.3999
     0100      8   00  00  00  00  00  00  00  00     532.4023
     0100      8   00  00  00  00  00  00  00  00     532.4047
     0100      8   00  00  00  00  00  00  00  00     532.4071
     0100      8   00  00  00  00  00  00  00  00     532.4094
     0100      8   00  00  00  00  00  00  00  00     532.4118
     0100      8   00  00  00  00  00  00  00  00     532.4142
     0100      8   00  00  00  00  00  00  00  00     532.4166
     0100      8   00  00  00  00  00  00  00  00     532.4190
     0100      8   00  00  00  00  00  00  00  00     532.4213
     0100      8   00  00  00  00  00  00  00  00     532.4237
     0100      8   00  00  00  00  00  00  00  00     532.4261
     0100      8   00  00  00  00  00  00  00  00     532.4285
     0100      8   00  00  00  00  00  00  00  00     532.4309
     0100      8   00  00  00  00  00  00  00  00     532.4332
     0100      8   00  00  00  00  00  00  00  00     532.4356
     0100      8   00  00  00  00  00  00  00  00     532.4380
     0100      8   00  00  00  00  00  00  00  00     532.4404
     0100      8   00  00  00  00  00  00  00  00     532.4428
     0100      8   00  00  00  00  00  00  00  00     532.4451
     0100      8   00  00  00  00  00  00  00  00     532.4475
     0100      8   00  00  00  00  00  00  00  00     532.4499
     0100      8   00  00  00  00  00  00  00  00     532.4523
     0100      8   00  00  00  00  00  00  00  00     532.4547
     0100      8   00  00  00  00  00  00  00  00     532.4570
     0100      8   00  00  00  00  00  00  00  00     532.4594
     0100      8   00  00  00  00  00  00  00  00     532.4618
     0100      8   00  00  00  00  00  00  00  00     532.4642
     0100      8   00  00  00  00  00  00  00  00     532.4666
     0100      8   00  00  00  00  00  00  00  00     532.4689
     0100      8   00  00  00  00  00  00  00  00     532.4713
     0100      8   00  00  00  00  00  00  00  00     532.4737
     0100      8   00  00  00  00  00  00  00  00     532.4761
     0100      8   00  00  00  00  00  00  00  00     532.4785
     0100      8   00  00  00  00  00  00  00  00     532.4808
     0100      8   00  00  00  00  00  00  00  00     532.4832
     0100      8   00  00  00  00  00  00  00  00     532.4856
     0100      8   00  00  00  00  00  00  00  00     532.4880
     0100      8   00  00  00  00  00  00  00  00     532.4904
     0100      8   00  00  00  00  00  00  00  00     532.4927
     0100      8   00  00  00  00  00  00  00  00     532.4951
     0100      8   00  00  00  00  00  00  00  00     532.4975
     0100      8   00  00  00  00  00  00  00  00     532.4999
     0100      8   00  00  00  00  00  00  00  00     532.5022
     0100      8   00  00  00  00  00  00  00  00     532.5046
     0100      8   00  00  00  00  00  00  00  00     532.5070
     0100      8   00  00  00  00  00  00  00  00     532.5094
     0100      8   00  00  00  00  00  00  00  00     532.5118
     0100      8   00  00  00  00  00  00  00  00     532.5141
     0100      8   00  00  00  00  00  00  00  00     532.5165
     0100      8   00  00  00  00  00  00  00  00     532.5189
     0100      8   00  00  00  00  00  00  00  00     532.5213
     0100      8   00  00  00  00  00  00  00  00     532.5237
     0100      8   00  00  00  00  00  00  00  00     532.5260
     0100      8   00  00  00  00  00  00  00  00     532.5284
     0100      8   00  00  00  00  00  00  00  00     532.5308
     0100      8   00  00  00  00  00  00  00  00     532.5332
     0100      8   00  00  00  00  00  00  00  00     532.5356
     0100      8   00  00  00  00  00  00  00  00     532.5379
     0100      8   00  00  00  00  00  00  00  00     532.5403
     0100      8   00  00  00  00  00  00  00  00     532.5427
     0100      8   00  00  00  00  00  00  00  00     532.5451
     0100      8   00  00  00  00  00  00  00  00     532.5475
     0100      8   00  00  00  00  00  00  00  00     532.5498
     0100      8   00  00  00  00  00  00  00  00     532.5522
     0100      8   00  00  00  00  00  00  00  00     532.5546
     0100      8   00  00  00  00  00  00  00  00     532.5570
     0100      8   00  00  00  00  00  00  00  00     532.5594
     0100      8   00  00  00  00  00  00  00  00     532.5617
     0100      8   00  00  00  00  00  00  00  00     532.5641
     0100      8   00  00  00  00  00  00  00  00     532.5665
     0100      8   00  00  00  00  00  00  00  00     532.5689
     0100      8   00  00  00  00  00  00  00  00     532.5713
     0100      8   00  00  00  00  00  00  00  00     532.5736
     0100      8   00  00  00  00  00  00  00  00     532.5760
     0100      8   00  00  00  00  00  00  00  00     532.5784
     0100      8   00  00  00  00  00  00  00  00     532.5808
     0100      8   00  00  00  00  00  00  00  00     532.5832
     0100      8   00  00  00  00  00  00  00  00     532.5855
     0100      8   00  00  00  00  00  00  00  00     532.5879
     0100      8   00  00  00  00  00  00  00  00     532.5903
     0100      8   00  00  00  00  00  00  00  00     532.5927
     0100      8   00  00  00  00  00  00  00  00     532.5950
     0100      8   00  00  00  00  00  00  00  00     532.5974
     0100      8   00  00  00  00  00  00  00  00     532.5998
     0100      8   00  00  00  00  00  00  00  00     532.6022
     0100      8   00  00  00  00  00  00  00  00     532.6046
     0100      8   00  00  00  00  00  00  00  00     532.6069
     0100      8   00  00  00  00  00  00  00  00     532.6093
     0100      8   00  00  00  00  00  00  00  00     532.6117
     0100      8   00  00  00  00  00  00  00  00     532.6141
     0100      8   00  00  00  00  00  00  00  00     532.6165
     0100      8   00  00  00  00  00  00  00  00     532.6188
     0100      8   00  00  00  00  00  00  00  00     532.6212
     0100      8   00  00  00  00  00  00  00  00     532.6236
     0100      8   00  00  00  00  00  00  00  00     532.6260
     0100      8   00  00  00  00  00  00  00  00     532.6284
     0100      8   00  00  00  00  00  00  00  00     532.6307
     0100      8   00  00  00  00  00  00  00  00     532.6331
     0100      8   00  00  00  00  00  00  00  00     532.6355
     0100      8   00  00  00  00  00  00  00  00     532.6379
     0100      8   00  00  00  00  00  00  00  00     532.6403
     0100      8   00  00  00  00  00  00  00  00     532.6426
     0100      8   00  00  00  00  00  00  00  00     532.6450
     0100      8   00  00  00  00  00  00  00  00     532.6474
     0100      8   00  00  00  00  00  00  00  00     532.6498
     0100      8   00  00  00  00  00  00  00  00     532.6522
     0100      8   00  00  00  00  00  00  00  00     532.6545
     0100      8   00  00  00  00  00  00  00  00     532.6569
     0100      8   00  00  00  00  00  00  00  00     532.6593
     0100      8   00  00  00  00  00  00  00  00     532.6617
     0100      8   00  00  00  00  00  00  00  00     532.6641
     0100      8   00  00  00  00  00  00  00  00     532.6664
     0100      8   00  00  00  00  00  00  00  00     532.6688
     0100      8   00  00  00  00  00  00  00  00     532.6712
     0100      8   00  00  00  00  00  00  00  00     532.6736
     0100      8   00  00  00  00  00  00  00  00     532.6760
     0100      8   00  00  00  00  00  00  00  00     532.6783
     0100      8   00  00  00  00  00  00  00  00     532.6807
     0100      8   00  00  00  00  00  00  00  00     532.6831
     0100      8   00  00  00  00  00  00  00  00     532.6855
     0100      8   00  00  00  00  00  00  00  00     532.6878
     0100      8   00  00  00  00  00  00  00  00     532.6902
     0100      8   00  00  00  00  00  00  00  00     532.6926
     0100      8   00  00  00  00  00  00  00  00     532.6950
     0100      8   00  00  00  00  00  00  00  00     532.6974
     0100      8   00  00  00  00  00  00  00  00     532.6997
     0100      8   00  00  00  00  00  00  00  00     532.7021
     0100      8   00  00  00  00  00  00  00  00     532.7045
     0100      8   00  00  00  00  00  00  00  00     532.7069
     0100      8   00  00  00  00  00  00  00  00     532.7093
     0100      8   00  00  00  00  00  00  00  00     532.7116
     0100      8   00  00  00  00  00  00  00  00     532.7140
     0100      8   00  00  00  00  00  00  00  00     532.7164
     0100      8   00  00  00  00  00  00  00  00     532.7188
     0100      8   00  00  00  00  00  00  00  00     532.7212
     0100      8   00  00  00  00  00  00  00  00     532.7235
     0100      8   00  00  00  00  00  00  00  00     532.7259
     0100      8   00  00  00  00  00  00  00  00     532.7283
     0100      8   00  00  00  00  00  00  00  00     532.7307
     0100      8   00  00  00  00  00  00  00  00     532.7331
     0100      8   00  00  00  00  00  00  00  00     532.7354
     0100      8   00  00  00  00  00  00  00  00     532.7378
     0100      8   00  00  00  00  00  00  00  00     532.7402
     0100      8   00  00  00  00  00  00  00  00     532.7426
     0100      8   00  00  00  00  00  00  00  00     532.7450
     0100      8   00  00  00  00  00  00  00  00     532.7473
     0100      8   00  00  00  00  00  00  00  00     532.7497
     0100      8   00  00  00  00  00  00  00  00     532.7521
     0100      8   00  00  00  00  00  00  00  00     532.7545
     0100      8   00  00  00  00  00  00  00  00     532.7569
     0100      8   00  00  00  00  00  00  00  00     532.7592
     0100      8   00  00  00  00  00  00  00  00     532.7616
     0100      8   00  00  00  00  00  00  00  00     532.7640
     0100      8   00  00  00  00  00  00  00  00     532.7664
     0100      8   00  00  00  00  00  00  00  00     532.7688
     0100      8   00  00  00  00  00  00  00  00     532.7711
     0100      8   00  00  00  00  00  00  00  00     532.7735
     0100      8   00  00  00  00  00  00  00  00     532.7759
     0100      8   00  00  00  00  00  00  00  00     532.7783
     0100      8   00  00  00  00  00  00  00  00     532.7806
     0100      8   00  00  00  00  00  00  00  00     532.7830
     0100      8   00  00  00  00  00  00  00  00     532.7854
     0100      8   00  00  00  00  00  00  00  00     532.7878
     0100      8   00  00  00  00  00  00  00  00     532.7902
     0100      8   00  00  00  00  00  00  00  00     532.7925
     0100      8   00  00  00  00  00  00  00  00     532.7949
     0100      8   00  00  00  00  00  00  00  00     532.7973
     0100      8   00  00  00  00  00  00  00  00     532.7997
     0100      8   00  00  00  00  00  00  00  00     532.8021
     0100      8   00  00  00  00  00  00  00  00     532.8044
     0100      8   00  00  00  00  00  00  00  00     532.8068
     0100      8   00  00  00  00  00  00  00  00     532.8092
     0100      8   00  00  00  00  00  00  00  00     532.8116
     0100      8   00  00  00  00  00  00  00  00     532.8140
     0100      8   00  00  00  00  00  00  00  00     532.8163
     0100      8   00  00  00  00  00  00  00  00     532.8187
     0100      8   00  00  00  00  00  00  00  00     532.8211
     0100      8   00  00  00  00  00  00  00  00     532.8235
     0100      8   00  00  00  00  00  00  00  00     532.8259
     0100      8   00  00  00  00  00  00  00  00     532.8282
     0100      8   00  00  00  00  00  00  00  00     532.8306
     0100      8   00  00  00  00  00  00  00  00     532.8330
     0100      8   00  00  00  00  00  00  00  00     532.8354
     0100      8   00  00  00  00  00  00  00  00     532.8378
     0100      8   00  00  00  00  00  00  00  00     532.8401
     0100      8   00  00  00  00  00  00  00  00     532.8425
     0100      8   00  00  00  00  00  00  00  00     532.8449
     0100      8   00  00  00  00  00  00  00  00     532.8473
     0100      8   00  00  00  00  00  00  00  00     532.8497
     0100      8   00  00  00  00  00  00  00  00     532.8520
     0100      8   00  00  00  00  00  00  00  00     532.8544
     0100      8   00  00  00  00  00  00  00  00     532.8568
     0100      8   00  00  00  00  00  00  00  00     532.8592
     0100      8   00  00  00  00  00  00  00  00     532.8616
     0100      8   00  00  00  00  00  00  00  00     532.8639
     0100      8   00  00  00  00  00  00  00  00     532.8663
     0100      8   00  00  00  00  00  00  00  00     532.8687
     0100      8   00  00  00  00  00  00  00  00     532.8711
     0100      8   00  00  00  00  00  00  00  00     532.8734
     0100      8   00  00  00  00  00  00  00  00     532.8758
     0100      8   00  00  00  00  00  00  00  00     532.8782
     0100      8   00  00  00  00  00  00  00  00     532.8806
     0100      8   00  00  00  00  00  00  00  00     532.8830
     0100      8   00  00  00  00  00  00  00  00     532.8853
     0100      8   00  00  00  00  00  00  00  00     532.8877
     0100      8   00  00  00  00  00  00  00  00     532.8901
     0100      8   00  00  00  00  00  00  00  00     532.8925
     0100      8   00  00  00  00  00  00  00  00     532.8949
     0100      8   00  00  00  00  00  00  00  00     532.8972
     0100      8   00  00  00  00  00  00  00  00     532.8996
     0100      8   00  00  00  00  00  00  00  00     532.9020
     0100      8   00  00  00  00  00  00  00  00     532.9044
     0100      8   00  00  00  00  00  00  00  00     532.9068
     0100      8   00  00  00  00  00  00  00  00     532.9091
     0100      8   00  00  00  00  00  00  00  00     532.9115
     0100      8   00  00  00  00  00  00  00  00     532.9139
     0100      8   00  00  00  00  00  00  00  00     532.9163
     0100      8   00  00  00  00  00  00  00  00     532.9187
     0100      8   00  00  00  00  00  00  00  00     532.9210
     0100      8   00  00  00  00  00  00  00  00     532.9234
     0100      8   00  00  00  00  00  00  00  00     532.9258
     0100      8   00  00  00  00  00  00  00  00     532.9282
     0100      8   00  00  00  00  00  00  00  00     532.9306
     0100      8   00  00  00  00  00  00  00  00     532.9329
     0100      8   00  00  00  00  00  00  00  00     532.9353
     0100      8   00  00  00  00  00  00  00  00     532.9377
     0100      8   00  00  00  00  00  00  00  00     532.9401
     0100      8   00  00  00  00  00  00  00  00     532.9425
     0100      8   00  00  00  00  00  00  00  00     532.9448
     0100      8   00  00  00  00  00  00  00  00     532.9472
     0100      8   00  00  00  00  00  00  00  00     532.9496
     0100      8   00  00  00  00  00  00  00  00     532.9520
     0100      8   00  00  00  00  00  00  00  00     532.9544
     0100      8   00  00  00  00  00  00  00  00     532.9567
     0100      8   00  00  00  00  00  00  00  00     532.9591
     0100      8   00  00  00  00  00  00  00  00     532.9615
     0100      8   00  00  00  00  00  00  00  00     532.9639
     0100      8   00  00  00  00  00  00  00  00     532.9662
     0100      8   00  00  00  00  00  00  00  00     532.9686
     0100      8   00  00  00  00  00  00  00  00     532.9710
     0100      8   00  00  00  00  00  00  00  00     532.9734
     0100      8   00  00  00  00  00  00  00  00     532.9758
     0100      8   00  00  00  00  00  00  00  00     532.9782
     0100      8   00  00  00  00  00  00  00  00     532.9805
     0100      8   00  00  00  00  00  00  00  00     532.9829
     0100      8   00  00  00  00  00  00  00  00     532.9853
     0100      8   00  00  00  00  00  00  00  00     532.9877
     0100      8   00  00  00  00  00  00  00  00     532.9900
     0100      8   00  00  00  00  00  00  00  00     532.9924
     0100      8   00  00  00  00  00  00  00  00     532.9948
     0100      8   00  00  00  00  00  00  00  00     532.9972
     0100      8   00  00  00  00  00  00  00  00     532.9996
     0100      8   00  00  00  00  00  00  00  00     533.0019
     0100      8   00  00  00  00  00  00  00  00     533.0043
     0100      8   00  00  00  00  00  00  00  00     533.0067
     0100      8   00  00  00  00  00  00  00  00     533.0091
     0100      8   00  00  00  00  00  00  00  00     533.0115
     0100      8   00  00  00  00  00  00  00  00     533.0138
     0100      8   00  00  00  00  00  00  00  00     533.0162
     0100      8   00  00  00  00  00  00  00  00     533.0186
     0100      8   00  00  00  00  00  00  00  00     533.0210
     0100      8   00  00  00  00  00  00  00  00     533.0234
     0100      8   00  00  00  00  00  00  00  00     533.0257
     0100      8   00  00  00  00  00  00  00  00     533.0281
     0100      8   00  00  00  00  00  00  00  00     533.0305
     0100      8   00  00  00  00  00  00  00  00     533.0329
     0100      8   00  00  00  00  00  00  00  00     533.0353
     0100      8   00  00  00  00  00  00  00  00     533.0376
     0100      8   00  00  00  00  00  00  00  00     533.0400
     0100      8   00  00  00  00  00  00  00  00     533.0424
     0100      8   00  00  00  00  00  00  00  00     533.0448
     0100      8   00  00  00  00  00  00  00  00     533.0472
     0100      8   00  00  00  00  00  00  00  00     533.0495
     0100      8   00  00  00  00  00  00  00  00     533.0519
     0100      8   00  00  00  00  00  00  00  00     533.0543
     0100      8   00  00  00  00  00  00  00  00     533.0567
     0100      8   00  00  00  00  00  00  00  00     533.0590
     0100      8   00  00  00  00  00  00  00  00     533.0614
     0100      8   00  00  00  00  00  00  00  00     533.0638
     0100      8   00  00  00  00  00  00  00  00     533.0662
     0100      8   00  00  00  00  00  00  00  00     533.0686
     0100      8   00  00  00  00  00  00  00  00     533.0709
     0100      8   00  00  00  00  00  00  00  00     533.0733
     0100      8   00  00  00  00  00  00  00  00     533.0757
     0100      8   00  00  00  00  00  00  00  00     533.0781
     0100      8   00  00  00  00  00  00  00  00     533.0805
     0100      8   00  00  00  00  00  00  00  00     533.0828
     0100      8   00  00  00  00  00  00  00  00     533.0852
     0100      8   00  00  00  00  00  00  00  00     533.0876
     0100      8   00  00  00  00  00  00  00  00     533.0900
     0100      8   00  00  00  00  00  00  00  00     533.0924
     0100      8   00  00  00  00  00  00  00  00     533.0947
     0100      8   00  00  00  00  00  00  00  00     533.0971
     0100      8   00  00  00  00  00  00  00  00     533.0995
     0100      8   00  00  00  00  00  00  00  00     533.1019
     0100      8   00  00  00  00  00  00  00  00     533.1043
     0100      8   00  00  00  00  00  00  00  00     533.1066
     0100      8   00  00  00  00  00  00  00  00     533.1090
     0100      8   00  00  00  00  00  00  00  00     533.1114
     0100      8   00  00  00  00  00  00  00  00     533.1138
     0100      8   00  00  00  00  00  00  00  00     533.1162
     0100      8   00  00  00  00  00  00  00  00     533.1185
     0100      8   00  00  00  00  00  00  00  00     533.1209
     0100      8   00  00  00  00  00  00  00  00     533.1233
     0100      8   00  00  00  00  00  00  00  00     533.1257
     0100      8   00  00  00  00  00  00  00  00     533.1281
     0100      8   00  00  00  00  00  00  00  00     533.1304
     0100      8   00  00  00  00  00  00  00  00     533.1328
     0100      8   00  00  00  00  00  00  00  00     533.1352
     0100      8   00  00  00  00  00  00  00  00     533.1376
     0100      8   00  00  00  00  00  00  00  00     533.1400
     0100      8   00  00  00  00  00  00  00  00     533.1423
     0100      8   00  00  00  00  00  00  00  00     533.1447
     0100      8   00  00  00  00  00  00  00  00     533.1471
     0100      8   00  00  00  00  00  00  00  00     533.1495
     0100      8   00  00  00  00  00  00  00  00     533.1518
     0100      8   00  00  00  00  00  00  00  00     533.1542
     0100      8   00  00  00  00  00  00  00  00     533.1566
     0100      8   00  00  00  00  00  00  00  00     533.1590
     0100      8   00  00  00  00  00  00  00  00     533.1614
     0100      8   00  00  00  00  00  00  00  00     533.1637
     0100      8   00  00  00  00  00  00  00  00     533.1661
     0100      8   00  00  00  00  00  00  00  00     533.1685
     0100      8   00  00  00  00  00  00  00  00     533.1709
     0100      8   00  00  00  00  00  00  00  00     533.1733
     0100      8   00  00  00  00  00  00  00  00     533.1756
     0100      8   00  00  00  00  00  00  00  00     533.1780
     0100      8   00  00  00  00  00  00  00  00     533.1804
     0100      8   00  00  00  00  00  00  00  00     533.1828
     0100      8   00  00  00  00  00  00  00  00     533.1852
     0100      8   00  00  00  00  00  00  00  00     533.1875
     0100      8   00  00  00  00  00  00  00  00     533.1899
     0100      8   00  00  00  00  00  00  00  00     533.1923
     0100      8   00  00  00  00  00  00  00  00     533.1947
     0100      8   00  00  00  00  00  00  00  00     533.1971
     0100      8   00  00  00  00  00  00  00  00     533.1994
     0100      8   00  00  00  00  00  00  00  00     533.2018
     0100      8   00  00  00  00  00  00  00  00     533.2042
     0100      8   00  00  00  00  00  00  00  00     533.2066
     0100      8   00  00  00  00  00  00  00  00     533.2090
     0100      8   00  00  00  00  00  00  00  00     533.2113
     0100      8   00  00  00  00  00  00  00  00     533.2137
     0100      8   00  00  00  00  00  00  00  00     533.2161
     0100      8   00  00  00  00  00  00  00  00     533.2185
     0100      8   00  00  00  00  00  00  00  00     533.2209
     0100      8   00  00  00  00  00  00  00  00     533.2232
     0100      8   00  00  00  00  00  00  00  00     533.2256
     0100      8   00  00  00  00  00  00  00  00     533.2280
     0100      8   00  00  00  00  00  00  00  00     533.2304
     0100      8   00  00  00  00  00  00  00  00     533.2328
     0100      8   00  00  00  00  00  00  00  00     533.2351
     0100      8   00  00  00  00  00  00  00  00     533.2375
     0100      8   00  00  00  00  00  00  00  00     533.2399
     0100      8   00  00  00  00  00  00  00  00     533.2423
     0100      8   00  00  00  00  00  00  00  00     533.2446
     0100      8   00  00  00  00  00  00  00  00     533.2470
     0100      8   00  00  00  00  00  00  00  00     533.2494
     0100      8   00  00  00  00  00  00  00  00     533.2518
     0100      8   00  00  00  00  00  00  00  00     533.2542
     0100      8   00  00  00  00  00  00  00  00     533.2566
     0100      8   00  00  00  00  00  00  00  00     533.2589
     0100      8   00  00  00  00  00  00  00  00     533.2613
     0100      8   00  00  00  00  00  00  00  00     533.2637
     0100      8   00  00  00  00  00  00  00  00     533.2661
     0100      8   00  00  00  00  00  00  00  00     533.2684
     0100      8   00  00  00  00  00  00  00  00     533.2708
     0100      8   00  00  00  00  00  00  00  00     533.2732
     0100      8   00  00  00  00  00  00  00  00     533.2756
     0100      8   00  00  00  00  00  00  00  00     533.2780
     0100      8   00  00  00  00  00  00  00  00     533.2803
     0100      8   00  00  00  00  00  00  00  00     533.2827
     0100      8   00  00  00  00  00  00  00  00     533.2851
     0100      8   00  00  00  00  00  00  00  00     533.2875
     0100      8   00  00  00  00  00  00  00  00     533.2899
     0100      8   00  00  00  00  00  00  00  00     533.2922
     0100      8   00  00  00  00  00  00  00  00     533.2946
     0100      8   00  00  00  00  00  00  00  00     533.2970
     0100      8   00  00  00  00  00  00  00  00     533.2994
     0100      8   00  00  00  00  00  00  00  00     533.3018
     0100      8   00  00  00  00  00  00  00  00     533.3041
     0100      8   00  00  00  00  00  00  00  00     533.3065
     0100      8   00  00  00  00  00  00  00  00     533.3089
     0100      8   00  00  00  00  00  00  00  00     533.3113
     0100      8   00  00  00  00  00  00  00  00     533.3137
     0100      8   00  00  00  00  00  00  00  00     533.3160
     0100      8   00  00  00  00  00  00  00  00     533.3184
     0100      8   00  00  00  00  00  00  00  00     533.3208
     0100      8   00  00  00  00  00  00  00  00     533.3232
     0100      8   00  00  00  00  00  00  00  00     533.3256
     0100      8   00  00  00  00  00  00  00  00     533.3279
     0100      8   00  00  00  00  00  00  00  00     533.3303
     0100      8   00  00  00  00  00  00  00  00     533.3327
     0100      8   00  00  00  00  00  00  00  00     533.3351
     0100      8   00  00  00  00  00  00  00  00     533.3375
     0100      8   00  00  00  00  00  00  00  00     533.3398
     0100      8   00  00  00  00  00  00  00  00     533.3422
     0100      8   00  00  00  00  00  00  00  00     533.3446
     0100      8   00  00  00  00  00  00  00  00     533.3470
     0100      8   00  00  00  00  00  00  00  00     533.3493
     0100      8   00  00  00  00  00  00  00  00     533.3517
     0100      8   00  00  00  00  00  00  00  00     533.3541
     0100      8   00  00  00  00  00  00  00  00     533.3565
     0100      8   00  00  00  00  00  00  00  00     533.3589
     0100      8   00  00  00  00  00  00  00  00     533.3612
     0100      8   00  00  00  00  00  00  00  00     533.3636
     0100      8   00  00  00  00  00  00  00  00     533.3660
     0100      8   00  00  00  00  00  00  00  00     533.3684
     0100      8   00  00  00  00  00  00  00  00     533.3708
     0100      8   00  00  00  00  00  00  00  00     533.3731
     0100      8   00  00  00  00  00  00  00  00     533.3755
     0100      8   00  00  00  00  00  00  00  00     533.3779
     0100      8   00  00  00  00  00  00  00  00     533.3803
     0100      8   00  00  00  00  00  00  00  00     533.3827
     0100      8   00  00  00  00  00  00  00  00     533.3850
     0100      8   00  00  00  00  00  00  00  00     533.3874
     0100      8   00  00  00  00  00  00  00  00     533.3898
     0100      8   00  00  00  00  00  00  00  00     533.3922
     0100      8   00  00  00  00  00  00  00  00     533.3946
     0100      8   00  00  00  00  00  00  00  00     533.3969
     0100      8   00  00  00  00  00  00  00  00     533.3993
     0100      8   00  00  00  00  00  00  00  00     533.4017
     0100      8   00  00  00  00  00  00  00  00     533.4041
     0100      8   00  00  00  00  00  00  00  00     533.4065
     0100      8   00  00  00  00  00  00  00  00     533.4088
     0100      8   00  00  00  00  00  00  00  00     533.4112
     0100      8   00  00  00  00  00  00  00  00     533.4136
     0100      8   00  00  00  00  00  00  00  00     533.4160
     0100      8   00  00  00  00  00  00  00  00     533.4184
     0100      8   00  00  00  00  00  00  00  00     533.4207
     0100      8   00  00  00  00  00  00  00  00     533.4231
     0100      8   00  00  00  00  00  00  00  00     533.4255
     0100      8   00  00  00  00  00  00  00  00     533.4279
     0100      8   00  00  00  00  00  00  00  00     533.4302
     0100      8   00  00  00  00  00  00  00  00     533.4326
     0100      8   00  00  00  00  00  00  00  00     533.4350
     0100      8   00  00  00  00  00  00  00  00     533.4374
     0100      8   00  00  00  00  00  00  00  00     533.4398
     0100      8   00  00  00  00  00  00  00  00     533.4421
     0100      8   00  00  00  00  00  00  00  00     533.4445
     0100      8   00  00  00  00  00  00  00  00     533.4469
     0100      8   00  00  00  00  00  00  00  00     533.4493
     0100      8   00  00  00  00  00  00  00  00     533.4517
     0100      8   00  00  00  00  00  00  00  00     533.4541
     0100      8   00  00  00  00  00  00  00  00     533.4564
     0100      8   00  00  00  00  00  00  00  00     533.4588
     0100      8   00  00  00  00  00  00  00  00     533.4612
     0100      8   00  00  00  00  00  00  00  00     533.4636
     0100      8   00  00  00  00  00  00  00  00     533.4659
     0100      8   00  00  00  00  00  00  00  00     533.4683
     0100      8   00  00  00  00  00  00  00  00     533.4707
     0100      8   00  00  00  00  00  00  00  00     533.4731
     0100      8   00  00  00  00  00  00  00  00     533.4755
     0100      8   00  00  00  00  00  00  00  00     533.4778
     0100      8   00  00  00  00  00  00  00  00     533.4802
     0100      8   00  00  00  00  00  00  00  00     533.4826
     0100      8   00  00  00  00  00  00  00  00     533.4850
     0100      8   00  00  00  00  00  00  00  00     533.4874
     0100      8   00  00  00  00  00  00  00  00     533.4897
     0100      8   00  00  00  00  00  00  00  00     533.4921
     0100      8   00  00  00  00  00  00  00  00     533.4945
     0100      8   00  00  00  00  00  00  00  00     533.4969
     0100      8   00  00  00  00  00  00  00  00     533.4993
     0100      8   00  00  00  00  00  00  00  00     533.5016
     0100      8   00  00  00  00  00  00  00  00     533.5040
     0100      8   00  00  00  00  00  00  00  00     533.5064
     0100      8   00  00  00  00  00  00  00  00     533.5088
     0100      8   00  00  00  00  00  00  00  00     533.5112
     0100      8   00  00  00  00  00  00  00  00     533.5135
     0100      8   00  00  00  00  00  00  00  00     533.5159
     0100      8   00  00  00  00  00  00  00  00     533.5183
     0100      8   00  00  00  00  00  00  00  00     533.5207
     0100      8   00  00  00  00  00  00  00  00     533.5231
     0100      8   00  00  00  00  00  00  00  00     533.5254
     0100      8   00  00  00  00  00  00  00  00     533.5278
     0100      8   00  00  00  00  00  00  00  00     533.5302
     0100      8   00  00  00  00  00  00  00  00     533.5326
     0100      8   00  00  00  00  00  00  00  00     533.5350
     0100      8   00  00  00  00  00  00  00  00     533.5373
     0100      8   00  00  00  00  00  00  00  00     533.5397
     0100      8   00  00  00  00  00  00  00  00     533.5421
     0100      8   00  00  00  00  00  00  00  00     533.5445
     0100      8   00  00  00  00  00  00  00  00     533.5468
     0100      8   00  00  00  00  00  00  00  00     533.5492
     0100      8   00  00  00  00  00  00  00  00     533.5516
     0100      8   00  00  00  00  00  00  00  00     533.5540
     0100      8   00  00  00  00  00  00  00  00     533.5564
     0100      8   00  00  00  00  00  00  00  00     533.5587
     0100      8   00  00  00  00  00  00  00  00     533.5611
     0100      8   00  00  00  00  00  00  00  00     533.5635
     0100      8   00  00  00  00  00  00  00  00     533.5659
     0100      8   00  00  00  00  00  00  00  00     533.5683
     0100      8   00  00  00  00  00  00  00  00     533.5706
     0100      8   00  00  00  00  00  00  00  00     533.5730
     0100      8   00  00  00  00  00  00  00  00     533.5754
     0100      8   00  00  00  00  00  00  00  00     533.5778
     0100      8   00  00  00  00  00  00  00  00     533.5802
     0100      8   00  00  00  00  00  00  00  00     533.5825
     0100      8   00  00  00  00  00  00  00  00     533.5849
     0100      8   00  00  00  00  00  00  00  00     533.5873
     0100      8   00  00  00  00  00  00  00  00     533.5897
     0100      8   00  00  00  00  00  00  00  00     533.5921
     0100      8   00  00  00  00  00  00  00  00     533.5944
     0100      8   00  00  00  00  00  00  00  00     533.5968
     0100      8   00  00  00  00  00  00  00  00     533.5992
     0100      8   00  00  00  00  00  00  00  00     533.6016
     0100      8   00  00  00  00  00  00  00  00     533.6040
     0100      8   00  00  00  00  00  00  00  00     533.6063
     0100      8   00  00  00  00  00  00  00  00     533.6087
     0100      8   00  00  00  00  00  00  00  00     533.6111
     0100      8   00  00  00  00  00  00  00  00     533.6135
     0100      8   00  00  00  00  00  00  00  00     533.6159
     0100      8   00  00  00  00  00  00  00  00     533.6182
     0100      8   00  00  00  00  00  00  00  00     533.6206
     0100      8   00  00  00  00  00  00  00  00     533.6230
     0100      8   00  00  00  00  00  00  00  00     533.6254
     0100      8   00  00  00  00  00  00  00  00     533.6277
     0100      8   00  00  00  00  00  00  00  00     533.6301
     0100      8   00  00  00  00  00  00  00  00     533.6325
     0100      8   00  00  00  00  00  00  00  00     533.6349
     0100      8   00  00  00  00  00  00  00  00     533.6373
     0100      8   00  00  00  00  00  00  00  00     533.6396
     0100      8   00  00  00  00  00  00  00  00     533.6420
     0100      8   00  00  00  00  00  00  00  00     533.6444
     0100      8   00  00  00  00  00  00  00  00     533.6468
     0100      8   00  00  00  00  00  00  00  00     533.6492
     0100      8   00  00  00  00  00  00  00  00     533.6515
     0100      8   00  00  00  00  00  00  00  00     533.6539
     0100      8   00  00  00  00  00  00  00  00     533.6563
     0100      8   00  00  00  00  00  00  00  00     533.6587
     0100      8   00  00  00  00  00  00  00  00     533.6611
     0100      8   00  00  00  00  00  00  00  00     533.6634
     0100      8   00  00  00  00  00  00  00  00     533.6658
     0100      8   00  00  00  00  00  00  00  00     533.6682
     0100      8   00  00  00  00  00  00  00  00     533.6706
     0100      8   00  00  00  00  00  00  00  00     533.6730
     0100      8   00  00  00  00  00  00  00  00     533.6753
     0100      8   00  00  00  00  00  00  00  00     533.6777
     0100      8   00  00  00  00  00  00  00  00     533.6801
     0100      8   00  00  00  00  00  00  00  00     533.6825
     0100      8   00  00  00  00  00  00  00  00     533.6849
     0100      8   00  00  00  00  00  00  00  00     533.6872
     0100      8   00  00  00  00  00  00  00  00     533.6896
     0100      8   00  00  00  00  00  00  00  00     533.6920
     0100      8   00  00  00  00  00  00  00  00     533.6944
     0100      8   00  00  00  00  00  00  00  00     533.6968
     0100      8   00  00  00  00  00  00  00  00     533.6991
     0100      8   00  00  00  00  00  00  00  00     533.7015
     0100      8   00  00  00  00  00  00  00  00     533.7039
     0100      8   00  00  00  00  00  00  00  00     533.7063
     0100      8   00  00  00  00  00  00  00  00     533.7087
     0100      8   00  00  00  00  00  00  00  00     533.7110
     0100      8   00  00  00  00  00  00  00  00     533.7134
     0100      8   00  00  00  00  00  00  00  00     533.7158
     0100      8   00  00  00  00  00  00  00  00     533.7182
     0100      8   00  00  00  00  00  00  00  00     533.7205
     0100      8   00  00  00  00  00  00  00  00     533.7229
     0100      8   00  00  00  00  00  00  00  00     533.7253
     0100      8   00  00  00  00  00  00  00  00     533.7277
     0100      8   00  00  00  00  00  00  00  00     533.7301
     0100      8   00  00  00  00  00  00  00  00     533.7324
     0100      8   00  00  00  00  00  00  00  00     533.7348
     0100      8   00  00  00  00  00  00  00  00     533.7372
     0100      8   00  00  00  00  00  00  00  00     533.7396
     0100      8   00  00  00  00  00  00  00  00     533.7420
     0100      8   00  00  00  00  00  00  00  00     533.7443
     0100      8   00  00  00  00  00  00  00  00     533.7467
     0100      8   00  00  00  00  00  00  00  00     533.7491
     0100      8   00  00  00  00  00  00  00  00     533.7515
     0100      8   00  00  00  00  00  00  00  00     533.7539
     0100      8   00  00  00  00  00  00  00  00     533.7562
     0100      8   00  00  00  00  00  00  00  00     533.7586
     0100      8   00  00  00  00  00  00  00  00     533.7610
     0100      8   00  00  00  00  00  00  00  00     533.7634
     0100      8   00  00  00  00  00  00  00  00     533.7658
     0100      8   00  00  00  00  00  00  00  00     533.7681
     0100      8   00  00  00  00  00  00  00  00     533.7705
     0100      8   00  00  00  00  00  00  00  00     533.7729
     0100      8   00  00  00  00  00  00  00  00     533.7753
     0100      8   00  00  00  00  00  00  00  00     533.7777
     0100      8   00  00  00  00  00  00  00  00     533.7800
     0100      8   00  00  00  00  00  00  00  00     533.7824
     0100      8   00  00  00  00  00  00  00  00     533.7848
     0100      8   00  00  00  00  00  00  00  00     533.7872
     0100      8   00  00  00  00  00  00  00  00     533.7896
     0100      8   00  00  00  00  00  00  00  00     533.7919
     0100      8   00  00  00  00  00  00  00  00     533.7943
     0100      8   00  00  00  00  00  00  00  00     533.7967
     0100      8   00  00  00  00  00  00  00  00     533.7991
     0100      8   00  00  00  00  00  00  00  00     533.8014
     0100      8   00  00  00  00  00  00  00  00     533.8038
     0100      8   00  00  00  00  00  00  00  00     533.8062
     0100      8   00  00  00  00  00  00  00  00     533.8086
     0100      8   00  00  00  00  00  00  00  00     533.8110
     0100      8   00  00  00  00  00  00  00  00     533.8133
     0100      8   00  00  00  00  00  00  00  00     533.8157
     0100      8   00  00  00  00  00  00  00  00     533.8181
     0100      8   00  00  00  00  00  00  00  00     533.8205
     0100      8   00  00  00  00  00  00  00  00     533.8229
     0100      8   00  00  00  00  00  00  00  00     533.8252
     0100      8   00  00  00  00  00  00  00  00     533.8276
     0100      8   00  00  00  00  00  00  00  00     533.8300
     0100      8   00  00  00  00  00  00  00  00     533.8324
     0100      8   00  00  00  00  00  00  00  00     533.8348
     0100      8   00  00  00  00  00  00  00  00     533.8371
     0100      8   00  00  00  00  00  00  00  00     533.8395
     0100      8   00  00  00  00  00  00  00  00     533.8419
     0100      8   00  00  00  00  00  00  00  00     533.8443
     0100      8   00  00  00  00  00  00  00  00     533.8467
     0100      8   00  00  00  00  00  00  00  00     533.8490
     0100      8   00  00  00  00  00  00  00  00     533.8514
     0100      8   00  00  00  00  00  00  00  00     533.8538
     0100      8   00  00  00  00  00  00  00  00     533.8562
     0100      8   00  00  00  00  00  00  00  00     533.8586
     0100      8   00  00  00  00  00  00  00  00     533.8609
     0100      8   00  00  00  00  00  00  00  00     533.8633
     0100      8   00  00  00  00  00  00  00  00     533.8657
     0100      8   00  00  00  00  00  00  00  00     533.8681
     0100      8   00  00  00  00  00  00  00  00     533.8705
     0100      8   00  00  00  00  00  00  00  00     533.8728
     0100      8   00  00  00  00  00  00  00  00     533.8752
     0100      8   00  00  00  00  00  00  00  00     533.8776
     0100      8   00  00  00  00  00  00  00  00     533.8800
     0100      8   00  00  00  00  00  00  00  00     533.8824
     0100      8   00  00  00  00  00  00  00  00     533.8847
     0100      8   00  00  00  00  00  00  00  00     533.8871
     0100      8   00  00  00  00  00  00  00  00     533.8895
     0100      8   00  00  00  00  00  00  00  00     533.8919
     0100      8   00  00  00  00  00  00  00  00     533.8943
     0100      8   00  00  00  00  00  00  00  00     533.8966
     0100      8   00  00  00  00  00  00  00  00     533.8990
     0100      8   00  00  00  00  00  00  00  00     533.9014
     0100      8   00  00  00  00  00  00  00  00     533.9038
     0100      8   00  00  00  00  00  00  00  00     533.9061
     0100      8   00  00  00  00  00  00  00  00     533.9085
     0100      8   00  00  00  00  00  00  00  00     533.9109
     0100      8   00  00  00  00  00  00  00  00     533.9133
     0100      8   00  00  00  00  00  00  00  00     533.9157
     0100      8   00  00  00  00  00  00  00  00     533.9180
     0100      8   00  00  00  00  00  00  00  00     533.9204
     0100      8   00  00  00  00  00  00  00  00     533.9228
     0100      8   00  00  00  00  00  00  00  00     533.9252
     0100      8   00  00  00  00  00  00  00  00     533.9276
     0100      8   00  00  00  00  00  00  00  00     533.9299
     0100      8   00  00  00  00  00  00  00  00     533.9323
     0100      8   00  00  00  00  00  00  00  00     533.9347
     0100      8   00  00  00  00  00  00  00  00     533.9371
     0100      8   00  00  00  00  00  00  00  00     533.9395
     0100      8   00  00  00  00  00  00  00  00     533.9418
     0100      8   00  00  00  00  00  00  00  00     533.9442
     0100      8   00  00  00  00  00  00  00  00     533.9466
     0100      8   00  00  00  00  00  00  00  00     533.9490
     0100      8   00  00  00  00  00  00  00  00     533.9514
     0100      8   00  00  00  00  00  00  00  00     533.9537
     0100      8   00  00  00  00  00  00  00  00     533.9561
     0100      8   00  00  00  00  00  00  00  00     533.9585
     0100      8   00  00  00  00  00  00  00  00     533.9609
     0100      8   00  00  00  00  00  00  00  00     533.9633
     0100      8   00  00  00  00  00  00  00  00     533.9656
     0100      8   00  00  00  00  00  00  00  00     533.9680
     0100      8   00  00  00  00  00  00  00  00     533.9704
     0100      8   00  00  00  00  00  00  00  00     533.9728
     0100      8   00  00  00  00  00  00  00  00     533.9752
     0100      8   00  00  00  00  00  00  00  00     533.9775
     0100      8   00  00  00  00  00  00  00  00     533.9799
     0100      8   00  00  00  00  00  00  00  00     533.9823
     0100      8   00  00  00  00  00  00  00  00     533.9847
     0100      8   00  00  00  00  00  00  00  00     533.9871
     0100      8   00  00  00  00  00  00  00  00     533.9894
     0100      8   00  00  00  00  00  00  00  00     533.9918
     0100      8   00  00  00  00  00  00  00  00     533.9942
     0100      8   00  00  00  00  00  00  00  00     533.9966
     0100      8   00  00  00  00  00  00  00  00     533.9989
     0100      8   00  00  00  00  00  00  00  00     534.0013
     0100      8   00  00  00  00  00  00  00  00     534.0037
     0100      8   00  00  00  00  00  00  00  00     534.0061
     0100      8   00  00  00  00  00  00  00  00     534.0085
     0100      8   00  00  00  00  00  00  00  00     534.0108
     0100      8   00  00  00  00  00  00  00  00     534.0132
     0100      8   00  00  00  00  00  00  00  00     534.0156
     0100      8   00  00  00  00  00  00  00  00     534.0180
     0100      8   00  00  00  00  00  00  00  00     534.0204
     0100      8   00  00  00  00  00  00  00  00     534.0227
     0100      8   00  00  00  00  00  00  00  00     534.0251
     0100      8   00  00  00  00  00  00  00  00     534.0275
     0100      8   00  00  00  00  00  00  00  00     534.0299
     0100      8   00  00  00  00  00  00  00  00     534.0323
     0100      8   00  00  00  00  00  00  00  00     534.0346
     0100      8   00  00  00  00  00  00  00  00     534.0370
     0100      8   00  00  00  00  00  00  00  00     534.0394
     0100      8   00  00  00  00  00  00  00  00     534.0418
     0100      8   00  00  00  00  00  00  00  00     534.0442
     0100      8   00  00  00  00  00  00  00  00     534.0465
     0100      8   00  00  00  00  00  00  00  00     534.0489
     0100      8   00  00  00  00  00  00  00  00     534.0513
     0100      8   00  00  00  00  00  00  00  00     534.0537
     0100      8   00  00  00  00  00  00  00  00     534.0561
     0100      8   00  00  00  00  00  00  00  00     534.0584
     0100      8   00  00  00  00  00  00  00  00     534.0608
     0100      8   00  00  00  00  00  00  00  00     534.0632
     0100      8   00  00  00  00  00  00  00  00     534.0656
     0100      8   00  00  00  00  00  00  00  00     534.0680
     0100      8   00  00  00  00  00  00  00  00     534.0703
     0100      8   00  00  00  00  00  00  00  00     534.0727
     0100      8   00  00  00  00  00  00  00  00     534.0751
     0100      8   00  00  00  00  00  00  00  00     534.0775
     0101      8   21  FF  7F  FF  00  00  00  51     534.0783
     0102      8   00  00  00  00  00  00  00  00     534.0786
     0100      8   00  00  00  00  00  00  00  00     534.0798
     0100      8   20  00  00  09  10  00  00  76     534.0826
     0100      8   20  00  00  09  10  00  00  76     534.0850
     0100      8   20  00  00  09  10  00  00  76     534.0877
     0101      8   41  FF  7F  FF  00  00  00  E0     534.0883
     0102      8   20  00  00  09  10  00  00  76     534.0886
     0100      8   20  00  00  09  10  00  00  76     534.0904
     0100      8   40  00  00  09  10  00  00  C7     534.0933
     0100      8   40  00  00  09  10  00  00  C7     534.0958
     0101      8   60  01  7F  FF  00  00  00  9D     534.0983
     0100      8   40  00  00  09  10  00  00  C7     534.0986
     0102      8   40  00  00  09  10  00  00  C7     534.0988
     0100      8   60  00  00  09  10  00  00  A8     534.1015
     0100      8   60  00  00  09  10  00  00  A8     534.1040
     0100      8   60  00  00  09  10  00  00  A8     534.1067
     0101      8   80  01  7F  FF  00  00  00  8D     534.1084
     0102      8   60  00  00  09  10  00  00  A8     534.1086
     0100      8   60  00  00  09  10  00  00  A8     534.1094
     0100      8   80  00  00  09  10  00  00  B8     534.1123
     0100      8   80  00  00  09  10  00  00  B8     534.1149
     0100      8   80  00  00  09  10  00  00  B8     534.1176
     0101      8   A0  01  7F  FF  00  00  00  E2     534.1184
     0102      8   80  00  00  09  10  00  00  B8     534.1186
     0100      8   80  00  00  09  10  00  00  B8     534.1203
     0100      8   A0  00  00  09  10  00  00  D7     534.1233
     0100      8   A0  00  00  09  10  00  00  D7     534.1257
     0101      8   C0  01  7F  FF  00  00  00  53     534.1284
     0100      8   A0  00  00  09  10  00  00  D7     534.1286
     0102      8   A0  00  00  09  10  00  00  D7     534.1289
     0100      8   C0  00  00  09  10  00  00  66     534.1315
     0100      8   C0  00  00  09  10  00  00  66     534.1339
     0100      8   C0  00  00  09  10  00  00  66     534.1366
     0101      8   E0  01  7F  FF  00  00  00  3C     534.1384
     0102      8   C0  00  00  09  10  00  00  66     534.1386
     0100      8   C0  00  00  09  10  00  00  66     534.1393
     0100      8   E0  00  00  09  10  00  00  09     534.1423
     0100      8   E0  00  00  09  10  00  00  09     534.1448
     0100      8   E0  00  00  09  10  00  00  09     534.1475
     0101      8   00  01  7F  FF  00  00  00  2C     534.1484
     0102      8   E0  00  00  09  10  00  00  09     534.1486
     0100      8   E0  00  00  09  10  00  00  09     534.1502
     0100      8   00  00  00  09  10  00  00  19     534.1530
     0100      8   00  00  00  09  10  00  00  19     534.1557
     0100      8   00  00  00  09  10  00  00  19     534.1584
     0101      8   20  01  7F  FF  00  00  00  43     534.1586
     0102      8   00  00  00  09  10  00  00  19     534.1589
     0100      8   00  00  00  09  10  00  00  19     534.1611
     0100      8   20  00  00  09  10  00  00  76     534.1640
     0100      8   20  00  00  09  10  00  00  76     534.1665
     0101      8   40  01  7F  FF  00  00  00  F2     534.1684
     0102      8   20  00  00  09  10  00  00  76     534.1686
     0501      8   0D  00  00  00  00  00  00  E6     534.1689
     0100      8   20  00  00  09  10  00  00  76     534.1692
     0100      8   40  00  00  09  10  00  00  C7     534.1722
     0100      8   40  00  00  09  10  00  00  C7     534.1747
     0100      8   40  00  00  09  10  00  00  C7     534.1774
     0101      8   60  01  7F  FF  00  00  00  9D     534.1784
     0102      8   40  00  00  09  10  00  00  C7     534.1786
     0100      8   40  00  00  09  10  00  00  C7     534.1801
     0100      8   60  00  00  09  10  00  00  A8     534.1831
     0100      8   60  00  00  09  10  00  00  A8     534.1856
     0100      8   60  00  00  09  10  00  00  A8     534.1883
     0101      8   80  01  7F  FF  00  00  00  8D     534.1885
     0102      8   60  00  00  09  10  00  00  A8     534.1888
     0100      8   60  00  00  09  10  00  00  A8     534.1910
     0100      8   80  00  00  09  10  00  00  B8     534.1939
     0100      8   80  00  00  09  10  00  00  B8     534.1964
     0101      8   A0  01  7F  FF  00  00  00  E2     534.1984
     0102      8   80  00  00  09  10  00  00  B8     534.1986
     0100      8   80  00  00  09  10  00  00  B8     534.1992
     0100      8   A0  00  00  09  10  00  00  D7     534.2022
     0100      8   A0  00  00  09  10  00  00  D7     534.2046
     0100      8   A0  00  00  09  10  00  00  D7     534.2073
     0101      8   C0  01  7F  FF  00  00  00  53     534.2084
     0102      8   A0  00  00  09  10  00  00  D7     534.2086
     0100      8   A0  00  00  09  10  00  00  D7     534.2100
     0100      8   C0  00  00  09  10  00  00  66     534.2130
     0100      8   C0  00  00  09  10  00  00  66     534.2155
     0100      8   C0  00  00  09  10  00  00  66     534.2182
     0101      8   E0  01  7F  FF  00  00  00  3C     534.2184
     0102      8   C0  00  00  09  10  00  00  66     534.2187
     0100      8   C0  00  00  09  10  00  00  66     534.2209
     0100      8   E0  00  00  09  10  00  00  09     534.2239
     0100      8   E0  00  00  09  10  00  00  09     534.2264
     0101      8   00  01  7F  FF  00  00  00  2C     534.2284
     0102      8   E0  00  00  09  10  00  00  09     534.2286
     0100      8   E0  00  00  09  10  00  00  09     534.2291
     0100      8   00  00  00  09  10  00  00  19     534.2319
     0100      8   00  00  00  09  10  00  00  19     534.2345
     0100      8   00  00  00  09  10  00  00  19     534.2372
     0101      8   20  01  7F  FF  00  00  00  43     534.2384
     0102      8   00  00  00  09  10  00  00  19     534.2386
     0100      8   00  00  00  09  10  00  00  19     534.2400
     0100      8   20  00  00  09  10  00  00  76     534.2429
     0100      8   20  00  00  09  10  00  00  76     534.2454
     0100      8   20  00  00  09  10  00  00  76     534.2481
     0101      8   40  01  7F  FF  00  00  00  F2     534.2484
     0102      8   20  00  00  09  10  00  00  76     534.2486
     0100      8   20  00  00  09  10  00  00  76     534.2508
     0100      8   40  00  00  09  10  00  00  C7     534.2538
     0100      8   40  00  00  09  10  00  00  C7     534.2563
     0101      8   60  01  7F  FF  00  00  00  9D     534.2584
     0102      8   40  00  00  09  10  00  00  C7     534.2586
     0100      8   40  00  00  09  10  00  00  C7     534.2590
     0100      8   60  00  00  09  10  00  00  A8     534.2619
     0100      8   60  00  00  09  10  00  00  A8     534.2644
     0100      8   60  00  00  09  10  00  00  A8     534.2671
     0101      8   80  01  7F  FF  00  00  00  8D     534.2684
     0102      8   60  00  00  09  10  00  00  A8     534.2686
     0501      8   0D  00  00  00  00  00  00  E6     534.2688
     0100      8   60  00  00  09  10  00  00  A8     534.2699
     0100      8   80  00  00  09  10  00  00  B8     534.2728
     0100      8   80  00  00  09  10  00  00  B8     534.2753
     0100      8   80  00  00  09  10  00  00  B8     534.2780
     0101      8   A0  01  7F  FF  00  00  01  FF     534.2783
     0102      8   80  00  00  09  10  00  00  B8     534.2786
     0100      8   80  00  00  09  10  00  00  B8     534.2807
     0100      8   A0  00  00  00  00  00  00  CE     534.2862
     0101      8   C0  01  7F  FF  00  00  01  4E     534.2883
     0102      8   A0  00  00  00  00  00  00  CE     534.2886
     0100      8   A0  00  00  00  00  00  00  CE     534.2889
     0100      8   C0  00  00  00  00  00  00  7F     534.2943
     0100      8   C0  00  00  00  00  00  00  7F     534.2971
     0101      8   E0  01  7F  FF  00  00  01  21     534.2983
     0102      8   C0  00  00  00  00  00  00  7F     534.2986
     0100      8   C0  00  00  00  00  00  00  7F     534.2998
     0100      8   E0  00  00  00  00  00  00  10     534.3052
     0100      8   E0  00  00  00  00  00  00  10     534.3079
     0101      8   00  01  7F  FF  00  00  01  31     534.3083
     0102      8   E0  00  00  00  00  00  00  10     534.3086
     0100      8   E0  00  00  00  00  00  00  10     534.3107
     0100      8   00  00  00  00  00  00  00  00     534.3161
     0101      8   20  01  7F  FF  00  00  01  5E     534.3183
     0102      8   00  00  00  00  00  00  00  00     534.3186
     0100      8   00  00  00  00  00  00  00  00     534.3188
     0100      8   20  00  00  00  00  00  00  6F     534.3243
     0100      8   20  00  00  00  00  00  00  6F     534.3270
     0101      8   40  01  7F  FF  00  00  01  EF     534.3283
     0102      8   20  00  00  00  00  00  00  6F     534.3286
     0100      8   20  00  00  00  00  00  00  6F     534.3297
     0100      8   40  00  00  00  00  00  00  DE     534.3351
     0100      8   40  00  00  00  00  00  00  DE     534.3378
     0101      8   60  01  7F  FF  00  00  01  80     534.3383
     0102      8   40  00  00  00  00  00  00  DE     534.3386
     0100      8   40  00  00  00  00  00  00  DE     534.3406
     0100      8   60  00  00  00  00  00  00  B1     534.3460
     0101      8   80  01  7F  FF  00  00  01  90     534.3483
     0102      8   60  00  00  00  00  00  00  B1     534.3486
     0100      8   60  00  00  00  00  00  00  B1     534.3488
     0100      8   80  00  00  00  00  00  00  A1     534.3542
     0100      8   80  00  00  00  00  00  00  A1     534.3569
     0101      8   A0  01  7F  FF  00  00  01  FF     534.3583
     0102      8   80  00  00  00  00  00  00  A1     534.3586
     0100      8   80  00  00  00  00  00  00  A1     534.3596
     0100      8   A0  00  00  00  00  00  00  CE     534.3650
     0100      8   A0  00  00  00  00  00  00  CE     534.3678
     0101      8   C0  01  7F  FF  00  00  01  4E     534.3683
     0102      8   A0  00  00  00  00  00  00  CE     534.3686
     0501      8   0D  00  00  00  00  00  00  E6     534.3688
     0100      8   A0  00  00  00  00  00  00  CE     534.3705
     0100      8   C0  00  00  00  00  00  00  7F     534.3759
     0101      8   E0  01  7F  FF  00  00  01  21     534.3783
     0102      8   C0  00  00  00  00  00  00  7F     534.3786
     0100      8   C0  00  00  00  00  00  00  7F     534.3788
     0100      8   E0  00  00  00  00  00  00  10     534.3841
     0100      8   E0  00  00  00  00  00  00  10     534.3868
     0101      8   00  01  7F  FF  00  00  01  31     534.3883
     0102      8   E0  00  00  00  00  00  00  10     534.3886
     0100      8   E0  00  00  00  00  00  00  10     534.3895
     0100      8   00  00  00  00  00  00  00  00     534.3950
     0100      8   00  00  00  00  00  00  00  00     534.3977
     0101      8   20  01  7F  FF  00  00  01  5E     534.3983
     0102      8   00  00  00  00  00  00  00  00     534.3986
     0100      8   00  00  00  00  00  00  00  00     534.4004
     0100      8   20  00  00  00  00  00  00  6F     534.4058
     0101      8   40  01  7F  FF  00  00  01  EF     534.4083
     0100      8   20  00  00  00  00  00  00  6F     534.4086
     0102      8   20  00  00  00  00  00  00  6F     534.4088
     0100      8   40  00  00  00  00  00  00  DE     534.4140
     0100      8   40  00  00  00  00  00  00  DE     534.4167
     0101      8   60  01  7F  FF  00  00  01  80     534.4183
     0102      8   40  00  00  00  00  00  00  DE     534.4186
     0100      8   40  00  00  00  00  00  00  DE     534.4194
     0100      8   60  00  00  00  00  00  00  B1     534.4249
     0100      8   60  00  00  00  00  00  00  B1     534.4276
     0101      8   80  01  7F  FF  00  00  01  90     534.4283
     0102      8   60  00  00  00  00  00  00  B1     534.4286
     0100      8   60  00  00  00  00  00  00  B1     534.4303
     0100      8   80  00  00  00  00  00  00  A1     534.4357
     0101      8   A0  01  7F  FF  00  00  01  FF     534.4383
     0100      8   80  00  00  00  00  00  00  A1     534.4386
     0102      8   80  00  00  00  00  00  00  A1     534.4388
     0100      8   A0  00  00  00  00  00  00  CE     534.4439
     0100      8   A0  00  00  00  00  00  00  CE     534.4466
     0101      8   C0  01  7F  FF  00  00  01  4E     534.4483
     0102      8   A0  00  00  00  00  00  00  CE     534.4486
     0100      8   A0  00  00  00  00  00  00  CE     534.4493
     0100      8   C0  00  00  00  00  00  00  7F     534.4548
     0100      8   C0  00  00  00  00  00  00  7F     534.4575
     0101      8   E0  01  7F  FF  00  00  01  21     534.4583
     0102      8   C0  00  00  00  00  00  00  7F     534.4586
     0100      8   C0  00  00  00  00  00  00  7F     534.4602
     0100      8   E0  00  00  00  00  00  00  10     534.4657
     0101      8   00  01  7F  FF  00  00  01  31     534.4683
     0100      8   E0  00  00  00  00  00  00  10     534.4686
     0102      8   E0  00  00  00  00  00  00  10     534.4688
     0501      8   0D  00  00  00  00  00  00  E6     534.4691
     0100      8   00  00  00  00  00  00  00  00     534.4738
     0100      8   00  00  00  00  00  00  00  00     534.4765
     0101      8   20  01  7F  FF  00  00  01  5E     534.4783
     0102      8   00  00  00  00  00  00  00  00     534.4786
     0100      8   00  00  00  00  00  00  00  00     534.4793
     0100      8   20  00  00  00  00  00  00  6F     534.4847
     0100      8   20  00  00  00  00  00  00  6F     534.4874
     0101      8   40  01  7F  FF  00  00  01  EF     534.4883
     0102      8   20  00  00  00  00  00  00  6F     534.4886
     0100      8   20  00  00  00  00  00  00  6F     534.4901
     0100      8   40  00  00  00  00  00  00  DE     534.4956
     0100      8   40  00  00  00  00  00  00  DE     534.4983
     0101      8   60  01  7F  FF  00  00  01  80     534.4985
     0102      8   40  00  00  00  00  00  00  DE     534.4988
     0100      8   40  00  00  00  00  00  00  DE     534.5010
     0100      8   60  00  00  00  00  00  00  B1     534.5065
     0101      8   80  01  7F  FF  00  00  01  90     534.5083
     0102      8   60  00  00  00  00  00  00  B1     534.5086
     0100      8   60  00  00  00  00  00  00  B1     534.5092
     0100      8   80  00  00  00  00  00  00  A1     534.5146
     0100      8   80  00  00  00  00  00  00  A1     534.5173
     0101      8   A0  01  7F  FF  00  00  01  FF     534.5183
     0102      8   80  00  00  00  00  00  00  A1     534.5186
     0100      8   80  00  00  00  00  00  00  A1     534.5201
     0100      8   A0  00  00  00  00  00  00  CE     534.5255
     0100      8   A0  00  00  00  00  00  00  CE     534.5282
     0101      8   C0  01  7F  FF  00  00  01  4E     534.5285
     0102      8   A0  00  00  00  00  00  00  CE     534.5287
     0100      8   A0  00  00  00  00  00  00  CE     534.5309
     0100      8   C0  00  00  00  00  00  00  7F     534.5364
     0101      8   E0  01  7F  FF  00  00  01  21     534.5383
     0102      8   C0  00  00  00  00  00  00  7F     534.5386
     0100      8   C0  00  00  00  00  00  00  7F     534.5391
     0100      8   E0  00  00  00  00  00  00  10     534.5445
     0100      8   E0  00  00  00  00  00  00  10     534.5472
     0101      8   00  01  7F  FF  00  00  01  31     534.5483
     0102      8   E0  00  00  00  00  00  00  10     534.5486
     0100      8   E0  00  00  00  00  00  00  10     534.5500
     0100      8   00  00  00  00  00  00  00  00     534.5554
     0100      8   00  00  00  00  00  00  00  00     534.5581
     0101      8   20  01  7F  FF  00  00  01  5E     534.5584
     0102      8   00  00  00  00  00  00  00  00     534.5586
     0100      8   00  00  00  00  00  00  00  00     534.5609
     0100      8   20  00  00  00  00  00  00  6F     534.5663
     0101      8   40  01  7F  FF  00  00  01  EF     534.5683
     0102      8   20  00  00  00  00  00  00  6F     534.5685
     0501      8   0D  00  00  00  00  00  00  E6     534.5688
     0100      8   20  00  00  00  00  00  00  6F     534.5690
     0100      8   40  00  00  00  00  00  00  DE     534.5744
     0100      8   40  00  00  00  00  00  00  DE     534.5772
     0101      8   60  01  7F  FF  00  00  01  80     534.5783
     0102      8   40  00  00  00  00  00  00  DE     534.5785
     0100      8   40  00  00  00  00  00  00  DE     534.5799
     0100      8   60  00  00  00  00  00  00  B1     534.5853
     0100      8   60  00  00  00  00  00  00  B1     534.5880
     0101      8   80  01  7F  FF  00  00  01  90     534.5883
     0102      8   60  00  00  00  00  00  00  B1     534.5885
     0100      8   60  00  00  00  00  00  00  B1     534.5908
     0100      8   80  00  00  00  00  00  00  A1     534.5962
     0101      8   A0  01  7F  FF  00  00  01  FF     534.5983
     0102      8   80  00  00  00  00  00  00  A1     534.5986
     0100      8   80  00  00  00  00  00  00  A1     534.5989
     0100      8   A0  00  00  00  00  00  00  CE     534.6044
     0100      8   A0  00  00  00  00  00  00  CE     534.6071
     0101      8   C0  01  7F  FF  00  00  01  4E     534.6083
     0102      8   A0  00  00  00  00  00  00  CE     534.6085
     0100      8   A0  00  00  00  00  00  00  CE     534.6098
     0100      8   C0  00  00  00  00  00  00  7F     534.6152
     0100      8   C0  00  00  00  00  00  00  7F     534.6180
     0101      8   E0  01  7F  FF  00  00  01  21     534.6183
     0102      8   C0  00  00  00  00  00  00  7F     534.6186
     0100      8   C0  00  00  00  00  00  00  7F     534.6207
     0100      8   E0  00  00  00  00  00  00  10     534.6261
     0101      8   00  01  7F  FF  00  00  01  31     534.6283
     0102      8   E0  00  00  00  00  00  00  10     534.6286
     0100      8   E0  00  00  00  00  00  00  10     534.6288
     0100      8   00  00  00  00  00  00  00  00     534.6343
     0100      8   00  00  00  00  00  00  00  00     534.6370
     0101      8   20  01  7F  FF  00  00  01  5E     534.6383
     0102      8   00  00  00  00  00  00  00  00     534.6386
     0100      8   00  00  00  00  00  00  00  00     534.6397
     0100      8   20  00  00  00  00  00  00  6F     534.6451
     0100      8   20  00  00  00  00  00  00  6F     534.6479
     0101      8   40  01  7F  FF  00  00  01  EF     534.6483
     0102      8   20  00  00  00  00  00  00  6F     534.6485
     0100      8   20  00  00  00  00  00  00  6F     534.6506
     0100      8   40  00  00  00  00  00  00  DE     534.6560
     0101      8   60  01  7F  FF  00  00  01  80     534.6583
     0102      8   40  00  00  00  00  00  00  DE     534.6585
     0100      8   40  00  00  00  00  00  00  DE     534.6588
     0100      8   60  00  00  00  00  00  00  B1     534.6642
     0100      8   60  00  00  00  00  00  00  B1     534.6669
     0101      8   80  01  7F  FF  00  00  01  90     534.6683
     0102      8   60  00  00  00  00  00  00  B1     534.6685
     0501      8   0D  03  00  00  00  00  00  2C     534.6688
     0100      8   60  00  00  00  00  00  00  B1     534.6696
     0100      8   80  00  00  00  00  00  00  A1     534.6751
     0100      8   80  00  00  00  00  00  00  A1     534.6778
     0101      8   A0  01  7F  FF  00  00  0F  59     534.6783
     0102      8   80  00  00  00  00  00  00  A1     534.6785
     0100      8   80  00  00  00  00  00  00  A1     534.6805
     0100      8   A0  00  00  00  00  00  00  CE     534.6842
     0100      8   A0  00  00  00  00  00  00  CE     534.6869
     0101      8   C0  01  7F  FF  00  00  0F  E8     534.6883
     0102      8   A0  00  00  00  00  00  00  CE     534.6885
     0100      8   A0  00  00  00  00  00  00  CE     534.6896
     0100      8   C0  00  00  00  00  00  00  7F     534.6932
     0100      8   C0  00  00  00  00  00  00  7F     534.6960
     0101      8   E0  01  7F  FF  00  00  0F  87     534.6983
     0102      8   C0  00  00  00  00  00  00  7F     534.6985
     0100      8   C0  00  00  00  00  00  00  7F     534.6988
     0100      8   E0  00  00  00  00  00  00  10     534.7023
     0100      8   E0  00  00  00  00  00  00  10     534.7051
     0100      8   E0  00  00  00  00  00  00  10     534.7078
     0101      8   00  01  7F  FF  00  00  0F  97     534.7083
     0102      8   E0  00  00  00  00  00  00  10     534.7085
     0100      8   E0  00  00  00  00  00  00  10     534.7105
     0100      8   00  00  00  00  00  00  00  00     534.7142
     0100      8   00  00  00  00  00  00  00  00     534.7169
     0101      8   20  01  7F  FF  00  00  0F  F8     534.7183
     0102      8   00  00  00  00  00  00  00  00     534.7185
     0100      8   00  00  00  00  00  00  00  00     534.7196
     0100      8   20  00  00  00  00  00  00  6F     534.7232
     0100      8   20  00  00  00  00  00  00  6F     534.7260
     0101      8   40  01  7F  FF  00  00  0F  49     534.7283
     0102      8   20  00  00  00  00  00  00  6F     534.7285
     0100      8   20  00  00  00  00  00  00  6F     534.7288
     0100      8   40  00  00  00  00  00  00  DE     534.7323
     0100      8   40  00  00  00  00  00  00  DE     534.7351
     0100      8   40  00  00  00  00  00  00  DE     534.7378
     0101      8   60  01  7F  FF  00  00  0F  26     534.7383
     0102      8   40  00  00  00  00  00  00  DE     534.7385
     0100      8   40  00  00  00  00  00  00  DE     534.7405
     0100      8   60  00  00  00  00  00  00  B1     534.7442
     0100      8   60  00  00  00  00  00  00  B1     534.7469
     0101      8   80  01  7F  FF  00  00  0F  36     534.7483
     0102      8   60  00  00  00  00  00  00  B1     534.7485
     0100      8   60  00  00  00  00  00  00  B1     534.7496
     0100      8   80  00  00  00  00  00  00  A1     534.7532
     0100      8   80  00  00  00  00  00  00  A1     534.7560
     0101      8   A0  01  7F  FF  00  00  0F  59     534.7583
     0102      8   80  00  00  00  00  00  00  A1     534.7585
     0100      8   80  00  00  00  00  00  00  A1     534.7588
     0100      8   A0  00  00  00  00  00  00  CE     534.7623
     0100      8   A0  00  00  00  00  00  00  CE     534.7651
     0100      8   A0  00  00  00  00  00  00  CE     534.7678
     0101      8   C0  01  7F  FF  00  00  0F  E8     534.7683
     0102      8   A0  00  00  00  00  00  00  CE     534.7685
     0501      8   0D  03  00  00  00  00  00  2C     534.7688
     0100      8   A0  00  00  00  00  00  00  CE     534.7705
     0100      8   C0  00  00  00  00  00  00  7F     534.7742
     0100      8   C0  00  00  00  00  00  00  7F     534.7769
     0101      8   E0  01  7F  FF  00  00  0F  87     534.7783
     0102      8   C0  00  00  00  00  00  00  7F     534.7785
     0100      8   C0  00  00  00  00  00  00  7F     534.7796
     0100      8   E0  00  00  00  00  00  00  10     534.7832
     0100      8   E0  00  00  00  00  00  00  10     534.7860
     0101      8   00  01  7F  FF  00  00  0F  97     534.7883
     0102      8   E0  00  00  00  00  00  00  10     534.7885
     0100      8   E0  00  00  00  00  00  00  10     534.7888
     0100      8   00  00  00  00  00  00  00  00     534.7923
     0100      8   00  00  00  00  00  00  00  00     534.7951
     0100      8   00  00  00  00  00  00  00  00     534.7978
     0101      8   20  01  7F  FF  00  00  0F  F8     534.7983
     0102      8   00  00  00  00  00  00  00  00     534.7985
     0100      8   00  00  00  00  00  00  00  00     534.8005
     0100      8   20  00  00  00  00  00  00  6F     534.8041
     0100      8   20  00  00  00  00  00  00  6F     534.8069
     0101      8   40  01  7F  FF  00  00  0F  49     534.8083
     0102      8   20  00  00  00  00  00  00  6F     534.8085
     0100      8   20  00  00  00  00  00  00  6F     534.8096
     0100      8   40  00  00  00  00  00  00  DE     534.8132
     0100      8   40  00  00  00  00  00  00  DE     534.8160
     0101      8   60  01  7F  FF  00  00  0F  26     534.8183
     0102      8   40  00  00  00  00  00  00  DE     534.8185
     0100      8   40  00  00  00  00  00  00  DE     534.8188
     0100      8   60  00  00  00  00  00  00  B1     534.8223
     0100      8   60  00  00  00  00  00  00  B1     534.8251
     0100      8   60  00  00  00  00  00  00  B1     534.8278
     0101      8   80  01  7F  FF  00  00  0F  36     534.8283
     0102      8   60  00  00  00  00  00  00  B1     534.8285
     0100      8   60  00  00  00  00  00  00  B1     534.8305
     0100      8   80  00  00  00  00  00  00  A1     534.8342
     0100      8   80  00  00  00  00  00  00  A1     534.8369
     0101      8   A0  01  7F  FF  00  00  0F  59     534.8383
     0102      8   80  00  00  00  00  00  00  A1     534.8385
     0100      8   80  00  00  00  00  00  00  A1     534.8396
     0100      8   A0  00  00  00  00  00  00  CE     534.8432
     0100      8   A0  00  00  00  00  00  00  CE     534.8460
     0101      8   C0  01  7F  FF  00  00  0F  E8     534.8483
     0102      8   A0  00  00  00  00  00  00  CE     534.8485
     0100      8   A0  00  00  00  00  00  00  CE     534.8488
     0100      8   C0  00  00  00  00  00  00  7F     534.8523
     0100      8   C0  00  00  00  00  00  00  7F     534.8551
     0100      8   C0  00  00  00  00  00  00  7F     534.8578
     0101      8   E0  01  7F  FF  00  00  0F  87     534.8583
     0102      8   C0  00  00  00  00  00  00  7F     534.8585
     0100      8   C0  00  00  00  00  00  00  7F     534.8605
     0100      8   E0  00  00  00  00  00  00  10     534.8641
     0100      8   E0  00  00  00  00  00  00  10     534.8669
     0101      8   00  01  7F  FF  00  00  0F  97     534.8683
     0102      8   E0  00  00  00  00  00  00  10     534.8685
     0501      8   0D  03  00  00  00  00  00  2C     534.8688
     0100      8   E0  00  00  00  00  00  00  10     534.8696
     0100      8   00  00  00  00  00  00  00  00     534.8732
     0100      8   00  00  00  00  00  00  00  00     534.8760
     0101      8   20  01  7F  FF  00  00  0F  F8     534.8783
     0102      8   00  00  00  00  00  00  00  00     534.8785
     0100      8   00  00  00  00  00  00  00  00     534.8788
     0100      8   20  00  00  00  00  00  00  6F     534.8823
     0100      8   20  00  00  00  00  00  00  6F     534.8851
     0100      8   20  00  00  00  00  00  00  6F     534.8878
     0101      8   40  01  7F  FF  00  00  0F  49     534.8883
     0102      8   20  00  00  00  00  00  00  6F     534.8885
     0100      8   20  00  00  00  00  00  00  6F     534.8905
     0100      8   40  00  00  00  00  00  00  DE     534.8941
     0100      8   40  00  00  00  00  00  00  DE     534.8969
     0101      8   60  01  7F  FF  00  00  0F  26     534.8982
     0102      8   40  00  00  00  00  00  00  DE     534.8985
     0100      8   40  00  00  00  00  00  00  DE     534.8996
     0100      8   60  00  00  00  00  00  00  B1     534.9032
     0100      8   60  00  00  00  00  00  00  B1     534.9060
     0101      8   80  01  7F  FF  00  00  0F  36     534.9083
     0102      8   60  00  00  00  00  00  00  B1     534.9085
     0100      8   60  00  00  00  00  00  00  B1     534.9087
     0100      8   80  00  00  00  00  00  00  A1     534.9123
     0100      8   80  00  00  00  00  00  00  A1     534.9151
     0100      8   80  00  00  00  00  00  00  A1     534.9178
     0101      8   A0  01  7F  FF  00  00  0F  59     534.9183
     0102      8   80  00  00  00  00  00  00  A1     534.9185
     0100      8   80  00  00  00  00  00  00  A1     534.9205
     0100      8   A0  00  00  00  00  00  00  CE     534.9241
     0100      8   A0  00  00  00  00  00  00  CE     534.9269
     0101      8   C0  01  7F  FF  00  00  0F  E8     534.9282
     0102      8   A0  00  00  00  00  00  00  CE     534.9285
     0100      8   A0  00  00  00  00  00  00  CE     534.9296
     0100      8   C0  00  00  00  00  00  00  7F     534.9332
     0100      8   C0  00  00  00  00  00  00  7F     534.9360
     0101      8   E0  01  7F  FF  00  00  0F  87     534.9383
     0102      8   C0  00  00  00  00  00  00  7F     534.9385
     0100      8   C0  00  00  00  00  00  00  7F     534.9388
     0100      8   E0  00  00  00  00  00  00  10     534.9423
     0100      8   E0  00  00  00  00  00  00  10     534.9450
     0100      8   E0  00  00  00  00  00  00  10     534.9478
     0101      8   00  01  7F  FF  00  00  0F  97     534.9483
     0102      8   E0  00  00  00  00  00  00  10     534.9485
     0100      8   E0  00  00  00  00  00  00  10     534.9505
     0100      8   00  00  00  00  00  00  00  00     534.9541
     0100      8   00  00  00  00  00  00  00  00     534.9569
     0101      8   20  01  7F  FF  00  00  0F  F8     534.9582
     0102      8   00  00  00  00  00  00  00  00     534.9585
     0100      8   00  00  00  00  00  00  00  00     534.9596
     0100      8   20  00  00  00  00  00  00  6F     534.9632
     0100      8   20  00  00  00  00  00  00  6F     534.9660
     0101      8   40  01  7F  FF  00  00  0F  49     534.9682
     0102      8   20  00  00  00  00  00  00  6F     534.9685
     0100      8   20  00  00  00  00  00  00  6F     534.9687
     0501      8   0D  03  00  00  00  00  00  2C     534.9690
     0100      8   40  00  00  00  00  00  00  DE     534.9723
     0100      8   40  00  00  00  00  00  00  DE     534.9750
     0100      8   40  00  00  00  00  00  00  DE     534.9778
     0101      8   60  01  7F  FF  00  00  0F  26     534.9782
     0102      8   40  00  00  00  00  00  00  DE     534.9785
     0100      8   40  00  00  00  00  00  00  DE     534.9805
     0100      8   60  00  00  00  00  00  00  B1     534.9841
     0100      8   60  00  00  00  00  00  00  B1     534.9869
     0101      8   80  01  7F  FF  00  00  0F  36     534.9882
     0102      8   60  00  00  00  00  00  00  B1     534.9885
     0100      8   60  00  00  00  00  00  00  B1     534.9896
     0100      8   80  00  00  00  00  00  00  A1     534.9932
     0100      8   80  00  00  00  00  00  00  A1     534.9960
     0101      8   A0  01  7F  FF  00  00  0F  59     534.9982
     0102      8   80  00  00  00  00  00  00  A1     534.9985
     0100      8   80  00  00  00  00  00  00  A1     534.9987
     0100      8   A0  00  00  00  00  00  00  CE     535.0023
     0100      8   A0  00  00  00  00  00  00  CE     535.0050
     0100      8   A0  00  00  00  00  00  00  CE     535.0078
     0101      8   C0  01  7F  FF  00  00  0F  E8     535.0082
     0102      8   A0  00  00  00  00  00  00  CE     535.0085
     0100      8   A0  00  00  00  00  00  00  CE     535.0105
     0100      8   C0  00  00  00  00  00  00  7F     535.0141
     0100      8   C0  00  00  00  00  00  00  7F     535.0169
     0101      8   E0  01  7F  FF  00  00  0F  87     535.0182
     0102      8   C0  00  00  00  00  00  00  7F     535.0185
     0100      8   C0  00  00  00  00  00  00  7F     535.0196
     0100      8   E0  00  00  00  00  00  00  10     535.0232
     0100      8   E0  00  00  00  00  00  00  10     535.0260
     0101      8   00  01  7F  FF  00  00  0F  97     535.0282
     0102      8   E0  00  00  00  00  00  00  10     535.0285
     0100      8   E0  00  00  00  00  00  00  10     535.0287
     0100      8   00  00  00  00  00  00  00  00     535.0323
     0100      8   00  00  00  00  00  00  00  00     535.0350
     0100      8   00  00  00  00  00  00  00  00     535.0378
     0101      8   20  01  7F  FF  00  00  0F  F8     535.0382
     0102      8   00  00  00  00  00  00  00  00     535.0385
     0100      8   00  00  00  00  00  00  00  00     535.0405
     0100      8   20  00  00  00  00  00  00  6F     535.0441
     0100      8   20  00  00  00  00  00  00  6F     535.0469
     0101      8   40  01  7F  FF  00  00  0F  49     535.0482
     0102      8   20  00  00  00  00  00  00  6F     535.0485
     0100      8   20  00  00  00  00  00  00  6F     535.0496
     0100      8   40  00  00  00  00  00  00  DE     535.0532
     0100      8   40  00  00  00  00  00  00  DE     535.0559
     0101      8   60  01  7F  FF  00  00  0F  26     535.0582
     0102      8   40  00  00  00  00  00  00  DE     535.0585
     0100      8   40  00  00  00  00  00  00  DE     535.0587
     0100      8   60  00  00  00  00  00  00  B1     535.0623
     0100      8   60  00  00  00  00  00  00  B1     535.0650
     0100      8   60  00  00  00  00  00  00  B1     535.0678
     0101      8   80  01  7F  FF  00  00  0F  36     535.0682
     0102      8   60  00  00  00  00  00  00  B1     535.0685
     0501      8   0D  03  00  00  00  00  00  2C     535.0687
     0100      8   60  00  00  00  00  00  00  B1     535.0705
     0100      8   80  00  00  00  00  00  00  A1     535.0741
     0100      8   80  00  00  00  00  00  00  A1     535.0769
     0101      8   A0  01  7F  FF  00  00  0F  59     535.0782
     0102      8   80  00  00  00  00  00  00  A1     535.0785
     0100      8   80  00  00  00  00  00  00  A1     535.0796
     0100      8   A0  00  00  00  00  00  00  CE     535.0832
     0100      8   A0  00  00  00  00  00  00  CE     535.0860
     0101      8   C0  01  7F  FF  00  00  0F  E8     535.0882
     0102      8   A0  00  00  00  00  00  00  CE     535.0885
     0100      8   A0  00  00  00  00  00  00  CE     535.0887
     0100      8   C0  00  00  00  00  00  00  7F     535.0923
     0100      8   C0  00  00  00  00  00  00  7F     535.0950
     0100      8   C0  00  00  00  00  00  00  7F     535.0978
     0101      8   E0  01  7F  FF  00  00  0F  87     535.0982
     0102      8   C0  00  00  00  00  00  00  7F     535.0985
     0100      8   C0  00  00  00  00  00  00  7F     535.1005
     0100      8   E0  00  00  00  00  00  00  10     535.1041
     0100      8   E0  00  00  00  00  00  00  10     535.1069
     0101      8   00  01  7F  FF  00  00  0F  97     535.1082
     0102      8   E0  00  00  00  00  00  00  10     535.1085
     0100      8   E0  00  00  00  00  00  00  10     535.1096
     0100      8   00  00  00  00  00  00  00  00     535.1132
     0100      8   00  00  00  00  00  00  00  00     535.1159
     0101      8   20  01  7F  FF  00  00  0F  F8     535.1182
     0102      8   00  00  00  00  00  00  00  00     535.1185
     0100      8   00  00  00  00  00  00  00  00     535.1187
     0100      8   20  00  00  00  00  00  00  6F     535.1223
     0100      8   20  00  00  00  00  00  00  6F     535.1250
     0100      8   20  00  00  00  00  00  00  6F     535.1278
     0101      8   40  01  7F  FF  00  00  0F  49     535.1282
     0102      8   20  00  00  00  00  00  00  6F     535.1285
     0100      8   20  00  00  00  00  00  00  6F     535.1305
     0100      8   40  00  00  00  00  00  00  DE     535.1341
     0100      8   40  00  00  00  00  00  00  DE     535.1368
     0101      8   60  01  7F  FF  00  00  0F  26     535.1382
     0102      8   40  00  00  00  00  00  00  DE     535.1385
     0100      8   40  00  00  00  00  00  00  DE     535.1396
     0100      8   60  00  00  00  00  00  00  B1     535.1432
     0100      8   60  00  00  00  00  00  00  B1     535.1459
     0101      8   80  01  7F  FF  00  00  0F  36     535.1482
     0102      8   60  00  00  00  00  00  00  B1     535.1485
     0100      8   60  00  00  00  00  00  00  B1     535.1487
     0100      8   80  00  00  00  00  00  00  A1     535.1523
     0100      8   80  00  00  00  00  00  00  A1     535.1550
     0100      8   80  00  00  00  00  00  00  A1     535.1578
     0101      8   A0  01  7F  FF  00  00  0F  59     535.1582
     0102      8   80  00  00  00  00  00  00  A1     535.1585
     0100      8   80  00  00  00  00  00  00  A1     535.1605
     0100      8   A0  00  00  00  00  00  00  CE     535.1641
     0100      8   A0  00  00  00  00  00  00  CE     535.1669
     0101      8   C0  01  7F  FF  00  00  0F  E8     535.1682
     0102      8   A0  00  00  00  00  00  00  CE     535.1685
     0501      8   0D  03  00  00  00  00  00  2C     535.1687
     0100      8   A0  00  00  00  00  00  00  CE     535.1696
     0100      8   C0  00  00  00  00  00  00  7F     535.1732
     0100      8   C0  00  00  00  00  00  00  7F     535.1759
     0101      8   E0  01  7F  FF  00  00  0F  87     535.1782
     0102      8   C0  00  00  00  00  00  00  7F     535.1785
     0100      8   C0  00  00  00  00  00  00  7F     535.1787
     0100      8   E0  00  00  00  00  00  00  10     535.1823
     0100      8   E0  00  00  00  00  00  00  10     535.1850
     0100      8   E0  00  00  00  00  00  00  10     535.1878
     0101      8   00  01  7F  FF  00  00  0F  97     535.1882
     0102      8   E0  00  00  00  00  00  00  10     535.1885
     0100      8   E0  00  00  00  00  00  00  10     535.1905
     0100      8   00  00  00  00  00  00  00  00     535.1941
     0100      8   00  00  00  00  00  00  00  00     535.1969
     0101      8   20  01  7F  FF  00  00  0F  F8     535.1982
     0102      8   00  00  00  00  00  00  00  00     535.1985
     0100      8   00  00  00  00  00  00  00  00     535.1996
     0100      8   20  00  00  00  00  00  00  6F     535.2032
     0100      8   20  00  00  00  00  00  00  6F     535.2059
     0101      8   40  01  7F  FF  00  00  0F  49     535.2082
     0102      8   20  00  00  00  00  00  00  6F     535.2085
     0100      8   20  00  00  00  00  00  00  6F     535.2087
     0100      8   40  00  00  00  00  00  00  DE     535.2123
     0100      8   40  00  00  00  00  00  00  DE     535.2150
     0100      8   40  00  00  00  00  00  00  DE     535.2178
     0101      8   60  01  7F  FF  00  00  0F  26     535.2182
     0102      8   40  00  00  00  00  00  00  DE     535.2185
     0100      8   40  00  00  00  00  00  00  DE     535.2205
     0100      8   60  00  00  00  00  00  00  B1     535.2241
     0100      8   60  00  00  00  00  00  00  B1     535.2268
     0101      8   80  01  7F  FF  00  00  0F  36     535.2282
     0102      8   60  00  00  00  00  00  00  B1     535.2285
     0100      8   60  00  00  00  00  00  00  B1     535.2296
     0100      8   80  00  00  00  00  00  00  A1     535.2332
     0100      8   80  00  00  00  00  00  00  A1     535.2359
     0101      8   A0  01  7F  FF  00  00  0F  59     535.2382
     0102      8   80  00  00  00  00  00  00  A1     535.2384
     0100      8   80  00  00  00  00  00  00  A1     535.2387
     0100      8   A0  00  00  00  00  00  00  CE     535.2423
     0100      8   A0  00  00  00  00  00  00  CE     535.2450
     0100      8   A0  00  00  00  00  00  00  CE     535.2478
     0101      8   C0  01  7F  FF  00  00  0F  E8     535.2482
     0102      8   A0  00  00  00  00  00  00  CE     535.2484
     0100      8   A0  00  00  00  00  00  00  CE     535.2505
     0100      8   C0  00  00  00  00  00  00  7F     535.2541
     0100      8   C0  00  00  00  00  00  00  7F     535.2568
     0101      8   E0  01  7F  FF  00  00  0F  87     535.2582
     0102      8   C0  00  00  00  00  00  00  7F     535.2585
     0100      8   C0  00  00  00  00  00  00  7F     535.2596
     0100      8   E0  00  00  00  00  00  00  10     535.2632
     0100      8   E0  00  00  00  00  00  00  10     535.2659
     0101      8   00  01  7F  FF  00  00  0F  97     535.2682
     0102      8   E0  00  00  00  00  00  00  10     535.2685
     0100      8   E0  00  00  00  00  00  00  10     535.2687
     0501      8   0D  03  00  00  00  00  00  2C     535.2689
     0100      8   00  00  00  00  00  00  00  00     535.2723
     0100      8   00  00  00  00  00  00  00  00     535.2750
     0100      8   00  00  00  00  00  00  00  00     535.2778
     0101      8   20  01  7F  FF  00  00  0F  F8     535.2782
     0102      8   00  00  00  00  00  00  00  00     535.2785
     0100      8   00  00  00  00  00  00  00  00     535.2805
     0100      8   20  00  00  00  00  00  00  6F     535.2841
     0100      8   20  00  00  00  00  00  00  6F     535.2868
     0101      8   40  01  7F  FF  00  00  0F  49     535.2882
     0102      8   20  00  00  00  00  00  00  6F     535.2884
     0100      8   20  00  00  00  00  00  00  6F     535.2896
     0100      8   40  00  00  00  00  00  00  DE     535.2932
     0100      8   40  00  00  00  00  00  00  DE     535.2959
     0101      8   60  01  7F  FF  00  00  0F  26     535.2982
     0102      8   40  00  00  00  00  00  00  DE     535.2984
     0100      8   40  00  00  00  00  00  00  DE     535.2987
     0100      8   60  00  00  00  00  00  00  B1     535.3023
     0100      8   60  00  00  00  00  00  00  B1     535.3050
     0100      8   60  00  00  00  00  00  00  B1     535.3077
     0101      8   80  01  7F  FF  00  00  0F  36     535.3082
     0102      8   60  00  00  00  00  00  00  B1     535.3084
     0100      8   60  00  00  00  00  00  00  B1     535.3105
     0100      8   80  00  00  00  00  00  00  A1     535.3141
     0100      8   80  00  00  00  00  00  00  A1     535.3168
     0101      8   A0  01  7F  FF  00  00  0F  59     535.3182
     0102      8   80  00  00  00  00  00  00  A1     535.3184
     0100      8   80  00  00  00  00  00  00  A1     535.3196
     0100      8   A0  00  00  00  00  00  00  CE     535.3232
     0100      8   A0  00  00  00  00  00  00  CE     535.3259
     0101      8   C0  01  7F  FF  00  00  0F  E8     535.3282
     0102      8   A0  00  00  00  00  00  00  CE     535.3284
     0100      8   A0  00  00  00  00  00  00  CE     535.3287
     0100      8   C0  00  00  00  00  00  00  7F     535.3323
     0100      8   C0  00  00  00  00  00  00  7F     535.3350
     0100      8   C0  00  00  00  00  00  00  7F     535.3378
     0101      8   E0  01  7F  FF  00  00  0F  87     535.3382
     0102      8   C0  00  00  00  00  00  00  7F     535.3384
     0100      8   C0  00  00  00  00  00  00  7F     535.3405
     0100      8   E0  00  00  00  00  00  00  10     535.3441
     0100      8   E0  00  00  00  00  00  00  10     535.3468
     0101      8   00  01  7F  FF  00  00  0F  97     535.3482
     0102      8   E0  00  00  00  00  00  00  10     535.3484
     0100      8   E0  00  00  00  00  00  00  10     535.3496
     0100      8   00  00  00  00  00  00  00  00     535.3532
     0100      8   00  00  00  00  00  00  00  00     535.3559
     0101      8   20  01  7F  FF  00  00  0F  F8     535.3582
     0102      8   00  00  00  00  00  00  00  00     535.3584
     0100      8   00  00  00  00  00  00  00  00     535.3587
     0100      8   20  00  00  00  00  00  00  6F     535.3623
     0100      8   20  00  00  00  00  00  00  6F     535.3650
     0100      8   20  00  00  00  00  00  00  6F     535.3677
     0101      8   40  01  7F  FF  00  00  0F  49     535.3682
     0102      8   20  00  00  00  00  00  00  6F     535.3684
     0501      8   0D  03  00  00  00  00  00  2C     535.3687
     0100      8   20  00  00  00  00  00  00  6F     535.3705
     0100      8   40  00  00  00  00  00  00  DE     535.3741
     0100      8   40  00  00  00  00  00  00  DE     535.3768
     0101      8   60  01  7F  FF  00  00  0F  26     535.3782
     0102      8   40  00  00  00  00  00  00  DE     535.3784
     0100      8   40  00  00  00  00  00  00  DE     535.3796
     0100      8   60  00  00  00  00  00  00  B1     535.3832
     0100      8   60  00  00  00  00  00  00  B1     535.3859
     0101      8   80  01  7F  FF  00  00  0F  36     535.3882
     0102      8   60  00  00  00  00  00  00  B1     535.3884
     0100      8   60  00  00  00  00  00  00  B1     535.3887
     0100      8   80  00  00  00  00  00  00  A1     535.3923
     0100      8   80  00  00  00  00  00  00  A1     535.3950
     0100      8   80  00  00  00  00  00  00  A1     535.3977
     0101      8   A0  01  7F  FF  00  00  0F  59     535.3982
     0102      8   80  00  00  00  00  00  00  A1     535.3984
     0100      8   80  00  00  00  00  00  00  A1     535.4005
     0100      8   A0  00  00  00  00  00  00  CE     535.4041
     0100      8   A0  00  00  00  00  00  00  CE     535.4068
     0101      8   C0  01  7F  FF  00  00  0F  E8     535.4082
     0102      8   A0  00  00  00  00  00  00  CE     535.4084
     0100      8   A0  00  00  00  00  00  00  CE     535.4096
     0100      8   C0  00  00  00  00  00  00  7F     535.4132
     0100      8   C0  00  00  00  00  00  00  7F     535.4159
     0101      8   E0  01  7F  FF  00  00  0F  87     535.4182
     0102      8   C0  00  00  00  00  00  00  7F     535.4184
     0100      8   C0  00  00  00  00  00  00  7F     535.4187
     0100      8   E0  00  00  00  00  00  00  10     535.4223
     0100      8   E0  00  00  00  00  00  00  10     535.4250
     0100      8   E0  00  00  00  00  00  00  10     535.4277
     0101      8   00  01  7F  FF  00  00  0F  97     535.4282
     0102      8   E0  00  00  00  00  00  00  10     535.4284
     0100      8   E0  00  00  00  00  00  00  10     535.4305
     0100      8   00  00  00  00  00  00  00  00     535.4341
     0100      8   00  00  00  00  00  00  00  00     535.4368
     0101      8   20  01  7F  FF  00  00  0F  F8     535.4382
     0102      8   00  00  00  00  00  00  00  00     535.4384
     0100      8   00  00  00  00  00  00  00  00     535.4396
     0100      8   20  00  00  00  00  00  00  6F     535.4432
     0100      8   20  00  00  00  00  00  00  6F     535.4459
     0101      8   40  01  7F  FF  00  00  0F  49     535.4482
     0102      8   20  00  00  00  00  00  00  6F     535.4484
     0100      8   20  00  00  00  00  00  00  6F     535.4487
     0100      8   40  00  00  00  00  00  00  DE     535.4523
     0100      8   40  00  00  00  00  00  00  DE     535.4550
     0100      8   40  00  00  00  00  00  00  DE     535.4577
     0101      8   60  01  7F  FF  00  00  0F  26     535.4582
     0102      8   40  00  00  00  00  00  00  DE     535.4584
     0100      8   40  00  00  00  00  00  00  DE     535.4605
     0100      8   60  00  00  00  00  00  00  B1     535.4641
     0100      8   60  00  00  00  00  00  00  B1     535.4668
     0101      8   80  01  7F  FF  00  00  0F  36     535.4682
     0102      8   60  00  00  00  00  00  00  B1     535.4684
     0501      8   0D  03  00  00  00  00  00  2C     535.4687
     0100      8   60  00  00  00  00  00  00  B1     535.4696
     0100      8   80  00  00  00  00  00  00  A1     535.4732
     0100      8   80  00  00  00  00  00  00  A1     535.4759
     0101      8   A0  01  7F  FF  00  00  0F  59     535.4782
     0102      8   80  00  00  00  00  00  00  A1     535.4784
     0100      8   80  00  00  00  00  00  00  A1     535.4787
     0100      8   A0  00  00  00  00  00  00  CE     535.4823
     0100      8   A0  00  00  00  00  00  00  CE     535.4850
     0100      8   A0  00  00  00  00  00  00  CE     535.4877
     0101      8   C0  01  7F  FF  00  00  0F  E8     535.4882
     0102      8   A0  00  00  00  00  00  00  CE     535.4884
     0100      8   A0  00  00  00  00  00  00  CE     535.4905
     0100      8   C0  00  00  00  00  00  00  7F     535.4941
     0100      8   C0  00  00  00  00  00  00  7F     535.4968
     0101      8   E0  01  7F  FF  00  00  0F  87     535.4982
     0102      8   C0  00  00  00  00  00  00  7F     535.4984
     0100      8   C0  00  00  00  00  00  00  7F     535.4996
     0100      8   E0  00  00  00  00  00  00  10     535.5032
     0100      8   E0  00  00  00  00  00  00  10     535.5059
     0101      8   00  01  7F  FF  00  00  0F  97     535.5082
     0102      8   E0  00  00  00  00  00  00  10     535.5084
     0100      8   E0  00  00  00  00  00  00  10     535.5087
     0100      8   00  00  00  00  00  00  00  00     535.5123
     0100      8   00  00  00  00  00  00  00  00     535.5150
     0100      8   00  00  00  00  00  00  00  00     535.5177
     0101      8   20  01  7F  FF  00  00  0F  F8     535.5182
     0102      8   00  00  00  00  00  00  00  00     535.5184
     0100      8   00  00  00  00  00  00  00  00     535.5205
     0100      8   20  00  00  00  00  00  00  6F     535.5241
     0100      8   20  00  00  00  00  00  00  6F     535.5268
     0101      8   40  01  7F  FF  00  00  0F  49     535.5282
     0102      8   20  00  00  00  00  00  00  6F     535.5284
     0100      8   20  00  00  00  00  00  00  6F     535.5296
     0100      8   40  00  00  00  00  00  00  DE     535.5332
     0100      8   40  00  00  00  00  00  00  DE     535.5359
     0101      8   60  01  7F  FF  00  00  0F  26     535.5382
     0102      8   40  00  00  00  00  00  00  DE     535.5384
     0100      8   40  00  00  00  00  00  00  DE     535.5386
     0100      8   60  00  00  00  00  00  00  B1     535.5423
     0100      8   60  00  00  00  00  00  00  B1     535.5450
     0100      8   60  00  00  00  00  00  00  B1     535.5477
     0101      8   80  01  7F  FF  00  00  0F  36     535.5482
     0102      8   60  00  00  00  00  00  00  B1     535.5484
     0100      8   60  00  00  00  00  00  00  B1     535.5505
     0100      8   80  00  00  00  00  00  00  A1     535.5541
     0100      8   80  00  00  00  00  00  00  A1     535.5568
     0101      8   A0  01  7F  FF  00  00  0F  59     535.5582
     0102      8   80  00  00  00  00  00  00  A1     535.5584
     0100      8   80  00  00  00  00  00  00  A1     535.5595
     0100      8   A0  00  00  00  00  00  00  CE     535.5632
     0100      8   A0  00  00  00  00  00  00  CE     535.5659
     0101      8   C0  01  7F  FF  00  00  0F  E8     535.5682
     0102      8   A0  00  00  00  00  00  00  CE     535.5684
     0100      8   A0  00  00  00  00  00  00  CE     535.5686
     0501      8   0D  03  00  00  00  00  00  2C     535.5689
     0100      8   C0  00  00  00  00  00  00  7F     535.5723
     0100      8   C0  00  00  00  00  00  00  7F     535.5750
     0100      8   C0  00  00  00  00  00  00  7F     535.5777
     0101      8   E0  01  7F  FF  00  00  0F  87     535.5782
     0102      8   C0  00  00  00  00  00  00  7F     535.5784
     0100      8   C0  00  00  00  00  00  00  7F     535.5805
     0100      8   E0  00  00  00  00  00  00  10     535.5841
     0100      8   E0  00  00  00  00  00  00  10     535.5868
     0101      8   00  01  7F  FF  00  00  0F  97     535.5882
     0102      8   E0  00  00  00  00  00  00  10     535.5884
     0100      8   E0  00  00  00  00  00  00  10     535.5896
     0100      8   00  00  00  00  00  00  00  00     535.5932
     0100      8   00  00  00  00  00  00  00  00     535.5959
     0101      8   20  01  7F  FF  00  00  0F  F8     535.5982
     0102      8   00  00  00  00  00  00  00  00     535.5984
     0100      8   00  00  00  00  00  00  00  00     535.5987
     0100      8   20  00  00  00  00  00  00  6F     535.6023
     0100      8   20  00  00  00  00  00  00  6F     535.6050
     0100      8   20  00  00  00  00  00  00  6F     535.6077
     0101      8   40  01  7F  FF  00  00  0F  49     535.6081
     0102      8   20  00  00  00  00  00  00  6F     535.6084
     0100      8   20  00  00  00  00  00  00  6F     535.6105
     0100      8   40  00  00  00  00  00  00  DE     535.6141
     0100      8   40  00  00  00  00  00  00  DE     535.6168
     0101      8   60  01  7F  FF  00  00  0F  26     535.6181
     0102      8   40  00  00  00  00  00  00  DE     535.6184
     0100      8   40  00  00  00  00  00  00  DE     535.6195
     0100      8   60  00  00  00  00  00  00  B1     535.6232
     0100      8   60  00  00  00  00  00  00  B1     535.6259
     0101      8   80  01  7F  FF  00  00  0F  36     535.6282
     0102      8   60  00  00  00  00  00  00  B1     535.6284
     0100      8   60  00  00  00  00  00  00  B1     535.6286
     0100      8   80  00  00  00  00  00  00  A1     535.6323
     0100      8   80  00  00  00  00  00  00  A1     535.6350
     0100      8   80  00  00  00  00  00  00  A1     535.6377
     0101      8   A0  01  7F  FF  00  00  0F  59     535.6381
     0102      8   80  00  00  00  00  00  00  A1     535.6384
     0100      8   80  00  00  00  00  00  00  A1     535.6405
     0100      8   A0  00  00  00  00  00  00  CE     535.6441
     0100      8   A0  00  00  00  00  00  00  CE     535.6468
     0101      8   C0  01  7F  FF  00  00  0F  E8     535.6481
     0102      8   A0  00  00  00  00  00  00  CE     535.6484
     0100      8   A0  00  00  00  00  00  00  CE     535.6495
     0100      8   C0  00  00  00  00  00  00  7F     535.6532
     0100      8   C0  00  00  00  00  00  00  7F     535.6559
     0101      8   E0  01  7F  FF  00  00  0F  87     535.6582
     0102      8   C0  00  00  00  00  00  00  7F     535.6584
     0100      8   C0  00  00  00  00  00  00  7F     535.6587
     0100      8   E0  00  00  00  00  00  00  10     535.6623
     0100      8   E0  00  00  00  00  00  00  10     535.6650
     0100      8   E0  00  00  00  00  00  00  10     535.6677
     0101      8   00  01  7F  FF  00  00  0F  97     535.6681
     0102      8   E0  00  00  00  00  00  00  10     535.6684
     0501      8   0D  03  00  00  00  00  00  2C     535.6686
     0100      8   E0  00  00  00  00  00  00  10     535.6705
     0100      8   00  00  00  00  00  00  00  00     535.6741
     0100      8   00  00  00  00  00  00  00  00     535.6768
     0101      8   20  01  7F  FF  00  00  0F  F8     535.6781
     0102      8   00  00  00  00  00  00  00  00     535.6784
     0100      8   00  00  00  00  00  00  00  00     535.6795
     0100      8   20  00  00  00  00  00  00  6F     535.6832
     0100      8   20  00  00  00  00  00  00  6F     535.6859
     0101      8   40  01  7F  FF  00  00  0F  49     535.6881
     0102      8   20  00  00  00  00  00  00  6F     535.6884
     0100      8   20  00  00  00  00  00  00  6F     535.6886
     0100      8   40  00  00  00  00  00  00  DE     535.6923
     0100      8   40  00  00  00  00  00  00  DE     535.6950
     0100      8   40  00  00  00  00  00  00  DE     535.6977
     0101      8   60  01  7F  FF  00  00  0F  26     535.6981
     0102      8   40  00  00  00  00  00  00  DE     535.6984
     0100      8   40  00  00  00  00  00  00  DE     535.7004
     0100      8   60  00  00  00  00  00  00  B1     535.7041
     0100      8   60  00  00  00  00  00  00  B1     535.7068
     0101      8   80  01  7F  FF  00  00  0F  36     535.7081
     0102      8   60  00  00  00  00  00  00  B1     535.7084
     0100      8   60  00  00  00  00  00  00  B1     535.7095
     0100      8   80  00  00  00  00  00  00  A1     535.7132
     0100      8   80  00  00  00  00  00  00  A1     535.7159
     0101      8   A0  01  7F  FF  00  00  0F  59     535.7181
     0102      8   80  00  00  00  00  00  00  A1     535.7184
     0100      8   80  00  00  00  00  00  00  A1     535.7186
     0100      8   A0  00  00  00  00  00  00  CE     535.7223
     0100      8   A0  00  00  00  00  00  00  CE     535.7250
     0100      8   A0  00  00  00  00  00  00  CE     535.7277
     0101      8   C0  01  7F  FF  00  00  0F  E8     535.7281
     0102      8   A0  00  00  00  00  00  00  CE     535.7284
     0100      8   A0  00  00  00  00  00  00  CE     535.7304
     0100      8   C0  00  00  00  00  00  00  7F     535.7341
     0100      8   C0  00  00  00  00  00  00  7F     535.7368
     0101      8   E0  01  7F  FF  00  00  0F  87     535.7381
     0102      8   C0  00  00  00  00  00  00  7F     535.7384
     0100      8   C0  00  00  00  00  00  00  7F     535.7395
     0100      8   E0  00  00  00  00  00  00  10     535.7432
     0100      8   E0  00  00  00  00  00  00  10     535.7459
     0101      8   00  01  7F  FF  00  00  0F  97     535.7481
     0102      8   E0  00  00  00  00  00  00  10     535.7484
     0100      8   E0  00  00  00  00  00  00  10     535.7486
     0100      8   00  00  00  00  00  00  00  00     535.7523
     0100      8   00  00  00  00  00  00  00  00     535.7550
     0100      8   00  00  00  00  00  00  00  00     535.7577
     0101      8   20  01  7F  FF  00  00  0F  F8     535.7581
     0102      8   00  00  00  00  00  00  00  00     535.7584
     0100      8   00  00  00  00  00  00  00  00     535.7604
     0100      8   20  00  00  00  00  00  00  6F     535.7641
     0100      8   20  00  00  00  00  00  00  6F     535.7668
     0101      8   40  01  7F  FF  00  00  0F  49     535.7681
     0102      8   20  00  00  00  00  00  00  6F     535.7684
     0501      8   0D  03  00  00  00  00  00  2C     535.7686
     0100      8   20  00  00  00  00  00  00  6F     535.7695
     0100      8   40  00  00  00  00  00  00  DE     535.7732
     0100      8   40  00  00  00  00  00  00  DE     535.7759
     0101      8   60  01  7F  FF  00  00  0F  26     535.7781
     0102      8   40  00  00  00  00  00  00  DE     535.7784
     0100      8   40  00  00  00  00  00  00  DE     535.7786
     0100      8   60  00  00  00  00  00  00  B1     535.7823
     0100      8   60  00  00  00  00  00  00  B1     535.7850
     0100      8   60  00  00  00  00  00  00  B1     535.7877
     0101      8   80  01  7F  FF  00  00  0F  36     535.7881
     0102      8   60  00  00  00  00  00  00  B1     535.7884
     0100      8   60  00  00  00  00  00  00  B1     535.7905
     0100      8   80  00  00  00  00  00  00  A1     535.7941
     0100      8   80  00  00  00  00  00  00  A1     535.7968
     0101      8   A0  01  7F  FF  00  00  0F  59     535.7981
     0102      8   80  00  00  00  00  00  00  A1     535.7984
     0100      8   80  00  00  00  00  00  00  A1     535.7995
     0100      8   A0  00  00  00  00  00  00  CE     535.8032
     0100      8   A0  00  00  00  00  00  00  CE     535.8059
     0101      8   C0  01  7F  FF  00  00  0F  E8     535.8081
     0102      8   A0  00  00  00  00  00  00  CE     535.8084
     0100      8   A0  00  00  00  00  00  00  CE     535.8086
     0100      8   C0  00  00  00  00  00  00  7F     535.8123
     0100      8   C0  00  00  00  00  00  00  7F     535.8150
     0100      8   C0  00  00  00  00  00  00  7F     535.8177
     0101      8   E0  01  7F  FF  00  00  0F  87     535.8181
     0102      8   C0  00  00  00  00  00  00  7F     535.8184
     0100      8   C0  00  00  00  00  00  00  7F     535.8204
     0100      8   E0  00  00  00  00  00  00  10     535.8241
     0100      8   E0  00  00  00  00  00  00  10     535.8268
     0101      8   00  01  7F  FF  00  00  0F  97     535.8281
     0102      8   E0  00  00  00  00  00  00  10     535.8284
     0100      8   E0  00  00  00  00  00  00  10     535.8295
     0100      8   00  00  00  00  00  00  00  00     535.8332
     0100      8   00  00  00  00  00  00  00  00     535.8359
     0101      8   20  01  7F  FF  00  00  0F  F8     535.8381
     0102      8   00  00  00  00  00  00  00  00     535.8384
     0100      8   00  00  00  00  00  00  00  00     535.8386
     0100      8   20  00  00  00  00  00  00  6F     535.8423
     0100      8   20  00  00  00  00  00  00  6F     535.8450
     0100      8   20  00  00  00  00  00  00  6F     535.8477
     0101      8   40  01  7F  FF  00  00  0F  49     535.8481
     0102      8   20  00  00  00  00  00  00  6F     535.8484
     0100      8   20  00  00  00  00  00  00  6F     535.8504
     0100      8   40  00  00  00  00  00  00  DE     535.8541
     0100      8   40  00  00  00  00  00  00  DE     535.8568
     0101      8   60  01  7F  FF  00  00  0F  26     535.8581
     0102      8   40  00  00  00  00  00  00  DE     535.8584
     0100      8   40  00  00  00  00  00  00  DE     535.8595
     0100      8   60  00  00  00  00  00  00  B1     535.8632
     0100      8   60  00  00  00  00  00  00  B1     535.8659
     0101      8   80  01  7F  FF  00  00  0F  36     535.8681
     0102      8   60  00  00  00  00  00  00  B1     535.8684
     0501      8   0D  03  00  00  00  00  00  2C     535.8686
     0100      8   60  00  00  00  00  00  00  B1     535.8689
     0100      8   80  00  00  00  00  00  00  A1     535.8723
     0100      8   80  00  00  00  00  00  00  A1     535.8750
     0100      8   80  00  00  00  00  00  00  A1     535.8777
     0101      8   A0  01  7F  FF  00  00  0F  59     535.8781
     0102      8   80  00  00  00  00  00  00  A1     535.8784
     0100      8   80  00  00  00  00  00  00  A1     535.8804
     0100      8   A0  00  00  00  00  00  00  CE     535.8841
     0100      8   A0  00  00  00  00  00  00  CE     535.8868
     0101      8   C0  01  7F  FF  00  00  0F  E8     535.8881
     0102      8   A0  00  00  00  00  00  00  CE     535.8884
     0100      8   A0  00  00  00  00  00  00  CE     535.8895
     0100      8   C0  00  00  00  00  00  00  7F     535.8932
     0100      8   C0  00  00  00  00  00  00  7F     535.8959
     0101      8   E0  01  7F  FF  00  00  0F  87     535.8981
     0102      8   C0  00  00  00  00  00  00  7F     535.8984
     0100      8   C0  00  00  00  00  00  00  7F     535.8986
     0100      8   E0  00  00  00  00  00  00  10     535.9023
     0100      8   E0  00  00  00  00  00  00  10     535.9050
     0100      8   E0  00  00  00  00  00  00  10     535.9077
     0101      8   00  01  7F  FF  00  00  0F  97     535.9081
     0102      8   E0  00  00  00  00  00  00  10     535.9084
     0100      8   E0  00  00  00  00  00  00  10     535.9104
     0100      8   00  00  00  00  00  00  00  00     535.9141
     0100      8   00  00  00  00  00  00  00  00     535.9168
     0101      8   20  01  7F  FF  00  00  0F  F8     535.9181
     0102      8   00  00  00  00  00  00  00  00     535.9184
     0100      8   00  00  00  00  00  00  00  00     535.9195
     0100      8   20  00  00  00  00  00  00  6F     535.9232
     0100      8   20  00  00  00  00  00  00  6F     535.9259
     0101      8   40  01  7F  FF  00  00  0F  49     535.9281
     0102      8   20  00  00  00  00  00  00  6F     535.9284
     0100      8   20  00  00  00  00  00  00  6F     535.9286
     0100      8   40  00  00  00  00  00  00  DE     535.9323
     0100      8   40  00  00  00  00  00  00  DE     535.9350
     0100      8   40  00  00  00  00  00  00  DE     535.9377
     0101      8   60  01  7F  FF  00  00  0F  26     535.9381
     0102      8   40  00  00  00  00  00  00  DE     535.9383
     0100      8   40  00  00  00  00  00  00  DE     535.9404
     0100      8   60  00  00  00  00  00  00  B1     535.9441
     0100      8   60  00  00  00  00  00  00  B1     535.9468
     0101      8   80  01  7F  FF  00  00  0F  36     535.9481
     0102      8   60  00  00  00  00  00  00  B1     535.9483
     0100      8   60  00  00  00  00  00  00  B1     535.9495
     0100      8   80  00  00  00  00  00  00  A1     535.9532
     0100      8   80  00  00  00  00  00  00  A1     535.9559
     0101      8   A0  01  7F  FF  00  00  0F  59     535.9581
     0102      8   80  00  00  00  00  00  00  A1     535.9583
     0100      8   80  00  00  00  00  00  00  A1     535.9586
     0100      8   A0  00  00  00  00  00  00  CE     535.9623
     0100      8   A0  00  00  00  00  00  00  CE     535.9650
     0100      8   A0  00  00  00  00  00  00  CE     535.9677
     0101      8   C0  01  7F  FF  00  00  0F  E8     535.9681
     0102      8   A0  00  00  00  00  00  00  CE     535.9683
     0501      8   0D  03  00  00  00  00  00  2C     535.9686
     0100      8   A0  00  00  00  00  00  00  CE     535.9704
     0100      8   C0  00  00  00  00  00  00  7F     535.9741
     0100      8   C0  00  00  00  00  00  00  7F     535.9768
     0101      8   E0  01  7F  FF  00  00  0F  87     535.9781
     0102      8   C0  00  00  00  00  00  00  7F     535.9784
     0100      8   C0  00  00  00  00  00  00  7F     535.9795
     0100      8   E0  00  00  00  00  00  00  10     535.9832
     0100      8   E0  00  00  00  00  00  00  10     535.9859
     0100      8   E0  00  00  00  00  00  00  10     535.9886
     0100      8   E0  00  00  00  00  00  00  10     535.9913
     0100      8   E0  00  00  00  00  00  00  10     535.9941
     0100      8   E0  00  00  00  00  00  00  10     535.9968
     0100      8   E0  00  00  00  00  00  00  10     535.9995
     0100      8   E0  00  00  00  00  00  00  10     536.0022
     0100      8   E0  00  00  00  00  00  00  10     536.0049
     0100      8   E0  00  00  00  00  00  00  10     536.0077
     0100      8   E0  00  00  00  00  00  00  10     536.0104
     0100      8   E0  00  00  00  00  00  00  10     536.0131
     0100      8   E0  00  00  00  00  00  00  10     536.0158
     0100      8   E0  00  00  00  00  00  00  10     536.0185
     0100      8   E0  00  00  00  00  00  00  10     536.0213
     0100      8   E0  00  00  00  00  00  00  10     536.0240
     0100      8   E0  00  00  00  00  00  00  10     536.0267
     0100      8   E0  00  00  00  00  00  00  10     536.0294
     0100      8   E0  00  00  00  00  00  00  10     536.0321
     0100      8   E0  00  00  00  00  00  00  10     536.0349
     0100      8   E0  00  00  00  00  00  00  10     536.0376
     0100      8   E0  00  00  00  00  00  00  10     536.0403
     0100      8   E0  00  00  00  00  00  00  10     536.0430
     0100      8   E0  00  00  00  00  00  00  10     536.0457
     0100      8   E0  00  00  00  00  00  00  10     536.0485
     0100      8   E0  00  00  00  00  00  00  10     536.0512
     0100      8   E0  00  00  00  00  00  00  10     536.0539
     0100      8   E0  00  00  00  00  00  00  10     536.0566
     0100      8   E0  00  00  00  00  00  00  10     536.0593
     0100      8   E0  00  00  00  00  00  00  10     536.0620
     0100      8   E0  00  00  00  00  00  00  10     536.0648
     0100      8   E0  00  00  00  00  00  00  10     536.0675
     0100      8   E0  00  00  00  00  00  00  10     536.0702
     0100      8   E0  00  00  00  00  00  00  10     536.0729
     0100      8   E0  00  00  00  00  00  00  10     536.0756
     0100      8   E0  00  00  00  00  00  00  10     536.0784
     0100      8   E0  00  00  00  00  00  00  10     536.0811
     0100      8   E0  00  00  00  00  00  00  10     536.0838
     0100      8   E0  00  00  00  00  00  00  10     536.0865
     0100      8   E0  00  00  00  00  00  00  10     536.0892
     0100      8   E0  00  00  00  00  00  00  10     536.0920
     0100      8   E0  00  00  00  00  00  00  10     536.0947
     0100      8   E0  00  00  00  00  00  00  10     536.0974
     0100      8   E0  00  00  00  00  00  00  10     536.1001
     0100      8   E0  00  00  00  00  00  00  10     536.1028
     0100      8   E0  00  00  00  00  00  00  10     536.1056
     0100      8   E0  00  00  00  00  00  00  10     536.1083
     0100      8   E0  00  00  00  00  00  00  10     536.1110
     0100      8   E0  00  00  00  00  00  00  10     536.1137
     0100      8   E0  00  00  00  00  00  00  10     536.1164
     0100      8   E0  00  00  00  00  00  00  10     536.1192
     0100      8   E0  00  00  00  00  00  00  10     536.1219
     0100      8   E0  00  00  00  00  00  00  10     536.1246
     0100      8   E0  00  00  00  00  00  00  10     536.1273
     0100      8   E0  00  00  00  00  00  00  10     536.1300
     0100      8   E0  00  00  00  00  00  00  10     536.1328
     0100      8   E0  00  00  00  00  00  00  10     536.1355
     0100      8   E0  00  00  00  00  00  00  10     536.1382
     0100      8   E0  00  00  00  00  00  00  10     536.1409
     0100      8   E0  00  00  00  00  00  00  10     536.1436
     0100      8   E0  00  00  00  00  00  00  10     536.1464
     0100      8   E0  00  00  00  00  00  00  10     536.1491
     0100      8   E0  00  00  00  00  00  00  10     536.1518
     0100      8   E0  00  00  00  00  00  00  10     536.1545
     0100      8   E0  00  00  00  00  00  00  10     536.1572
     0100      8   E0  00  00  00  00  00  00  10     536.1600
     0100      8   E0  00  00  00  00  00  00  10     536.1627
     0100      8   E0  00  00  00  00  00  00  10     536.1654
     0100      8   E0  00  00  00  00  00  00  10     536.1681
     0100      8   E0  00  00  00  00  00  00  10     536.1708
     0100      8   E0  00  00  00  00  00  00  10     536.1735
     0100      8   E0  00  00  00  00  00  00  10     536.1763
     0100      8   E0  00  00  00  00  00  00  10     536.1790
     0100      8   E0  00  00  00  00  00  00  10     536.1817
     0100      8   E0  00  00  00  00  00  00  10     536.1844
     0100      8   E0  00  00  00  00  00  00  10     536.1871
     0100      8   E0  00  00  00  00  00  00  10     536.1899
     0100      8   E0  00  00  00  00  00  00  10     536.1926
     0100      8   E0  00  00  00  00  00  00  10     536.1953
     0100      8   E0  00  00  00  00  00  00  10     536.1980
     0100      8   E0  00  00  00  00  00  00  10     536.2007
     0100      8   E0  00  00  00  00  00  00  10     536.2035
     0100      8   E0  00  00  00  00  00  00  10     536.2062
     0100      8   E0  00  00  00  00  00  00  10     536.2089
     0100      8   E0  00  00  00  00  00  00  10     536.2116
     0100      8   E0  00  00  00  00  00  00  10     536.2143
     0100      8   E0  00  00  00  00  00  00  10     536.2171
     0100      8   E0  00  00  00  00  00  00  10     536.2198
     0100      8   E0  00  00  00  00  00  00  10     536.2225
     0100      8   E0  00  00  00  00  00  00  10     536.2252
     0100      8   E0  00  00  00  00  00  00  10     536.2279
     0100      8   E0  00  00  00  00  00  00  10     536.2307
     0100      8   E0  00  00  00  00  00  00  10     536.2334
     0100      8   E0  00  00  00  00  00  00  10     536.2361
     0100      8   E0  00  00  00  00  00  00  10     536.2388
     0100      8   E0  00  00  00  00  00  00  10     536.2415
     0100      8   E0  00  00  00  00  00  00  10     536.2443
     0100      8   E0  00  00  00  00  00  00  10     536.2470
     0100      8   E0  00  00  00  00  00  00  10     536.2497
     0100      8   E0  00  00  00  00  00  00  10     536.2524
     0100      8   E0  00  00  00  00  00  00  10     536.2551
     0100      8   E0  00  00  00  00  00  00  10     536.2578
     0100      8   E0  00  00  00  00  00  00  10     536.2606
     0100      8   E0  00  00  00  00  00  00  10     536.2633
     0100      8   E0  00  00  00  00  00  00  10     536.2660
     0100      8   E0  00  00  00  00  00  00  10     536.2687
     0100      8   E0  00  00  00  00  00  00  10     536.2714
     0100      8   E0  00  00  00  00  00  00  10     536.2742
     0100      8   E0  00  00  00  00  00  00  10     536.2769
     0100      8   E0  00  00  00  00  00  00  10     536.2796
     0100      8   E0  00  00  00  00  00  00  10     536.2823
     0100      8   E0  00  00  00  00  00  00  10     536.2850
     0100      8   E0  00  00  00  00  00  00  10     536.2878
     0100      8   E0  00  00  00  00  00  00  10     536.2905
     0100      8   E0  00  00  00  00  00  00  10     536.2932
     0100      8   E0  00  00  00  00  00  00  10     536.2959
     0100      8   E0  00  00  00  00  00  00  10     536.2986
     0100      8   E0  00  00  00  00  00  00  10     536.3014
     0100      8   E0  00  00  00  00  00  00  10     536.3041
     0100      8   E0  00  00  00  00  00  00  10     536.3068
     0100      8   E0  00  00  00  00  00  00  10     536.3095
     0100      8   E0  00  00  00  00  00  00  10     536.3122
     0100      8   E0  00  00  00  00  00  00  10     536.3150
     0100      8   E0  00  00  00  00  00  00  10     536.3177
     0100      8   E0  00  00  00  00  00  00  10     536.3204
     0100      8   E0  00  00  00  00  00  00  10     536.3231
     0100      8   E0  00  00  00  00  00  00  10     536.3258
     0100      8   E0  00  00  00  00  00  00  10     536.3286
     0100      8   E0  00  00  00  00  00  00  10     536.3313
     0100      8   E0  00  00  00  00  00  00  10     536.3340
     0100      8   E0  00  00  00  00  00  00  10     536.3367
     0100      8   E0  00  00  00  00  00  00  10     536.3394
     0100      8   E0  00  00  00  00  00  00  10     536.3422
     0100      8   E0  00  00  00  00  00  00  10     536.3449
     0100      8   E0  00  00  00  00  00  00  10     536.3476
     0100      8   E0  00  00  00  00  00  00  10     536.3503
     0100      8   E0  00  00  00  00  00  00  10     536.3530
     0100      8   E0  00  00  00  00  00  00  10     536.3557
     0100      8   E0  00  00  00  00  00  00  10     536.3585
     0100      8   E0  00  00  00  00  00  00  10     536.3612
     0100      8   E0  00  00  00  00  00  00  10     536.3639
     0100      8   E0  00  00  00  00  00  00  10     536.3666
     0100      8   E0  00  00  00  00  00  00  10     536.3693
     0100      8   E0  00  00  00  00  00  00  10     536.3721
     0100      8   E0  00  00  00  00  00  00  10     536.3748
     0100      8   E0  00  00  00  00  00  00  10     536.3775
     0100      8   E0  00  00  00  00  00  00  10     536.3802
     0100      8   E0  00  00  00  00  00  00  10     536.3829
     0100      8   E0  00  00  00  00  00  00  10     536.3857
     0100      8   E0  00  00  00  00  00  00  10     536.3884
     0100      8   E0  00  00  00  00  00  00  10     536.3911
     0100      8   E0  00  00  00  00  00  00  10     536.3938
     0100      8   E0  00  00  00  00  00  00  10     536.3965
     0100      8   E0  00  00  00  00  00  00  10     536.3993
     0100      8   E0  00  00  00  00  00  00  10     536.4020
     0100      8   E0  00  00  00  00  00  00  10     536.4047
     0100      8   E0  00  00  00  00  00  00  10     536.4074
     0100      8   E0  00  00  00  00  00  00  10     536.4101
     0100      8   E0  00  00  00  00  00  00  10     536.4129
     0100      8   E0  00  00  00  00  00  00  10     536.4156
     0100      8   E0  00  00  00  00  00  00  10     536.4183
     0100      8   E0  00  00  00  00  00  00  10     536.4210
     0100      8   E0  00  00  00  00  00  00  10     536.4237
     0100      8   E0  00  00  00  00  00  00  10     536.4265
     0100      8   E0  00  00  00  00  00  00  10     536.4292
     0100      8   E0  00  00  00  00  00  00  10     536.4319
     0100      8   E0  00  00  00  00  00  00  10     536.4346
     0100      8   E0  00  00  00  00  00  00  10     536.4373
     0100      8   E0  00  00  00  00  00  00  10     536.4400
     0100      8   E0  00  00  00  00  00  00  10     536.4428
     0100      8   E0  00  00  00  00  00  00  10     536.4455
     0100      8   E0  00  00  00  00  00  00  10     536.4482
     0100      8   E0  00  00  00  00  00  00  10     536.4509
     0100      8   E0  00  00  00  00  00  00  10     536.4536
     0100      8   E0  00  00  00  00  00  00  10     536.4564
     0100      8   E0  00  00  00  00  00  00  10     536.4591
     0100      8   E0  00  00  00  00  00  00  10     536.4618
     0100      8   E0  00  00  00  00  00  00  10     536.4645
     0100      8   E0  00  00  00  00  00  00  10     536.4672
     0100      8   E0  00  00  00  00  00  00  10     536.4700
     0100      8   E0  00  00  00  00  00  00  10     536.4727
     0100      8   E0  00  00  00  00  00  00  10     536.4754
     0100      8   E0  00  00  00  00  00  00  10     536.4781
     0100      8   E0  00  00  00  00  00  00  10     536.4808
     0100      8   E0  00  00  00  00  00  00  10     536.4836
     0100      8   E0  00  00  00  00  00  00  10     536.4863
     0100      8   E0  00  00  00  00  00  00  10     536.4890
     0100      8   E0  00  00  00  00  00  00  10     536.4917
     0100      8   E0  00  00  00  00  00  00  10     536.4944
     0100      8   E0  00  00  00  00  00  00  10     536.4972
     0100      8   E0  00  00  00  00  00  00  10     536.4999
     0100      8   E0  00  00  00  00  00  00  10     536.5026
     0100      8   E0  00  00  00  00  00  00  10     536.5053
     0100      8   E0  00  00  00  00  00  00  10     536.5080
     0100      8   E0  00  00  00  00  00  00  10     536.5108
     0100      8   E0  00  00  00  00  00  00  10     536.5135
     0100      8   E0  00  00  00  00  00  00  10     536.5162
     0100      8   E0  00  00  00  00  00  00  10     536.5189
     0100      8   E0  00  00  00  00  00  00  10     536.5216
     0100      8   E0  00  00  00  00  00  00  10     536.5244
     0100      8   E0  00  00  00  00  00  00  10     536.5271
     0100      8   E0  00  00  00  00  00  00  10     536.5298
     0100      8   E0  00  00  00  00  00  00  10     536.5325
     0100      8   E0  00  00  00  00  00  00  10     536.5352
     0100      8   E0  00  00  00  00  00  00  10     536.5379
     0100      8   E0  00  00  00  00  00  00  10     536.5407
     0100      8   E0  00  00  00  00  00  00  10     536.5434
     0100      8   E0  00  00  00  00  00  00  10     536.5461
     0100      8   E0  00  00  00  00  00  00  10     536.5488
     0100      8   E0  00  00  00  00  00  00  10     536.5515
     0100      8   E0  00  00  00  00  00  00  10     536.5543
     0100      8   E0  00  00  00  00  00  00  10     536.5570
     0100      8   E0  00  00  00  00  00  00  10     536.5597
     0100      8   E0  00  00  00  00  00  00  10     536.5624
     0100      8   E0  00  00  00  00  00  00  10     536.5651
     0100      8   E0  00  00  00  00  00  00  10     536.5679
     0100      8   E0  00  00  00  00  00  00  10     536.5706
     0100      8   E0  00  00  00  00  00  00  10     536.5733
     0100      8   E0  00  00  00  00  00  00  10     536.5760
     0100      8   E0  00  00  00  00  00  00  10     536.5787
     0100      8   E0  00  00  00  00  00  00  10     536.5815
     0100      8   E0  00  00  00  00  00  00  10     536.5842
     0100      8   E0  00  00  00  00  00  00  10     536.5869
     0100      8   E0  00  00  00  00  00  00  10     536.5896
     0100      8   E0  00  00  00  00  00  00  10     536.5923
     0100      8   E0  00  00  00  00  00  00  10     536.5951
     0100      8   E0  00  00  00  00  00  00  10     536.5978
     0100      8   E0  00  00  00  00  00  00  10     536.6005
     0100      8   E0  00  00  00  00  00  00  10     536.6032
     0100      8   E0  00  00  00  00  00  00  10     536.6059
     0100      8   E0  00  00  00  00  00  00  10     536.6087
     0100      8   E0  00  00  00  00  00  00  10     536.6114
     0100      8   E0  00  00  00  00  00  00  10     536.6141
     0100      8   E0  00  00  00  00  00  00  10     536.6168
     0100      8   E0  00  00  00  00  00  00  10     536.6195
     0100      8   E0  00  00  00  00  00  00  10     536.6222
     0100      8   E0  00  00  00  00  00  00  10     536.6250
     0100      8   E0  00  00  00  00  00  00  10     536.6277
     0100      8   E0  00  00  00  00  00  00  10     536.6304
     0100      8   E0  00  00  00  00  00  00  10     536.6331
     0100      8   E0  00  00  00  00  00  00  10     536.6358
     0100      8   E0  00  00  00  00  00  00  10     536.6386
     0100      8   E0  00  00  00  00  00  00  10     536.6413
     0100      8   E0  00  00  00  00  00  00  10     536.6440
     0100      8   E0  00  00  00  00  00  00  10     536.6467
     0100      8   E0  00  00  00  00  00  00  10     536.6494
     0100      8   E0  00  00  00  00  00  00  10     536.6522
     0100      8   E0  00  00  00  00  00  00  10     536.6549
     0100      8   E0  00  00  00  00  00  00  10     536.6576
     0100      8   E0  00  00  00  00  00  00  10     536.6603
     0100      8   E0  00  00  00  00  00  00  10     536.6630
     0100      8   E0  00  00  00  00  00  00  10     536.6658
     0100      8   E0  00  00  00  00  00  00  10     536.6685
     0100      8   E0  00  00  00  00  00  00  10     536.6712
     0100      8   E0  00  00  00  00  00  00  10     536.6739
     0100      8   E0  00  00  00  00  00  00  10     536.6766
     0100      8   E0  00  00  00  00  00  00  10     536.6794
     0100      8   E0  00  00  00  00  00  00  10     536.6821
     0100      8   E0  00  00  00  00  00  00  10     536.6848
     0100      8   E0  00  00  00  00  00  00  10     536.6875
     0100      8   E0  00  00  00  00  00  00  10     536.6902
     0100      8   E0  00  00  00  00  00  00  10     536.6930
     0100      8   E0  00  00  00  00  00  00  10     536.6957
     0100      8   E0  00  00  00  00  00  00  10     536.6984
     0100      8   E0  00  00  00  00  00  00  10     536.7011
     0100      8   E0  00  00  00  00  00  00  10     536.7038
     0100      8   E0  00  00  00  00  00  00  10     536.7066
     0100      8   E0  00  00  00  00  00  00  10     536.7093
     0100      8   E0  00  00  00  00  00  00  10     536.7120
     0100      8   E0  00  00  00  00  00  00  10     536.7147
     0100      8   E0  00  00  00  00  00  00  10     536.7174
     0100      8   E0  00  00  00  00  00  00  10     536.7201
     0100      8   E0  00  00  00  00  00  00  10     536.7229
     0100      8   E0  00  00  00  00  00  00  10     536.7256
     0100      8   E0  00  00  00  00  00  00  10     536.7283
     0100      8   E0  00  00  00  00  00  00  10     536.7310
     0100      8   E0  00  00  00  00  00  00  10     536.7337
     0100      8   E0  00  00  00  00  00  00  10     536.7365
     0100      8   E0  00  00  00  00  00  00  10     536.7392
     0100      8   E0  00  00  00  00  00  00  10     536.7419
     0100      8   E0  00  00  00  00  00  00  10     536.7446
     0100      8   E0  00  00  00  00  00  00  10     536.7473
     0100      8   E0  00  00  00  00  00  00  10     536.7501
     0100      8   E0  00  00  00  00  00  00  10     536.7528
     0100      8   E0  00  00  00  00  00  00  10     536.7555
     0100      8   E0  00  00  00  00  00  00  10     536.7582
     0100      8   E0  00  00  00  00  00  00  10     536.7609
     0100      8   E0  00  00  00  00  00  00  10     536.7637
     0100      8   E0  00  00  00  00  00  00  10     536.7664
     0100      8   E0  00  00  00  00  00  00  10     536.7691
     0100      8   E0  00  00  00  00  00  00  10     536.7718
     0100      8   E0  00  00  00  00  00  00  10     536.7745
     0100      8   E0  00  00  00  00  00  00  10     536.7773
     0100      8   E0  00  00  00  00  00  00  10     536.7800
     0100      8   E0  00  00  00  00  00  00  10     536.7827
     0100      8   E0  00  00  00  00  00  00  10     536.7854
     0100      8   E0  00  00  00  00  00  00  10     536.7881
     0100      8   E0  00  00  00  00  00  00  10     536.7909
     0100      8   E0  00  00  00  00  00  00  10     536.7936
     0100      8   E0  00  00  00  00  00  00  10     536.7963
     0100      8   E0  00  00  00  00  00  00  10     536.7990
     0100      8   E0  00  00  00  00  00  00  10     536.8017
     0100      8   E0  00  00  00  00  00  00  10     536.8044
     0100      8   E0  00  00  00  00  00  00  10     536.8072
     0100      8   E0  00  00  00  00  00  00  10     536.8099
     0100      8   E0  00  00  00  00  00  00  10     536.8126
     0100      8   E0  00  00  00  00  00  00  10     536.8153
     0100      8   E0  00  00  00  00  00  00  10     536.8180
     0100      8   E0  00  00  00  00  00  00  10     536.8208
     0100      8   E0  00  00  00  00  00  00  10     536.8235
     0100      8   E0  00  00  00  00  00  00  10     536.8262
     0100      8   E0  00  00  00  00  00  00  10     536.8289
     0100      8   E0  00  00  00  00  00  00  10     536.8317
     0100      8   E0  00  00  00  00  00  00  10     536.8344
     0100      8   E0  00  00  00  00  00  00  10     536.8371
     0100      8   E0  00  00  00  00  00  00  10     536.8398
     0100      8   E0  00  00  00  00  00  00  10     536.8425
     0100      8   E0  00  00  00  00  00  00  10     536.8452
     0100      8   E0  00  00  00  00  00  00  10     536.8480
     0100      8   E0  00  00  00  00  00  00  10     536.8507
     0100      8   E0  00  00  00  00  00  00  10     536.8534
     0100      8   E0  00  00  00  00  00  00  10     536.8561
     0100      8   E0  00  00  00  00  00  00  10     536.8588
     0100      8   E0  00  00  00  00  00  00  10     536.8616
     0100      8   E0  00  00  00  00  00  00  10     536.8643
     0100      8   E0  00  00  00  00  00  00  10     536.8670
     0100      8   E0  00  00  00  00  00  00  10     536.8697
     0100      8   E0  00  00  00  00  00  00  10     536.8724
     0100      8   E0  00  00  00  00  00  00  10     536.8752
     0100      8   E0  00  00  00  00  00  00  10     536.8779
     0100      8   E0  00  00  00  00  00  00  10     536.8806
     0100      8   E0  00  00  00  00  00  00  10     536.8833
     0100      8   E0  00  00  00  00  00  00  10     536.8860
     0100      8   E0  00  00  00  00  00  00  10     536.8888
     0100      8   E0  00  00  00  00  00  00  10     536.8915
     0100      8   E0  00  00  00  00  00  00  10     536.8942
     0100      8   E0  00  00  00  00  00  00  10     536.8969
     0100      8   E0  00  00  00  00  00  00  10     536.8996
     0100      8   E0  00  00  00  00  00  00  10     536.9023
     0100      8   E0  00  00  00  00  00  00  10     536.9051
     0100      8   E0  00  00  00  00  00  00  10     536.9078
     0100      8   E0  00  00  00  00  00  00  10     536.9105
     0100      8   E0  00  00  00  00  00  00  10     536.9132
     0100      8   E0  00  00  00  00  00  00  10     536.9159
     0100      8   E0  00  00  00  00  00  00  10     536.9187
     0100      8   E0  00  00  00  00  00  00  10     536.9214
     0100      8   E0  00  00  00  00  00  00  10     536.9241
     0100      8   E0  00  00  00  00  00  00  10     536.9268
     0100      8   E0  00  00  00  00  00  00  10     536.9295
     0100      8   E0  00  00  00  00  00  00  10     536.9323
     0100      8   E0  00  00  00  00  00  00  10     536.9350
     0100      8   E0  00  00  00  00  00  00  10     536.9377
     0100      8   E0  00  00  00  00  00  00  10     536.9404
     0100      8   E0  00  00  00  00  00  00  10     536.9431
     0100      8   E0  00  00  00  00  00  00  10     536.9459
     0100      8   E0  00  00  00  00  00  00  10     536.9486
     0100      8   E0  00  00  00  00  00  00  10     536.9513
     0100      8   E0  00  00  00  00  00  00  10     536.9540
     0100      8   E0  00  00  00  00  00  00  10     536.9567
     0100      8   E0  00  00  00  00  00  00  10     536.9595
     0100      8   E0  00  00  00  00  00  00  10     536.9622
     0100      8   E0  00  00  00  00  00  00  10     536.9649
     0100      8   E0  00  00  00  00  00  00  10     536.9676
     0100      8   E0  00  00  00  00  00  00  10     536.9703
     0100      8   E0  00  00  00  00  00  00  10     536.9731
     0100      8   E0  00  00  00  00  00  00  10     536.9758
     0100      8   E0  00  00  00  00  00  00  10     536.9785
     0100      8   E0  00  00  00  00  00  00  10     536.9812
     0100      8   E0  00  00  00  00  00  00  10     536.9839
     0100      8   E0  00  00  00  00  00  00  10     536.9867
     0100      8   E0  00  00  00  00  00  00  10     536.9894
     0100      8   E0  00  00  00  00  00  00  10     536.9921
     0100      8   E0  00  00  00  00  00  00  10     536.9948
     0100      8   E0  00  00  00  00  00  00  10     536.9975
     0100      8   E0  00  00  00  00  00  00  10     537.0002
     0100      8   E0  00  00  00  00  00  00  10     537.0030
     0100      8   E0  00  00  00  00  00  00  10     537.0057
     0100      8   E0  00  00  00  00  00  00  10     537.0084
     0100      8   E0  00  00  00  00  00  00  10     537.0111
     0100      8   E0  00  00  00  00  00  00  10     537.0139
     0100      8   E0  00  00  00  00  00  00  10     537.0166
     0100      8   E0  00  00  00  00  00  00  10     537.0193
     0100      8   E0  00  00  00  00  00  00  10     537.0220
     0100      8   E0  00  00  00  00  00  00  10     537.0247
     0100      8   E0  00  00  00  00  00  00  10     537.0274
     0100      8   E0  00  00  00  00  00  00  10     537.0302
     0100      8   E0  00  00  00  00  00  00  10     537.0329
     0100      8   E0  00  00  00  00  00  00  10     537.0356
     0100      8   E0  00  00  00  00  00  00  10     537.0383
     0100      8   E0  00  00  00  00  00  00  10     537.0410
     0100      8   E0  00  00  00  00  00  00  10     537.0438
     0100      8   E0  00  00  00  00  00  00  10     537.0465
     0100      8   E0  00  00  00  00  00  00  10     537.0492
     0100      8   E0  00  00  00  00  00  00  10     537.0519
     0100      8   E0  00  00  00  00  00  00  10     537.0546
     0100      8   E0  00  00  00  00  00  00  10     537.0574
     0100      8   E0  00  00  00  00  00  00  10     537.0601
     0100      8   E0  00  00  00  00  00  00  10     537.0628
     0100      8   E0  00  00  00  00  00  00  10     537.0655
     0100      8   E0  00  00  00  00  00  00  10     537.0682
     0100      8   E0  00  00  00  00  00  00  10     537.0710
     0100      8   E0  00  00  00  00  00  00  10     537.0737
     0100      8   E0  00  00  00  00  00  00  10     537.0764
     0100      8   E0  00  00  00  00  00  00  10     537.0791
     0100      8   E0  00  00  00  00  00  00  10     537.0818
     0100      8   E0  00  00  00  00  00  00  10     537.0845
     0100      8   E0  00  00  00  00  00  00  10     537.0873
     0100      8   E0  00  00  00  00  00  00  10     537.0900
     0100      8   E0  00  00  00  00  00  00  10     537.0927
     0100      8   E0  00  00  00  00  00  00  10     537.0954
     0100      8   E0  00  00  00  00  00  00  10     537.0981
     0100      8   E0  00  00  00  00  00  00  10     537.1009
     0100      8   E0  00  00  00  00  00  00  10     537.1036
     0100      8   E0  00  00  00  00  00  00  10     537.1063
     0100      8   E0  00  00  00  00  00  00  10     537.1090
     0100      8   E0  00  00  00  00  00  00  10     537.1117
     0100      8   E0  00  00  00  00  00  00  10     537.1145
     0100      8   E0  00  00  00  00  00  00  10     537.1172
     0100      8   E0  00  00  00  00  00  00  10     537.1199
     0100      8   E0  00  00  00  00  00  00  10     537.1226
     0100      8   E0  00  00  00  00  00  00  10     537.1253
     0100      8   E0  00  00  00  00  00  00  10     537.1281
     0100      8   E0  00  00  00  00  00  00  10     537.1308
     0100      8   E0  00  00  00  00  00  00  10     537.1335
     0100      8   E0  00  00  00  00  00  00  10     537.1362
     0100      8   E0  00  00  00  00  00  00  10     537.1389
     0100      8   E0  00  00  00  00  00  00  10     537.1417
     0100      8   E0  00  00  00  00  00  00  10     537.1444
     0100      8   E0  00  00  00  00  00  00  10     537.1471
     0100      8   E0  00  00  00  00  00  00  10     537.1498
     0100      8   E0  00  00  00  00  00  00  10     537.1525
     0100      8   E0  00  00  00  00  00  00  10     537.1553
     0100      8   E0  00  00  00  00  00  00  10     537.1580
     0100      8   E0  00  00  00  00  00  00  10     537.1607
     0100      8   E0  00  00  00  00  00  00  10     537.1634
     0100      8   E0  00  00  00  00  00  00  10     537.1661
     0100      8   E0  00  00  00  00  00  00  10     537.1689
     0100      8   E0  00  00  00  00  00  00  10     537.1716
     0100      8   E0  00  00  00  00  00  00  10     537.1743
     0100      8   E0  00  00  00  00  00  00  10     537.1770
     0100      8   E0  00  00  00  00  00  00  10     537.1797
     0100      8   E0  00  00  00  00  00  00  10     537.1825
     0100      8   E0  00  00  00  00  00  00  10     537.1852
     0100      8   E0  00  00  00  00  00  00  10     537.1879
     0100      8   E0  00  00  00  00  00  00  10     537.1906
     0100      8   E0  00  00  00  00  00  00  10     537.1933
     0100      8   E0  00  00  00  00  00  00  10     537.1961
     0100      8   E0  00  00  00  00  00  00  10     537.1988
     0100      8   E0  00  00  00  00  00  00  10     537.2015
     0100      8   E0  00  00  00  00  00  00  10     537.2042
     0100      8   E0  00  00  00  00  00  00  10     537.2069
     0100      8   E0  00  00  00  00  00  00  10     537.2096
     0100      8   E0  00  00  00  00  00  00  10     537.2124
     0100      8   E0  00  00  00  00  00  00  10     537.2151
     0100      8   E0  00  00  00  00  00  00  10     537.2178
     0100      8   E0  00  00  00  00  00  00  10     537.2205
     0100      8   E0  00  00  00  00  00  00  10     537.2232
     0100      8   E0  00  00  00  00  00  00  10     537.2260
     0100      8   E0  00  00  00  00  00  00  10     537.2287
     0100      8   E0  00  00  00  00  00  00  10     537.2314
     0100      8   E0  00  00  00  00  00  00  10     537.2341
     0100      8   E0  00  00  00  00  00  00  10     537.2368
     0100      8   E0  00  00  00  00  00  00  10     537.2396
     0100      8   E0  00  00  00  00  00  00  10     537.2423
     0100      8   E0  00  00  00  00  00  00  10     537.2450
     0100      8   E0  00  00  00  00  00  00  10     537.2477
     0100      8   E0  00  00  00  00  00  00  10     537.2504
     0100      8   E0  00  00  00  00  00  00  10     537.2532
     0100      8   E0  00  00  00  00  00  00  10     537.2559
     0100      8   E0  00  00  00  00  00  00  10     537.2586
     0100      8   E0  00  00  00  00  00  00  10     537.2613
     0100      8   E0  00  00  00  00  00  00  10     537.2640
     0100      8   E0  00  00  00  00  00  00  10     537.2668
     0100      8   E0  00  00  00  00  00  00  10     537.2695
     0100      8   E0  00  00  00  00  00  00  10     537.2722
     0100      8   E0  00  00  00  00  00  00  10     537.2749
     0100      8   E0  00  00  00  00  00  00  10     537.2776
     0100      8   E0  00  00  00  00  00  00  10     537.2803
     0100      8   E0  00  00  00  00  00  00  10     537.2831
     0100      8   E0  00  00  00  00  00  00  10     537.2858
     0100      8   E0  00  00  00  00  00  00  10     537.2885
     0100      8   E0  00  00  00  00  00  00  10     537.2912
     0100      8   E0  00  00  00  00  00  00  10     537.2939
     0100      8   E0  00  00  00  00  00  00  10     537.2967
     0100      8   E0  00  00  00  00  00  00  10     537.2994
     0100      8   E0  00  00  00  00  00  00  10     537.3021
     0100      8   E0  00  00  00  00  00  00  10     537.3048
     0100      8   E0  00  00  00  00  00  00  10     537.3075
     0100      8   E0  00  00  00  00  00  00  10     537.3103
     0100      8   E0  00  00  00  00  00  00  10     537.3130
     0100      8   E0  00  00  00  00  00  00  10     537.3157
     0100      8   E0  00  00  00  00  00  00  10     537.3184
     0100      8   E0  00  00  00  00  00  00  10     537.3211
     0100      8   E0  00  00  00  00  00  00  10     537.3239
     0100      8   E0  00  00  00  00  00  00  10     537.3266
     0100      8   E0  00  00  00  00  00  00  10     537.3293
     0100      8   E0  00  00  00  00  00  00  10     537.3320
     0100      8   E0  00  00  00  00  00  00  10     537.3347
     0100      8   E0  00  00  00  00  00  00  10     537.3375
     0100      8   E0  00  00  00  00  00  00  10     537.3402
     0100      8   E0  00  00  00  00  00  00  10     537.3429
     0100      8   E0  00  00  00  00  00  00  10     537.3456
     0100      8   E0  00  00  00  00  00  00  10     537.3483
     0100      8   E0  00  00  00  00  00  00  10     537.3511
     0100      8   E0  00  00  00  00  00  00  10     537.3538
     0100      8   E0  00  00  00  00  00  00  10     537.3565
     0100      8   E0  00  00  00  00  00  00  10     537.3592
     0100      8   E0  00  00  00  00  00  00  10     537.3619
     0100      8   E0  00  00  00  00  00  00  10     537.3647
     0100      8   E0  00  00  00  00  00  00  10     537.3674
     0100      8   E0  00  00  00  00  00  00  10     537.3701
     0100      8   E0  00  00  00  00  00  00  10     537.3728
     0100      8   E0  00  00  00  00  00  00  10     537.3755
     0100      8   E0  00  00  00  00  00  00  10     537.3783
     0100      8   E0  00  00  00  00  00  00  10     537.3810
     0100      8   E0  00  00  00  00  00  00  10     537.3837
     0100      8   E0  00  00  00  00  00  00  10     537.3864
     0100      8   E0  00  00  00  00  00  00  10     537.3891
     0100      8   E0  00  00  00  00  00  00  10     537.3918
     0100      8   E0  00  00  00  00  00  00  10     537.3946
     0100      8   E0  00  00  00  00  00  00  10     537.3973
     0100      8   E0  00  00  00  00  00  00  10     537.4000
     0100      8   E0  00  00  00  00  00  00  10     537.4027
     0100      8   E0  00  00  00  00  00  00  10     537.4054
     0100      8   E0  00  00  00  00  00  00  10     537.4082
     0100      8   E0  00  00  00  00  00  00  10     537.4109
     0100      8   E0  00  00  00  00  00  00  10     537.4136
     0100      8   E0  00  00  00  00  00  00  10     537.4163
     0100      8   E0  00  00  00  00  00  00  10     537.4190
     0100      8   E0  00  00  00  00  00  00  10     537.4218
     0100      8   E0  00  00  00  00  00  00  10     537.4245
     0100      8   E0  00  00  00  00  00  00  10     537.4272
     0100      8   E0  00  00  00  00  00  00  10     537.4299
     0100      8   E0  00  00  00  00  00  00  10     537.4326
     0100      8   E0  00  00  00  00  00  00  10     537.4354
     0100      8   E0  00  00  00  00  00  00  10     537.4381
     0100      8   E0  00  00  00  00  00  00  10     537.4408
     0100      8   E0  00  00  00  00  00  00  10     537.4435
     0100      8   E0  00  00  00  00  00  00  10     537.4462
     0100      8   E0  00  00  00  00  00  00  10     537.4490
     0100      8   E0  00  00  00  00  00  00  10     537.4517
     0100      8   E0  00  00  00  00  00  00  10     537.4544
     0100      8   E0  00  00  00  00  00  00  10     537.4571
     0100      8   E0  00  00  00  00  00  00  10     537.4598
     0100      8   E0  00  00  00  00  00  00  10     537.4625
     0100      8   E0  00  00  00  00  00  00  10     537.4653
     0100      8   E0  00  00  00  00  00  00  10     537.4680
     0100      8   E0  00  00  00  00  00  00  10     537.4707
     0100      8   E0  00  00  00  00  00  00  10     537.4734
     0100      8   E0  00  00  00  00  00  00  10     537.4761
     0100      8   E0  00  00  00  00  00  00  10     537.4789
     0100      8   E0  00  00  00  00  00  00  10     537.4816
     0100      8   E0  00  00  00  00  00  00  10     537.4843
     0100      8   E0  00  00  00  00  00  00  10     537.4870
     0100      8   E0  00  00  00  00  00  00  10     537.4897
     0100      8   E0  00  00  00  00  00  00  10     537.4925
     0100      8   E0  00  00  00  00  00  00  10     537.4952
     0100      8   E0  00  00  00  00  00  00  10     537.4979
     0100      8   E0  00  00  00  00  00  00  10     537.5006
     0100      8   E0  00  00  00  00  00  00  10     537.5033
     0100      8   E0  00  00  00  00  00  00  10     537.5061
     0100      8   E0  00  00  00  00  00  00  10     537.5088
     0100      8   E0  00  00  00  00  00  00  10     537.5115
     0100      8   E0  00  00  00  00  00  00  10     537.5142
     0100      8   E0  00  00  00  00  00  00  10     537.5169
     0100      8   E0  00  00  00  00  00  00  10     537.5197
     0100      8   E0  00  00  00  00  00  00  10     537.5224
     0100      8   E0  00  00  00  00  00  00  10     537.5251
     0100      8   E0  00  00  00  00  00  00  10     537.5278
     0100      8   E0  00  00  00  00  00  00  10     537.5305
     0100      8   E0  00  00  00  00  00  00  10     537.5333
     0100      8   E0  00  00  00  00  00  00  10     537.5360
     0100      8   E0  00  00  00  00  00  00  10     537.5387
     0100      8   E0  00  00  00  00  00  00  10     537.5414
     0100      8   E0  00  00  00  00  00  00  10     537.5441
     0100      8   E0  00  00  00  00  00  00  10     537.5469
     0100      8   E0  00  00  00  00  00  00  10     537.5496
     0100      8   E0  00  00  00  00  00  00  10     537.5523
     0100      8   E0  00  00  00  00  00  00  10     537.5550
     0100      8   E0  00  00  00  00  00  00  10     537.5577
     0100      8   E0  00  00  00  00  00  00  10     537.5605
     0100      8   E0  00  00  00  00  00  00  10     537.5632
     0100      8   E0  00  00  00  00  00  00  10     537.5659
     0100      8   E0  00  00  00  00  00  00  10     537.5686
     0100      8   E0  00  00  00  00  00  00  10     537.5713
     0100      8   E0  00  00  00  00  00  00  10     537.5740
     0100      8   E0  00  00  00  00  00  00  10     537.5768
     0100      8   E0  00  00  00  00  00  00  10     537.5795
     0100      8   E0  00  00  00  00  00  00  10     537.5822
     0100      8   E0  00  00  00  00  00  00  10     537.5849
     0100      8   E0  00  00  00  00  00  00  10     537.5876
     0100      8   E0  00  00  00  00  00  00  10     537.5904
     0100      8   E0  00  00  00  00  00  00  10     537.5931
     0100      8   E0  00  00  00  00  00  00  10     537.5958
     0100      8   E0  00  00  00  00  00  00  10     537.5985
     0100      8   E0  00  00  00  00  00  00  10     537.6012
     0100      8   E0  00  00  00  00  00  00  10     537.6040
     0100      8   E0  00  00  00  00  00  00  10     537.6067
     0100      8   E0  00  00  00  00  00  00  10     537.6094
     0100      8   E0  00  00  00  00  00  00  10     537.6121
     0100      8   E0  00  00  00  00  00  00  10     537.6148
     0100      8   E0  00  00  00  00  00  00  10     537.6176
     0100      8   E0  00  00  00  00  00  00  10     537.6203
     0100      8   E0  00  00  00  00  00  00  10     537.6230
     0100      8   E0  00  00  00  00  00  00  10     537.6257
     0100      8   E0  00  00  00  00  00  00  10     537.6284
     0100      8   E0  00  00  00  00  00  00  10     537.6312
     0100      8   E0  00  00  00  00  00  00  10     537.6339
     0100      8   E0  00  00  00  00  00  00  10     537.6366
     0100      8   E0  00  00  00  00  00  00  10     537.6393
     0100      8   E0  00  00  00  00  00  00  10     537.6420
     0100      8   E0  00  00  00  00  00  00  10     537.6448
     0100      8   E0  00  00  00  00  00  00  10     537.6475
     0100      8   E0  00  00  00  00  00  00  10     537.6502
     0100      8   E0  00  00  00  00  00  00  10     537.6529
     0100      8   E0  00  00  00  00  00  00  10     537.6556
     0100      8   E0  00  00  00  00  00  00  10     537.6583
     0100      8   E0  00  00  00  00  00  00  10     537.6611
     0100      8   E0  00  00  00  00  00  00  10     537.6638
     0100      8   E0  00  00  00  00  00  00  10     537.6665
     0100      8   E0  00  00  00  00  00  00  10     537.6692
     0100      8   E0  00  00  00  00  00  00  10     537.6719
     0100      8   E0  00  00  00  00  00  00  10     537.6747
     0100      8   E0  00  00  00  00  00  00  10     537.6774
     0100      8   E0  00  00  00  00  00  00  10     537.6801
     0100      8   E0  00  00  00  00  00  00  10     537.6828
     0100      8   E0  00  00  00  00  00  00  10     537.6855
     0100      8   E0  00  00  00  00  00  00  10     537.6883
     0100      8   E0  00  00  00  00  00  00  10     537.6910
     0100      8   E0  00  00  00  00  00  00  10     537.6937
     0100      8   E0  00  00  00  00  00  00  10     537.6964
     0100      8   E0  00  00  00  00  00  00  10     537.6991
     0100      8   E0  00  00  00  00  00  00  10     537.7019
     0100      8   E0  00  00  00  00  00  00  10     537.7046
     0100      8   E0  00  00  00  00  00  00  10     537.7073
     0100      8   E0  00  00  00  00  00  00  10     537.7100
     0100      8   E0  00  00  00  00  00  00  10     537.7127
     0100      8   E0  00  00  00  00  00  00  10     537.7155
     0100      8   E0  00  00  00  00  00  00  10     537.7182
     0100      8   E0  00  00  00  00  00  00  10     537.7209
     0100      8   E0  00  00  00  00  00  00  10     537.7236
     0100      8   E0  00  00  00  00  00  00  10     537.7263
     0100      8   E0  00  00  00  00  00  00  10     537.7291
     0100      8   E0  00  00  00  00  00  00  10     537.7318
     0100      8   E0  00  00  00  00  00  00  10     537.7345
     0100      8   E0  00  00  00  00  00  00  10     537.7372
     0100      8   E0  00  00  00  00  00  00  10     537.7399
     0100      8   E0  00  00  00  00  00  00  10     537.7427
     0100      8   E0  00  00  00  00  00  00  10     537.7454
     0100      8   E0  00  00  00  00  00  00  10     537.7481
     0100      8   E0  00  00  00  00  00  00  10     537.7508
     0100      8   E0  00  00  00  00  00  00  10     537.7535
     0100      8   E0  00  00  00  00  00  00  10     537.7562
     0100      8   E0  00  00  00  00  00  00  10     537.7590
     0100      8   E0  00  00  00  00  00  00  10     537.7617
     0100      8   E0  00  00  00  00  00  00  10     537.7644
     0100      8   E0  00  00  00  00  00  00  10     537.7671
     0100      8   E0  00  00  00  00  00  00  10     537.7698
     0100      8   E0  00  00  00  00  00  00  10     537.7726
     0100      8   E0  00  00  00  00  00  00  10     537.7753
     0100      8   E0  00  00  00  00  00  00  10     537.7780
     0100      8   E0  00  00  00  00  00  00  10     537.7807
     0100      8   E0  00  00  00  00  00  00  10     537.7834
     0100      8   E0  00  00  00  00  00  00  10     537.7862
     0100      8   E0  00  00  00  00  00  00  10     537.7889
     0100      8   E0  00  00  00  00  00  00  10     537.7916
     0100      8   E0  00  00  00  00  00  00  10     537.7943
     0100      8   E0  00  00  00  00  00  00  10     537.7970
     0100      8   E0  00  00  00  00  00  00  10     537.7998
     0100      8   E0  00  00  00  00  00  00  10     537.8025
     0100      8   E0  00  00  00  00  00  00  10     537.8052
     0100      8   E0  00  00  00  00  00  00  10     537.8079
     0100      8   E0  00  00  00  00  00  00  10     537.8106
     0100      8   E0  00  00  00  00  00  00  10     537.8134
     0100      8   E0  00  00  00  00  00  00  10     537.8161
     0100      8   E0  00  00  00  00  00  00  10     537.8188
     0100      8   E0  00  00  00  00  00  00  10     537.8215
     0100      8   E0  00  00  00  00  00  00  10     537.8242
     0100      8   E0  00  00  00  00  00  00  10     537.8270
     0100      8   E0  00  00  00  00  00  00  10     537.8297
     0100      8   E0  00  00  00  00  00  00  10     537.8324
     0100      8   E0  00  00  00  00  00  00  10     537.8351
     0100      8   E0  00  00  00  00  00  00  10     537.8378
     0100      8   E0  00  00  00  00  00  00  10     537.8405
     0100      8   E0  00  00  00  00  00  00  10     537.8433
     0100      8   E0  00  00  00  00  00  00  10     537.8460
     0100      8   E0  00  00  00  00  00  00  10     537.8487
     0100      8   E0  00  00  00  00  00  00  10     537.8514
     0100      8   E0  00  00  00  00  00  00  10     537.8541
     0100      8   E0  00  00  00  00  00  00  10     537.8569
     0100      8   E0  00  00  00  00  00  00  10     537.8596
     0100      8   E0  00  00  00  00  00  00  10     537.8623
     0100      8   E0  00  00  00  00  00  00  10     537.8650
     0100      8   E0  00  00  00  00  00  00  10     537.8677
     0100      8   E0  00  00  00  00  00  00  10     537.8705
     0100      8   E0  00  00  00  00  00  00  10     537.8732
     0100      8   E0  00  00  00  00  00  00  10     537.8759
     0100      8   E0  00  00  00  00  00  00  10     537.8786
     0100      8   E0  00  00  00  00  00  00  10     537.8813
     0100      8   E0  00  00  00  00  00  00  10     537.8841
     0100      8   E0  00  00  00  00  00  00  10     537.8868
     0100      8   E0  00  00  00  00  00  00  10     537.8895
     0100      8   E0  00  00  00  00  00  00  10     537.8922
     0100      8   E0  00  00  00  00  00  00  10     537.8949
     0100      8   E0  00  00  00  00  00  00  10     537.8977
     0100      8   E0  00  00  00  00  00  00  10     537.9004
     0100      8   E0  00  00  00  00  00  00  10     537.9031
     0100      8   E0  00  00  00  00  00  00  10     537.9058
     0100      8   E0  00  00  00  00  00  00  10     537.9085
     0100      8   E0  00  00  00  00  00  00  10     537.9113
     0100      8   E0  00  00  00  00  00  00  10     537.9140
     0100      8   E0  00  00  00  00  00  00  10     537.9167
     0100      8   E0  00  00  00  00  00  00  10     537.9194
     0100      8   E0  00  00  00  00  00  00  10     537.9221
     0100      8   E0  00  00  00  00  00  00  10     537.9249
     0100      8   E0  00  00  00  00  00  00  10     537.9276
     0100      8   E0  00  00  00  00  00  00  10     537.9303
     0100      8   E0  00  00  00  00  00  00  10     537.9330
     0100      8   E0  00  00  00  00  00  00  10     537.9357
     0100      8   E0  00  00  00  00  00  00  10     537.9384
     0100      8   E0  00  00  00  00  00  00  10     537.9412
     0100      8   E0  00  00  00  00  00  00  10     537.9439
     0100      8   E0  00  00  00  00  00  00  10     537.9466
     0100      8   E0  00  00  00  00  00  00  10     537.9493
     0100      8   E0  00  00  00  00  00  00  10     537.9520
     0100      8   E0  00  00  00  00  00  00  10     537.9548
     0100      8   E0  00  00  00  00  00  00  10     537.9575
     0100      8   E0  00  00  00  00  00  00  10     537.9602
     0100      8   E0  00  00  00  00  00  00  10     537.9629
     0100      8   E0  00  00  00  00  00  00  10     537.9656
     0100      8   E0  00  00  00  00  00  00  10     537.9684
     0100      8   E0  00  00  00  00  00  00  10     537.9711
     0100      8   E0  00  00  00  00  00  00  10     537.9738
     0100      8   E0  00  00  00  00  00  00  10     537.9765
     0100      8   E0  00  00  00  00  00  00  10     537.9792
     0100      8   E0  00  00  00  00  00  00  10     537.9820
     0100      8   E0  00  00  00  00  00  00  10     537.9847
     0100      8   E0  00  00  00  00  00  00  10     537.9874
     0100      8   E0  00  00  00  00  00  00  10     537.9901
     0100      8   E0  00  00  00  00  00  00  10     537.9928
     0100      8   E0  00  00  00  00  00  00  10     537.9956
     0100      8   E0  00  00  00  00  00  00  10     537.9983
     0100      8   E0  00  00  00  00  00  00  10     538.0010
     0100      8   E0  00  00  00  00  00  00  10     538.0037
     0100      8   E0  00  00  00  00  00  00  10     538.0064
     0100      8   E0  00  00  00  00  00  00  10     538.0092
     0100      8   E0  00  00  00  00  00  00  10     538.0119
     0100      8   E0  00  00  00  00  00  00  10     538.0146
     0100      8   E0  00  00  00  00  00  00  10     538.0173
     0100      8   E0  00  00  00  00  00  00  10     538.0200
     0100      8   E0  00  00  00  00  00  00  10     538.0228
     0100      8   E0  00  00  00  00  00  00  10     538.0255
     0100      8   E0  00  00  00  00  00  00  10     538.0282
     0100      8   E0  00  00  00  00  00  00  10     538.0309
     0100      8   E0  00  00  00  00  00  00  10     538.0336
     0100      8   E0  00  00  00  00  00  00  10     538.0363
     0100      8   E0  00  00  00  00  00  00  10     538.0391
     0100      8   E0  00  00  00  00  00  00  10     538.0418
     0100      8   E0  00  00  00  00  00  00  10     538.0445
     0100      8   E0  00  00  00  00  00  00  10     538.0472
     0100      8   E0  00  00  00  00  00  00  10     538.0499
     0100      8   E0  00  00  00  00  00  00  10     538.0527
     0100      8   E0  00  00  00  00  00  00  10     538.0554
     0100      8   E0  00  00  00  00  00  00  10     538.0581
     0100      8   E0  00  00  00  00  00  00  10     538.0608
     0100      8   E0  00  00  00  00  00  00  10     538.0635
     0100      8   E0  00  00  00  00  00  00  10     538.0663
     0100      8   E0  00  00  00  00  00  00  10     538.0690
     0100      8   E0  00  00  00  00  00  00  10     538.0717
     0100      8   E0  00  00  00  00  00  00  10     538.0744
     0100      8   E0  00  00  00  00  00  00  10     538.0771
     0100      8   E0  00  00  00  00  00  00  10     538.0799
     0100      8   E0  00  00  00  00  00  00  10     538.0826
     0100      8   E0  00  00  00  00  00  00  10     538.0853
     0100      8   E0  00  00  00  00  00  00  10     538.0880
     0100      8   E0  00  00  00  00  00  00  10     538.0907
     0100      8   E0  00  00  00  00  00  00  10     538.0935
     0100      8   E0  00  00  00  00  00  00  10     538.0962
     0100      8   E0  00  00  00  00  00  00  10     538.0989
     0100      8   E0  00  00  00  00  00  00  10     538.1016
     0100      8   E0  00  00  00  00  00  00  10     538.1043
     0100      8   E0  00  00  00  00  00  00  10     538.1071
     0100      8   E0  00  00  00  00  00  00  10     538.1098
     0100      8   E0  00  00  00  00  00  00  10     538.1125
     0100      8   E0  00  00  00  00  00  00  10     538.1152
     0100      8   E0  00  00  00  00  00  00  10     538.1179
     0100      8   E0  00  00  00  00  00  00  10     538.1206
     0100      8   E0  00  00  00  00  00  00  10     538.1234
     0100      8   E0  00  00  00  00  00  00  10     538.1261
     0100      8   E0  00  00  00  00  00  00  10     538.1288
     0100      8   E0  00  00  00  00  00  00  10     538.1315
     0100      8   E0  00  00  00  00  00  00  10     538.1342
     0100      8   E0  00  00  00  00  00  00  10     538.1370
     0100      8   E0  00  00  00  00  00  00  10     538.1397
     0100      8   E0  00  00  00  00  00  00  10     538.1424
     0100      8   E0  00  00  00  00  00  00  10     538.1451
     0100      8   E0  00  00  00  00  00  00  10     538.1478
     0100      8   E0  00  00  00  00  00  00  10     538.1506
     0100      8   E0  00  00  00  00  00  00  10     538.1533
     0100      8   E0  00  00  00  00  00  00  10     538.1560
     0100      8   E0  00  00  00  00  00  00  10     538.1587
     0100      8   E0  00  00  00  00  00  00  10     538.1614
     0100      8   E0  00  00  00  00  00  00  10     538.1642
     0100      8   E0  00  00  00  00  00  00  10     538.1669
     0100      8   E0  00  00  00  00  00  00  10     538.1696
     0100      8   E0  00  00  00  00  00  00  10     538.1723
     0100      8   E0  00  00  00  00  00  00  10     538.1750
     0100      8   E0  00  00  00  00  00  00  10     538.1778
     0100      8   E0  00  00  00  00  00  00  10     538.1805
     0100      8   E0  00  00  00  00  00  00  10     538.1832
     0100      8   E0  00  00  00  00  00  00  10     538.1859
     0100      8   E0  00  00  00  00  00  00  10     538.1886
     0100      8   E0  00  00  00  00  00  00  10     538.1914
     0100      8   E0  00  00  00  00  00  00  10     538.1941
     0100      8   E0  00  00  00  00  00  00  10     538.1968
     0100      8   E0  00  00  00  00  00  00  10     538.1995
     0100      8   E0  00  00  00  00  00  00  10     538.2022
     0100      8   E0  00  00  00  00  00  00  10     538.2049
     0100      8   E0  00  00  00  00  00  00  10     538.2077
     0100      8   E0  00  00  00  00  00  00  10     538.2104
     0100      8   E0  00  00  00  00  00  00  10     538.2131
     0100      8   E0  00  00  00  00  00  00  10     538.2158
     0100      8   E0  00  00  00  00  00  00  10     538.2185
     0100      8   E0  00  00  00  00  00  00  10     538.2213
     0100      8   E0  00  00  00  00  00  00  10     538.2240
     0100      8   E0  00  00  00  00  00  00  10     538.2267
     0100      8   E0  00  00  00  00  00  00  10     538.2294
     0100      8   E0  00  00  00  00  00  00  10     538.2322
     0100      8   E0  00  00  00  00  00  00  10     538.2349
     0100      8   E0  00  00  00  00  00  00  10     538.2376
     0100      8   E0  00  00  00  00  00  00  10     538.2403
     0100      8   E0  00  00  00  00  00  00  10     538.2430
     0100      8   E0  00  00  00  00  00  00  10     538.2457
     0100      8   E0  00  00  00  00  00  00  10     538.2485
     0100      8   E0  00  00  00  00  00  00  10     538.2512
     0100      8   E0  00  00  00  00  00  00  10     538.2539
     0100      8   E0  00  00  00  00  00  00  10     538.2566
     0100      8   E0  00  00  00  00  00  00  10     538.2593
     0100      8   E0  00  00  00  00  00  00  10     538.2621
     0100      8   E0  00  00  00  00  00  00  10     538.2648
     0100      8   E0  00  00  00  00  00  00  10     538.2675
     0100      8   E0  00  00  00  00  00  00  10     538.2702
     0100      8   E0  00  00  00  00  00  00  10     538.2729
     0100      8   E0  00  00  00  00  00  00  10     538.2757
     0100      8   E0  00  00  00  00  00  00  10     538.2784
     0100      8   E0  00  00  00  00  00  00  10     538.2811
     0100      8   E0  00  00  00  00  00  00  10     538.2838
     0100      8   E0  00  00  00  00  00  00  10     538.2865
     0100      8   E0  00  00  00  00  00  00  10     538.2893
     0100      8   E0  00  00  00  00  00  00  10     538.2920
     0100      8   E0  00  00  00  00  00  00  10     538.2947
     0100      8   E0  00  00  00  00  00  00  10     538.2974
     0100      8   E0  00  00  00  00  00  00  10     538.3001
     0100      8   E0  00  00  00  00  00  00  10     538.3028
     0100      8   E0  00  00  00  00  00  00  10     538.3056
     0100      8   E0  00  00  00  00  00  00  10     538.3083
     0100      8   E0  00  00  00  00  00  00  10     538.3110
     0100      8   E0  00  00  00  00  00  00  10     538.3137
     0100      8   E0  00  00  00  00  00  00  10     538.3164
     0100      8   E0  00  00  00  00  00  00  10     538.3192
     0100      8   E0  00  00  00  00  00  00  10     538.3219
     0100      8   E0  00  00  00  00  00  00  10     538.3246
     0100      8   E0  00  00  00  00  00  00  10     538.3273
     0100      8   E0  00  00  00  00  00  00  10     538.3300
     0100      8   E0  00  00  00  00  00  00  10     538.3328
     0100      8   E0  00  00  00  00  00  00  10     538.3355
     0100      8   E0  00  00  00  00  00  00  10     538.3382
     0100      8   E0  00  00  00  00  00  00  10     538.3409
     0100      8   E0  00  00  00  00  00  00  10     538.3436
     0100      8   E0  00  00  00  00  00  00  10     538.3464
     0100      8   E0  00  00  00  00  00  00  10     538.3491
     0100      8   E0  00  00  00  00  00  00  10     538.3518
     0100      8   E0  00  00  00  00  00  00  10     538.3545
     0100      8   E0  00  00  00  00  00  00  10     538.3572
     0100      8   E0  00  00  00  00  00  00  10     538.3600
     0100      8   E0  00  00  00  00  00  00  10     538.3627
     0100      8   E0  00  00  00  00  00  00  10     538.3654
     0100      8   E0  00  00  00  00  00  00  10     538.3681
     0100      8   E0  00  00  00  00  00  00  10     538.3708
     0100      8   E0  00  00  00  00  00  00  10     538.3736
     0100      8   E0  00  00  00  00  00  00  10     538.3763
     0100      8   E0  00  00  00  00  00  00  10     538.3790
     0100      8   E0  00  00  00  00  00  00  10     538.3817
     0100      8   E0  00  00  00  00  00  00  10     538.3844
     0100      8   E0  00  00  00  00  00  00  10     538.3872
     0100      8   E0  00  00  00  00  00  00  10     538.3899
     0100      8   E0  00  00  00  00  00  00  10     538.3926
     0100      8   E0  00  00  00  00  00  00  10     538.3953
     0100      8   E0  00  00  00  00  00  00  10     538.3980
     0100      8   E0  00  00  00  00  00  00  10     538.4007
     0100      8   E0  00  00  00  00  00  00  10     538.4035
     0100      8   E0  00  00  00  00  00  00  10     538.4062
     0100      8   E0  00  00  00  00  00  00  10     538.4089
     0100      8   E0  00  00  00  00  00  00  10     538.4116
     0100      8   E0  00  00  00  00  00  00  10     538.4144
     0100      8   E0  00  00  00  00  00  00  10     538.4171
     0100      8   E0  00  00  00  00  00  00  10     538.4198
     0100      8   E0  00  00  00  00  00  00  10     538.4225
     0100      8   E0  00  00  00  00  00  00  10     538.4252
     0100      8   E0  00  00  00  00  00  00  10     538.4279
     0100      8   E0  00  00  00  00  00  00  10     538.4307
     0100      8   E0  00  00  00  00  00  00  10     538.4334
     0100      8   E0  00  00  00  00  00  00  10     538.4361
     0100      8   E0  00  00  00  00  00  00  10     538.4388
     0100      8   E0  00  00  00  00  00  00  10     538.4415
     0100      8   E0  00  00  00  00  00  00  10     538.4443
     0100      8   E0  00  00  00  00  00  00  10     538.4470
     0100      8   E0  00  00  00  00  00  00  10     538.4497
     0100      8   E0  00  00  00  00  00  00  10     538.4524
     0100      8   E0  00  00  00  00  00  00  10     538.4551
     0100      8   E0  00  00  00  00  00  00  10     538.4579
     0100      8   E0  00  00  00  00  00  00  10     538.4606
     0100      8   E0  00  00  00  00  00  00  10     538.4633
     0100      8   E0  00  00  00  00  00  00  10     538.4660
     0100      8   E0  00  00  00  00  00  00  10     538.4687
     0100      8   E0  00  00  00  00  00  00  10     538.4715
     0100      8   E0  00  00  00  00  00  00  10     538.4742
     0100      8   E0  00  00  00  00  00  00  10     538.4769
     0100      8   E0  00  00  00  00  00  00  10     538.4796
     0100      8   E0  00  00  00  00  00  00  10     538.4823
     0100      8   E0  00  00  00  00  00  00  10     538.4851
     0100      8   E0  00  00  00  00  00  00  10     538.4878
     0100      8   E0  00  00  00  00  00  00  10     538.4905
     0100      8   E0  00  00  00  00  00  00  10     538.4932
     0100      8   E0  00  00  00  00  00  00  10     538.4959
     0100      8   E0  00  00  00  00  00  00  10     538.4986
     0100      8   E0  00  00  00  00  00  00  10     538.5014
     0100      8   E0  00  00  00  00  00  00  10     538.5041
     0100      8   E0  00  00  00  00  00  00  10     538.5068
     0100      8   E0  00  00  00  00  00  00  10     538.5095
     0100      8   E0  00  00  00  00  00  00  10     538.5122
     0100      8   E0  00  00  00  00  00  00  10     538.5150
     0100      8   E0  00  00  00  00  00  00  10     538.5177
     0100      8   E0  00  00  00  00  00  00  10     538.5204
     0100      8   E0  00  00  00  00  00  00  10     538.5231
     0100      8   E0  00  00  00  00  00  00  10     538.5258
     0100      8   E0  00  00  00  00  00  00  10     538.5286
     0100      8   E0  00  00  00  00  00  00  10     538.5313
     0100      8   E0  00  00  00  00  00  00  10     538.5340
     0100      8   E0  00  00  00  00  00  00  10     538.5367
     0100      8   E0  00  00  00  00  00  00  10     538.5394
     0100      8   E0  00  00  00  00  00  00  10     538.5422
     0100      8   E0  00  00  00  00  00  00  10     538.5449
     0100      8   E0  00  00  00  00  00  00  10     538.5476
     0100      8   E0  00  00  00  00  00  00  10     538.5503
     0100      8   E0  00  00  00  00  00  00  10     538.5530
     0100      8   E0  00  00  00  00  00  00  10     538.5558
     0100      8   E0  00  00  00  00  00  00  10     538.5585
     0100      8   E0  00  00  00  00  00  00  10     538.5612
     0100      8   E0  00  00  00  00  00  00  10     538.5639
     0100      8   E0  00  00  00  00  00  00  10     538.5666
     0100      8   E0  00  00  00  00  00  00  10     538.5694
     0100      8   E0  00  00  00  00  00  00  10     538.5721
     0100      8   E0  00  00  00  00  00  00  10     538.5748
     0100      8   E0  00  00  00  00  00  00  10     538.5775
     0100      8   E0  00  00  00  00  00  00  10     538.5802
     0100      8   E0  00  00  00  00  00  00  10     538.5829
     0100      8   E0  00  00  00  00  00  00  10     538.5857
     0100      8   E0  00  00  00  00  00  00  10     538.5884
     0100      8   E0  00  00  00  00  00  00  10     538.5911
     0100      8   E0  00  00  00  00  00  00  10     538.5938
     0100      8   E0  00  00  00  00  00  00  10     538.5966
     0100      8   E0  00  00  00  00  00  00  10     538.5993
     0100      8   E0  00  00  00  00  00  00  10     538.6020
     0100      8   E0  00  00  00  00  00  00  10     538.6047
     0100      8   E0  00  00  00  00  00  00  10     538.6074
     0100      8   E0  00  00  00  00  00  00  10     538.6101
     0100      8   E0  00  00  00  00  00  00  10     538.6129
     0100      8   E0  00  00  00  00  00  00  10     538.6156
     0100      8   E0  00  00  00  00  00  00  10     538.6183
     0100      8   E0  00  00  00  00  00  00  10     538.6210
     0100      8   E0  00  00  00  00  00  00  10     538.6237
     0100      8   E0  00  00  00  00  00  00  10     538.6265
     0100      8   E0  00  00  00  00  00  00  10     538.6292
     0100      8   E0  00  00  00  00  00  00  10     538.6319
     0100      8   E0  00  00  00  00  00  00  10     538.6346
     0100      8   E0  00  00  00  00  00  00  10     538.6373
     0100      8   E0  00  00  00  00  00  00  10     538.6401
     0100      8   E0  00  00  00  00  00  00  10     538.6428
     0100      8   E0  00  00  00  00  00  00  10     538.6455
     0100      8   E0  00  00  00  00  00  00  10     538.6482
     0100      8   E0  00  00  00  00  00  00  10     538.6509
     0100      8   E0  00  00  00  00  00  00  10     538.6537
     0100      8   E0  00  00  00  00  00  00  10     538.6564
     0100      8   E0  00  00  00  00  00  00  10     538.6591
     0100      8   E0  00  00  00  00  00  00  10     538.6618
     0100      8   E0  00  00  00  00  00  00  10     538.6645
     0100      8   E0  00  00  00  00  00  00  10     538.6673
     0100      8   E0  00  00  00  00  00  00  10     538.6700
     0100      8   E0  00  00  00  00  00  00  10     538.6727
     0100      8   E0  00  00  00  00  00  00  10     538.6754
     0100      8   E0  00  00  00  00  00  00  10     538.6781
     0100      8   E0  00  00  00  00  00  00  10     538.6808
     0100      8   E0  00  00  00  00  00  00  10     538.6836
     0100      8   E0  00  00  00  00  00  00  10     538.6863
     0100      8   E0  00  00  00  00  00  00  10     538.6890
     0100      8   E0  00  00  00  00  00  00  10     538.6917
     0100      8   E0  00  00  00  00  00  00  10     538.6944
     0100      8   E0  00  00  00  00  00  00  10     538.6972
     0100      8   E0  00  00  00  00  00  00  10     538.6999
     0100      8   E0  00  00  00  00  00  00  10     538.7026
     0100      8   E0  00  00  00  00  00  00  10     538.7053
     0100      8   E0  00  00  00  00  00  00  10     538.7080
     0100      8   E0  00  00  00  00  00  00  10     538.7108
     0100      8   E0  00  00  00  00  00  00  10     538.7135
     0100      8   E0  00  00  00  00  00  00  10     538.7162
     0100      8   E0  00  00  00  00  00  00  10     538.7189
     0100      8   E0  00  00  00  00  00  00  10     538.7216
     0100      8   E0  00  00  00  00  00  00  10     538.7244
     0100      8   E0  00  00  00  00  00  00  10     538.7271
     0100      8   E0  00  00  00  00  00  00  10     538.7298
     0100      8   E0  00  00  00  00  00  00  10     538.7325
     0100      8   E0  00  00  00  00  00  00  10     538.7352
     0100      8   E0  00  00  00  00  00  00  10     538.7380
     0100      8   E0  00  00  00  00  00  00  10     538.7407
     0100      8   E0  00  00  00  00  00  00  10     538.7434
     0100      8   E0  00  00  00  00  00  00  10     538.7461
     0100      8   E0  00  00  00  00  00  00  10     538.7488
     0100      8   E0  00  00  00  00  00  00  10     538.7516
