     0100      8   A0  00  00  00  00  00  00  CE       0.0038
     0100      8   A0  00  00  00  00  00  00  CE       0.0089
     0100      8   A0  00  00  00  00  00  00  CE       0.0140
     0100      8   A0  00  00  00  00  00  00  CE       0.0191
     0100      8   A0  00  00  00  00  00  00  CE       0.0242
     0100      8   A0  00  00  00  00  00  00  CE       0.0293
     0100      8   A0  00  00  00  00  00  00  CE       0.0344
     0100      8   A0  00  00  00  00  00  00  CE       0.0395
     0100      8   A0  00  00  00  00  00  00  CE       0.0446
     0100      8   A0  00  00  00  00  00  00  CE       0.0497
     0100      8   A0  00  00  00  00  00  00  CE       0.0548
     0100      8   A0  00  00  00  00  00  00  CE       0.0599
     0100      8   A0  00  00  00  00  00  00  CE       0.0650
     0100      8   A0  00  00  00  00  00  00  CE       0.0701
     0100      8   A0  00  00  00  00  00  00  CE       0.0752
     0100      8   A0  00  00  00  00  00  00  CE       0.0803
     0100      8   A0  00  00  00  00  00  00  CE       0.0854
     0100      8   A0  00  00  00  00  00  00  CE       0.0905
     0100      8   A0  00  00  00  00  00  00  CE       0.0956
     0100      8   A0  00  00  00  00  00  00  CE       0.1007
     0100      8   A0  00  00  00  00  00  00  CE       0.1058
     0100      8   A0  00  00  00  00  00  00  CE       0.1109
     0100      8   A0  00  00  00  00  00  00  CE       0.1160
     0100      8   A0  00  00  00  00  00  00  CE       0.1211
     0100      8   A0  00  00  00  00  00  00  CE       0.1262
     0100      8   A0  00  00  00  00  00  00  CE       0.1313
     0100      8   A0  00  00  00  00  00  00  CE       0.1364
     0100      8   A0  00  00  00  00  00  00  CE       0.1415
     0100      8   A0  00  00  00  00  00  00  CE       0.1466
     0100      8   A0  00  00  00  00  00  00  CE       0.1517
     0100      8   A0  00  00  00  00  00  00  CE       0.1568
     0100      8   A0  00  00  00  00  00  00  CE       0.1619
     0100      8   A0  00  00  00  00  00  00  CE       0.1670
     0100      8   A0  00  00  00  00  00  00  CE       0.1721
     0100      8   A0  00  00  00  00  00  00  CE       0.1772
     0100      8   A0  00  00  00  00  00  00  CE       0.1823
     0100      8   A0  00  00  00  00  00  00  CE       0.1874
     0100      8   A0  00  00  00  00  00  00  CE       0.1925
     0100      8   A0  00  00  00  00  00  00  CE       0.1976
     0100      8   A0  00  00  00  00  00  00  CE       0.2027
     0100      8   A0  00  00  00  00  00  00  CE       0.2078
     0100      8   A0  00  00  00  00  00  00  CE       0.2129
     0100      8   A0  00  00  00  00  00  00  CE       0.2180
     0100      8   A0  00  00  00  00  00  00  CE       0.2231
     0100      8   A0  00  00  00  00  00  00  CE       0.2282
     0100      8   A0  00  00  00  00  00  00  CE       0.2333
     0100      8   A0  00  00  00  00  00  00  CE       0.2384
     0100      8   A0  00  00  00  00  00  00  CE       0.2435
     0100      8   A0  00  00  00  00  00  00  CE       0.2486
     0100      8   A0  00  00  00  00  00  00  CE       0.2537
     0100      8   A0  00  00  00  00  00  00  CE       0.2588
     0100      8   A0  00  00  00  00  00  00  CE       0.2639
     0100      8   A0  00  00  00  00  00  00  CE       0.2690
     0100      8   A0  00  00  00  00  00  00  CE       0.2741
     0100      8   A0  00  00  00  00  00  00  CE       0.2792
     0100      8   A0  00  00  00  00  00  00  CE       0.2843
     0100      8   A0  00  00  00  00  00  00  CE       0.2894
     0100      8   A0  00  00  00  00  00  00  CE       0.2945
     0100      8   A0  00  00  00  00  00  00  CE       0.2996
     0100      8   A0  00  00  00  00  00  00  CE       0.3047
     0100      8   A0  00  00  00  00  00  00  CE       0.3098
     0100      8   A0  00  00  00  00  00  00  CE       0.3149
     0100      8   A0  00  00  00  00  00  00  CE       0.3200
     0100      8   A0  00  00  00  00  00  00  CE       0.3251
     0100      8   A0  00  00  00  00  00  00  CE       0.3302
     0100      8   A0  00  00  00  00  00  00  CE       0.3353
     0100      8   A0  00  00  00  00  00  00  CE       0.3404
     0100      8   A0  00  00  00  00  00  00  CE       0.3455
     0100      8   A0  00  00  00  00  00  00  CE       0.3506
     0100      8   A0  00  00  00  00  00  00  CE       0.3557
     0100      8   A0  00  00  00  00  00  00  CE       0.3608
     0100      8   A0  00  00  00  00  00  00  CE       0.3659
     0100      8   A0  00  00  00  00  00  00  CE       0.3710
     0100      8   A0  00  00  00  00  00  00  CE       0.3761
     0100      8   A0  00  00  00  00  00  00  CE       0.3812
     0100      8   A0  00  00  00  00  00  00  CE       0.3863
     0100      8   A0  00  00  00  00  00  00  CE       0.3914
     0100      8   A0  00  00  00  00  00  00  CE       0.3965
     0100      8   A0  00  00  00  00  00  00  CE       0.4016
     0100      8   A0  00  00  00  00  00  00  CE       0.4067
     0100      8   A0  00  00  00  00  00  00  CE       0.4118
     0100      8   A0  00  00  00  00  00  00  CE       0.4168
     0100      8   A0  00  00  00  00  00  00  CE       0.4219
     0100      8   A0  00  00  00  00  00  00  CE       0.4270
     0100      8   A0  00  00  00  00  00  00  CE       0.4321
     0100      8   A0  00  00  00  00  00  00  CE       0.4372
     0100      8   A0  00  00  00  00  00  00  CE       0.4423
     0100      8   A0  00  00  00  00  00  00  CE       0.4475
     0100      8   A0  00  00  00  00  00  00  CE       0.4525
     0100      8   A0  00  00  00  00  00  00  CE       0.4576
     0100      8   A0  00  00  00  00  00  00  CE       0.4627
     0100      8   A0  00  00  00  00  00  00  CE       0.4678
     0100      8   A0  00  00  00  00  00  00  CE       0.4729
     0100      8   A0  00  00  00  00  00  00  CE       0.4780
     0100      8   A0  00  00  00  00  00  00  CE       0.4831
     0100      8   A0  00  00  00  00  00  00  CE       0.4882
     0100      8   A0  00  00  00  00  00  00  CE       0.4933
     0100      8   A0  00  00  00  00  00  00  CE       0.4984
     0100      8   A0  00  00  00  00  00  00  CE       0.5035
     0100      8   A0  00  00  00  00  00  00  CE       0.5086
     0100      8   A0  00  00  00  00  00  00  CE       0.5137
     0100      8   A0  00  00  00  00  00  00  CE       0.5188
     0100      8   A0  00  00  00  00  00  00  CE       0.5239
     0100      8   A0  00  00  00  00  00  00  CE       0.5290
     0100      8   A0  00  00  00  00  00  00  CE       0.5341
     0100      8   A0  00  00  00  00  00  00  CE       0.5392
     0100      8   A0  00  00  00  00  00  00  CE       0.5443
     0100      8   A0  00  00  00  00  00  00  CE       0.5494
     0100      8   A0  00  00  00  00  00  00  CE       0.5545
     0100      8   A0  00  00  00  00  00  00  CE       0.5596
     0100      8   A0  00  00  00  00  00  00  CE       0.5647
     0100      8   A0  00  00  00  00  00  00  CE       0.5698
     0100      8   A0  00  00  00  00  00  00  CE       0.5749
     0100      8   A0  00  00  00  00  00  00  CE       0.5800
     0100      8   A0  00  00  00  00  00  00  CE       0.5851
     0100      8   A0  00  00  00  00  00  00  CE       0.5902
     0100      8   A0  00  00  00  00  00  00  CE       0.5953
     0100      8   A0  00  00  00  00  00  00  CE       0.6004
     0100      8   A0  00  00  00  00  00  00  CE       0.6055
     0100      8   A0  00  00  00  00  00  00  CE       0.6106
     0100      8   A0  00  00  00  00  00  00  CE       0.6157
     0100      8   A0  00  00  00  00  00  00  CE       0.6208
     0100      8   A0  00  00  00  00  00  00  CE       0.6259
     0100      8   A0  00  00  00  00  00  00  CE       0.6310
     0100      8   A0  00  00  00  00  00  00  CE       0.6361
     0100      8   A0  00  00  00  00  00  00  CE       0.6412
     0100      8   A0  00  00  00  00  00  00  CE       0.6463
     0100      8   A0  00  00  00  00  00  00  CE       0.6514
     0100      8   A0  00  00  00  00  00  00  CE       0.6565
     0101      8   21  FF  7F  FF  00  00  00  51       0.6576
     0102      8   A0  00  00  00  00  00  00  CE       0.6578
     0100      8   A0  00  00  00  00  00  00  CE       0.6616
     0100      8   C0  00  00  09  10  00  00  66       0.6659
     0101      8   41  FF  7F  FF  00  00  00  E0       0.6676
     0102      8   C0  00  00  09  10  00  00  66       0.6678
     0100      8   C0  00  00  09  10  00  00  66       0.6706
     0100      8   E0  00  00  09  10  00  00  09       0.6753
     0101      8   60  01  7F  FF  00  00  00  9D       0.6776
     0102      8   E0  00  00  09  10  00  00  09       0.6778
     0100      8   E0  00  00  09  10  00  00  09       0.6800
     0100      8   00  00  00  09  10  00  00  19       0.6854
     0101      8   80  01  7F  FF  00  00  00  8D       0.6876
     0102      8   00  00  00  09  10  00  00  19       0.6879
     0100      8   00  00  00  09  10  00  00  19       0.6908
     0100      8   20  00  00  09  10  00  00  76       0.6963
     0101      8   A0  01  7F  FF  00  00  00  E2       0.6976
     0102      8   20  00  00  09  10  00  00  76       0.6979
     0100      8   20  00  00  09  10  00  00  76       0.7017
     0100      8   40  00  00  09  10  00  00  C7       0.7072
     0101      8   C0  01  7F  FF  00  00  00  53       0.7076
     0102      8   20  00  00  09  10  00  00  76       0.7079
     0100      8   40  00  00  09  10  00  00  C7       0.7126
     0101      8   E0  01  7F  FF  00  00  00  3C       0.7176
     0102      8   40  00  00  09  10  00  00  C7       0.7179
     0100      8   60  00  00  09  10  00  00  A8       0.7181
     0100      8   80  00  00  09  10  00  00  B8       0.7235
     0101      8   00  01  7F  FF  00  00  00  2C       0.7276
     0102      8   80  00  00  09  10  00  00  B8       0.7279
     0100      8   80  00  00  09  10  00  00  B8       0.7289
     0100      8   A0  00  00  09  10  00  00  D7       0.7344
     0101      8   20  01  7F  FF  00  00  00  43       0.7376
     0102      8   A0  00  00  09  10  00  00  D7       0.7379
     0100      8   A0  00  00  09  10  00  00  D7       0.7398
     0100      8   C0  00  00  09  10  00  00  66       0.7452
     0101      8   40  01  7F  FF  00  00  00  F2       0.7476
     0102      8   C0  00  00  09  10  00  00  66       0.7479
     0501      8   0D  00  00  00  00  00  00  E6       0.7481
     0100      8   C0  00  00  09  10  00  00  66       0.7507
     0100      8   E0  00  00  09  10  00  00  09       0.7561
     0101      8   60  01  7F  FF  00  00  00  9D       0.7576
     0102      8   E0  00  00  09  10  00  00  09       0.7579
     0100      8   E0  00  00  09  10  00  00  09       0.7615
     0100      8   00  00  00  09  10  00  00  19       0.7670
     0101      8   80  01  7F  FF  00  00  00  8D       0.7676
     0102      8   00  00  00  09  10  00  00  19       0.7679
     0100      8   00  00  00  09  10  00  00  19       0.7724
     0101      8   A0  01  7F  FF  00  00  00  E2       0.7776
     0102      8   00  00  00  09  10  00  00  19       0.7779
     0100      8   20  00  00  09  10  00  00  76       0.7781
     0100      8   40  00  00  09  10  00  00  C7       0.7833
     0101      8   C0  01  7F  FF  00  00  00  53       0.7876
     0102      8   40  00  00  09  10  00  00  C7       0.7879
     0100      8   40  00  00  09  10  00  00  C7       0.7887
     0100      8   60  00  00  09  10  00  00  A8       0.7942
     0101      8   E0  01  7F  FF  00  00  00  3C       0.7976
     0102      8   60  00  00  09  10  00  00  A8       0.7979
     0100      8   60  00  00  09  10  00  00  A8       0.7996
     0100      8   80  00  00  09  10  00  00  B8       0.8051
     0101      8   00  01  7F  FF  00  00  00  2C       0.8076
     0102      8   80  00  00  09  10  00  00  B8       0.8079
     0100      8   80  00  00  09  10  00  00  B8       0.8105
     0100      8   A0  00  00  09  10  00  00  D7       0.8160
     0101      8   20  01  7F  FF  00  00  00  43       0.8176
     0102      8   A0  00  00  09  10  00  00  D7       0.8179
     0100      8   A0  00  00  09  10  00  00  D7       0.8214
     0100      8   C0  00  00  09  10  00  00  66       0.8268
     0101      8   40  01  7F  FF  00  00  00  F2       0.8276
     0102      8   C0  00  00  09  10  00  00  66       0.8279
     0100      8   C0  00  00  09  10  00  00  66       0.8323
     0101      8   60  01  7F  FF  00  00  00  9D       0.8376
     0100      8   E0  00  00  09  10  00  00  09       0.8378
     0102      8   C0  00  00  09  10  00  00  66       0.8381
     0100      8   00  00  00  09  10  00  00  19       0.8431
     0101      8   80  01  7F  FF  00  00  00  8D       0.8476
     0102      8   00  00  00  09  10  00  00  19       0.8479
     0501      8   0D  00  00  00  00  00  00  E6       0.8481
     0100      8   00  00  00  09  10  00  00  19       0.8486
     0100      8   20  00  00  09  10  00  00  76       0.8540
     0101      8   A0  01  7F  FF  00  00  01  FF       0.8576
     0102      8   20  00  00  09  10  00  00  76       0.8578
     0100      8   20  00  00  09  10  00  00  76       0.8595
     0101      8   C0  01  7F  FF  00  00  01  4E       0.8676
     0100      8   40  00  00  00  00  00  00  DE       0.8678
     0102      8   20  00  00  09  10  00  00  76       0.8681
     0100      8   60  00  00  00  00  00  00  B1       0.8758
     0101      8   E0  01  7F  FF  00  00  01  21       0.8776
     0102      8   60  00  00  00  00  00  00  B1       0.8778
     0100      8   60  00  00  00  00  00  00  B1       0.8812
     0101      8   00  01  7F  FF  00  00  01  31       0.8876
     0102      8   60  00  00  00  00  00  00  B1       0.8878
     0100      8   80  00  00  00  00  00  00  A1       0.8894
     0100      8   A0  00  00  00  00  00  00  CE       0.8975
     0101      8   20  01  7F  FF  00  00  01  5E       0.8978
     0102      8   80  00  00  00  00  00  00  A1       0.8980
     0100      8   A0  00  00  00  00  00  00  CE       0.9030
     0101      8   40  01  7F  FF  00  00  01  EF       0.9076
     0102      8   A0  00  00  00  00  00  00  CE       0.9078
     0100      8   C0  00  00  00  00  00  00  7F       0.9111
     0101      8   60  01  7F  FF  00  00  01  80       0.9176
     0102      8   C0  00  00  00  00  00  00  7F       0.9178
     0100      8   E0  00  00  00  00  00  00  10       0.9193
     0100      8   00  00  00  00  00  00  00  00       0.9275
     0101      8   80  01  00  00  00  00  01  FA       0.9277
     0102      8   E0  00  00  00  00  00  00  10       0.9279
     0100      8   00  00  00  00  00  00  00  00       0.9329
     0101      8   A0  01  00  00  00  00  01  95       0.9376
     0102      8   00  00  00  00  00  00  00  00       0.9378
     0100      8   20  00  00  00  00  00  00  6F       0.9410
     0101      8   C0  01  00  00  00  00  01  24       0.9476
     0102      8   20  00  00  00  00  00  00  6F       0.9478
     0501      8   0D  00  00  00  00  00  00  E6       0.9481
     0100      8   40  00  00  00  00  00  00  DE       0.9489
     0100      8   60  00  00  00  00  00  00  B1       0.9567
     0101      8   E0  01  00  00  00  00  01  4B       0.9576
     0102      8   60  00  00  00  00  00  00  B1       0.9578
     0100      8   60  00  00  00  00  00  00  B1       0.9618
     0101      8   00  01  00  00  00  00  01  5B       0.9676
     0102      8   60  00  00  00  00  00  00  B1       0.9678
     0100      8   80  00  00  00  00  00  00  A1       0.9696
     0100      8   A0  00  00  00  00  00  00  CE       0.9774
     0101      8   20  01  00  00  00  00  01  34       0.9777
     0102      8   80  00  00  00  00  00  00  A1       0.9779
     0100      8   A0  00  00  00  00  00  00  CE       0.9825
     0101      8   40  01  00  00  00  00  01  85       0.9876
     0102      8   A0  00  00  00  00  00  00  CE       0.9878
     0100      8   C0  00  00  00  00  00  00  7F       0.9903
     0101      8   60  01  00  00  00  00  01  EA       0.9976
     0102      8   C0  00  00  00  00  00  00  7F       0.9978
     0100      8   E0  00  00  00  00  00  00  10       0.9982
     0100      8   00  00  00  00  00  00  00  00       1.0060
     0101      8   80  01  00  00  00  00  01  FA       1.0076
     0102      8   00  00  00  00  00  00  00  00       1.0078
     0100      8   00  00  00  00  00  00  00  00       1.0111
     0101      8   A0  01  00  00  00  00  01  95       1.0176
     0102      8   00  00  00  00  00  00  00  00       1.0178
     0100      8   20  00  00  00  00  00  00  6F       1.0189
     0100      8   40  00  00  00  00  00  00  DE       1.0267
     0101      8   C0  01  00  00  00  00  01  24       1.0276
     0102      8   40  00  00  00  00  00  00  DE       1.0278
     0100      8   40  00  00  00  00  00  00  DE       1.0318
     0101      8   E0  01  00  00  00  00  01  4B       1.0376
     0102      8   40  00  00  00  00  00  00  DE       1.0378
     0100      8   60  00  00  00  00  00  00  B1       1.0396
     0100      8   80  00  00  00  00  00  00  A1       1.0474
     0101      8   00  01  00  00  00  00  01  5B       1.0477
     0102      8   60  00  00  00  00  00  00  B1       1.0479
     0501      8   0D  00  00  00  00  00  00  E6       1.0482
     0100      8   80  00  00  00  00  00  00  A1       1.0525
     0101      8   20  01  00  00  00  00  01  34       1.0576
     0102      8   80  00  00  00  00  00  00  A1       1.0578
     0100      8   A0  00  00  00  00  00  00  CE       1.0604
     0101      8   40  01  00  00  00  00  01  85       1.0676
     0102      8   A0  00  00  00  00  00  00  CE       1.0678
     0100      8   C0  00  00  00  00  00  00  7F       1.0682
     0100      8   E0  00  00  00  00  00  00  10       1.0760
     0101      8   60  01  00  00  00  00  01  EA       1.0776
     0102      8   E0  00  00  00  00  00  00  10       1.0778
     0100      8   E0  00  00  00  00  00  00  10       1.0811
     0101      8   80  01  00  00  00  00  01  FA       1.0876
     0102      8   E0  00  00  00  00  00  00  10       1.0878
     0100      8   00  00  00  00  00  00  00  00       1.0889
     0100      8   20  00  00  00  00  00  00  6F       1.0967
     0101      8   A0  01  00  00  00  00  01  95       1.0976
     0102      8   20  00  00  00  00  00  00  6F       1.0978
     0100      8   20  00  00  00  00  00  00  6F       1.1018
     0101      8   C0  01  00  00  00  00  01  24       1.1076
     0102      8   20  00  00  00  00  00  00  6F       1.1078
     0100      8   40  00  00  00  00  00  00  DE       1.1097
     0100      8   60  00  00  00  00  00  00  B1       1.1175
     0101      8   E0  01  00  00  00  00  01  4B       1.1177
     0102      8   40  00  00  00  00  00  00  DE       1.1180
     0100      8   60  00  00  00  00  00  00  B1       1.1226
     0101      8   00  01  00  00  00  00  01  5B       1.1276
     0102      8   60  00  00  00  00  00  00  B1       1.1278
     0100      8   80  00  00  00  00  00  00  A1       1.1304
     0101      8   20  01  00  00  00  00  01  34       1.1376
     0102      8   80  00  00  00  00  00  00  A1       1.1378
     0100      8   A0  00  00  00  00  00  00  CE       1.1382
     0100      8   C0  00  00  00  00  00  00  7F       1.1460
     0101      8   40  01  00  00  00  00  01  85       1.1476
     0102      8   C0  00  00  00  00  00  00  7F       1.1478
     0501      8   0D  00  00  00  00  00  00  E6       1.1481
     0100      8   C0  00  00  00  00  00  00  7F       1.1511
     0101      8   60  01  00  00  00  00  01  EA       1.1576
     0102      8   C0  00  00  00  00  00  00  7F       1.1578
     0100      8   E0  00  00  00  00  00  00  10       1.1590
     0100      8   00  00  00  00  00  00  00  00       1.1668
     0101      8   80  01  00  00  00  00  01  FA       1.1676
     0102      8   00  00  00  00  00  00  00  00       1.1678
     0100      8   00  00  00  00  00  00  00  00       1.1719
     0101      8   A0  01  00  00  00  00  01  95       1.1776
     0102      8   00  00  00  00  00  00  00  00       1.1778
     0100      8   20  00  00  00  00  00  00  6F       1.1797
     0100      8   40  00  00  00  00  00  00  DE       1.1875
     0101      8   C0  01  00  00  00  00  01  24       1.1877
     0102      8   20  00  00  00  00  00  00  6F       1.1880
     0100      8   40  00  00  00  00  00  00  DE       1.1926
     0101      8   E0  01  00  00  00  00  01  4B       1.1976
     0102      8   40  00  00  00  00  00  00  DE       1.1978
     0100      8   60  00  00  00  00  00  00  B1       1.2004
     0101      8   00  01  00  00  00  00  01  5B       1.2076
     0102      8   60  00  00  00  00  00  00  B1       1.2078
     0100      8   80  00  00  00  00  00  00  A1       1.2082
     0100      8   A0  00  00  00  00  00  00  CE       1.2161
     0101      8   20  01  00  00  00  00  01  34       1.2176
     0102      8   A0  00  00  00  00  00  00  CE       1.2178
     0100      8   A0  00  00  00  00  00  00  CE       1.2212
     0101      8   40  01  00  00  00  00  01  85       1.2276
     0102      8   A0  00  00  00  00  00  00  CE       1.2278
     0100      8   C0  00  00  00  00  00  00  7F       1.2290
     0100      8   E0  00  00  00  00  00  00  10       1.2368
     0101      8   60  01  00  00  00  00  01  EA       1.2376
     0102      8   E0  00  00  00  00  00  00  10       1.2378
     0100      8   E0  00  00  00  00  00  00  10       1.2419
     0101      8   80  01  00  00  00  00  01  FA       1.2476
     0102      8   E0  00  00  00  00  00  00  10       1.2478
     0501      8   0D  00  00  00  00  00  00  E6       1.2481
     0100      8   00  00  00  00  00  00  00  00       1.2497
     0100      8   20  00  00  00  00  00  00  6F       1.2575
     0101      8   A0  01  00  00  00  00  01  95       1.2578
     0102      8   00  00  00  00  00  00  00  00       1.2580
     0100      8   20  00  00  00  00  00  00  6F       1.2626
     0101      8   C0  01  00  00  00  00  01  24       1.2676
     0102      8   20  00  00  00  00  00  00  6F       1.2678
     0100      8   40  00  00  00  00  00  00  DE       1.2705
     0101      8   E0  01  00  00  00  00  01  4B       1.2776
     0102      8   40  00  00  00  00  00  00  DE       1.2778
     0100      8   60  00  00  00  00  00  00  B1       1.2783
     0100      8   80  00  00  00  00  00  00  A1       1.2861
     0101      8   00  01  00  00  00  00  01  5B       1.2876
     0102      8   80  00  00  00  00  00  00  A1       1.2878
     0100      8   80  00  00  00  00  00  00  A1       1.2912
     0101      8   20  01  00  00  00  00  01  34       1.2976
     0102      8   80  00  00  00  00  00  00  A1       1.2978
     0100      8   A0  00  00  00  00  00  00  CE       1.2990
     0100      8   C0  00  00  00  00  00  00  7F       1.3068
     0101      8   40  01  00  00  00  00  01  85       1.3076
     0102      8   C0  00  00  00  00  00  00  7F       1.3078
     0100      8   C0  00  00  00  00  00  00  7F       1.3119
     0101      8   60  01  00  00  00  00  01  EA       1.3176
     0102      8   C0  00  00  00  00  00  00  7F       1.3178
     0100      8   E0  00  00  00  00  00  00  10       1.3198
     0101      8   80  01  00  00  00  00  01  FA       1.3276
     0100      8   00  00  00  00  00  00  00  00       1.3278
     0102      8   E0  00  00  00  00  00  00  10       1.3281
     0100      8   20  00  00  00  00  00  00  6F       1.3354
     0101      8   A0  01  00  00  00  00  01  95       1.3375
     0102      8   20  00  00  00  00  00  00  6F       1.3378
     0100      8   20  00  00  00  00  00  00  6F       1.3405
     0101      8   C0  01  00  00  00  00  01  24       1.3475
     0102      8   20  00  00  00  00  00  00  6F       1.3478
     0501      8   0D  00  00  00  00  00  00  E6       1.3480
     0100      8   40  00  00  00  00  00  00  DE       1.3483
     0100      8   60  00  00  00  00  00  00  B1       1.3561
     0101      8   E0  01  00  00  00  00  01  4B       1.3575
     0102      8   60  00  00  00  00  00  00  B1       1.3578
     0100      8   60  00  00  00  00  00  00  B1       1.3612
     0101      8   00  01  00  00  00  00  01  5B       1.3675
     0102      8   60  00  00  00  00  00  00  B1       1.3678
     0100      8   80  00  00  00  00  00  00  A1       1.3690
     0100      8   A0  00  00  00  00  00  00  CE       1.3768
     0101      8   20  01  00  00  00  00  01  34       1.3775
     0102      8   A0  00  00  00  00  00  00  CE       1.3778
     0100      8   A0  00  00  00  00  00  00  CE       1.3819
     0101      8   40  01  00  00  00  00  01  85       1.3875
     0102      8   A0  00  00  00  00  00  00  CE       1.3878
     0100      8   C0  00  00  00  00  00  00  7F       1.3898
     0101      8   60  01  00  00  00  00  01  EA       1.3975
     0100      8   E0  00  00  00  00  00  00  10       1.3978
     0102      8   C0  00  00  00  00  00  00  7F       1.3980
     0100      8   00  00  00  00  00  00  00  00       1.4054
     0101      8   80  01  00  00  00  00  01  FA       1.4075
     0102      8   00  00  00  00  00  00  00  00       1.4078
     0100      8   00  00  00  00  00  00  00  00       1.4105
     0101      8   A0  01  00  00  00  00  01  95       1.4175
     0102      8   00  00  00  00  00  00  00  00       1.4178
     0100      8   20  00  00  00  00  00  00  6F       1.4183
     0100      8   40  00  00  00  00  00  00  DE       1.4261
     0101      8   C0  01  00  00  00  00  01  24       1.4275
     0102      8   40  00  00  00  00  00  00  DE       1.4278
     0100      8   40  00  00  00  00  00  00  DE       1.4312
     0101      8   E0  01  00  00  00  00  01  4B       1.4375
     0102      8   40  00  00  00  00  00  00  DE       1.4378
     0100      8   60  00  00  00  00  00  00  B1       1.4391
     0100      8   80  00  00  00  00  00  00  A1       1.4469
     0101      8   00  01  00  00  00  00  01  5B       1.4475
     0102      8   80  00  00  00  00  00  00  A1       1.4478
     0501      8   0D  00  00  00  00  00  00  E6       1.4480
     0100      8   80  00  00  00  00  00  00  A1       1.4520
     0101      8   20  01  00  00  00  00  01  34       1.4575
     0102      8   80  00  00  00  00  00  00  A1       1.4578
     0100      8   A0  00  00  00  00  00  00  CE       1.4598
     0101      8   40  01  00  00  00  00  01  85       1.4675
     0100      8   C0  00  00  00  00  00  00  7F       1.4678
     0102      8   A0  00  00  00  00  00  00  CE       1.4680
     0100      8   E0  00  00  00  00  00  00  10       1.4754
     0101      8   60  01  00  00  00  00  01  EA       1.4775
     0102      8   E0  00  00  00  00  00  00  10       1.4778
     0100      8   E0  00  00  00  00  00  00  10       1.4805
     0101      8   80  01  00  00  00  00  01  FA       1.4875
     0102      8   E0  00  00  00  00  00  00  10       1.4878
     0100      8   00  00  00  00  00  00  00  00       1.4884
     0100      8   20  00  00  00  00  00  00  6F       1.4962
     0101      8   A0  01  00  00  00  00  01  95       1.4975
     0102      8   20  00  00  00  00  00  00  6F       1.4978
     0100      8   20  00  00  00  00  00  00  6F       1.5013
     0101      8   C0  01  00  00  00  00  01  24       1.5075
     0102      8   20  00  00  00  00  00  00  6F       1.5078
     0100      8   40  00  00  00  00  00  00  DE       1.5091
     0100      8   60  00  00  00  00  00  00  B1       1.5169
     0101      8   E0  01  00  00  00  00  01  4B       1.5175
     0102      8   60  00  00  00  00  00  00  B1       1.5178
     0100      8   60  00  00  00  00  00  00  B1       1.5220
     0101      8   00  01  00  00  00  00  01  5B       1.5275
     0102      8   60  00  00  00  00  00  00  B1       1.5278
     0100      8   80  00  00  00  00  00  00  A1       1.5298
     0101      8   20  01  00  00  00  00  01  34       1.5375
     0100      8   A0  00  00  00  00  00  00  CE       1.5378
     0102      8   80  00  00  00  00  00  00  A1       1.5380
     0100      8   C0  00  00  00  00  00  00  7F       1.5455
     0101      8   40  01  00  00  00  00  01  85       1.5475
     0102      8   C0  00  00  00  00  00  00  7F       1.5478
     0501      8   0D  00  00  00  00  00  00  E6       1.5480
     0100      8   C0  00  00  00  00  00  00  7F       1.5506
     0101      8   60  01  00  00  00  00  01  EA       1.5575
     0102      8   C0  00  00  00  00  00  00  7F       1.5578
     0100      8   E0  00  00  00  00  00  00  10       1.5584
     0100      8   00  00  00  00  00  00  00  00       1.5662
     0101      8   80  01  00  00  00  00  01  FA       1.5675
     0102      8   00  00  00  00  00  00  00  00       1.5678
     0100      8   00  00  00  00  00  00  00  00       1.5713
     0101      8   A0  01  00  00  00  00  01  95       1.5775
     0102      8   00  00  00  00  00  00  00  00       1.5778
     0100      8   20  00  00  00  00  00  00  6F       1.5791
     0100      8   40  00  00  00  00  00  00  DE       1.5869
     0101      8   C0  01  00  00  00  00  01  24       1.5875
     0102      8   40  00  00  00  00  00  00  DE       1.5878
     0100      8   40  00  00  00  00  00  00  DE       1.5920
     0101      8   E0  01  00  00  00  00  01  4B       1.5975
     0102      8   40  00  00  00  00  00  00  DE       1.5978
     0100      8   60  00  00  00  00  00  00  B1       1.5999
     0101      8   00  01  00  00  00  00  01  5B       1.6075
     0100      8   80  00  00  00  00  00  00  A1       1.6078
     0102      8   60  00  00  00  00  00  00  B1       1.6080
     0100      8   A0  00  00  00  00  00  00  CE       1.6155
     0101      8   20  01  00  00  00  00  01  34       1.6175
     0102      8   A0  00  00  00  00  00  00  CE       1.6178
     0100      8   A0  00  00  00  00  00  00  CE       1.6206
     0101      8   40  01  00  00  00  00  01  85       1.6275
     0102      8   A0  00  00  00  00  00  00  CE       1.6277
     0100      8   C0  00  00  00  00  00  00  7F       1.6284
     0100      8   E0  00  00  00  00  00  00  10       1.6362
     0101      8   60  01  00  00  00  00  01  EA       1.6375
     0102      8   E0  00  00  00  00  00  00  10       1.6378
     0100      8   E0  00  00  00  00  00  00  10       1.6413
     0101      8   80  01  00  00  00  00  01  FA       1.6475
     0102      8   E0  00  00  00  00  00  00  10       1.6478
     0501      8   0D  00  00  00  00  00  00  E6       1.6480
     0100      8   00  00  00  00  00  00  00  00       1.6491
     0100      8   20  00  00  00  00  00  00  6F       1.6570
     0101      8   A0  01  00  00  00  00  01  95       1.6575
     0102      8   20  00  00  00  00  00  00  6F       1.6577
     0100      8   20  00  00  00  00  00  00  6F       1.6621
     0101      8   C0  01  00  00  00  00  01  24       1.6675
     0102      8   20  00  00  00  00  00  00  6F       1.6677
     0100      8   40  00  00  00  00  00  00  DE       1.6699
     0101      8   E0  01  00  00  00  00  01  4B       1.6775
     0100      8   60  00  00  00  00  00  00  B1       1.6777
     0102      8   40  00  00  00  00  00  00  DE       1.6780
     0100      8   80  00  00  00  00  00  00  A1       1.6855
     0101      8   00  01  00  00  00  00  01  5B       1.6875
     0102      8   80  00  00  00  00  00  00  A1       1.6877
     0100      8   80  00  00  00  00  00  00  A1       1.6906
     0101      8   20  01  00  00  00  00  01  34       1.6975
     0102      8   80  00  00  00  00  00  00  A1       1.6977
     0100      8   A0  00  00  00  00  00  00  CE       1.6984
     0100      8   C0  00  00  00  00  00  00  7F       1.7063
     0101      8   40  01  00  00  00  00  01  85       1.7075
     0102      8   C0  00  00  00  00  00  00  7F       1.7077
     0100      8   C0  00  00  00  00  00  00  7F       1.7114
     0101      8   60  01  00  00  00  00  01  EA       1.7175
     0102      8   C0  00  00  00  00  00  00  7F       1.7177
     0100      8   E0  00  00  00  00  00  00  10       1.7192
     0100      8   00  00  00  00  00  00  00  00       1.7270
     0101      8   80  01  00  00  00  00  01  FA       1.7275
     0102      8   E0  00  00  00  00  00  00  10       1.7277
     0100      8   00  00  00  00  00  00  00  00       1.7321
     0101      8   A0  01  00  00  00  00  01  95       1.7375
     0102      8   00  00  00  00  00  00  00  00       1.7377
     0100      8   20  00  00  00  00  00  00  6F       1.7399
     0101      8   C0  01  00  00  00  00  01  24       1.7475
     0100      8   40  00  00  00  00  00  00  DE       1.7477
     0102      8   20  00  00  00  00  00  00  6F       1.7480
     0501      8   0D  00  00  00  00  00  00  E6       1.7482
     0100      8   60  00  00  00  00  00  00  B1       1.7555
     0101      8   E0  01  00  00  00  00  01  4B       1.7575
     0102      8   60  00  00  00  00  00  00  B1       1.7577
     0100      8   60  00  00  00  00  00  00  B1       1.7606
     0101      8   00  01  00  00  00  00  01  5B       1.7675
     0102      8   60  00  00  00  00  00  00  B1       1.7677
     0100      8   80  00  00  00  00  00  00  A1       1.7685
     0100      8   A0  00  00  00  00  00  00  CE       1.7763
     0101      8   20  01  00  00  00  00  01  34       1.7775
     0102      8   A0  00  00  00  00  00  00  CE       1.7777
     0100      8   A0  00  00  00  00  00  00  CE       1.7814
     0101      8   40  01  00  00  00  00  01  85       1.7875
     0102      8   A0  00  00  00  00  00  00  CE       1.7877
     0100      8   C0  00  00  00  00  00  00  7F       1.7892
     0100      8   E0  00  00  00  00  00  00  10       1.7970
     0101      8   60  01  00  00  00  00  01  EA       1.7975
     0102      8   C0  00  00  00  00  00  00  7F       1.7977
     0100      8   E0  00  00  00  00  00  00  10       1.8021
     0101      8   80  01  00  00  00  00  01  FA       1.8075
     0102      8   E0  00  00  00  00  00  00  10       1.8077
     0100      8   00  00  00  00  00  00  00  00       1.8099
     0101      8   A0  01  00  00  00  00  01  95       1.8175
     0102      8   00  00  00  00  00  00  00  00       1.8177
     0100      8   20  00  00  00  00  00  00  6F       1.8180
     0100      8   40  00  00  00  00  00  00  DE       1.8256
     0101      8   C0  01  00  00  00  00  01  24       1.8275
     0102      8   40  00  00  00  00  00  00  DE       1.8277
     0100      8   40  00  00  00  00  00  00  DE       1.8307
     0101      8   E0  01  00  00  00  00  01  4B       1.8375
     0102      8   40  00  00  00  00  00  00  DE       1.8377
     0100      8   60  00  00  00  00  00  00  B1       1.8385
     0100      8   80  00  00  00  00  00  00  A1       1.8463
     0101      8   00  01  00  00  00  00  01  5B       1.8475
     0102      8   80  00  00  00  00  00  00  A1       1.8477
     0501      8   0D  00  00  00  00  00  00  E6       1.8480
     0100      8   80  00  00  00  00  00  00  A1       1.8514
     0101      8   20  01  00  00  00  00  01  34       1.8575
     0102      8   80  00  00  00  00  00  00  A1       1.8577
     0100      8   A0  00  00  00  00  00  00  CE       1.8592
     0100      8   C0  00  00  00  00  00  00  7F       1.8671
     0101      8   40  01  00  00  00  00  01  85       1.8675
     0102      8   A0  00  00  00  00  00  00  CE       1.8677
     0100      8   C0  00  00  00  00  00  00  7F       1.8722
     0101      8   60  01  00  00  00  00  01  EA       1.8775
     0102      8   C0  00  00  00  00  00  00  7F       1.8777
     0100      8   E0  00  00  00  00  00  00  10       1.8800
     0101      8   80  01  00  00  00  00  01  FA       1.8875
     0102      8   E0  00  00  00  00  00  00  10       1.8877
     0100      8   00  00  00  00  00  00  00  00       1.8880
     0100      8   20  00  00  00  00  00  00  6F       1.8956
     0101      8   A0  01  00  00  00  00  01  95       1.8975
     0102      8   20  00  00  00  00  00  00  6F       1.8977
     0100      8   20  00  00  00  00  00  00  6F       1.9007
     0101      8   C0  01  00  00  00  00  01  24       1.9075
     0102      8   20  00  00  00  00  00  00  6F       1.9077
     0100      8   40  00  00  00  00  00  00  DE       1.9085
     0100      8   60  00  00  00  00  00  00  B1       1.9163
     0101      8   E0  01  00  00  00  00  01  4B       1.9175
     0102      8   60  00  00  00  00  00  00  B1       1.9177
     0100      8   60  00  00  00  00  00  00  B1       1.9214
     0101      8   00  01  00  00  00  00  01  5B       1.9275
     0102      8   60  00  00  00  00  00  00  B1       1.9277
     0100      8   80  00  00  00  00  00  00  A1       1.9293
     0100      8   A0  00  00  00  00  00  00  CE       1.9371
     0101      8   20  01  00  00  00  00  01  34       1.9375
     0102      8   80  00  00  00  00  00  00  A1       1.9377
     0100      8   A0  00  00  00  00  00  00  CE       1.9422
     0101      8   40  01  00  00  00  00  01  85       1.9475
     0102      8   A0  00  00  00  00  00  00  CE       1.9477
     0501      8   0D  00  00  00  00  00  00  E6       1.9480
     0100      8   C0  00  00  00  00  00  00  7F       1.9500
     0101      8   60  01  00  00  00  00  01  EA       1.9575
     0102      8   C0  00  00  00  00  00  00  7F       1.9577
     0100      8   E0  00  00  00  00  00  00  10       1.9580
     0100      8   00  00  00  00  00  00  00  00       1.9656
     0101      8   80  01  00  00  00  00  01  FA       1.9675
     0102      8   00  00  00  00  00  00  00  00       1.9677
     0100      8   00  00  00  00  00  00  00  00       1.9707
     0101      8   A0  01  00  00  00  00  01  95       1.9775
     0102      8   00  00  00  00  00  00  00  00       1.9777
     0100      8   20  00  00  00  00  00  00  6F       1.9786
     0100      8   40  00  00  00  00  00  00  DE       1.9864
     0101      8   C0  01  00  00  00  00  01  24       1.9875
     0102      8   40  00  00  00  00  00  00  DE       1.9877
     0100      8   40  00  00  00  00  00  00  DE       1.9915
     0101      8   E0  01  00  00  00  00  01  4B       1.9975
     0102      8   40  00  00  00  00  00  00  DE       1.9977
     0100      8   60  00  00  00  00  00  00  B1       1.9993
     0100      8   80  00  00  00  00  00  00  A1       2.0071
     0101      8   00  01  00  00  00  00  01  5B       2.0075
     0102      8   60  00  00  00  00  00  00  B1       2.0077
     0100      8   80  00  00  00  00  00  00  A1       2.0122
     0101      8   20  01  00  00  00  00  01  34       2.0175
     0102      8   80  00  00  00  00  00  00  A1       2.0177
     0100      8   A0  00  00  00  00  00  00  CE       2.0200
     0101      8   40  01  00  00  00  00  01  85       2.0274
     0102      8   A0  00  00  00  00  00  00  CE       2.0277
     0100      8   C0  00  00  00  00  00  00  7F       2.0279
     0100      8   E0  00  00  00  00  00  00  10       2.0357
     0101      8   60  01  00  00  00  00  01  EA       2.0375
     0102      8   E0  00  00  00  00  00  00  10       2.0377
     0100      8   E0  00  00  00  00  00  00  10       2.0408
     0101      8   80  01  00  00  00  00  01  FA       2.0475
     0102      8   E0  00  00  00  00  00  00  10       2.0477
     0501      8   0D  00  00  00  00  00  00  E6       2.0479
     0100      8   00  00  00  00  00  00  00  00       2.0486
     0100      8   20  00  00  00  00  00  00  6F       2.0564
     0101      8   A0  01  00  00  00  00  01  95       2.0574
     0102      8   20  00  00  00  00  00  00  6F       2.0577
     0100      8   20  00  00  00  00  00  00  6F       2.0615
     0101      8   C0  01  00  00  00  00  01  24       2.0674
     0102      8   20  00  00  00  00  00  00  6F       2.0677
     0100      8   40  00  00  00  00  00  00  DE       2.0693
     0100      8   60  00  00  00  00  00  00  B1       2.0771
     0101      8   E0  01  00  00  00  00  01  4B       2.0774
     0102      8   40  00  00  00  00  00  00  DE       2.0777
     0100      8   60  00  00  00  00  00  00  B1       2.0822
     0101      8   00  01  00  00  00  00  01  5B       2.0874
     0102      8   60  00  00  00  00  00  00  B1       2.0877
     0100      8   80  00  00  00  00  00  00  A1       2.0901
     0101      8   20  01  00  00  00  00  01  34       2.0974
     0102      8   80  00  00  00  00  00  00  A1       2.0977
     0100      8   A0  00  00  00  00  00  00  CE       2.0979
     0100      8   C0  00  00  00  00  00  00  7F       2.1057
     0101      8   40  01  00  00  00  00  01  85       2.1074
     0102      8   C0  00  00  00  00  00  00  7F       2.1077
     0100      8   C0  00  00  00  00  00  00  7F       2.1108
     0101      8   60  01  00  00  00  00  01  EA       2.1174
     0102      8   C0  00  00  00  00  00  00  7F       2.1177
     0100      8   E0  00  00  00  00  00  00  10       2.1186
     0100      8   00  00  00  00  00  00  00  00       2.1264
     0101      8   80  01  00  00  00  00  01  FA       2.1274
     0102      8   00  00  00  00  00  00  00  00       2.1277
     0100      8   00  00  00  00  00  00  00  00       2.1315
     0101      8   A0  01  00  00  00  00  01  95       2.1374
     0102      8   00  00  00  00  00  00  00  00       2.1377
     0100      8   20  00  00  00  00  00  00  6F       2.1393
     0100      8   40  00  00  00  00  00  00  DE       2.1472
     0101      8   C0  01  00  00  00  00  01  24       2.1474
     0102      8   20  00  00  00  00  00  00  6F       2.1477
     0501      8   0D  00  00  00  00  00  00  E6       2.1479
     0100      8   40  00  00  00  00  00  00  DE       2.1523
     0101      8   E0  01  00  00  00  00  01  4B       2.1574
     0102      8   40  00  00  00  00  00  00  DE       2.1577
     0100      8   60  00  00  00  00  00  00  B1       2.1601
     0101      8   00  01  00  00  00  00  01  5B       2.1674
     0102      8   60  00  00  00  00  00  00  B1       2.1677
     0100      8   80  00  00  00  00  00  00  A1       2.1679
     0100      8   A0  00  00  00  00  00  00  CE       2.1757
     0101      8   20  01  00  00  00  00  01  34       2.1774
     0102      8   A0  00  00  00  00  00  00  CE       2.1777
     0100      8   A0  00  00  00  00  00  00  CE       2.1808
     0101      8   40  01  00  00  00  00  01  85       2.1874
     0102      8   A0  00  00  00  00  00  00  CE       2.1877
     0100      8   C0  00  00  00  00  00  00  7F       2.1886
     0100      8   E0  00  00  00  00  00  00  10       2.1965
     0101      8   60  01  00  00  00  00  01  EA       2.1974
     0102      8   E0  00  00  00  00  00  00  10       2.1977
     0100      8   E0  00  00  00  00  00  00  10       2.2016
     0101      8   80  01  00  00  00  00  01  FA       2.2074
     0102      8   E0  00  00  00  00  00  00  10       2.2077
     0100      8   00  00  00  00  00  00  00  00       2.2094
     0100      8   20  00  00  00  00  00  00  6F       2.2172
     0101      8   A0  01  00  00  00  00  01  95       2.2174
     0102      8   00  00  00  00  00  00  00  00       2.2177
     0100      8   20  00  00  00  00  00  00  6F       2.2223
     0101      8   C0  01  00  00  00  00  01  24       2.2274
     0102      8   20  00  00  00  00  00  00  6F       2.2277
     0100      8   40  00  00  00  00  00  00  DE       2.2301
     0101      8   E0  01  00  00  00  00  01  4B       2.2374
     0102      8   40  00  00  00  00  00  00  DE       2.2377
     0100      8   60  00  00  00  00  00  00  B1       2.2379
     0100      8   80  00  00  00  00  00  00  A1       2.2457
     0101      8   00  01  00  00  00  00  01  5B       2.2474
     0102      8   80  00  00  00  00  00  00  A1       2.2477
     0501      8   0D  00  00  00  00  00  00  E6       2.2479
     0100      8   80  00  00  00  00  00  00  A1       2.2508
     0101      8   20  01  00  00  00  00  01  34       2.2574
     0102      8   80  00  00  00  00  00  00  A1       2.2577
     0100      8   A0  00  00  00  00  00  00  CE       2.2587
     0100      8   C0  00  00  00  00  00  00  7F       2.2665
     0101      8   40  01  00  00  00  00  01  85       2.2674
     0102      8   C0  00  00  00  00  00  00  7F       2.2677
     0100      8   C0  00  00  00  00  00  00  7F       2.2716
     0101      8   60  01  00  00  00  00  01  EA       2.2774
     0102      8   C0  00  00  00  00  00  00  7F       2.2777
     0100      8   E0  00  00  00  00  00  00  10       2.2794
     0100      8   00  00  00  00  00  00  00  00       2.2872
     0101      8   80  01  00  00  00  00  01  FA       2.2875
     0102      8   E0  00  00  00  00  00  00  10       2.2877
     0100      8   00  00  00  00  00  00  00  00       2.2923
     0101      8   A0  01  00  00  00  00  01  95       2.2974
     0102      8   00  00  00  00  00  00  00  00       2.2977
     0100      8   20  00  00  00  00  00  00  6F       2.3001
     0101      8   C0  01  00  00  00  00  01  24       2.3074
     0102      8   20  00  00  00  00  00  00  6F       2.3077
     0100      8   40  00  00  00  00  00  00  DE       2.3080
     0100      8   60  00  00  00  00  00  00  B1       2.3158
     0101      8   E0  01  00  00  00  00  01  4B       2.3174
     0102      8   60  00  00  00  00  00  00  B1       2.3177
     0100      8   60  00  00  00  00  00  00  B1       2.3209
     0101      8   00  01  00  00  00  00  01  5B       2.3274
     0102      8   60  00  00  00  00  00  00  B1       2.3277
     0100      8   80  00  00  00  00  00  00  A1       2.3287
     0100      8   A0  00  00  00  00  00  00  CE       2.3365
     0101      8   20  01  00  00  00  00  01  34       2.3374
     0102      8   A0  00  00  00  00  00  00  CE       2.3377
     0100      8   A0  00  00  00  00  00  00  CE       2.3416
     0101      8   40  01  00  00  00  00  01  85       2.3474
     0102      8   A0  00  00  00  00  00  00  CE       2.3477
     0501      8   0D  00  00  00  00  00  00  E6       2.3479
     0100      8   C0  00  00  00  00  00  00  7F       2.3494
     0100      8   E0  00  00  00  00  00  00  10       2.3572
     0101      8   60  01  00  00  00  00  01  EA       2.3575
     0102      8   C0  00  00  00  00  00  00  7F       2.3577
     0100      8   E0  00  00  00  00  00  00  10       2.3623
     0101      8   80  01  00  00  00  00  01  FA       2.3674
     0102      8   E0  00  00  00  00  00  00  10       2.3677
     0100      8   00  00  00  00  00  00  00  00       2.3702
     0101      8   A0  01  00  00  00  00  01  95       2.3774
     0102      8   00  00  00  00  00  00  00  00       2.3777
     0100      8   20  00  00  00  00  00  00  6F       2.3780
     0100      8   40  00  00  00  00  00  00  DE       2.3858
     0101      8   C0  01  00  00  00  00  01  24       2.3874
     0102      8   40  00  00  00  00  00  00  DE       2.3876
     0100      8   40  00  00  00  00  00  00  DE       2.3909
     0101      8   E0  01  00  00  00  00  01  4B       2.3974
     0102      8   40  00  00  00  00  00  00  DE       2.3976
     0100      8   60  00  00  00  00  00  00  B1       2.3987
     0100      8   80  00  00  00  00  00  00  A1       2.4065
     0101      8   00  01  00  00  00  00  01  5B       2.4074
     0102      8   80  00  00  00  00  00  00  A1       2.4077
     0100      8   80  00  00  00  00  00  00  A1       2.4116
     0101      8   20  01  00  00  00  00  01  34       2.4174
     0102      8   80  00  00  00  00  00  00  A1       2.4176
     0100      8   A0  00  00  00  00  00  00  CE       2.4195
     0100      8   C0  00  00  00  00  00  00  7F       2.4273
     0101      8   40  01  00  00  00  00  01  85       2.4275
     0102      8   A0  00  00  00  00  00  00  CE       2.4278
     0100      8   C0  00  00  00  00  00  00  7F       2.4324
     0101      8   60  01  00  00  00  00  01  EA       2.4374
     0102      8   C0  00  00  00  00  00  00  7F       2.4376
     0100      8   E0  00  00  00  00  00  00  10       2.4402
     0101      8   80  01  00  00  00  00  01  FA       2.4474
     0102      8   E0  00  00  00  00  00  00  10       2.4476
     0501      8   0D  00  00  00  00  00  00  E6       2.4479
     0100      8   00  00  00  00  00  00  00  00       2.4481
     0100      8   20  00  00  00  00  00  00  6F       2.4558
     0101      8   A0  01  00  00  00  00  01  95       2.4574
     0102      8   20  00  00  00  00  00  00  6F       2.4576
     0100      8   20  00  00  00  00  00  00  6F       2.4609
     0101      8   C0  01  00  00  00  00  01  24       2.4674
     0102      8   20  00  00  00  00  00  00  6F       2.4676
     0100      8   40  00  00  00  00  00  00  DE       2.4687
     0100      8   60  00  00  00  00  00  00  B1       2.4766
     0101      8   E0  01  00  00  00  00  01  4B       2.4774
     0102      8   60  00  00  00  00  00  00  B1       2.4776
     0100      8   60  00  00  00  00  00  00  B1       2.4817
     0101      8   00  01  00  00  00  00  01  5B       2.4874
     0102      8   60  00  00  00  00  00  00  B1       2.4876
     0100      8   80  00  00  00  00  00  00  A1       2.4895
     0100      8   A0  00  00  00  00  00  00  CE       2.4973
     0101      8   20  01  00  00  00  00  01  34       2.4975
     0102      8   80  00  00  00  00  00  00  A1       2.4978
     0100      8   A0  00  00  00  00  00  00  CE       2.5024
     0101      8   40  01  00  00  00  00  01  85       2.5074
     0102      8   A0  00  00  00  00  00  00  CE       2.5076
     0100      8   C0  00  00  00  00  00  00  7F       2.5102
     0101      8   60  01  00  00  00  00  01  EA       2.5174
     0102      8   C0  00  00  00  00  00  00  7F       2.5176
     0100      8   E0  00  00  00  00  00  00  10       2.5180
     0100      8   00  00  00  00  00  00  00  00       2.5259
     0101      8   80  01  00  00  00  00  01  FA       2.5274
     0102      8   00  00  00  00  00  00  00  00       2.5276
     0100      8   00  00  00  00  00  00  00  00       2.5310
     0101      8   A0  01  00  00  00  00  01  95       2.5374
     0102      8   00  00  00  00  00  00  00  00       2.5376
     0100      8   20  00  00  00  00  00  00  6F       2.5388
     0100      8   40  00  00  00  00  00  00  DE       2.5466
     0101      8   C0  01  00  00  00  00  01  24       2.5474
     0102      8   40  00  00  00  00  00  00  DE       2.5476
     0501      8   0D  00  00  00  00  00  00  E6       2.5479
     0100      8   40  00  00  00  00  00  00  DE       2.5517
     0101      8   E0  01  00  00  00  00  01  4B       2.5574
     0102      8   40  00  00  00  00  00  00  DE       2.5576
     0100      8   60  00  00  00  00  00  00  B1       2.5595
     0100      8   80  00  00  00  00  00  00  A1       2.5673
     0101      8   00  01  00  00  00  00  01  5B       2.5676
     0102      8   60  00  00  00  00  00  00  B1       2.5678
     0100      8   80  00  00  00  00  00  00  A1       2.5724
     0101      8   20  01  00  00  00  00  01  34       2.5774
     0102      8   80  00  00  00  00  00  00  A1       2.5776
     0100      8   A0  00  00  00  00  00  00  CE       2.5802
     0101      8   40  01  00  00  00  00  01  85       2.5874
     0102      8   A0  00  00  00  00  00  00  CE       2.5876
     0100      8   C0  00  00  00  00  00  00  7F       2.5881
     0100      8   E0  00  00  00  00  00  00  10       2.5959
     0101      8   60  01  00  00  00  00  01  EA       2.5974
     0102      8   E0  00  00  00  00  00  00  10       2.5976
     0100      8   E0  00  00  00  00  00  00  10       2.6010
     0101      8   80  01  00  00  00  00  01  FA       2.6074
     0102      8   E0  00  00  00  00  00  00  10       2.6076
     0100      8   00  00  00  00  00  00  00  00       2.6088
     0100      8   20  00  00  00  00  00  00  6F       2.6166
     0101      8   A0  01  00  00  00  00  01  95       2.6174
     0102      8   20  00  00  00  00  00  00  6F       2.6176
     0100      8   20  00  00  00  00  00  00  6F       2.6217
     0101      8   C0  01  00  00  00  00  01  24       2.6274
     0102      8   20  00  00  00  00  00  00  6F       2.6276
     0100      8   40  00  00  00  00  00  00  DE       2.6295
     0100      8   60  00  00  00  00  00  00  B1       2.6374
     0101      8   E0  01  00  00  00  00  01  4B       2.6376
     0102      8   40  00  00  00  00  00  00  DE       2.6379
     0100      8   60  00  00  00  00  00  00  B1       2.6425
     0101      8   00  01  00  00  00  00  01  5B       2.6474
     0102      8   60  00  00  00  00  00  00  B1       2.6476
     0501      8   0D  00  00  00  00  00  00  E6       2.6479
     0100      8   80  00  00  00  00  00  00  A1       2.6503
     0101      8   20  01  00  00  00  00  01  34       2.6574
     0102      8   80  00  00  00  00  00  00  A1       2.6576
     0100      8   A0  00  00  00  00  00  00  CE       2.6581
     0100      8   C0  00  00  00  00  00  00  7F       2.6659
     0101      8   40  01  00  00  00  00  01  85       2.6674
     0102      8   C0  00  00  00  00  00  00  7F       2.6676
     0100      8   C0  00  00  00  00  00  00  7F       2.6710
     0101      8   60  01  00  00  00  00  01  EA       2.6774
     0102      8   C0  00  00  00  00  00  00  7F       2.6776
     0100      8   E0  00  00  00  00  00  00  10       2.6788
     0100      8   00  00  00  00  00  00  00  00       2.6867
     0101      8   80  01  00  00  00  00  01  FA       2.6874
     0102      8   00  00  00  00  00  00  00  00       2.6876
     0100      8   00  00  00  00  00  00  00  00       2.6918
     0101      8   A0  01  00  00  00  00  01  95       2.6974
     0102      8   00  00  00  00  00  00  00  00       2.6976
     0100      8   20  00  00  00  00  00  00  6F       2.6996
     0101      8   C0  01  00  00  00  00  01  24       2.7074
     0100      8   40  00  00  00  00  00  00  DE       2.7076
     0102      8   20  00  00  00  00  00  00  6F       2.7079
     0100      8   60  00  00  00  00  00  00  B1       2.7152
     0101      8   E0  01  00  00  00  00  01  4B       2.7174
     0102      8   60  00  00  00  00  00  00  B1       2.7176
     0100      8   60  00  00  00  00  00  00  B1       2.7203
     0101      8   00  01  00  00  00  00  01  5B       2.7274
     0102      8   60  00  00  00  00  00  00  B1       2.7276
     0100      8   80  00  00  00  00  00  00  A1       2.7281
     0100      8   A0  00  00  00  00  00  00  CE       2.7359
     0101      8   20  01  00  00  00  00  01  34       2.7374
     0102      8   A0  00  00  00  00  00  00  CE       2.7376
     0100      8   A0  00  00  00  00  00  00  CE       2.7410
     0101      8   40  01  00  00  00  00  01  85       2.7474
     0102      8   A0  00  00  00  00  00  00  CE       2.7476
     0501      8   0D  00  00  00  00  00  00  E6       2.7478
     0100      8   C0  00  00  00  00  00  00  7F       2.7489
     0100      8   E0  00  00  00  00  00  00  10       2.7567
     0101      8   60  01  00  00  00  00  01  EA       2.7574
     0102      8   E0  00  00  00  00  00  00  10       2.7576
     0100      8   E0  00  00  00  00  00  00  10       2.7618
     0101      8   80  01  00  00  00  00  01  FA       2.7673
     0102      8   E0  00  00  00  00  00  00  10       2.7676
     0100      8   00  00  00  00  00  00  00  00       2.7696
     0101      8   A0  01  00  00  00  00  01  95       2.7773
     0100      8   20  00  00  00  00  00  00  6F       2.7776
     0102      8   00  00  00  00  00  00  00  00       2.7778
     0100      8   40  00  00  00  00  00  00  DE       2.7852
     0101      8   C0  01  00  00  00  00  01  24       2.7873
     0102      8   40  00  00  00  00  00  00  DE       2.7876
     0100      8   40  00  00  00  00  00  00  DE       2.7903
     0101      8   E0  01  00  00  00  00  01  4B       2.7973
     0102      8   40  00  00  00  00  00  00  DE       2.7976
     0100      8   60  00  00  00  00  00  00  B1       2.7982
     0100      8   80  00  00  00  00  00  00  A1       2.8060
     0101      8   00  01  00  00  00  00  01  5B       2.8073
     0102      8   80  00  00  00  00  00  00  A1       2.8076
     0100      8   80  00  00  00  00  00  00  A1       2.8111
     0101      8   20  01  00  00  00  00  01  34       2.8173
     0102      8   80  00  00  00  00  00  00  A1       2.8176
     0100      8   A0  00  00  00  00  00  00  CE       2.8189
     0100      8   C0  00  00  00  00  00  00  7F       2.8267
     0101      8   40  01  00  00  00  00  01  85       2.8273
     0102      8   C0  00  00  00  00  00  00  7F       2.8276
     0100      8   C0  00  00  00  00  00  00  7F       2.8318
     0101      8   60  01  00  00  00  00  01  EA       2.8373
     0102      8   C0  00  00  00  00  00  00  7F       2.8376
     0100      8   E0  00  00  00  00  00  00  10       2.8396
     0101      8   80  01  00  00  00  00  01  FA       2.8473
     0100      8   00  00  00  00  00  00  00  00       2.8476
     0102      8   E0  00  00  00  00  00  00  10       2.8478
     0501      8   0D  00  00  00  00  00  00  E6       2.8481
     0100      8   20  00  00  00  00  00  00  6F       2.8553
     0101      8   A0  01  00  00  00  00  01  95       2.8573
     0102      8   20  00  00  00  00  00  00  6F       2.8576
     0100      8   20  00  00  00  00  00  00  6F       2.8604
     0101      8   C0  01  00  00  00  00  01  24       2.8673
     0102      8   20  00  00  00  00  00  00  6F       2.8676
     0100      8   40  00  00  00  00  00  00  DE       2.8682
     0100      8   60  00  00  00  00  00  00  B1       2.8760
     0101      8   E0  01  00  00  00  00  01  4B       2.8773
     0102      8   60  00  00  00  00  00  00  B1       2.8776
     0100      8   60  00  00  00  00  00  00  B1       2.8811
     0101      8   00  01  00  00  00  00  01  5B       2.8873
     0102      8   60  00  00  00  00  00  00  B1       2.8876
     0100      8   80  00  00  00  00  00  00  A1       2.8889
     0100      8   A0  00  00  00  00  00  00  CE       2.8967
     0101      8   20  01  00  00  00  00  01  34       2.8973
     0102      8   A0  00  00  00  00  00  00  CE       2.8976
     0100      8   A0  00  00  00  00  00  00  CE       2.9018
     0101      8   40  01  00  00  00  00  01  85       2.9073
     0102      8   A0  00  00  00  00  00  00  CE       2.9076
     0100      8   C0  00  00  00  00  00  00  7F       2.9097
     0101      8   60  01  00  00  00  00  01  EA       2.9173
     0100      8   E0  00  00  00  00  00  00  10       2.9176
     0102      8   C0  00  00  00  00  00  00  7F       2.9178
     0100      8   00  00  00  00  00  00  00  00       2.9253
     0101      8   80  01  00  00  00  00  01  FA       2.9273
     0102      8   00  00  00  00  00  00  00  00       2.9276
     0100      8   00  00  00  00  00  00  00  00       2.9304
     0101      8   A0  01  00  00  00  00  01  95       2.9373
     0102      8   00  00  00  00  00  00  00  00       2.9376
     0100      8   20  00  00  00  00  00  00  6F       2.9382
     0100      8   40  00  00  00  00  00  00  DE       2.9460
     0101      8   C0  01  00  00  00  00  01  24       2.9473
     0102      8   40  00  00  00  00  00  00  DE       2.9476
     0501      8   0D  00  00  00  00  00  00  E6       2.9478
     0100      8   40  00  00  00  00  00  00  DE       2.9511
     0101      8   E0  01  00  00  00  00  01  4B       2.9573
     0102      8   40  00  00  00  00  00  00  DE       2.9576
     0100      8   60  00  00  00  00  00  00  B1       2.9589
     0100      8   80  00  00  00  00  00  00  A1       2.9668
     0101      8   00  01  00  00  00  00  01  5B       2.9673
     0102      8   80  00  00  00  00  00  00  A1       2.9676
     0100      8   80  00  00  00  00  00  00  A1       2.9719
     0101      8   20  01  00  00  00  00  01  34       2.9773
     0102      8   80  00  00  00  00  00  00  A1       2.9776
     0100      8   A0  00  00  00  00  00  00  CE       2.9797
     0101      8   40  01  00  00  00  00  01  85       2.9873
     0100      8   C0  00  00  00  00  00  00  7F       2.9876
     0102      8   A0  00  00  00  00  00  00  CE       2.9878
     0100      8   E0  00  00  00  00  00  00  10       2.9953
     0101      8   60  01  00  00  00  00  01  EA       2.9973
     0102      8   E0  00  00  00  00  00  00  10       2.9976
     0100      8   E0  00  00  00  00  00  00  10       3.0004
     0101      8   80  01  00  00  00  00  01  FA       3.0073
     0102      8   E0  00  00  00  00  00  00  10       3.0076
     0100      8   00  00  00  00  00  00  00  00       3.0082
     0100      8   20  00  00  00  00  00  00  6F       3.0161
     0101      8   A0  01  00  00  00  00  01  95       3.0173
     0102      8   20  00  00  00  00  00  00  6F       3.0176
     0100      8   20  00  00  00  00  00  00  6F       3.0212
     0101      8   C0  01  00  00  00  00  01  24       3.0273
     0102      8   20  00  00  00  00  00  00  6F       3.0276
     0100      8   40  00  00  00  00  00  00  DE       3.0290
     0100      8   60  00  00  00  00  00  00  B1       3.0368
     0101      8   E0  01  00  00  00  00  01  4B       3.0373
     0102      8   40  00  00  00  00  00  00  DE       3.0376
     0100      8   60  00  00  00  00  00  00  B1       3.0419
     0101      8   00  01  00  00  00  00  01  5B       3.0473
     0102      8   60  00  00  00  00  00  00  B1       3.0476
     0501      8   0D  00  00  00  00  00  00  E6       3.0478
     0100      8   80  00  00  00  00  00  00  A1       3.0497
     0101      8   20  01  00  00  00  00  01  34       3.0573
     0100      8   A0  00  00  00  00  00  00  CE       3.0576
     0102      8   80  00  00  00  00  00  00  A1       3.0578
     0100      8   C0  00  00  00  00  00  00  7F       3.0654
     0101      8   40  01  00  00  00  00  01  85       3.0673
     0102      8   C0  00  00  00  00  00  00  7F       3.0676
     0100      8   C0  00  00  00  00  00  00  7F       3.0705
     0101      8   60  01  00  00  00  00  01  EA       3.0773
     0102      8   C0  00  00  00  00  00  00  7F       3.0776
     0100      8   E0  00  00  00  00  00  00  10       3.0783
     0100      8   00  00  00  00  00  00  00  00       3.0861
     0101      8   80  01  00  00  00  00  01  FA       3.0873
     0102      8   00  00  00  00  00  00  00  00       3.0876
     0100      8   00  00  00  00  00  00  00  00       3.0912
     0101      8   A0  01  00  00  00  00  01  95       3.0973
     0102      8   00  00  00  00  00  00  00  00       3.0975
     0100      8   20  00  00  00  00  00  00  6F       3.0990
     0100      8   40  00  00  00  00  00  00  DE       3.1068
     0101      8   C0  01  00  00  00  00  01  24       3.1073
     0102      8   20  00  00  00  00  00  00  6F       3.1075
     0100      8   40  00  00  00  00  00  00  DE       3.1119
     0101      8   E0  01  00  00  00  00  01  4B       3.1173
     0102      8   40  00  00  00  00  00  00  DE       3.1175
     0100      8   60  00  00  00  00  00  00  B1       3.1197
     0101      8   00  01  00  00  00  00  01  5B       3.1273
     0102      8   60  00  00  00  00  00  00  B1       3.1275
     0100      8   80  00  00  00  00  00  00  A1       3.1278
     0100      8   A0  00  00  00  00  00  00  CE       3.1354
     0101      8   20  01  00  00  00  00  01  34       3.1373
     0102      8   A0  00  00  00  00  00  00  CE       3.1375
     0100      8   A0  00  00  00  00  00  00  CE       3.1405
     0101      8   40  01  00  00  00  00  01  85       3.1473
     0102      8   A0  00  00  00  00  00  00  CE       3.1475
     0501      8   0D  00  00  00  00  00  00  E6       3.1478
     0100      8   C0  00  00  00  00  00  00  7F       3.1483
     0100      8   E0  00  00  00  00  00  00  10       3.1561
     0101      8   60  01  00  00  00  00  01  EA       3.1573
     0102      8   E0  00  00  00  00  00  00  10       3.1575
     0100      8   E0  00  00  00  00  00  00  10       3.1612
     0101      8   80  01  00  00  00  00  01  FA       3.1673
     0102      8   E0  00  00  00  00  00  00  10       3.1675
     0100      8   00  00  00  00  00  00  00  00       3.1690
     0100      8   20  00  00  00  00  00  00  6F       3.1769
     0101      8   A0  01  00  00  00  00  01  95       3.1773
     0102      8   00  00  00  00  00  00  00  00       3.1775
     0100      8   20  00  00  00  00  00  00  6F       3.1820
     0101      8   C0  01  00  00  00  00  01  24       3.1873
     0102      8   20  00  00  00  00  00  00  6F       3.1875
     0100      8   40  00  00  00  00  00  00  DE       3.1898
     0101      8   E0  01  00  00  00  00  01  4B       3.1973
     0102      8   40  00  00  00  00  00  00  DE       3.1975
     0100      8   60  00  00  00  00  00  00  B1       3.1978
     0100      8   80  00  00  00  00  00  00  A1       3.2054
     0101      8   00  01  00  00  00  00  01  5B       3.2073
     0102      8   80  00  00  00  00  00  00  A1       3.2075
     0100      8   80  00  00  00  00  00  00  A1       3.2105
     0101      8   20  01  00  00  00  00  01  34       3.2173
     0102      8   80  00  00  00  00  00  00  A1       3.2175
     0100      8   A0  00  00  00  00  00  00  CE       3.2183
     0100      8   C0  00  00  00  00  00  00  7F       3.2261
     0101      8   40  01  00  00  00  00  01  85       3.2273
     0102      8   C0  00  00  00  00  00  00  7F       3.2275
     0100      8   C0  00  00  00  00  00  00  7F       3.2313
     0101      8   60  01  00  00  00  00  01  EA       3.2373
     0102      8   C0  00  00  00  00  00  00  7F       3.2375
     0100      8   E0  00  00  00  00  00  00  10       3.2391
     0100      8   00  00  00  00  00  00  00  00       3.2469
     0101      8   80  01  00  00  00  00  01  FA       3.2473
     0102      8   E0  00  00  00  00  00  00  10       3.2475
     0501      8   0D  00  00  00  00  00  00  E6       3.2478
     0100      8   00  00  00  00  00  00  00  00       3.2520
     0101      8   A0  01  00  00  00  00  01  95       3.2573
     0102      8   00  00  00  00  00  00  00  00       3.2575
     0100      8   20  00  00  00  00  00  00  6F       3.2598
     0101      8   C0  01  00  00  00  00  01  24       3.2673
     0102      8   20  00  00  00  00  00  00  6F       3.2675
     0100      8   40  00  00  00  00  00  00  DE       3.2678
     0100      8   60  00  00  00  00  00  00  B1       3.2754
     0101      8   E0  01  00  00  00  00  01  4B       3.2773
     0102      8   60  00  00  00  00  00  00  B1       3.2775
     0100      8   60  00  00  00  00  00  00  B1       3.2805
     0101      8   00  01  00  00  00  00  01  5B       3.2873
     0102      8   60  00  00  00  00  00  00  B1       3.2875
     0100      8   80  00  00  00  00  00  00  A1       3.2884
     0100      8   A0  00  00  00  00  00  00  CE       3.2962
     0101      8   20  01  00  00  00  00  01  34       3.2973
     0102      8   A0  00  00  00  00  00  00  CE       3.2975
     0100      8   A0  00  00  00  00  00  00  CE       3.3013
     0101      8   40  01  00  00  00  00  01  85       3.3073
     0102      8   A0  00  00  00  00  00  00  CE       3.3075
     0100      8   C0  00  00  00  00  00  00  7F       3.3091
     0100      8   E0  00  00  00  00  00  00  10       3.3169
     0101      8   60  01  00  00  00  00  01  EA       3.3173
     0102      8   C0  00  00  00  00  00  00  7F       3.3175
     0100      8   E0  00  00  00  00  00  00  10       3.3220
     0101      8   80  01  00  00  00  00  01  FA       3.3273
     0102      8   E0  00  00  00  00  00  00  10       3.3275
     0100      8   00  00  00  00  00  00  00  00       3.3298
     0101      8   A0  01  00  00  00  00  01  95       3.3373
     0102      8   00  00  00  00  00  00  00  00       3.3375
     0100      8   20  00  00  00  00  00  00  6F       3.3378
     0100      8   40  00  00  00  00  00  00  DE       3.3455
     0101      8   C0  01  00  00  00  00  01  24       3.3473
     0102      8   40  00  00  00  00  00  00  DE       3.3475
     0501      8   0D  00  00  00  00  00  00  E6       3.3478
     0100      8   40  00  00  00  00  00  00  DE       3.3506
     0101      8   E0  01  00  00  00  00  01  4B       3.3573
     0102      8   40  00  00  00  00  00  00  DE       3.3575
     0100      8   60  00  00  00  00  00  00  B1       3.3584
     0100      8   80  00  00  00  00  00  00  A1       3.3662
     0101      8   00  01  00  00  00  00  01  5B       3.3673
     0102      8   80  00  00  00  00  00  00  A1       3.3675
     0100      8   80  00  00  00  00  00  00  A1       3.3713
     0101      8   20  01  00  00  00  00  01  34       3.3773
     0102      8   80  00  00  00  00  00  00  A1       3.3775
     0100      8   A0  00  00  00  00  00  00  CE       3.3791
     0100      8   C0  00  00  00  00  00  00  7F       3.3869
     0101      8   40  01  00  00  00  00  01  85       3.3873
     0102      8   A0  00  00  00  00  00  00  CE       3.3875
     0100      8   C0  00  00  00  00  00  00  7F       3.3920
     0101      8   60  01  00  00  00  00  01  EA       3.3973
     0102      8   C0  00  00  00  00  00  00  7F       3.3975
     0100      8   E0  00  00  00  00  00  00  10       3.3999
     0101      8   80  01  00  00  00  00  01  FA       3.4073
     0102      8   E0  00  00  00  00  00  00  10       3.4075
     0100      8   00  00  00  00  00  00  00  00       3.4078
     0100      8   20  00  00  00  00  00  00  6F       3.4155
     0101      8   A0  01  00  00  00  00  01  95       3.4173
     0102      8   20  00  00  00  00  00  00  6F       3.4175
     0100      8   20  00  00  00  00  00  00  6F       3.4206
     0101      8   C0  01  00  00  00  00  01  24       3.4273
     0102      8   20  00  00  00  00  00  00  6F       3.4275
     0100      8   40  00  00  00  00  00  00  DE       3.4284
     0100      8   60  00  00  00  00  00  00  B1       3.4362
     0101      8   E0  01  00  00  00  00  01  4B       3.4373
     0102      8   60  00  00  00  00  00  00  B1       3.4375
     0100      8   60  00  00  00  00  00  00  B1       3.4413
     0101      8   00  01  00  00  00  00  01  5B       3.4473
     0102      8   60  00  00  00  00  00  00  B1       3.4475
     0501      8   0D  00  00  00  00  00  00  E6       3.4477
     0100      8   80  00  00  00  00  00  00  A1       3.4491
     0100      8   A0  00  00  00  00  00  00  CE       3.4570
     0101      8   20  01  00  00  00  00  01  34       3.4573
     0102      8   80  00  00  00  00  00  00  A1       3.4575
     0100      8   A0  00  00  00  00  00  00  CE       3.4621
     0101      8   40  01  00  00  00  00  01  85       3.4672
     0102      8   A0  00  00  00  00  00  00  CE       3.4675
     0100      8   C0  00  00  00  00  00  00  7F       3.4699
     0101      8   60  01  00  00  00  00  01  EA       3.4773
     0102      8   C0  00  00  00  00  00  00  7F       3.4775
     0100      8   E0  00  00  00  00  00  00  10       3.4778
     0100      8   00  00  00  00  00  00  00  00       3.4855
     0101      8   80  01  00  00  00  00  01  FA       3.4873
     0102      8   00  00  00  00  00  00  00  00       3.4875
     0100      8   00  00  00  00  00  00  00  00       3.4906
     0101      8   A0  01  00  00  00  00  01  95       3.4972
     0102      8   00  00  00  00  00  00  00  00       3.4975
     0100      8   20  00  00  00  00  00  00  6F       3.4984
     0100      8   40  00  00  00  00  00  00  DE       3.5063
     0101      8   C0  01  00  00  00  00  01  24       3.5072
     0102      8   40  00  00  00  00  00  00  DE       3.5075
     0100      8   40  00  00  00  00  00  00  DE       3.5114
     0101      8   E0  01  00  00  00  00  01  4B       3.5172
     0102      8   40  00  00  00  00  00  00  DE       3.5175
     0100      8   60  00  00  00  00  00  00  B1       3.5192
     0100      8   80  00  00  00  00  00  00  A1       3.5270
     0101      8   00  01  00  00  00  00  01  5B       3.5272
     0102      8   60  00  00  00  00  00  00  B1       3.5275
     0100      8   80  00  00  00  00  00  00  A1       3.5321
     0101      8   20  01  00  00  00  00  01  34       3.5372
     0102      8   80  00  00  00  00  00  00  A1       3.5375
     0100      8   A0  00  00  00  00  00  00  CE       3.5399
     0101      8   40  01  00  00  00  00  01  85       3.5472
     0102      8   A0  00  00  00  00  00  00  CE       3.5475
     0100      8   C0  00  00  00  00  00  00  7F       3.5477
     0501      8   0D  00  00  00  00  00  00  E6       3.5480
     0100      8   E0  00  00  00  00  00  00  10       3.5555
     0101      8   60  01  00  00  00  00  01  EA       3.5572
     0102      8   E0  00  00  00  00  00  00  10       3.5575
     0100      8   E0  00  00  00  00  00  00  10       3.5606
     0101      8   80  01  00  00  00  00  01  FA       3.5672
     0102      8   E0  00  00  00  00  00  00  10       3.5675
     0100      8   00  00  00  00  00  00  00  00       3.5685
     0100      8   20  00  00  00  00  00  00  6F       3.5763
     0101      8   A0  01  00  00  00  00  01  95       3.5772
     0102      8   20  00  00  00  00  00  00  6F       3.5775
     0100      8   20  00  00  00  00  00  00  6F       3.5814
     0101      8   C0  01  00  00  00  00  01  24       3.5872
     0102      8   20  00  00  00  00  00  00  6F       3.5875
     0100      8   40  00  00  00  00  00  00  DE       3.5892
     0100      8   60  00  00  00  00  00  00  B1       3.5970
     0101      8   E0  01  00  00  00  00  01  4B       3.5973
     0102      8   40  00  00  00  00  00  00  DE       3.5975
     0100      8   60  00  00  00  00  00  00  B1       3.6021
     0101      8   00  01  00  00  00  00  01  5B       3.6072
     0102      8   60  00  00  00  00  00  00  B1       3.6075
     0100      8   80  00  00  00  00  00  00  A1       3.6099
     0101      8   20  01  00  00  00  00  01  34       3.6172
     0102      8   80  00  00  00  00  00  00  A1       3.6175
     0100      8   A0  00  00  00  00  00  00  CE       3.6178
     0100      8   C0  00  00  00  00  00  00  7F       3.6256
     0101      8   40  01  00  00  00  00  01  85       3.6272
     0102      8   C0  00  00  00  00  00  00  7F       3.6275
     0100      8   C0  00  00  00  00  00  00  7F       3.6307
     0101      8   60  01  00  00  00  00  01  EA       3.6372
     0102      8   C0  00  00  00  00  00  00  7F       3.6375
     0100      8   E0  00  00  00  00  00  00  10       3.6385
     0100      8   00  00  00  00  00  00  00  00       3.6463
     0101      8   80  01  00  00  00  00  01  FA       3.6472
     0102      8   00  00  00  00  00  00  00  00       3.6475
     0501      8   0D  00  00  00  00  00  00  E6       3.6477
     0100      8   00  00  00  00  00  00  00  00       3.6514
     0101      8   A0  01  00  00  00  00  01  95       3.6572
     0102      8   00  00  00  00  00  00  00  00       3.6575
     0100      8   20  00  00  00  00  00  00  6F       3.6592
     0100      8   40  00  00  00  00  00  00  DE       3.6670
     0101      8   C0  01  00  00  00  00  01  24       3.6673
     0102      8   20  00  00  00  00  00  00  6F       3.6675
     0100      8   40  00  00  00  00  00  00  DE       3.6721
     0101      8   E0  01  00  00  00  00  01  4B       3.6772
     0102      8   40  00  00  00  00  00  00  DE       3.6775
     0100      8   60  00  00  00  00  00  00  B1       3.6800
     0101      8   00  01  00  00  00  00  01  5B       3.6872
     0102      8   60  00  00  00  00  00  00  B1       3.6875
     0100      8   80  00  00  00  00  00  00  A1       3.6878
     0100      8   A0  00  00  00  00  00  00  CE       3.6956
     0101      8   20  01  00  00  00  00  01  34       3.6972
     0102      8   A0  00  00  00  00  00  00  CE       3.6975
     0100      8   A0  00  00  00  00  00  00  CE       3.7007
     0101      8   40  01  00  00  00  00  01  85       3.7072
     0102      8   A0  00  00  00  00  00  00  CE       3.7075
     0100      8   C0  00  00  00  00  00  00  7F       3.7085
     0100      8   E0  00  00  00  00  00  00  10       3.7163
     0101      8   60  01  00  00  00  00  01  EA       3.7172
     0102      8   E0  00  00  00  00  00  00  10       3.7175
     0100      8   E0  00  00  00  00  00  00  10       3.7214
     0101      8   80  01  00  00  00  00  01  FA       3.7272
     0102      8   E0  00  00  00  00  00  00  10       3.7275
     0100      8   00  00  00  00  00  00  00  00       3.7293
     0100      8   20  00  00  00  00  00  00  6F       3.7371
     0101      8   A0  01  00  00  00  00  01  95       3.7373
     0102      8   00  00  00  00  00  00  00  00       3.7376
     0100      8   20  00  00  00  00  00  00  6F       3.7422
     0101      8   C0  01  00  00  00  00  01  24       3.7472
     0102      8   20  00  00  00  00  00  00  6F       3.7475
     0501      8   0D  00  00  00  00  00  00  E6       3.7477
     0100      8   40  00  00  00  00  00  00  DE       3.7500
     0101      8   E0  01  00  00  00  00  01  4B       3.7572
     0102      8   40  00  00  00  00  00  00  DE       3.7575
     0100      8   60  00  00  00  00  00  00  B1       3.7578
     0100      8   80  00  00  00  00  00  00  A1       3.7656
     0101      8   00  01  00  00  00  00  01  5B       3.7672
     0102      8   80  00  00  00  00  00  00  A1       3.7675
     0100      8   80  00  00  00  00  00  00  A1       3.7707
     0101      8   20  01  00  00  00  00  01  34       3.7772
     0102      8   80  00  00  00  00  00  00  A1       3.7775
     0100      8   A0  00  00  00  00  00  00  CE       3.7785
     0100      8   C0  00  00  00  00  00  00  7F       3.7864
     0101      8   40  01  00  00  00  00  01  85       3.7872
     0102      8   C0  00  00  00  00  00  00  7F       3.7875
     0100      8   C0  00  00  00  00  00  00  7F       3.7915
     0101      8   60  01  00  00  00  00  01  EA       3.7972
     0102      8   C0  00  00  00  00  00  00  7F       3.7975
     0100      8   E0  00  00  00  00  00  00  10       3.7993
     0100      8   00  00  00  00  00  00  00  00       3.8071
     0101      8   80  01  00  00  00  00  01  FA       3.8074
     0102      8   E0  00  00  00  00  00  00  10       3.8076
     0100      8   00  00  00  00  00  00  00  00       3.8122
     0101      8   A0  01  00  00  00  00  01  95       3.8172
     0102      8   00  00  00  00  00  00  00  00       3.8175
     0100      8   20  00  00  00  00  00  00  6F       3.8200
     0101      8   C0  01  00  00  00  00  01  24       3.8272
     0102      8   20  00  00  00  00  00  00  6F       3.8274
     0100      8   40  00  00  00  00  00  00  DE       3.8278
     0100      8   60  00  00  00  00  00  00  B1       3.8357
     0101      8   E0  01  00  00  00  00  01  4B       3.8372
     0102      8   60  00  00  00  00  00  00  B1       3.8374
     0100      8   60  00  00  00  00  00  00  B1       3.8408
     0101      8   00  01  00  00  00  00  01  5B       3.8472
     0102      8   60  00  00  00  00  00  00  B1       3.8474
     0501      8   0D  00  00  00  00  00  00  E6       3.8477
     0100      8   80  00  00  00  00  00  00  A1       3.8486
     0100      8   A0  00  00  00  00  00  00  CE       3.8564
     0101      8   20  01  00  00  00  00  01  34       3.8572
     0102      8   A0  00  00  00  00  00  00  CE       3.8574
     0100      8   A0  00  00  00  00  00  00  CE       3.8615
     0101      8   40  01  00  00  00  00  01  85       3.8672
     0102      8   A0  00  00  00  00  00  00  CE       3.8674
     0100      8   C0  00  00  00  00  00  00  7F       3.8693
     0100      8   E0  00  00  00  00  00  00  10       3.8771
     0101      8   60  01  00  00  00  00  01  EA       3.8774
     0102      8   C0  00  00  00  00  00  00  7F       3.8776
     0100      8   E0  00  00  00  00  00  00  10       3.8822
     0101      8   80  01  00  00  00  00  01  FA       3.8872
     0102      8   E0  00  00  00  00  00  00  10       3.8874
     0100      8   00  00  00  00  00  00  00  00       3.8901
     0101      8   A0  01  00  00  00  00  01  95       3.8972
     0102      8   00  00  00  00  00  00  00  00       3.8974
     0100      8   20  00  00  00  00  00  00  6F       3.8979
     0100      8   40  00  00  00  00  00  00  DE       3.9057
     0101      8   C0  01  00  00  00  00  01  24       3.9072
     0102      8   40  00  00  00  00  00  00  DE       3.9074
     0100      8   40  00  00  00  00  00  00  DE       3.9108
     0101      8   E0  01  00  00  00  00  01  4B       3.9172
     0102      8   40  00  00  00  00  00  00  DE       3.9174
     0100      8   60  00  00  00  00  00  00  B1       3.9186
     0100      8   80  00  00  00  00  00  00  A1       3.9264
     0101      8   00  01  00  00  00  00  01  5B       3.9272
     0102      8   80  00  00  00  00  00  00  A1       3.9274
     0100      8   80  00  00  00  00  00  00  A1       3.9315
     0101      8   20  01  00  00  00  00  01  34       3.9372
     0102      8   80  00  00  00  00  00  00  A1       3.9374
     0100      8   A0  00  00  00  00  00  00  CE       3.9393
     0100      8   C0  00  00  00  00  00  00  7F       3.9472
     0101      8   40  01  00  00  00  00  01  85       3.9474
     0102      8   A0  00  00  00  00  00  00  CE       3.9477
     0501      8   0D  00  00  00  00  00  00  E6       3.9479
     0100      8   C0  00  00  00  00  00  00  7F       3.9523
     0101      8   60  01  00  00  00  00  01  EA       3.9572
     0102      8   C0  00  00  00  00  00  00  7F       3.9574
     0100      8   E0  00  00  00  00  00  00  10       3.9601
     0101      8   80  01  00  00  00  00  01  FA       3.9672
     0102      8   E0  00  00  00  00  00  00  10       3.9674
     0100      8   00  00  00  00  00  00  00  00       3.9679
     0100      8   20  00  00  00  00  00  00  6F       3.9757
     0101      8   A0  01  00  00  00  00  01  95       3.9772
     0102      8   20  00  00  00  00  00  00  6F       3.9774
     0100      8   20  00  00  00  00  00  00  6F       3.9808
     0101      8   C0  01  00  00  00  00  01  24       3.9872
     0102      8   20  00  00  00  00  00  00  6F       3.9874
     0100      8   40  00  00  00  00  00  00  DE       3.9886
     0100      8   60  00  00  00  00  00  00  B1       3.9965
     0101      8   E0  01  00  00  00  00  01  4B       3.9972
     0102      8   60  00  00  00  00  00  00  B1       3.9974
     0100      8   60  00  00  00  00  00  00  B1       4.0016
     0101      8   00  01  00  00  00  00  01  5B       4.0072
     0102      8   60  00  00  00  00  00  00  B1       4.0074
     0100      8   80  00  00  00  00  00  00  A1       4.0094
     0101      8   20  01  00  00  00  00  01  34       4.0172
     0100      8   A0  00  00  00  00  00  00  CE       4.0174
     0102      8   80  00  00  00  00  00  00  A1       4.0177
     0100      8   C0  00  00  00  00  00  00  7F       4.0250
     0101      8   40  01  00  00  00  00  01  85       4.0272
     0102      8   C0  00  00  00  00  00  00  7F       4.0274
     0100      8   C0  00  00  00  00  00  00  7F       4.0301
     0101      8   60  01  00  00  00  00  01  EA       4.0372
     0102      8   C0  00  00  00  00  00  00  7F       4.0374
     0100      8   E0  00  00  00  00  00  00  10       4.0379
     0100      8   00  00  00  00  00  00  00  00       4.0457
     0101      8   80  01  00  00  00  00  01  FA       4.0472
     0102      8   00  00  00  00  00  00  00  00       4.0474
     0501      8   0D  00  00  00  00  00  00  E6       4.0477
     0100      8   00  00  00  00  00  00  00  00       4.0508
     0101      8   A0  01  00  00  00  00  01  95       4.0572
     0102      8   00  00  00  00  00  00  00  00       4.0574
     0100      8   20  00  00  00  00  00  00  6F       4.0587
     0100      8   40  00  00  00  00  00  00  DE       4.0665
     0101      8   C0  01  00  00  00  00  01  24       4.0672
     0102      8   40  00  00  00  00  00  00  DE       4.0674
     0100      8   40  00  00  00  00  00  00  DE       4.0716
     0101      8   E0  01  00  00  00  00  01  4B       4.0772
     0102      8   40  00  00  00  00  00  00  DE       4.0774
     0100      8   60  00  00  00  00  00  00  B1       4.0794
     0101      8   00  01  00  00  00  00  01  5B       4.0872
     0100      8   80  00  00  00  00  00  00  A1       4.0874
     0102      8   60  00  00  00  00  00  00  B1       4.0877
     0100      8   A0  00  00  00  00  00  00  CE       4.0950
     0101      8   20  01  00  00  00  00  01  34       4.0972
     0102      8   A0  00  00  00  00  00  00  CE       4.0974
     0100      8   A0  00  00  00  00  00  00  CE       4.1001
     0101      8   40  01  00  00  00  00  01  85       4.1072
     0102      8   A0  00  00  00  00  00  00  CE       4.1074
     0100      8   C0  00  00  00  00  00  00  7F       4.1080
     0100      8   E0  00  00  00  00  00  00  10       4.1158
     0101      8   60  01  00  00  00  00  01  EA       4.1172
     0102      8   E0  00  00  00  00  00  00  10       4.1174
     0100      8   E0  00  00  00  00  00  00  10       4.1209
     0101      8   80  01  00  00  00  00  01  FA       4.1272
     0102      8   E0  00  00  00  00  00  00  10       4.1274
     0100      8   00  00  00  00  00  00  00  00       4.1287
     0100      8   20  00  00  00  00  00  00  6F       4.1365
     0101      8   A0  01  00  00  00  00  01  95       4.1372
     0102      8   20  00  00  00  00  00  00  6F       4.1374
     0100      8   20  00  00  00  00  00  00  6F       4.1416
     0101      8   C0  01  00  00  00  00  01  24       4.1472
     0102      8   20  00  00  00  00  00  00  6F       4.1474
     0501      8   0D  00  00  00  00  00  00  E6       4.1477
     0100      8   40  00  00  00  00  00  00  DE       4.1494
     0101      8   E0  01  00  00  00  00  01  4B       4.1572
     0100      8   60  00  00  00  00  00  00  B1       4.1574
     0102      8   40  00  00  00  00  00  00  DE       4.1576
     0100      8   80  00  00  00  00  00  00  A1       4.1651
     0101      8   00  01  00  00  00  00  01  5B       4.1672
     0102      8   80  00  00  00  00  00  00  A1       4.1674
     0100      8   80  00  00  00  00  00  00  A1       4.1702
     0101      8   20  01  00  00  00  00  01  34       4.1772
     0102      8   80  00  00  00  00  00  00  A1       4.1774
     0100      8   A0  00  00  00  00  00  00  CE       4.1780
     0100      8   C0  00  00  00  00  00  00  7F       4.1858
     0101      8   40  01  00  00  00  00  01  85       4.1872
     0102      8   C0  00  00  00  00  00  00  7F       4.1874
     0100      8   C0  00  00  00  00  00  00  7F       4.1909
     0101      8   60  01  00  00  00  00  01  EA       4.1972
     0102      8   C0  00  00  00  00  00  00  7F       4.1974
     0100      8   E0  00  00  00  00  00  00  10       4.1987
     0100      8   00  00  00  00  00  00  00  00       4.2065
     0101      8   80  01  00  00  00  00  01  FA       4.2071
     0102      8   00  00  00  00  00  00  00  00       4.2074
     0100      8   00  00  00  00  00  00  00  00       4.2116
     0101      8   A0  01  00  00  00  00  01  95       4.2171
     0102      8   00  00  00  00  00  00  00  00       4.2174
     0100      8   20  00  00  00  00  00  00  6F       4.2195
     0101      8   C0  01  00  00  00  00  01  24       4.2271
     0100      8   40  00  00  00  00  00  00  DE       4.2274
     0102      8   20  00  00  00  00  00  00  6F       4.2276
     0100      8   60  00  00  00  00  00  00  B1       4.2351
     0101      8   E0  01  00  00  00  00  01  4B       4.2371
     0102      8   60  00  00  00  00  00  00  B1       4.2374
     0100      8   60  00  00  00  00  00  00  B1       4.2402
     0101      8   00  01  00  00  00  00  01  5B       4.2471
     0102      8   60  00  00  00  00  00  00  B1       4.2474
     0501      8   0D  00  00  00  00  00  00  E6       4.2476
     0100      8   80  00  00  00  00  00  00  A1       4.2480
     0100      8   A0  00  00  00  00  00  00  CE       4.2558
     0101      8   20  01  00  00  00  00  01  34       4.2571
     0102      8   A0  00  00  00  00  00  00  CE       4.2574
     0100      8   A0  00  00  00  00  00  00  CE       4.2609
     0101      8   40  01  00  00  00  00  01  85       4.2671
     0102      8   A0  00  00  00  00  00  00  CE       4.2674
     0100      8   C0  00  00  00  00  00  00  7F       4.2688
     0100      8   E0  00  00  00  00  00  00  10       4.2766
     0101      8   60  01  00  00  00  00  01  EA       4.2771
     0102      8   E0  00  00  00  00  00  00  10       4.2774
     0100      8   E0  00  00  00  00  00  00  10       4.2817
     0101      8   80  01  00  00  00  00  01  FA       4.2871
     0102      8   E0  00  00  00  00  00  00  10       4.2874
     0100      8   00  00  00  00  00  00  00  00       4.2895
     0101      8   A0  01  00  00  00  00  01  95       4.2971
     0100      8   20  00  00  00  00  00  00  6F       4.2974
     0102      8   00  00  00  00  00  00  00  00       4.2976
     0100      8   40  00  00  00  00  00  00  DE       4.3051
     0101      8   C0  01  00  00  00  00  01  24       4.3071
     0102      8   40  00  00  00  00  00  00  DE       4.3074
     0100      8   40  00  00  00  00  00  00  DE       4.3102
     0101      8   E0  01  00  00  00  00  01  4B       4.3171
     0102      8   40  00  00  00  00  00  00  DE       4.3174
     0100      8   60  00  00  00  00  00  00  B1       4.3180
     0100      8   80  00  00  00  00  00  00  A1       4.3259
     0101      8   00  01  00  00  00  00  01  5B       4.3271
     0102      8   80  00  00  00  00  00  00  A1       4.3274
     0100      8   80  00  00  00  00  00  00  A1       4.3310
     0101      8   20  01  00  00  00  00  01  34       4.3371
     0102      8   80  00  00  00  00  00  00  A1       4.3374
     0100      8   A0  00  00  00  00  00  00  CE       4.3388
     0100      8   C0  00  00  00  00  00  00  7F       4.3466
     0101      8   40  01  00  00  00  00  01  85       4.3471
     0102      8   C0  00  00  00  00  00  00  7F       4.3474
     0501      8   0D  00  00  00  00  00  00  E6       4.3476
     0100      8   C0  00  00  00  00  00  00  7F       4.3517
     0101      8   60  01  00  00  00  00  01  EA       4.3571
     0102      8   C0  00  00  00  00  00  00  7F       4.3574
     0100      8   E0  00  00  00  00  00  00  10       4.3595
     0101      8   80  01  00  00  00  00  01  FA       4.3671
     0100      8   00  00  00  00  00  00  00  00       4.3674
     0102      8   E0  00  00  00  00  00  00  10       4.3676
     0100      8   20  00  00  00  00  00  00  6F       4.3751
     0101      8   A0  01  00  00  00  00  01  95       4.3771
     0102      8   20  00  00  00  00  00  00  6F       4.3774
     0100      8   20  00  00  00  00  00  00  6F       4.3803
     0101      8   C0  01  00  00  00  00  01  24       4.3871
     0102      8   20  00  00  00  00  00  00  6F       4.3874
     0100      8   40  00  00  00  00  00  00  DE       4.3881
     0100      8   60  00  00  00  00  00  00  B1       4.3959
     0101      8   E0  01  00  00  00  00  01  4B       4.3971
     0102      8   60  00  00  00  00  00  00  B1       4.3974
     0100      8   60  00  00  00  00  00  00  B1       4.4010
     0101      8   00  01  00  00  00  00  01  5B       4.4071
     0102      8   60  00  00  00  00  00  00  B1       4.4074
     0100      8   80  00  00  00  00  00  00  A1       4.4088
     0100      8   A0  00  00  00  00  00  00  CE       4.4166
     0101      8   20  01  00  00  00  00  01  34       4.4171
     0102      8   80  00  00  00  00  00  00  A1       4.4174
     0100      8   A0  00  00  00  00  00  00  CE       4.4217
     0101      8   40  01  00  00  00  00  01  85       4.4271
     0102      8   A0  00  00  00  00  00  00  CE       4.4274
     0100      8   C0  00  00  00  00  00  00  7F       4.4295
     0101      8   60  01  00  00  00  00  01  EA       4.4371
     0100      8   E0  00  00  00  00  00  00  10       4.4374
     0102      8   C0  00  00  00  00  00  00  7F       4.4376
     0100      8   00  00  00  00  00  00  00  00       4.4452
     0101      8   80  01  00  00  00  00  01  FA       4.4471
     0102      8   00  00  00  00  00  00  00  00       4.4474
     0501      8   0D  00  00  00  00  00  00  E6       4.4476
     0100      8   00  00  00  00  00  00  00  00       4.4503
     0101      8   A0  01  00  00  00  00  01  95       4.4571
     0102      8   00  00  00  00  00  00  00  00       4.4574
     0100      8   20  00  00  00  00  00  00  6F       4.4581
     0100      8   40  00  00  00  00  00  00  DE       4.4659
     0101      8   C0  01  00  00  00  00  01  24       4.4671
     0102      8   40  00  00  00  00  00  00  DE       4.4674
     0100      8   40  00  00  00  00  00  00  DE       4.4710
     0101      8   E0  01  00  00  00  00  01  4B       4.4771
     0102      8   40  00  00  00  00  00  00  DE       4.4774
     0100      8   60  00  00  00  00  00  00  B1       4.4788
     0100      8   80  00  00  00  00  00  00  A1       4.4867
     0101      8   00  01  00  00  00  00  01  5B       4.4871
     0102      8   60  00  00  00  00  00  00  B1       4.4874
     0100      8   80  00  00  00  00  00  00  A1       4.4917
     0101      8   20  01  00  00  00  00  01  34       4.4971
     0102      8   80  00  00  00  00  00  00  A1       4.4974
     0100      8   A0  00  00  00  00  00  00  CE       4.4996
     0101      8   40  01  00  00  00  00  01  85       4.5071
     0102      8   A0  00  00  00  00  00  00  CE       4.5073
     0100      8   C0  00  00  00  00  00  00  7F       4.5076
     0100      8   E0  00  00  00  00  00  00  10       4.5152
     0101      8   60  01  00  00  00  00  01  EA       4.5171
     0102      8   E0  00  00  00  00  00  00  10       4.5174
     0100      8   E0  00  00  00  00  00  00  10       4.5203
     0101      8   80  01  00  00  00  00  01  FA       4.5271
     0102      8   E0  00  00  00  00  00  00  10       4.5274
     0100      8   00  00  00  00  00  00  00  00       4.5281
     0100      8   20  00  00  00  00  00  00  6F       4.5359
     0101      8   A0  01  00  00  00  00  01  95       4.5371
     0102      8   20  00  00  00  00  00  00  6F       4.5373
     0100      8   20  00  00  00  00  00  00  6F       4.5410
     0101      8   C0  01  00  00  00  00  01  24       4.5471
     0102      8   20  00  00  00  00  00  00  6F       4.5473
     0501      8   0D  00  00  00  00  00  00  E6       4.5476
     0100      8   40  00  00  00  00  00  00  DE       4.5489
     0100      8   60  00  00  00  00  00  00  B1       4.5567
     0101      8   E0  01  00  00  00  00  01  4B       4.5571
     0102      8   40  00  00  00  00  00  00  DE       4.5573
     0100      8   60  00  00  00  00  00  00  B1       4.5618
     0101      8   00  01  00  00  00  00  01  5B       4.5671
     0102      8   60  00  00  00  00  00  00  B1       4.5673
     0100      8   80  00  00  00  00  00  00  A1       4.5696
     0101      8   20  01  00  00  00  00  01  34       4.5771
     0102      8   80  00  00  00  00  00  00  A1       4.5773
     0100      8   A0  00  00  00  00  00  00  CE       4.5776
     0100      8   C0  00  00  00  00  00  00  7F       4.5852
     0101      8   40  01  00  00  00  00  01  85       4.5871
     0102      8   C0  00  00  00  00  00  00  7F       4.5873
     0100      8   C0  00  00  00  00  00  00  7F       4.5903
     0101      8   60  01  00  00  00  00  01  EA       4.5971
     0102      8   C0  00  00  00  00  00  00  7F       4.5973
     0100      8   E0  00  00  00  00  00  00  10       4.5982
     0100      8   00  00  00  00  00  00  00  00       4.6060
     0101      8   80  01  00  00  00  00  01  FA       4.6071
     0102      8   00  00  00  00  00  00  00  00       4.6073
     0100      8   00  00  00  00  00  00  00  00       4.6111
     0101      8   A0  01  00  00  00  00  01  95       4.6171
     0102      8   00  00  00  00  00  00  00  00       4.6173
     0100      8   20  00  00  00  00  00  00  6F       4.6189
     0100      8   40  00  00  00  00  00  00  DE       4.6267
     0101      8   C0  01  00  00  00  00  01  24       4.6271
     0102      8   20  00  00  00  00  00  00  6F       4.6273
     0100      8   40  00  00  00  00  00  00  DE       4.6318
     0101      8   E0  01  00  00  00  00  01  4B       4.6371
     0102      8   40  00  00  00  00  00  00  DE       4.6373
     0100      8   60  00  00  00  00  00  00  B1       4.6396
     0101      8   00  01  00  00  00  00  01  5B       4.6471
     0102      8   60  00  00  00  00  00  00  B1       4.6473
     0100      8   80  00  00  00  00  00  00  A1       4.6476
     0501      8   0D  00  00  00  00  00  00  E6       4.6478
     0100      8   A0  00  00  00  00  00  00  CE       4.6553
     0101      8   20  01  00  00  00  00  01  34       4.6571
     0102      8   A0  00  00  00  00  00  00  CE       4.6573
     0100      8   A0  00  00  00  00  00  00  CE       4.6604
     0101      8   40  01  00  00  00  00  01  85       4.6671
     0102      8   A0  00  00  00  00  00  00  CE       4.6673
     0100      8   C0  00  00  00  00  00  00  7F       4.6682
     0100      8   E0  00  00  00  00  00  00  10       4.6760
     0101      8   60  01  00  00  00  00  01  EA       4.6771
     0102      8   E0  00  00  00  00  00  00  10       4.6773
     0100      8   E0  00  00  00  00  00  00  10       4.6811
     0101      8   80  01  00  00  00  00  01  FA       4.6871
     0102      8   E0  00  00  00  00  00  00  10       4.6873
     0100      8   00  00  00  00  00  00  00  00       4.6889
     0100      8   20  00  00  00  00  00  00  6F       4.6967
     0101      8   A0  01  00  00  00  00  01  95       4.6971
     0102      8   00  00  00  00  00  00  00  00       4.6973
     0100      8   20  00  00  00  00  00  00  6F       4.7018
     0101      8   C0  01  00  00  00  00  01  24       4.7071
     0102      8   20  00  00  00  00  00  00  6F       4.7073
     0100      8   40  00  00  00  00  00  00  DE       4.7097
     0101      8   E0  01  00  00  00  00  01  4B       4.7171
     0102      8   40  00  00  00  00  00  00  DE       4.7173
     0100      8   60  00  00  00  00  00  00  B1       4.7176
     0100      8   80  00  00  00  00  00  00  A1       4.7253
     0101      8   00  01  00  00  00  00  01  5B       4.7271
     0102      8   80  00  00  00  00  00  00  A1       4.7273
     0100      8   80  00  00  00  00  00  00  A1       4.7304
     0101      8   20  01  00  00  00  00  01  34       4.7371
     0102      8   80  00  00  00  00  00  00  A1       4.7373
     0100      8   A0  00  00  00  00  00  00  CE       4.7382
     0100      8   C0  00  00  00  00  00  00  7F       4.7460
     0101      8   40  01  00  00  00  00  01  85       4.7471
     0102      8   C0  00  00  00  00  00  00  7F       4.7473
     0501      8   0D  00  00  00  00  00  00  E6       4.7476
     0100      8   C0  00  00  00  00  00  00  7F       4.7511
     0101      8   60  01  00  00  00  00  01  EA       4.7571
     0102      8   C0  00  00  00  00  00  00  7F       4.7573
     0100      8   E0  00  00  00  00  00  00  10       4.7589
     0100      8   00  00  00  00  00  00  00  00       4.7668
     0101      8   80  01  00  00  00  00  01  FA       4.7671
     0102      8   E0  00  00  00  00  00  00  10       4.7673
     0100      8   00  00  00  00  00  00  00  00       4.7719
     0101      8   A0  01  00  00  00  00  01  95       4.7771
     0102      8   00  00  00  00  00  00  00  00       4.7773
     0100      8   20  00  00  00  00  00  00  6F       4.7797
     0101      8   C0  01  00  00  00  00  01  24       4.7871
     0102      8   20  00  00  00  00  00  00  6F       4.7873
     0100      8   40  00  00  00  00  00  00  DE       4.7876
     0100      8   60  00  00  00  00  00  00  B1       4.7953
     0101      8   E0  01  00  00  00  00  01  4B       4.7971
     0102      8   60  00  00  00  00  00  00  B1       4.7973
     0100      8   60  00  00  00  00  00  00  B1       4.8004
     0101      8   00  01  00  00  00  00  01  5B       4.8071
     0102      8   60  00  00  00  00  00  00  B1       4.8073
     0100      8   80  00  00  00  00  00  00  A1       4.8082
     0100      8   A0  00  00  00  00  00  00  CE       4.8161
     0101      8   20  01  00  00  00  00  01  34       4.8171
     0102      8   A0  00  00  00  00  00  00  CE       4.8173
     0100      8   A0  00  00  00  00  00  00  CE       4.8212
     0101      8   40  01  00  00  00  00  01  85       4.8271
     0102      8   A0  00  00  00  00  00  00  CE       4.8273
     0100      8   C0  00  00  00  00  00  00  7F       4.8290
     0100      8   E0  00  00  00  00  00  00  10       4.8368
     0101      8   60  01  00  00  00  00  01  EA       4.8371
     0102      8   C0  00  00  00  00  00  00  7F       4.8373
     0100      8   E0  00  00  00  00  00  00  10       4.8419
     0101      8   80  01  00  00  00  00  01  FA       4.8471
     0102      8   E0  00  00  00  00  00  00  10       4.8473
     0501      8   0D  00  00  00  00  00  00  E6       4.8476
     0100      8   00  00  00  00  00  00  00  00       4.8497
     0101      8   A0  01  00  00  00  00  01  95       4.8571
     0102      8   00  00  00  00  00  00  00  00       4.8573
     0100      8   20  00  00  00  00  00  00  6F       4.8576
     0100      8   40  00  00  00  00  00  00  DE       4.8653
     0101      8   C0  01  00  00  00  00  01  24       4.8671
     0102      8   40  00  00  00  00  00  00  DE       4.8673
     0100      8   40  00  00  00  00  00  00  DE       4.8704
     0101      8   E0  01  00  00  00  00  01  4B       4.8770
     0102      8   40  00  00  00  00  00  00  DE       4.8773
     0100      8   60  00  00  00  00  00  00  B1       4.8783
     0100      8   80  00  00  00  00  00  00  A1       4.8861
     0101      8   00  01  00  00  00  00  01  5B       4.8871
     0102      8   80  00  00  00  00  00  00  A1       4.8873
     0100      8   80  00  00  00  00  00  00  A1       4.8912
     0101      8   20  01  00  00  00  00  01  34       4.8971
     0102      8   80  00  00  00  00  00  00  A1       4.8973
     0100      8   A0  00  00  00  00  00  00  CE       4.8990
     0100      8   C0  00  00  00  00  00  00  7F       4.9068
     0101      8   40  01  00  00  00  00  01  85       4.9071
     0102      8   A0  00  00  00  00  00  00  CE       4.9073
     0100      8   C0  00  00  00  00  00  00  7F       4.9119
     0101      8   60  01  00  00  00  00  01  EA       4.9171
     0102      8   C0  00  00  00  00  00  00  7F       4.9173
     0100      8   E0  00  00  00  00  00  00  10       4.9197
     0101      8   80  01  00  00  00  00  01  FA       4.9271
     0102      8   E0  00  00  00  00  00  00  10       4.9273
     0100      8   00  00  00  00  00  00  00  00       4.9276
     0100      8   20  00  00  00  00  00  00  6F       4.9354
     0101      8   A0  01  00  00  00  00  01  95       4.9370
     0102      8   20  00  00  00  00  00  00  6F       4.9373
     0100      8   20  00  00  00  00  00  00  6F       4.9405
     0101      8   C0  01  00  00  00  00  01  24       4.9470
     0102      8   20  00  00  00  00  00  00  6F       4.9473
     0501      8   0D  00  00  00  00  00  00  E6       4.9475
     0100      8   40  00  00  00  00  00  00  DE       4.9483
     0100      8   60  00  00  00  00  00  00  B1       4.9561
     0101      8   E0  01  00  00  00  00  01  4B       4.9570
     0102      8   60  00  00  00  00  00  00  B1       4.9573
     0100      8   60  00  00  00  00  00  00  B1       4.9612
     0101      8   00  01  00  00  00  00  01  5B       4.9670
     0102      8   60  00  00  00  00  00  00  B1       4.9673
     0100      8   80  00  00  00  00  00  00  A1       4.9690
     0100      8   A0  00  00  00  00  00  00  CE       4.9769
     0101      8   20  01  00  00  00  00  01  34       4.9771
     0102      8   80  00  00  00  00  00  00  A1       4.9773
     0100      8   A0  00  00  00  00  00  00  CE       4.9820
     0101      8   40  01  00  00  00  00  01  85       4.9870
     0102      8   A0  00  00  00  00  00  00  CE       4.9873
     0100      8   C0  00  00  00  00  00  00  7F       4.9898
     0101      8   60  01  00  00  00  00  01  EA       4.9970
     0102      8   C0  00  00  00  00  00  00  7F       4.9973
     0100      8   E0  00  00  00  00  00  00  10       4.9976
     0100      8   00  00  00  00  00  00  00  00       5.0054
     0101      8   80  01  00  00  00  00  01  FA       5.0070
     0102      8   00  00  00  00  00  00  00  00       5.0073
     0100      8   00  00  00  00  00  00  00  00       5.0105
     0101      8   A0  01  00  00  00  00  01  95       5.0170
     0102      8   00  00  00  00  00  00  00  00       5.0173
     0100      8   20  00  00  00  00  00  00  6F       5.0183
     0100      8   40  00  00  00  00  00  00  DE       5.0261
     0101      8   C0  01  00  00  00  00  01  24       5.0270
     0102      8   40  00  00  00  00  00  00  DE       5.0273
     0100      8   40  00  00  00  00  00  00  DE       5.0312
     0101      8   E0  01  00  00  00  00  01  4B       5.0370
     0102      8   40  00  00  00  00  00  00  DE       5.0373
     0100      8   60  00  00  00  00  00  00  B1       5.0391
     0100      8   80  00  00  00  00  00  00  A1       5.0469
     0101      8   00  01  00  00  00  00  01  5B       5.0471
     0102      8   60  00  00  00  00  00  00  B1       5.0474
     0501      8   0D  00  00  00  00  00  00  E6       5.0476
     0100      8   80  00  00  00  00  00  00  A1       5.0520
     0101      8   20  01  00  00  00  00  01  34       5.0570
     0102      8   80  00  00  00  00  00  00  A1       5.0573
     0100      8   A0  00  00  00  00  00  00  CE       5.0598
     0101      8   40  01  00  00  00  00  01  85       5.0670
     0102      8   A0  00  00  00  00  00  00  CE       5.0673
     0100      8   C0  00  00  00  00  00  00  7F       5.0676
     0100      8   E0  00  00  00  00  00  00  10       5.0754
     0101      8   60  01  00  00  00  00  01  EA       5.0770
     0102      8   E0  00  00  00  00  00  00  10       5.0773
     0100      8   E0  00  00  00  00  00  00  10       5.0805
     0101      8   80  01  00  00  00  00  01  FA       5.0870
     0102      8   E0  00  00  00  00  00  00  10       5.0873
     0100      8   00  00  00  00  00  00  00  00       5.0884
     0100      8   20  00  00  00  00  00  00  6F       5.0962
     0101      8   A0  01  00  00  00  00  01  95       5.0970
     0102      8   20  00  00  00  00  00  00  6F       5.0973
     0100      8   20  00  00  00  00  00  00  6F       5.1013
     0101      8   C0  01  00  00  00  00  01  24       5.1070
     0102      8   20  00  00  00  00  00  00  6F       5.1073
     0100      8   40  00  00  00  00  00  00  DE       5.1091
     0100      8   60  00  00  00  00  00  00  B1       5.1169
     0101      8   E0  01  00  00  00  00  01  4B       5.1171
     0102      8   40  00  00  00  00  00  00  DE       5.1174
     0100      8   60  00  00  00  00  00  00  B1       5.1220
     0101      8   00  01  00  00  00  00  01  5B       5.1270
     0102      8   60  00  00  00  00  00  00  B1       5.1273
     0100      8   80  00  00  00  00  00  00  A1       5.1298
     0101      8   20  01  00  00  00  00  01  34       5.1370
     0102      8   80  00  00  00  00  00  00  A1       5.1373
     0100      8   A0  00  00  00  00  00  00  CE       5.1376
     0100      8   C0  00  00  00  00  00  00  7F       5.1455
     0101      8   40  01  00  00  00  00  01  85       5.1470
     0102      8   C0  00  00  00  00  00  00  7F       5.1473
     0501      8   0D  00  00  00  00  00  00  E6       5.1475
     0100      8   C0  00  00  00  00  00  00  7F       5.1506
     0101      8   60  01  00  00  00  00  01  EA       5.1570
     0102      8   C0  00  00  00  00  00  00  7F       5.1573
     0100      8   E0  00  00  00  00  00  00  10       5.1584
     0100      8   00  00  00  00  00  00  00  00       5.1662
     0101      8   80  01  00  00  00  00  01  FA       5.1670
     0102      8   00  00  00  00  00  00  00  00       5.1673
     0100      8   00  00  00  00  00  00  00  00       5.1713
     0101      8   A0  01  00  00  00  00  01  95       5.1770
     0102      8   00  00  00  00  00  00  00  00       5.1773
     0100      8   20  00  00  00  00  00  00  6F       5.1791
     0100      8   40  00  00  00  00  00  00  DE       5.1869
     0101      8   C0  01  00  00  00  00  01  24       5.1872
     0102      8   20  00  00  00  00  00  00  6F       5.1874
     0100      8   40  00  00  00  00  00  00  DE       5.1920
     0101      8   E0  01  00  00  00  00  01  4B       5.1970
     0102      8   40  00  00  00  00  00  00  DE       5.1973
     0100      8   60  00  00  00  00  00  00  B1       5.1999
     0101      8   00  01  00  00  00  00  01  5B       5.2070
     0102      8   60  00  00  00  00  00  00  B1       5.2073
     0100      8   80  00  00  00  00  00  00  A1       5.2077
     0100      8   A0  00  00  00  00  00  00  CE       5.2155
     0101      8   20  01  00  00  00  00  01  34       5.2170
     0102      8   A0  00  00  00  00  00  00  CE       5.2173
     0100      8   A0  00  00  00  00  00  00  CE       5.2206
     0101      8   40  01  00  00  00  00  01  85       5.2270
     0102      8   A0  00  00  00  00  00  00  CE       5.2272
     0100      8   C0  00  00  00  00  00  00  7F       5.2284
     0100      8   E0  00  00  00  00  00  00  10       5.2362
     0101      8   60  01  00  00  00  00  01  EA       5.2370
     0102      8   E0  00  00  00  00  00  00  10       5.2373
     0100      8   E0  00  00  00  00  00  00  10       5.2413
     0101      8   80  01  00  00  00  00  01  FA       5.2470
     0102      8   E0  00  00  00  00  00  00  10       5.2473
     0501      8   0D  00  00  00  00  00  00  E6       5.2475
     0100      8   00  00  00  00  00  00  00  00       5.2492
     0100      8   20  00  00  00  00  00  00  6F       5.2570
     0101      8   A0  01  00  00  00  00  01  95       5.2572
     0102      8   00  00  00  00  00  00  00  00       5.2575
     0100      8   20  00  00  00  00  00  00  6F       5.2621
     0101      8   C0  01  00  00  00  00  01  24       5.2670
     0102      8   20  00  00  00  00  00  00  6F       5.2672
     0100      8   40  00  00  00  00  00  00  DE       5.2699
     0101      8   E0  01  00  00  00  00  01  4B       5.2770
     0102      8   40  00  00  00  00  00  00  DE       5.2772
     0100      8   60  00  00  00  00  00  00  B1       5.2777
     0100      8   80  00  00  00  00  00  00  A1       5.2855
     0101      8   00  01  00  00  00  00  01  5B       5.2870
     0102      8   80  00  00  00  00  00  00  A1       5.2872
     0100      8   80  00  00  00  00  00  00  A1       5.2906
     0101      8   20  01  00  00  00  00  01  34       5.2970
     0102      8   80  00  00  00  00  00  00  A1       5.2972
     0100      8   A0  00  00  00  00  00  00  CE       5.2984
     0100      8   C0  00  00  00  00  00  00  7F       5.3063
     0101      8   40  01  00  00  00  00  01  85       5.3070
     0102      8   C0  00  00  00  00  00  00  7F       5.3072
     0100      8   C0  00  00  00  00  00  00  7F       5.3114
     0101      8   60  01  00  00  00  00  01  EA       5.3170
     0102      8   C0  00  00  00  00  00  00  7F       5.3172
     0100      8   E0  00  00  00  00  00  00  10       5.3192
     0100      8   00  00  00  00  00  00  00  00       5.3270
     0101      8   80  01  00  00  00  00  01  FA       5.3272
     0102      8   E0  00  00  00  00  00  00  10       5.3275
     0100      8   00  00  00  00  00  00  00  00       5.3321
     0101      8   A0  01  00  00  00  00  01  95       5.3370
     0102      8   00  00  00  00  00  00  00  00       5.3372
     0100      8   20  00  00  00  00  00  00  6F       5.3399
     0101      8   C0  01  00  00  00  00  01  24       5.3470
     0102      8   20  00  00  00  00  00  00  6F       5.3472
     0501      8   0D  00  00  00  00  00  00  E6       5.3475
     0100      8   40  00  00  00  00  00  00  DE       5.3477
     0100      8   60  00  00  00  00  00  00  B1       5.3556
     0101      8   E0  01  00  00  00  00  01  4B       5.3570
     0102      8   60  00  00  00  00  00  00  B1       5.3572
     0100      8   60  00  00  00  00  00  00  B1       5.3607
     0101      8   00  01  00  00  00  00  01  5B       5.3670
     0102      8   60  00  00  00  00  00  00  B1       5.3672
     0100      8   80  00  00  00  00  00  00  A1       5.3685
     0100      8   A0  00  00  00  00  00  00  CE       5.3763
     0101      8   20  01  00  00  00  00  01  34       5.3770
     0102      8   A0  00  00  00  00  00  00  CE       5.3772
     0100      8   A0  00  00  00  00  00  00  CE       5.3814
     0101      8   40  01  00  00  00  00  01  85       5.3870
     0102      8   A0  00  00  00  00  00  00  CE       5.3872
     0100      8   C0  00  00  00  00  00  00  7F       5.3892
     0101      8   60  01  00  00  00  00  01  EA       5.3970
     0100      8   E0  00  00  00  00  00  00  10       5.3972
     0102      8   C0  00  00  00  00  00  00  7F       5.3975
     0100      8   00  00  00  00  00  00  00  00       5.4048
     0101      8   80  01  00  00  00  00  01  FA       5.4070
     0102      8   00  00  00  00  00  00  00  00       5.4072
     0100      8   00  00  00  00  00  00  00  00       5.4099
     0101      8   A0  01  00  00  00  00  01  95       5.4170
     0102      8   00  00  00  00  00  00  00  00       5.4172
     0100      8   20  00  00  00  00  00  00  6F       5.4178
     0100      8   40  00  00  00  00  00  00  DE       5.4256
     0101      8   C0  01  00  00  00  00  01  24       5.4270
     0102      8   40  00  00  00  00  00  00  DE       5.4272
     0100      8   40  00  00  00  00  00  00  DE       5.4307
     0101      8   E0  01  00  00  00  00  01  4B       5.4370
     0102      8   40  00  00  00  00  00  00  DE       5.4372
     0100      8   60  00  00  00  00  00  00  B1       5.4385
     0100      8   80  00  00  00  00  00  00  A1       5.4463
     0101      8   00  01  00  00  00  00  01  5B       5.4470
     0102      8   80  00  00  00  00  00  00  A1       5.4472
     0501      8   0D  00  00  00  00  00  00  E6       5.4475
     0100      8   80  00  00  00  00  00  00  A1       5.4514
     0101      8   20  01  00  00  00  00  01  34       5.4570
     0102      8   80  00  00  00  00  00  00  A1       5.4572
     0100      8   A0  00  00  00  00  00  00  CE       5.4592
     0101      8   40  01  00  00  00  00  01  85       5.4670
     0100      8   C0  00  00  00  00  00  00  7F       5.4672
     0102      8   A0  00  00  00  00  00  00  CE       5.4675
     0100      8   E0  00  00  00  00  00  00  10       5.4749
     0101      8   60  01  00  00  00  00  01  EA       5.4770
     0102      8   E0  00  00  00  00  00  00  10       5.4772
     0100      8   E0  00  00  00  00  00  00  10       5.4800
     0101      8   80  01  00  00  00  00  01  FA       5.4870
     0102      8   E0  00  00  00  00  00  00  10       5.4872
     0100      8   00  00  00  00  00  00  00  00       5.4878
     0100      8   20  00  00  00  00  00  00  6F       5.4956
     0101      8   A0  01  00  00  00  00  01  95       5.4970
     0102      8   20  00  00  00  00  00  00  6F       5.4972
     0100      8   20  00  00  00  00  00  00  6F       5.5007
     0101      8   C0  01  00  00  00  00  01  24       5.5070
     0102      8   20  00  00  00  00  00  00  6F       5.5072
     0100      8   40  00  00  00  00  00  00  DE       5.5085
     0100      8   60  00  00  00  00  00  00  B1       5.5163
     0101      8   E0  01  00  00  00  00  01  4B       5.5170
     0102      8   60  00  00  00  00  00  00  B1       5.5172
     0100      8   60  00  00  00  00  00  00  B1       5.5214
     0101      8   00  01  00  00  00  00  01  5B       5.5270
     0102      8   60  00  00  00  00  00  00  B1       5.5272
     0100      8   80  00  00  00  00  00  00  A1       5.5293
     0101      8   20  01  00  00  00  00  01  34       5.5370
     0100      8   A0  00  00  00  00  00  00  CE       5.5372
     0102      8   80  00  00  00  00  00  00  A1       5.5375
     0100      8   C0  00  00  00  00  00  00  7F       5.5449
     0101      8   40  01  00  00  00  00  01  85       5.5470
     0102      8   C0  00  00  00  00  00  00  7F       5.5472
     0501      8   0D  00  00  00  00  00  00  E6       5.5475
     0100      8   C0  00  00  00  00  00  00  7F       5.5500
     0101      8   60  01  00  00  00  00  01  EA       5.5570
     0102      8   C0  00  00  00  00  00  00  7F       5.5572
     0100      8   E0  00  00  00  00  00  00  10       5.5578
     0100      8   00  00  00  00  00  00  00  00       5.5656
     0101      8   80  01  00  00  00  00  01  FA       5.5670
     0102      8   00  00  00  00  00  00  00  00       5.5672
     0100      8   00  00  00  00  00  00  00  00       5.5707
     0101      8   A0  01  00  00  00  00  01  95       5.5770
     0102      8   00  00  00  00  00  00  00  00       5.5772
     0100      8   20  00  00  00  00  00  00  6F       5.5785
     0100      8   40  00  00  00  00  00  00  DE       5.5864
     0101      8   C0  01  00  00  00  00  01  24       5.5870
     0102      8   40  00  00  00  00  00  00  DE       5.5872
     0100      8   40  00  00  00  00  00  00  DE       5.5915
     0101      8   E0  01  00  00  00  00  01  4B       5.5970
     0102      8   40  00  00  00  00  00  00  DE       5.5972
     0100      8   60  00  00  00  00  00  00  B1       5.5993
     0101      8   00  01  00  00  00  00  01  5B       5.6070
     0100      8   80  00  00  00  00  00  00  A1       5.6072
     0102      8   60  00  00  00  00  00  00  B1       5.6074
     0100      8   A0  00  00  00  00  00  00  CE       5.6149
     0101      8   20  01  00  00  00  00  01  34       5.6170
     0102      8   A0  00  00  00  00  00  00  CE       5.6172
     0100      8   A0  00  00  00  00  00  00  CE       5.6200
     0101      8   40  01  00  00  00  00  01  85       5.6269
     0102      8   A0  00  00  00  00  00  00  CE       5.6272
     0100      8   C0  00  00  00  00  00  00  7F       5.6278
     0100      8   E0  00  00  00  00  00  00  10       5.6357
     0101      8   60  01  00  00  00  00  01  EA       5.6370
     0102      8   E0  00  00  00  00  00  00  10       5.6372
     0100      8   E0  00  00  00  00  00  00  10       5.6408
     0101      8   80  01  00  00  00  00  01  FA       5.6469
     0102      8   E0  00  00  00  00  00  00  10       5.6472
     0501      8   0D  00  00  00  00  00  00  E6       5.6474
     0100      8   00  00  00  00  00  00  00  00       5.6486
     0100      8   20  00  00  00  00  00  00  6F       5.6564
     0101      8   A0  01  00  00  00  00  01  95       5.6569
     0102      8   20  00  00  00  00  00  00  6F       5.6572
     0100      8   20  00  00  00  00  00  00  6F       5.6615
     0101      8   C0  01  00  00  00  00  01  24       5.6669
     0102      8   20  00  00  00  00  00  00  6F       5.6672
     0100      8   40  00  00  00  00  00  00  DE       5.6693
     0101      8   E0  01  00  00  00  00  01  4B       5.6769
     0100      8   60  00  00  00  00  00  00  B1       5.6772
     0102      8   40  00  00  00  00  00  00  DE       5.6774
     0100      8   80  00  00  00  00  00  00  A1       5.6850
     0101      8   00  01  00  00  00  00  01  5B       5.6869
     0102      8   80  00  00  00  00  00  00  A1       5.6872
     0100      8   80  00  00  00  00  00  00  A1       5.6900
     0101      8   20  01  00  00  00  00  01  34       5.6969
     0102      8   80  00  00  00  00  00  00  A1       5.6972
     0100      8   A0  00  00  00  00  00  00  CE       5.6979
     0100      8   C0  00  00  00  00  00  00  7F       5.7057
     0101      8   40  01  00  00  00  00  01  85       5.7069
     0102      8   C0  00  00  00  00  00  00  7F       5.7072
     0100      8   C0  00  00  00  00  00  00  7F       5.7108
     0101      8   60  01  00  00  00  00  01  EA       5.7169
     0102      8   C0  00  00  00  00  00  00  7F       5.7172
     0100      8   E0  00  00  00  00  00  00  10       5.7186
     0100      8   00  00  00  00  00  00  00  00       5.7264
     0101      8   80  01  00  00  00  00  01  FA       5.7269
     0102      8   E0  00  00  00  00  00  00  10       5.7272
     0100      8   00  00  00  00  00  00  00  00       5.7315
     0101      8   A0  01  00  00  00  00  01  95       5.7369
     0102      8   00  00  00  00  00  00  00  00       5.7372
     0100      8   20  00  00  00  00  00  00  6F       5.7393
     0101      8   C0  01  00  00  00  00  01  24       5.7469
     0100      8   40  00  00  00  00  00  00  DE       5.7472
     0102      8   20  00  00  00  00  00  00  6F       5.7474
     0501      8   0D  00  00  00  00  00  00  E6       5.7477
     0100      8   60  00  00  00  00  00  00  B1       5.7550
     0101      8   E0  01  00  00  00  00  01  4B       5.7569
     0102      8   60  00  00  00  00  00  00  B1       5.7572
     0100      8   60  00  00  00  00  00  00  B1       5.7601
     0101      8   00  01  00  00  00  00  01  5B       5.7669
     0102      8   60  00  00  00  00  00  00  B1       5.7672
     0100      8   80  00  00  00  00  00  00  A1       5.7679
     0100      8   A0  00  00  00  00  00  00  CE       5.7757
     0101      8   20  01  00  00  00  00  01  34       5.7769
     0102      8   A0  00  00  00  00  00  00  CE       5.7772
     0100      8   A0  00  00  00  00  00  00  CE       5.7808
     0101      8   40  01  00  00  00  00  01  85       5.7869
     0102      8   A0  00  00  00  00  00  00  CE       5.7872
     0100      8   C0  00  00  00  00  00  00  7F       5.7886
     0100      8   E0  00  00  00  00  00  00  10       5.7965
     0101      8   60  01  00  00  00  00  01  EA       5.7969
     0102      8   C0  00  00  00  00  00  00  7F       5.7972
     0100      8   E0  00  00  00  00  00  00  10       5.8016
     0101      8   80  01  00  00  00  00  01  FA       5.8069
     0102      8   E0  00  00  00  00  00  00  10       5.8072
     0100      8   00  00  00  00  00  00  00  00       5.8094
     0101      8   A0  01  00  00  00  00  01  95       5.8169
     0102      8   00  00  00  00  00  00  00  00       5.8172
     0100      8   20  00  00  00  00  00  00  6F       5.8174
     0100      8   40  00  00  00  00  00  00  DE       5.8250
     0101      8   C0  01  00  00  00  00  01  24       5.8269
     0102      8   40  00  00  00  00  00  00  DE       5.8272
     0100      8   40  00  00  00  00  00  00  DE       5.8301
     0101      8   E0  01  00  00  00  00  01  4B       5.8369
     0102      8   40  00  00  00  00  00  00  DE       5.8372
     0100      8   60  00  00  00  00  00  00  B1       5.8379
     0100      8   80  00  00  00  00  00  00  A1       5.8457
     0101      8   00  01  00  00  00  00  01  5B       5.8469
     0102      8   80  00  00  00  00  00  00  A1       5.8472
     0501      8   0D  00  00  00  00  00  00  E6       5.8474
     0100      8   80  00  00  00  00  00  00  A1       5.8508
     0101      8   20  01  00  00  00  00  01  34       5.8569
     0102      8   80  00  00  00  00  00  00  A1       5.8572
     0100      8   A0  00  00  00  00  00  00  CE       5.8587
     0100      8   C0  00  00  00  00  00  00  7F       5.8665
     0101      8   40  01  00  00  00  00  01  85       5.8669
     0102      8   A0  00  00  00  00  00  00  CE       5.8672
     0100      8   C0  00  00  00  00  00  00  7F       5.8716
     0101      8   60  01  00  00  00  00  01  EA       5.8769
     0102      8   C0  00  00  00  00  00  00  7F       5.8772
     0100      8   E0  00  00  00  00  00  00  10       5.8794
     0101      8   80  01  00  00  00  00  01  FA       5.8869
     0102      8   E0  00  00  00  00  00  00  10       5.8872
     0100      8   00  00  00  00  00  00  00  00       5.8874
     0100      8   20  00  00  00  00  00  00  6F       5.8950
     0101      8   A0  01  00  00  00  00  01  95       5.8969
     0102      8   20  00  00  00  00  00  00  6F       5.8972
     0100      8   20  00  00  00  00  00  00  6F       5.9001
     0101      8   C0  01  00  00  00  00  01  24       5.9069
     0102      8   20  00  00  00  00  00  00  6F       5.9072
     0100      8   40  00  00  00  00  00  00  DE       5.9079
     0100      8   60  00  00  00  00  00  00  B1       5.9158
     0101      8   E0  01  00  00  00  00  01  4B       5.9169
     0102      8   60  00  00  00  00  00  00  B1       5.9172
     0100      8   60  00  00  00  00  00  00  B1       5.9209
     0101      8   00  01  00  00  00  00  01  5B       5.9269
     0102      8   60  00  00  00  00  00  00  B1       5.9272
     0100      8   80  00  00  00  00  00  00  A1       5.9287
     0100      8   A0  00  00  00  00  00  00  CE       5.9365
     0101      8   20  01  00  00  00  00  01  34       5.9369
     0102      8   80  00  00  00  00  00  00  A1       5.9372
     0100      8   A0  00  00  00  00  00  00  CE       5.9416
     0101      8   40  01  00  00  00  00  01  85       5.9469
     0102      8   A0  00  00  00  00  00  00  CE       5.9471
     0501      8   0D  00  00  00  00  00  00  E6       5.9474
     0100      8   C0  00  00  00  00  00  00  7F       5.9494
     0101      8   60  01  00  00  00  00  01  EA       5.9569
     0102      8   C0  00  00  00  00  00  00  7F       5.9572
     0100      8   E0  00  00  00  00  00  00  10       5.9574
     0100      8   00  00  00  00  00  00  00  00       5.9651
     0101      8   80  01  00  00  00  00  01  FA       5.9669
     0102      8   00  00  00  00  00  00  00  00       5.9672
     0100      8   00  00  00  00  00  00  00  00       5.9702
     0101      8   A0  01  00  00  00  00  01  95       5.9769
     0102      8   00  00  00  00  00  00  00  00       5.9771
     0100      8   20  00  00  00  00  00  00  6F       5.9780
     0100      8   40  00  00  00  00  00  00  DE       5.9858
     0101      8   C0  01  00  00  00  00  01  24       5.9869
     0102      8   40  00  00  00  00  00  00  DE       5.9871
     0100      8   40  00  00  00  00  00  00  DE       5.9909
     0101      8   E0  01  00  00  00  00  01  4B       5.9969
     0102      8   40  00  00  00  00  00  00  DE       5.9971
     0100      8   60  00  00  00  00  00  00  B1       5.9987
     0100      8   80  00  00  00  00  00  00  A1       6.0065
     0101      8   00  01  00  00  00  00  01  5B       6.0069
     0102      8   60  00  00  00  00  00  00  B1       6.0071
     0100      8   80  00  00  00  00  00  00  A1       6.0116
     0101      8   20  01  00  00  00  00  01  34       6.0169
     0102      8   80  00  00  00  00  00  00  A1       6.0171
     0100      8   A0  00  00  00  00  00  00  CE       6.0195
     0101      8   40  01  00  00  00  00  01  85       6.0269
     0102      8   A0  00  00  00  00  00  00  CE       6.0271
     0100      8   C0  00  00  00  00  00  00  7F       6.0274
     0100      8   E0  00  00  00  00  00  00  10       6.0351
     0101      8   60  01  00  00  00  00  01  EA       6.0369
     0102      8   E0  00  00  00  00  00  00  10       6.0371
     0100      8   E0  00  00  00  00  00  00  10       6.0402
     0101      8   80  01  00  00  00  00  01  FA       6.0469
     0102      8   E0  00  00  00  00  00  00  10       6.0471
     0501      8   0D  00  00  00  00  00  00  E6       6.0474
     0100      8   00  00  00  00  00  00  00  00       6.0480
     0100      8   20  00  00  00  00  00  00  6F       6.0558
     0101      8   A0  01  00  00  00  00  01  95       6.0569
     0102      8   20  00  00  00  00  00  00  6F       6.0571
     0100      8   20  00  00  00  00  00  00  6F       6.0609
     0101      8   C0  01  00  00  00  00  01  24       6.0669
     0102      8   20  00  00  00  00  00  00  6F       6.0671
     0100      8   40  00  00  00  00  00  00  DE       6.0687
     0100      8   60  00  00  00  00  00  00  B1       6.0766
     0101      8   E0  01  00  00  00  00  01  4B       6.0769
     0102      8   40  00  00  00  00  00  00  DE       6.0771
     0100      8   60  00  00  00  00  00  00  B1       6.0817
     0101      8   00  01  00  00  00  00  01  5B       6.0869
     0102      8   60  00  00  00  00  00  00  B1       6.0871
     0100      8   80  00  00  00  00  00  00  A1       6.0895
     0101      8   20  01  00  00  00  00  01  34       6.0969
     0102      8   80  00  00  00  00  00  00  A1       6.0971
     0100      8   A0  00  00  00  00  00  00  CE       6.0974
     0100      8   C0  00  00  00  00  00  00  7F       6.1051
     0101      8   40  01  00  00  00  00  01  85       6.1069
     0102      8   C0  00  00  00  00  00  00  7F       6.1071
     0100      8   C0  00  00  00  00  00  00  7F       6.1102
     0101      8   60  01  00  00  00  00  01  EA       6.1169
     0102      8   C0  00  00  00  00  00  00  7F       6.1171
     0100      8   E0  00  00  00  00  00  00  10       6.1180
     0100      8   00  00  00  00  00  00  00  00       6.1259
     0101      8   80  01  00  00  00  00  01  FA       6.1269
     0102      8   00  00  00  00  00  00  00  00       6.1271
     0100      8   00  00  00  00  00  00  00  00       6.1310
     0101      8   A0  01  00  00  00  00  01  95       6.1369
     0102      8   00  00  00  00  00  00  00  00       6.1371
     0100      8   20  00  00  00  00  00  00  6F       6.1388
     0100      8   40  00  00  00  00  00  00  DE       6.1466
     0101      8   C0  01  00  00  00  00  01  24       6.1469
     0102      8   20  00  00  00  00  00  00  6F       6.1471
     0501      8   0D  00  00  00  00  00  00  E6       6.1474
     0100      8   40  00  00  00  00  00  00  DE       6.1517
     0101      8   E0  01  00  00  00  00  01  4B       6.1569
     0102      8   40  00  00  00  00  00  00  DE       6.1571
     0100      8   60  00  00  00  00  00  00  B1       6.1595
     0101      8   00  01  00  00  00  00  01  5B       6.1669
     0102      8   60  00  00  00  00  00  00  B1       6.1671
     0100      8   80  00  00  00  00  00  00  A1       6.1674
     0100      8   A0  00  00  00  00  00  00  CE       6.1751
     0101      8   20  01  00  00  00  00  01  34       6.1769
     0102      8   A0  00  00  00  00  00  00  CE       6.1771
     0100      8   A0  00  00  00  00  00  00  CE       6.1802
     0101      8   40  01  00  00  00  00  01  85       6.1869
     0102      8   A0  00  00  00  00  00  00  CE       6.1871
     0100      8   C0  00  00  00  00  00  00  7F       6.1881
     0100      8   E0  00  00  00  00  00  00  10       6.1959
     0101      8   60  01  00  00  00  00  01  EA       6.1969
     0102      8   E0  00  00  00  00  00  00  10       6.1971
     0100      8   E0  00  00  00  00  00  00  10       6.2010
     0101      8   80  01  00  00  00  00  01  FA       6.2069
     0102      8   E0  00  00  00  00  00  00  10       6.2071
     0100      8   00  00  00  00  00  00  00  00       6.2088
     0100      8   20  00  00  00  00  00  00  6F       6.2166
     0101      8   A0  01  00  00  00  00  01  95       6.2169
     0102      8   00  00  00  00  00  00  00  00       6.2171
     0100      8   20  00  00  00  00  00  00  6F       6.2217
     0101      8   C0  01  00  00  00  00  01  24       6.2269
     0102      8   20  00  00  00  00  00  00  6F       6.2271
     0100      8   40  00  00  00  00  00  00  DE       6.2295
     0101      8   E0  01  00  00  00  00  01  4B       6.2369
     0102      8   40  00  00  00  00  00  00  DE       6.2371
     0100      8   60  00  00  00  00  00  00  B1       6.2374
     0100      8   80  00  00  00  00  00  00  A1       6.2452
     0101      8   00  01  00  00  00  00  01  5B       6.2469
     0102      8   80  00  00  00  00  00  00  A1       6.2471
     0501      8   0D  00  00  00  00  00  00  E6       6.2474
     0100      8   80  00  00  00  00  00  00  A1       6.2503
     0101      8   20  01  00  00  00  00  01  34       6.2569
     0102      8   80  00  00  00  00  00  00  A1       6.2571
     0100      8   A0  00  00  00  00  00  00  CE       6.2581
     0100      8   C0  00  00  00  00  00  00  7F       6.2659
     0101      8   40  01  00  00  00  00  01  85       6.2669
     0102      8   C0  00  00  00  00  00  00  7F       6.2671
     0100      8   C0  00  00  00  00  00  00  7F       6.2710
     0101      8   60  01  00  00  00  00  01  EA       6.2769
     0102      8   C0  00  00  00  00  00  00  7F       6.2771
     0100      8   E0  00  00  00  00  00  00  10       6.2788
     0100      8   00  00  00  00  00  00  00  00       6.2867
     0101      8   80  01  00  00  00  00  01  FA       6.2869
     0102      8   E0  00  00  00  00  00  00  10       6.2871
     0100      8   00  00  00  00  00  00  00  00       6.2918
     0101      8   A0  01  00  00  00  00  01  95       6.2969
     0102      8   00  00  00  00  00  00  00  00       6.2971
     0100      8   20  00  00  00  00  00  00  6F       6.2996
     0101      8   C0  01  00  00  00  00  01  24       6.3069
     0102      8   20  00  00  00  00  00  00  6F       6.3071
     0100      8   40  00  00  00  00  00  00  DE       6.3074
     0100      8   60  00  00  00  00  00  00  B1       6.3152
     0101      8   E0  01  00  00  00  00  01  4B       6.3169
     0102      8   60  00  00  00  00  00  00  B1       6.3171
     0100      8   60  00  00  00  00  00  00  B1       6.3203
     0101      8   00  01  00  00  00  00  01  5B       6.3269
     0102      8   60  00  00  00  00  00  00  B1       6.3271
     0100      8   80  00  00  00  00  00  00  A1       6.3281
     0100      8   A0  00  00  00  00  00  00  CE       6.3359
     0101      8   20  01  00  00  00  00  01  34       6.3369
     0102      8   A0  00  00  00  00  00  00  CE       6.3371
     0100      8   A0  00  00  00  00  00  00  CE       6.3410
     0101      8   40  01  00  00  00  00  01  85       6.3468
     0102      8   A0  00  00  00  00  00  00  CE       6.3471
     0501      8   0D  00  00  00  00  00  00  E6       6.3473
     0100      8   C0  00  00  00  00  00  00  7F       6.3489
     0100      8   E0  00  00  00  00  00  00  10       6.3567
     0101      8   60  01  00  00  00  00  01  EA       6.3569
     0102      8   C0  00  00  00  00  00  00  7F       6.3572
     0100      8   E0  00  00  00  00  00  00  10       6.3618
     0101      8   80  01  00  00  00  00  01  FA       6.3669
     0102      8   E0  00  00  00  00  00  00  10       6.3671
     0100      8   00  00  00  00  00  00  00  00       6.3696
     0101      8   A0  01  00  00  00  00  01  95       6.3768
     0102      8   00  00  00  00  00  00  00  00       6.3771
     0100      8   20  00  00  00  00  00  00  6F       6.3774
     0100      8   40  00  00  00  00  00  00  DE       6.3852
     0101      8   C0  01  00  00  00  00  01  24       6.3868
     0102      8   40  00  00  00  00  00  00  DE       6.3871
     0100      8   40  00  00  00  00  00  00  DE       6.3903
     0101      8   E0  01  00  00  00  00  01  4B       6.3968
     0102      8   40  00  00  00  00  00  00  DE       6.3971
     0100      8   60  00  00  00  00  00  00  B1       6.3981
     0100      8   80  00  00  00  00  00  00  A1       6.4060
     0101      8   00  01  00  00  00  00  01  5B       6.4068
     0102      8   80  00  00  00  00  00  00  A1       6.4071
     0100      8   80  00  00  00  00  00  00  A1       6.4111
     0101      8   20  01  00  00  00  00  01  34       6.4168
     0102      8   80  00  00  00  00  00  00  A1       6.4171
     0100      8   A0  00  00  00  00  00  00  CE       6.4189
     0100      8   C0  00  00  00  00  00  00  7F       6.4267
     0101      8   40  01  00  00  00  00  01  85       6.4270
     0102      8   A0  00  00  00  00  00  00  CE       6.4272
     0100      8   C0  00  00  00  00  00  00  7F       6.4318
     0101      8   60  01  00  00  00  00  01  EA       6.4368
     0102      8   C0  00  00  00  00  00  00  7F       6.4371
     0100      8   E0  00  00  00  00  00  00  10       6.4396
     0101      8   80  01  00  00  00  00  01  FA       6.4468
     0102      8   E0  00  00  00  00  00  00  10       6.4471
     0501      8   0D  00  00  00  00  00  00  E6       6.4473
     0100      8   00  00  00  00  00  00  00  00       6.4476
     0100      8   20  00  00  00  00  00  00  6F       6.4553
     0101      8   A0  01  00  00  00  00  01  95       6.4568
     0102      8   20  00  00  00  00  00  00  6F       6.4571
     0100      8   20  00  00  00  00  00  00  6F       6.4604
     0101      8   C0  01  00  00  00  00  01  24       6.4668
     0102      8   20  00  00  00  00  00  00  6F       6.4671
     0100      8   40  00  00  00  00  00  00  DE       6.4682
     0100      8   60  00  00  00  00  00  00  B1       6.4760
     0101      8   E0  01  00  00  00  00  01  4B       6.4768
     0102      8   60  00  00  00  00  00  00  B1       6.4771
     0100      8   60  00  00  00  00  00  00  B1       6.4811
     0101      8   00  01  00  00  00  00  01  5B       6.4868
     0102      8   60  00  00  00  00  00  00  B1       6.4871
     0100      8   80  00  00  00  00  00  00  A1       6.4889
     0100      8   A0  00  00  00  00  00  00  CE       6.4967
     0101      8   20  01  00  00  00  00  01  34       6.4970
     0102      8   80  00  00  00  00  00  00  A1       6.4972
     0100      8   A0  00  00  00  00  00  00  CE       6.5018
     0101      8   40  01  00  00  00  00  01  85       6.5068
     0102      8   A0  00  00  00  00  00  00  CE       6.5071
     0100      8   C0  00  00  00  00  00  00  7F       6.5097
     0101      8   60  01  00  00  00  00  01  EA       6.5168
     0102      8   C0  00  00  00  00  00  00  7F       6.5171
     0100      8   E0  00  00  00  00  00  00  10       6.5175
     0100      8   00  00  00  00  00  00  00  00       6.5253
     0101      8   80  01  00  00  00  00  01  FA       6.5268
     0102      8   00  00  00  00  00  00  00  00       6.5271
     0100      8   00  00  00  00  00  00  00  00       6.5304
     0101      8   A0  01  00  00  00  00  01  95       6.5368
     0102      8   00  00  00  00  00  00  00  00       6.5371
     0100      8   20  00  00  00  00  00  00  6F       6.5382
     0100      8   40  00  00  00  00  00  00  DE       6.5460
     0101      8   C0  01  00  00  00  00  01  24       6.5468
     0102      8   40  00  00  00  00  00  00  DE       6.5471
     0501      8   0D  00  00  00  00  00  00  E6       6.5473
     0100      8   40  00  00  00  00  00  00  DE       6.5511
     0101      8   E0  01  00  00  00  00  01  4B       6.5568
     0102      8   40  00  00  00  00  00  00  DE       6.5571
     0100      8   60  00  00  00  00  00  00  B1       6.5589
     0100      8   80  00  00  00  00  00  00  A1       6.5668
     0101      8   00  01  00  00  00  00  01  5B       6.5670
     0102      8   60  00  00  00  00  00  00  B1       6.5673
     0100      8   80  00  00  00  00  00  00  A1       6.5719
     0101      8   20  01  00  00  00  00  01  34       6.5768
     0102      8   80  00  00  00  00  00  00  A1       6.5771
     0100      8   A0  00  00  00  00  00  00  CE       6.5797
     0101      8   40  01  00  00  00  00  01  85       6.5868
     0102      8   A0  00  00  00  00  00  00  CE       6.5871
     0100      8   C0  00  00  00  00  00  00  7F       6.5875
     0100      8   E0  00  00  00  00  00  00  10       6.5953
     0101      8   60  01  00  00  00  00  01  EA       6.5968
     0102      8   E0  00  00  00  00  00  00  10       6.5971
     0100      8   E0  00  00  00  00  00  00  10       6.6004
     0101      8   80  01  00  00  00  00  01  FA       6.6068
     0102      8   E0  00  00  00  00  00  00  10       6.6071
     0100      8   00  00  00  00  00  00  00  00       6.6082
     0100      8   20  00  00  00  00  00  00  6F       6.6161
     0101      8   A0  01  00  00  00  00  01  95       6.6168
     0102      8   20  00  00  00  00  00  00  6F       6.6171
     0100      8   20  00  00  00  00  00  00  6F       6.6212
     0101      8   C0  01  00  00  00  00  01  24       6.6268
     0102      8   20  00  00  00  00  00  00  6F       6.6271
     0100      8   40  00  00  00  00  00  00  DE       6.6290
     0100      8   60  00  00  00  00  00  00  B1       6.6368
     0101      8   E0  01  00  00  00  00  01  4B       6.6370
     0102      8   40  00  00  00  00  00  00  DE       6.6373
     0100      8   60  00  00  00  00  00  00  B1       6.6419
     0101      8   00  01  00  00  00  00  01  5B       6.6468
     0102      8   60  00  00  00  00  00  00  B1       6.6471
     0501      8   0D  00  00  00  00  00  00  E6       6.6473
     0100      8   80  00  00  00  00  00  00  A1       6.6497
     0101      8   20  01  00  00  00  00  01  34       6.6568
     0102      8   80  00  00  00  00  00  00  A1       6.6571
     0100      8   A0  00  00  00  00  00  00  CE       6.6575
     0100      8   C0  00  00  00  00  00  00  7F       6.6653
     0101      8   40  01  00  00  00  00  01  85       6.6668
     0102      8   C0  00  00  00  00  00  00  7F       6.6671
     0100      8   C0  00  00  00  00  00  00  7F       6.6704
     0101      8   60  01  00  00  00  00  01  EA       6.6768
     0102      8   C0  00  00  00  00  00  00  7F       6.6770
     0100      8   E0  00  00  00  00  00  00  10       6.6783
     0100      8   00  00  00  00  00  00  00  00       6.6861
     0101      8   80  01  00  00  00  00  01  FA       6.6868
     0102      8   00  00  00  00  00  00  00  00       6.6871
     0100      8   00  00  00  00  00  00  00  00       6.6912
     0101      8   A0  01  00  00  00  00  01  95       6.6968
     0102      8   00  00  00  00  00  00  00  00       6.6970
     0100      8   20  00  00  00  00  00  00  6F       6.6990
     0101      8   C0  01  00  00  00  00  01  24       6.7068
     0100      8   40  00  00  00  00  00  00  DE       6.7070
     0102      8   20  00  00  00  00  00  00  6F       6.7073
     0100      8   60  00  00  00  00  00  00  B1       6.7146
     0101      8   E0  01  00  00  00  00  01  4B       6.7168
     0102      8   60  00  00  00  00  00  00  B1       6.7170
     0100      8   60  00  00  00  00  00  00  B1       6.7197
     0101      8   00  01  00  00  00  00  01  5B       6.7268
     0102      8   60  00  00  00  00  00  00  B1       6.7270
     0100      8   80  00  00  00  00  00  00  A1       6.7276
     0100      8   A0  00  00  00  00  00  00  CE       6.7354
     0101      8   20  01  00  00  00  00  01  34       6.7368
     0102      8   A0  00  00  00  00  00  00  CE       6.7370
     0100      8   A0  00  00  00  00  00  00  CE       6.7405
     0101      8   40  01  00  00  00  00  01  85       6.7468
     0102      8   A0  00  00  00  00  00  00  CE       6.7470
     0501      8   0D  00  00  00  00  00  00  E6       6.7473
     0100      8   C0  00  00  00  00  00  00  7F       6.7483
     0100      8   E0  00  00  00  00  00  00  10       6.7561
     0101      8   60  01  00  00  00  00  01  EA       6.7568
     0102      8   E0  00  00  00  00  00  00  10       6.7570
     0100      8   E0  00  00  00  00  00  00  10       6.7612
     0101      8   80  01  00  00  00  00  01  FA       6.7668
     0102      8   E0  00  00  00  00  00  00  10       6.7670
     0100      8   00  00  00  00  00  00  00  00       6.7690
     0101      8   A0  01  00  00  00  00  01  95       6.7768
     0100      8   20  00  00  00  00  00  00  6F       6.7770
     0102      8   00  00  00  00  00  00  00  00       6.7773
     0100      8   40  00  00  00  00  00  00  DE       6.7847
     0101      8   C0  01  00  00  00  00  01  24       6.7868
     0102      8   40  00  00  00  00  00  00  DE       6.7870
     0100      8   40  00  00  00  00  00  00  DE       6.7898
     0101      8   E0  01  00  00  00  00  01  4B       6.7968
     0102      8   40  00  00  00  00  00  00  DE       6.7970
     0100      8   60  00  00  00  00  00  00  B1       6.7976
     0100      8   80  00  00  00  00  00  00  A1       6.8054
     0101      8   00  01  00  00  00  00  01  5B       6.8068
     0102      8   80  00  00  00  00  00  00  A1       6.8070
     0100      8   80  00  00  00  00  00  00  A1       6.8105
     0101      8   20  01  00  00  00  00  01  34       6.8168
     0102      8   80  00  00  00  00  00  00  A1       6.8170
     0100      8   A0  00  00  00  00  00  00  CE       6.8183
     0100      8   C0  00  00  00  00  00  00  7F       6.8261
     0101      8   40  01  00  00  00  00  01  85       6.8268
     0102      8   C0  00  00  00  00  00  00  7F       6.8270
     0100      8   C0  00  00  00  00  00  00  7F       6.8312
     0101      8   60  01  00  00  00  00  01  EA       6.8368
     0102      8   C0  00  00  00  00  00  00  7F       6.8370
     0100      8   E0  00  00  00  00  00  00  10       6.8391
     0101      8   80  01  00  00  00  00  01  FA       6.8468
     0100      8   00  00  00  00  00  00  00  00       6.8470
     0102      8   E0  00  00  00  00  00  00  10       6.8473
     0501      8   0D  00  00  00  00  00  00  E6       6.8475
     0100      8   20  00  00  00  00  00  00  6F       6.8547
     0101      8   A0  01  00  00  00  00  01  95       6.8568
     0102      8   20  00  00  00  00  00  00  6F       6.8570
     0100      8   20  00  00  00  00  00  00  6F       6.8598
     0101      8   C0  01  00  00  00  00  01  24       6.8668
     0102      8   20  00  00  00  00  00  00  6F       6.8670
     0100      8   40  00  00  00  00  00  00  DE       6.8676
     0100      8   60  00  00  00  00  00  00  B1       6.8754
     0101      8   E0  01  00  00  00  00  01  4B       6.8768
     0102      8   60  00  00  00  00  00  00  B1       6.8770
     0100      8   60  00  00  00  00  00  00  B1       6.8805
     0101      8   00  01  00  00  00  00  01  5B       6.8868
     0102      8   60  00  00  00  00  00  00  B1       6.8870
     0100      8   80  00  00  00  00  00  00  A1       6.8884
     0100      8   A0  00  00  00  00  00  00  CE       6.8962
     0101      8   20  01  00  00  00  00  01  34       6.8968
     0102      8   A0  00  00  00  00  00  00  CE       6.8970
     0100      8   A0  00  00  00  00  00  00  CE       6.9013
     0101      8   40  01  00  00  00  00  01  85       6.9068
     0102      8   A0  00  00  00  00  00  00  CE       6.9070
     0100      8   C0  00  00  00  00  00  00  7F       6.9091
     0101      8   60  01  00  00  00  00  01  EA       6.9168
     0100      8   E0  00  00  00  00  00  00  10       6.9170
     0102      8   C0  00  00  00  00  00  00  7F       6.9173
     0100      8   00  00  00  00  00  00  00  00       6.9247
     0101      8   80  01  00  00  00  00  01  FA       6.9268
     0102      8   00  00  00  00  00  00  00  00       6.9270
     0100      8   00  00  00  00  00  00  00  00       6.9298
     0101      8   A0  01  00  00  00  00  01  95       6.9368
     0102      8   00  00  00  00  00  00  00  00       6.9370
     0100      8   20  00  00  00  00  00  00  6F       6.9376
     0100      8   40  00  00  00  00  00  00  DE       6.9455
     0101      8   C0  01  00  00  00  00  01  24       6.9468
     0102      8   40  00  00  00  00  00  00  DE       6.9470
     0501      8   0D  00  00  00  00  00  00  E6       6.9473
     0100      8   40  00  00  00  00  00  00  DE       6.9506
     0101      8   E0  01  00  00  00  00  01  4B       6.9568
     0102      8   40  00  00  00  00  00  00  DE       6.9570
     0100      8   60  00  00  00  00  00  00  B1       6.9584
     0100      8   80  00  00  00  00  00  00  A1       6.9662
     0101      8   00  01  00  00  00  00  01  5B       6.9668
     0102      8   80  00  00  00  00  00  00  A1       6.9670
     0100      8   80  00  00  00  00  00  00  A1       6.9713
     0101      8   20  01  00  00  00  00  01  34       6.9768
     0102      8   80  00  00  00  00  00  00  A1       6.9770
     0100      8   A0  00  00  00  00  00  00  CE       6.9791
     0101      8   40  01  00  00  00  00  01  85       6.9868
     0100      8   C0  00  00  00  00  00  00  7F       6.9870
     0102      8   A0  00  00  00  00  00  00  CE       6.9873
     0100      8   E0  00  00  00  00  00  00  10       6.9948
     0101      8   60  01  00  00  00  00  01  EA       6.9968
     0102      8   E0  00  00  00  00  00  00  10       6.9970
     0100      8   E0  00  00  00  00  00  00  10       6.9999
     0101      8   80  01  00  00  00  00  01  FA       7.0068
     0102      8   E0  00  00  00  00  00  00  10       7.0070
     0100      8   00  00  00  00  00  00  00  00       7.0077
     0100      8   20  00  00  00  00  00  00  6F       7.0155
     0101      8   A0  01  00  00  00  00  01  95       7.0168
     0102      8   20  00  00  00  00  00  00  6F       7.0170
     0100      8   20  00  00  00  00  00  00  6F       7.0206
     0101      8   C0  01  00  00  00  00  01  24       7.0268
     0102      8   20  00  00  00  00  00  00  6F       7.0270
     0100      8   40  00  00  00  00  00  00  DE       7.0284
     0100      8   60  00  00  00  00  00  00  B1       7.0362
     0101      8   E0  01  00  00  00  00  01  4B       7.0368
     0102      8   60  00  00  00  00  00  00  B1       7.0370
     0100      8   60  00  00  00  00  00  00  B1       7.0413
     0101      8   00  01  00  00  00  00  01  5B       7.0468
     0102      8   60  00  00  00  00  00  00  B1       7.0470
     0501      8   0D  00  00  00  00  00  00  E6       7.0472
     0100      8   80  00  00  00  00  00  00  A1       7.0491
     0101      8   20  01  00  00  00  00  01  34       7.0568
     0100      8   A0  00  00  00  00  00  00  CE       7.0570
     0102      8   80  00  00  00  00  00  00  A1       7.0572
     0100      8   C0  00  00  00  00  00  00  7F       7.0648
     0101      8   40  01  00  00  00  00  01  85       7.0667
     0102      8   C0  00  00  00  00  00  00  7F       7.0670
     0100      8   C0  00  00  00  00  00  00  7F       7.0699
     0101      8   60  01  00  00  00  00  01  EA       7.0767
     0102      8   C0  00  00  00  00  00  00  7F       7.0770
     0100      8   E0  00  00  00  00  00  00  10       7.0777
     0100      8   00  00  00  00  00  00  00  00       7.0855
     0101      8   80  01  00  00  00  00  01  FA       7.0868
     0102      8   00  00  00  00  00  00  00  00       7.0870
     0100      8   00  00  00  00  00  00  00  00       7.0906
     0101      8   A0  01  00  00  00  00  01  95       7.0967
     0102      8   00  00  00  00  00  00  00  00       7.0970
     0100      8   20  00  00  00  00  00  00  6F       7.0984
     0100      8   40  00  00  00  00  00  00  DE       7.1062
     0101      8   C0  01  00  00  00  00  01  24       7.1067
     0102      8   20  00  00  00  00  00  00  6F       7.1070
     0100      8   40  00  00  00  00  00  00  DE       7.1113
     0101      8   E0  01  00  00  00  00  01  4B       7.1167
     0102      8   40  00  00  00  00  00  00  DE       7.1170
     0100      8   60  00  00  00  00  00  00  B1       7.1192
     0101      8   00  01  00  00  00  00  01  5B       7.1267
     0100      8   80  00  00  00  00  00  00  A1       7.1270
     0102      8   60  00  00  00  00  00  00  B1       7.1272
     0100      8   A0  00  00  00  00  00  00  CE       7.1348
     0101      8   20  01  00  00  00  00  01  34       7.1367
     0102      8   A0  00  00  00  00  00  00  CE       7.1370
     0100      8   A0  00  00  00  00  00  00  CE       7.1399
     0101      8   40  01  00  00  00  00  01  85       7.1467
     0102      8   A0  00  00  00  00  00  00  CE       7.1470
     0501      8   0D  00  00  00  00  00  00  E6       7.1472
     0100      8   C0  00  00  00  00  00  00  7F       7.1477
     0100      8   E0  00  00  00  00  00  00  10       7.1556
     0101      8   60  01  00  00  00  00  01  EA       7.1567
     0102      8   E0  00  00  00  00  00  00  10       7.1570
     0100      8   E0  00  00  00  00  00  00  10       7.1607
     0101      8   80  01  00  00  00  00  01  FA       7.1667
     0102      8   E0  00  00  00  00  00  00  10       7.1670
     0100      8   00  00  00  00  00  00  00  00       7.1685
     0100      8   20  00  00  00  00  00  00  6F       7.1763
     0101      8   A0  01  00  00  00  00  01  95       7.1767
     0102      8   00  00  00  00  00  00  00  00       7.1770
     0100      8   20  00  00  00  00  00  00  6F       7.1814
     0101      8   C0  01  00  00  00  00  01  24       7.1867
     0102      8   20  00  00  00  00  00  00  6F       7.1870
     0100      8   40  00  00  00  00  00  00  DE       7.1892
     0101      8   E0  01  00  00  00  00  01  4B       7.1967
     0102      8   40  00  00  00  00  00  00  DE       7.1970
     0100      8   60  00  00  00  00  00  00  B1       7.1972
     0100      8   80  00  00  00  00  00  00  A1       7.2048
     0101      8   00  01  00  00  00  00  01  5B       7.2067
     0102      8   80  00  00  00  00  00  00  A1       7.2070
     0100      8   80  00  00  00  00  00  00  A1       7.2099
     0101      8   20  01  00  00  00  00  01  34       7.2167
     0102      8   80  00  00  00  00  00  00  A1       7.2170
     0100      8   A0  00  00  00  00  00  00  CE       7.2178
     0100      8   C0  00  00  00  00  00  00  7F       7.2256
     0101      8   40  01  00  00  00  00  01  85       7.2267
     0102      8   C0  00  00  00  00  00  00  7F       7.2270
     0100      8   C0  00  00  00  00  00  00  7F       7.2307
     0101      8   60  01  00  00  00  00  01  EA       7.2367
     0102      8   C0  00  00  00  00  00  00  7F       7.2370
     0100      8   E0  00  00  00  00  00  00  10       7.2385
     0100      8   00  00  00  00  00  00  00  00       7.2463
     0101      8   80  01  00  00  00  00  01  FA       7.2467
     0102      8   E0  00  00  00  00  00  00  10       7.2470
     0501      8   0D  00  00  00  00  00  00  E6       7.2472
     0100      8   00  00  00  00  00  00  00  00       7.2514
     0101      8   A0  01  00  00  00  00  01  95       7.2567
     0102      8   00  00  00  00  00  00  00  00       7.2570
     0100      8   20  00  00  00  00  00  00  6F       7.2592
     0101      8   C0  01  00  00  00  00  01  24       7.2667
     0102      8   20  00  00  00  00  00  00  6F       7.2670
     0100      8   40  00  00  00  00  00  00  DE       7.2672
     0100      8   60  00  00  00  00  00  00  B1       7.2749
     0101      8   E0  01  00  00  00  00  01  4B       7.2767
     0102      8   60  00  00  00  00  00  00  B1       7.2770
     0100      8   60  00  00  00  00  00  00  B1       7.2800
     0101      8   00  01  00  00  00  00  01  5B       7.2867
     0102      8   60  00  00  00  00  00  00  B1       7.2870
     0100      8   80  00  00  00  00  00  00  A1       7.2878
     0100      8   A0  00  00  00  00  00  00  CE       7.2956
     0101      8   20  01  00  00  00  00  01  34       7.2967
     0102      8   A0  00  00  00  00  00  00  CE       7.2970
     0100      8   A0  00  00  00  00  00  00  CE       7.3007
     0101      8   40  01  00  00  00  00  01  85       7.3067
     0102      8   A0  00  00  00  00  00  00  CE       7.3070
     0100      8   C0  00  00  00  00  00  00  7F       7.3085
     0100      8   E0  00  00  00  00  00  00  10       7.3163
     0101      8   60  01  00  00  00  00  01  EA       7.3167
     0102      8   C0  00  00  00  00  00  00  7F       7.3170
     0100      8   E0  00  00  00  00  00  00  10       7.3214
     0101      8   80  01  00  00  00  00  01  FA       7.3267
     0102      8   E0  00  00  00  00  00  00  10       7.3270
     0100      8   00  00  00  00  00  00  00  00       7.3293
     0101      8   A0  01  00  00  00  00  01  95       7.3367
     0102      8   00  00  00  00  00  00  00  00       7.3370
     0100      8   20  00  00  00  00  00  00  6F       7.3372
     0100      8   40  00  00  00  00  00  00  DE       7.3449
     0101      8   C0  01  00  00  00  00  01  24       7.3467
     0102      8   40  00  00  00  00  00  00  DE       7.3469
     0501      8   0D  00  00  00  00  00  00  E6       7.3472
     0100      8   40  00  00  00  00  00  00  DE       7.3500
     0101      8   E0  01  00  00  00  00  01  4B       7.3567
     0102      8   40  00  00  00  00  00  00  DE       7.3570
     0100      8   60  00  00  00  00  00  00  B1       7.3578
     0100      8   80  00  00  00  00  00  00  A1       7.3656
     0101      8   00  01  00  00  00  00  01  5B       7.3667
     0102      8   80  00  00  00  00  00  00  A1       7.3670
     0100      8   80  00  00  00  00  00  00  A1       7.3707
     0101      8   20  01  00  00  00  00  01  34       7.3767
     0102      8   80  00  00  00  00  00  00  A1       7.3770
     0100      8   A0  00  00  00  00  00  00  CE       7.3785
     0100      8   C0  00  00  00  00  00  00  7F       7.3864
     0101      8   40  01  00  00  00  00  01  85       7.3867
     0102      8   A0  00  00  00  00  00  00  CE       7.3869
     0100      8   C0  00  00  00  00  00  00  7F       7.3915
     0101      8   60  01  00  00  00  00  01  EA       7.3967
     0102      8   C0  00  00  00  00  00  00  7F       7.3970
     0100      8   E0  00  00  00  00  00  00  10       7.3993
     0101      8   80  01  00  00  00  00  01  FA       7.4067
     0102      8   E0  00  00  00  00  00  00  10       7.4070
     0100      8   00  00  00  00  00  00  00  00       7.4072
     0100      8   20  00  00  00  00  00  00  6F       7.4149
     0101      8   A0  01  00  00  00  00  01  95       7.4167
     0102      8   20  00  00  00  00  00  00  6F       7.4169
     0100      8   20  00  00  00  00  00  00  6F       7.4200
     0101      8   C0  01  00  00  00  00  01  24       7.4267
     0102      8   20  00  00  00  00  00  00  6F       7.4269
     0100      8   40  00  00  00  00  00  00  DE       7.4278
     0100      8   60  00  00  00  00  00  00  B1       7.4357
     0101      8   E0  01  00  00  00  00  01  4B       7.4367
     0102      8   60  00  00  00  00  00  00  B1       7.4369
     0100      8   60  00  00  00  00  00  00  B1       7.4408
     0101      8   00  01  00  00  00  00  01  5B       7.4467
     0102      8   60  00  00  00  00  00  00  B1       7.4469
     0501      8   0D  00  00  00  00  00  00  E6       7.4472
     0100      8   80  00  00  00  00  00  00  A1       7.4486
     0100      8   A0  00  00  00  00  00  00  CE       7.4564
     0101      8   20  01  00  00  00  00  01  34       7.4567
     0102      8   80  00  00  00  00  00  00  A1       7.4569
     0100      8   A0  00  00  00  00  00  00  CE       7.4615
     0101      8   40  01  00  00  00  00  01  85       7.4667
     0102      8   A0  00  00  00  00  00  00  CE       7.4669
     0100      8   C0  00  00  00  00  00  00  7F       7.4693
     0101      8   60  01  00  00  00  00  01  EA       7.4767
     0102      8   C0  00  00  00  00  00  00  7F       7.4769
     0100      8   E0  00  00  00  00  00  00  10       7.4772
     0100      8   00  00  00  00  00  00  00  00       7.4850
     0101      8   80  01  00  00  00  00  01  FA       7.4867
     0102      8   00  00  00  00  00  00  00  00       7.4869
     0100      8   00  00  00  00  00  00  00  00       7.4901
     0101      8   A0  01  00  00  00  00  01  95       7.4967
     0102      8   00  00  00  00  00  00  00  00       7.4969
     0100      8   20  00  00  00  00  00  00  6F       7.4979
     0100      8   40  00  00  00  00  00  00  DE       7.5057
     0101      8   C0  01  00  00  00  00  01  24       7.5067
     0102      8   40  00  00  00  00  00  00  DE       7.5069
     0100      8   40  00  00  00  00  00  00  DE       7.5108
     0101      8   E0  01  00  00  00  00  01  4B       7.5167
     0102      8   40  00  00  00  00  00  00  DE       7.5169
     0100      8   60  00  00  00  00  00  00  B1       7.5186
     0100      8   80  00  00  00  00  00  00  A1       7.5264
     0101      8   00  01  00  00  00  00  01  5B       7.5267
     0102      8   60  00  00  00  00  00  00  B1       7.5269
     0100      8   80  00  00  00  00  00  00  A1       7.5315
     0101      8   20  01  00  00  00  00  01  34       7.5367
     0102      8   80  00  00  00  00  00  00  A1       7.5369
     0100      8   A0  00  00  00  00  00  00  CE       7.5393
     0101      8   40  01  00  00  00  00  01  85       7.5467
     0102      8   A0  00  00  00  00  00  00  CE       7.5469
     0100      8   C0  00  00  00  00  00  00  7F       7.5472
     0501      8   0D  00  00  00  00  00  00  E6       7.5474
     0100      8   E0  00  00  00  00  00  00  10       7.5550
     0101      8   60  01  00  00  00  00  01  EA       7.5567
     0102      8   E0  00  00  00  00  00  00  10       7.5569
     0100      8   E0  00  00  00  00  00  00  10       7.5601
     0101      8   80  01  00  00  00  00  01  FA       7.5667
     0102      8   E0  00  00  00  00  00  00  10       7.5669
     0100      8   00  00  00  00  00  00  00  00       7.5679
     0100      8   20  00  00  00  00  00  00  6F       7.5757
     0101      8   A0  01  00  00  00  00  01  95       7.5767
     0102      8   20  00  00  00  00  00  00  6F       7.5769
     0100      8   20  00  00  00  00  00  00  6F       7.5808
     0101      8   C0  01  00  00  00  00  01  24       7.5867
     0102      8   20  00  00  00  00  00  00  6F       7.5869
     0100      8   40  00  00  00  00  00  00  DE       7.5886
     0100      8   60  00  00  00  00  00  00  B1       7.5964
     0101      8   E0  01  00  00  00  00  01  4B       7.5967
     0102      8   40  00  00  00  00  00  00  DE       7.5969
     0100      8   60  00  00  00  00  00  00  B1       7.6015
     0101      8   00  01  00  00  00  00  01  5B       7.6067
     0102      8   60  00  00  00  00  00  00  B1       7.6069
     0100      8   80  00  00  00  00  00  00  A1       7.6094
     0101      8   20  01  00  00  00  00  01  34       7.6167
     0102      8   80  00  00  00  00  00  00  A1       7.6169
     0100      8   A0  00  00  00  00  00  00  CE       7.6172
     0100      8   C0  00  00  00  00  00  00  7F       7.6250
     0101      8   40  01  00  00  00  00  01  85       7.6267
     0102      8   C0  00  00  00  00  00  00  7F       7.6269
     0100      8   C0  00  00  00  00  00  00  7F       7.6301
     0101      8   60  01  00  00  00  00  01  EA       7.6367
     0102      8   C0  00  00  00  00  00  00  7F       7.6369
     0100      8   E0  00  00  00  00  00  00  10       7.6379
     0100      8   00  00  00  00  00  00  00  00       7.6457
     0101      8   80  01  00  00  00  00  01  FA       7.6467
     0102      8   00  00  00  00  00  00  00  00       7.6469
     0501      8   0D  00  00  00  00  00  00  E6       7.6472
     0100      8   00  00  00  00  00  00  00  00       7.6508
     0101      8   A0  01  00  00  00  00  01  95       7.6567
     0102      8   00  00  00  00  00  00  00  00       7.6569
     0100      8   20  00  00  00  00  00  00  6F       7.6587
     0100      8   40  00  00  00  00  00  00  DE       7.6665
     0101      8   C0  01  00  00  00  00  01  24       7.6667
     0102      8   20  00  00  00  00  00  00  6F       7.6670
     0100      8   40  00  00  00  00  00  00  DE       7.6716
     0101      8   E0  01  00  00  00  00  01  4B       7.6767
     0102      8   40  00  00  00  00  00  00  DE       7.6769
     0100      8   60  00  00  00  00  00  00  B1       7.6794
     0101      8   00  01  00  00  00  00  01  5B       7.6867
     0102      8   60  00  00  00  00  00  00  B1       7.6869
     0100      8   80  00  00  00  00  00  00  A1       7.6872
     0100      8   A0  00  00  00  00  00  00  CE       7.6950
     0101      8   20  01  00  00  00  00  01  34       7.6967
     0102      8   A0  00  00  00  00  00  00  CE       7.6969
     0100      8   A0  00  00  00  00  00  00  CE       7.7001
     0101      8   40  01  00  00  00  00  01  85       7.7067
     0102      8   A0  00  00  00  00  00  00  CE       7.7069
     0100      8   C0  00  00  00  00  00  00  7F       7.7080
     0100      8   E0  00  00  00  00  00  00  10       7.7158
     0101      8   60  01  00  00  00  00  01  EA       7.7167
     0102      8   E0  00  00  00  00  00  00  10       7.7169
     0100      8   E0  00  00  00  00  00  00  10       7.7209
     0101      8   80  01  00  00  00  00  01  FA       7.7267
     0102      8   E0  00  00  00  00  00  00  10       7.7269
     0100      8   00  00  00  00  00  00  00  00       7.7287
     0100      8   20  00  00  00  00  00  00  6F       7.7365
     0101      8   A0  01  00  00  00  00  01  95       7.7368
     0102      8   00  00  00  00  00  00  00  00       7.7370
     0100      8   20  00  00  00  00  00  00  6F       7.7416
     0101      8   C0  01  00  00  00  00  01  24       7.7467
     0102      8   20  00  00  00  00  00  00  6F       7.7469
     0501      8   0D  00  00  00  00  00  00  E6       7.7471
     0100      8   40  00  00  00  00  00  00  DE       7.7494
     0101      8   E0  01  00  00  00  00  01  4B       7.7567
     0102      8   40  00  00  00  00  00  00  DE       7.7569
     0100      8   60  00  00  00  00  00  00  B1       7.7572
     0100      8   80  00  00  00  00  00  00  A1       7.7651
     0101      8   00  01  00  00  00  00  01  5B       7.7667
     0102      8   80  00  00  00  00  00  00  A1       7.7669
     0100      8   80  00  00  00  00  00  00  A1       7.7702
     0101      8   20  01  00  00  00  00  01  34       7.7767
     0102      8   80  00  00  00  00  00  00  A1       7.7769
     0100      8   A0  00  00  00  00  00  00  CE       7.7780
     0100      8   C0  00  00  00  00  00  00  7F       7.7858
     0101      8   40  01  00  00  00  00  01  85       7.7866
     0102      8   C0  00  00  00  00  00  00  7F       7.7869
     0100      8   C0  00  00  00  00  00  00  7F       7.7909
     0101      8   60  01  00  00  00  00  01  EA       7.7966
     0102      8   C0  00  00  00  00  00  00  7F       7.7969
     0100      8   E0  00  00  00  00  00  00  10       7.7987
     0100      8   00  00  00  00  00  00  00  00       7.8065
     0101      8   80  01  00  00  00  00  01  FA       7.8068
     0102      8   E0  00  00  00  00  00  00  10       7.8070
     0100      8   00  00  00  00  00  00  00  00       7.8116
     0101      8   A0  01  00  00  00  00  01  95       7.8166
     0102      8   00  00  00  00  00  00  00  00       7.8169
     0100      8   20  00  00  00  00  00  00  6F       7.8195
     0101      8   C0  01  00  00  00  00  01  24       7.8266
     0102      8   20  00  00  00  00  00  00  6F       7.8269
     0100      8   40  00  00  00  00  00  00  DE       7.8273
     0100      8   60  00  00  00  00  00  00  B1       7.8351
     0101      8   E0  01  00  00  00  00  01  4B       7.8366
     0102      8   60  00  00  00  00  00  00  B1       7.8369
     0100      8   60  00  00  00  00  00  00  B1       7.8402
     0101      8   00  01  00  00  00  00  01  5B       7.8466
     0102      8   60  00  00  00  00  00  00  B1       7.8469
     0501      8   0D  00  00  00  00  00  00  E6       7.8471
     0100      8   80  00  00  00  00  00  00  A1       7.8480
     0100      8   A0  00  00  00  00  00  00  CE       7.8558
     0101      8   20  01  00  00  00  00  01  34       7.8566
     0102      8   A0  00  00  00  00  00  00  CE       7.8569
     0100      8   A0  00  00  00  00  00  00  CE       7.8609
     0101      8   40  01  00  00  00  00  01  85       7.8666
     0102      8   A0  00  00  00  00  00  00  CE       7.8669
     0100      8   C0  00  00  00  00  00  00  7F       7.8687
     0100      8   E0  00  00  00  00  00  00  10       7.8766
     0101      8   60  01  00  00  00  00  01  EA       7.8768
     0102      8   C0  00  00  00  00  00  00  7F       7.8771
     0100      8   E0  00  00  00  00  00  00  10       7.8817
     0101      8   80  01  00  00  00  00  01  FA       7.8866
     0102      8   E0  00  00  00  00  00  00  10       7.8869
     0100      8   00  00  00  00  00  00  00  00       7.8895
     0101      8   A0  01  00  00  00  00  01  95       7.8966
     0102      8   00  00  00  00  00  00  00  00       7.8969
     0100      8   20  00  00  00  00  00  00  6F       7.8973
     0100      8   40  00  00  00  00  00  00  DE       7.9051
     0101      8   C0  01  00  00  00  00  01  24       7.9066
     0102      8   40  00  00  00  00  00  00  DE       7.9069
     0100      8   40  00  00  00  00  00  00  DE       7.9102
     0101      8   E0  01  00  00  00  00  01  4B       7.9166
     0102      8   40  00  00  00  00  00  00  DE       7.9169
     0100      8   60  00  00  00  00  00  00  B1       7.9180
     0100      8   80  00  00  00  00  00  00  A1       7.9259
     0101      8   00  01  00  00  00  00  01  5B       7.9266
     0102      8   80  00  00  00  00  00  00  A1       7.9269
     0100      8   80  00  00  00  00  00  00  A1       7.9310
     0101      8   20  01  00  00  00  00  01  34       7.9366
     0102      8   80  00  00  00  00  00  00  A1       7.9369
     0100      8   A0  00  00  00  00  00  00  CE       7.9388
     0100      8   C0  00  00  00  00  00  00  7F       7.9466
     0101      8   40  01  00  00  00  00  01  85       7.9468
     0102      8   A0  00  00  00  00  00  00  CE       7.9471
     0501      8   0D  00  00  00  00  00  00  E6       7.9473
     0100      8   C0  00  00  00  00  00  00  7F       7.9517
     0101      8   60  01  00  00  00  00  01  EA       7.9566
     0102      8   C0  00  00  00  00  00  00  7F       7.9569
     0100      8   E0  00  00  00  00  00  00  10       7.9595
     0101      8   80  01  00  00  00  00  01  FA       7.9666
     0102      8   E0  00  00  00  00  00  00  10       7.9669
     0100      8   00  00  00  00  00  00  00  00       7.9673
     0100      8   20  00  00  00  00  00  00  6F       7.9751
     0101      8   A0  01  00  00  00  00  01  95       7.9766
     0102      8   20  00  00  00  00  00  00  6F       7.9769
     0100      8   20  00  00  00  00  00  00  6F       7.9802
     0101      8   C0  01  00  00  00  00  01  24       7.9866
     0102      8   20  00  00  00  00  00  00  6F       7.9869
     0100      8   40  00  00  00  00  00  00  DE       7.9881
     0100      8   60  00  00  00  00  00  00  B1       7.9959
     0101      8   E0  01  00  00  00  00  01  4B       7.9966
     0102      8   60  00  00  00  00  00  00  B1       7.9969
     0100      8   60  00  00  00  00  00  00  B1       8.0010
     0101      8   00  01  00  00  00  00  01  5B       8.0066
     0102      8   60  00  00  00  00  00  00  B1       8.0069
     0100      8   80  00  00  00  00  00  00  A1       8.0088
     0101      8   20  01  00  00  00  00  01  34       8.0166
     0100      8   A0  00  00  00  00  00  00  CE       8.0169
     0102      8   80  00  00  00  00  00  00  A1       8.0171
     0100      8   C0  00  00  00  00  00  00  7F       8.0244
     0101      8   40  01  00  00  00  00  01  85       8.0266
     0102      8   C0  00  00  00  00  00  00  7F       8.0269
     0100      8   C0  00  00  00  00  00  00  7F       8.0295
     0101      8   60  01  00  00  00  00  01  EA       8.0366
     0102      8   C0  00  00  00  00  00  00  7F       8.0369
     0100      8   E0  00  00  00  00  00  00  10       8.0374
     0100      8   00  00  00  00  00  00  00  00       8.0452
     0101      8   80  01  00  00  00  00  01  FA       8.0466
     0102      8   00  00  00  00  00  00  00  00       8.0469
     0501      8   0D  00  00  00  00  00  00  E6       8.0471
     0100      8   00  00  00  00  00  00  00  00       8.0503
     0101      8   A0  01  00  00  00  00  01  95       8.0566
     0102      8   00  00  00  00  00  00  00  00       8.0569
     0100      8   20  00  00  00  00  00  00  6F       8.0581
     0100      8   40  00  00  00  00  00  00  DE       8.0659
     0101      8   C0  01  00  00  00  00  01  24       8.0666
     0102      8   40  00  00  00  00  00  00  DE       8.0669
     0100      8   40  00  00  00  00  00  00  DE       8.0710
     0101      8   E0  01  00  00  00  00  01  4B       8.0766
     0102      8   40  00  00  00  00  00  00  DE       8.0769
     0100      8   60  00  00  00  00  00  00  B1       8.0788
     0101      8   00  01  00  00  00  00  01  5B       8.0866
     0100      8   80  00  00  00  00  00  00  A1       8.0869
     0102      8   60  00  00  00  00  00  00  B1       8.0871
     0100      8   A0  00  00  00  00  00  00  CE       8.0945
     0101      8   20  01  00  00  00  00  01  34       8.0966
     0102      8   A0  00  00  00  00  00  00  CE       8.0969
     0100      8   A0  00  00  00  00  00  00  CE       8.0996
     0101      8   40  01  00  00  00  00  01  85       8.1066
     0102      8   A0  00  00  00  00  00  00  CE       8.1068
     0100      8   C0  00  00  00  00  00  00  7F       8.1074
     0100      8   E0  00  00  00  00  00  00  10       8.1152
     0101      8   60  01  00  00  00  00  01  EA       8.1166
     0102      8   E0  00  00  00  00  00  00  10       8.1168
     0100      8   E0  00  00  00  00  00  00  10       8.1203
     0101      8   80  01  00  00  00  00  01  FA       8.1266
     0102      8   E0  00  00  00  00  00  00  10       8.1269
     0100      8   00  00  00  00  00  00  00  00       8.1281
     0100      8   20  00  00  00  00  00  00  6F       8.1359
     0101      8   A0  01  00  00  00  00  01  95       8.1366
     0102      8   20  00  00  00  00  00  00  6F       8.1368
     0100      8   20  00  00  00  00  00  00  6F       8.1410
     0101      8   C0  01  00  00  00  00  01  24       8.1466
     0102      8   20  00  00  00  00  00  00  6F       8.1468
     0501      8   0D  00  00  00  00  00  00  E6       8.1471
     0100      8   40  00  00  00  00  00  00  DE       8.1489
     0101      8   E0  01  00  00  00  00  01  4B       8.1566
     0100      8   60  00  00  00  00  00  00  B1       8.1568
     0102      8   40  00  00  00  00  00  00  DE       8.1571
     0100      8   80  00  00  00  00  00  00  A1       8.1645
     0101      8   00  01  00  00  00  00  01  5B       8.1666
     0102      8   80  00  00  00  00  00  00  A1       8.1668
     0100      8   80  00  00  00  00  00  00  A1       8.1696
     0101      8   20  01  00  00  00  00  01  34       8.1766
     0102      8   80  00  00  00  00  00  00  A1       8.1768
     0100      8   A0  00  00  00  00  00  00  CE       8.1774
     0100      8   C0  00  00  00  00  00  00  7F       8.1852
     0101      8   40  01  00  00  00  00  01  85       8.1866
     0102      8   C0  00  00  00  00  00  00  7F       8.1868
     0100      8   C0  00  00  00  00  00  00  7F       8.1903
     0101      8   60  01  00  00  00  00  01  EA       8.1966
     0102      8   C0  00  00  00  00  00  00  7F       8.1968
     0100      8   E0  00  00  00  00  00  00  10       8.1982
     0100      8   00  00  00  00  00  00  00  00       8.2060
     0101      8   80  01  00  00  00  00  01  FA       8.2066
     0102      8   00  00  00  00  00  00  00  00       8.2068
     0100      8   00  00  00  00  00  00  00  00       8.2111
     0101      8   A0  01  00  00  00  00  01  95       8.2166
     0102      8   00  00  00  00  00  00  00  00       8.2168
     0100      8   20  00  00  00  00  00  00  6F       8.2189
     0101      8   C0  01  00  00  00  00  01  24       8.2266
     0100      8   40  00  00  00  00  00  00  DE       8.2268
     0102      8   20  00  00  00  00  00  00  6F       8.2271
     0100      8   60  00  00  00  00  00  00  B1       8.2345
     0101      8   E0  01  00  00  00  00  01  4B       8.2366
     0102      8   60  00  00  00  00  00  00  B1       8.2368
     0100      8   60  00  00  00  00  00  00  B1       8.2396
     0101      8   00  01  00  00  00  00  01  5B       8.2466
     0102      8   60  00  00  00  00  00  00  B1       8.2468
     0501      8   0D  00  00  00  00  00  00  E6       8.2471
     0100      8   80  00  00  00  00  00  00  A1       8.2474
     0100      8   A0  00  00  00  00  00  00  CE       8.2553
     0101      8   20  01  00  00  00  00  01  34       8.2566
     0102      8   A0  00  00  00  00  00  00  CE       8.2568
     0100      8   A0  00  00  00  00  00  00  CE       8.2604
     0101      8   40  01  00  00  00  00  01  85       8.2666
     0102      8   A0  00  00  00  00  00  00  CE       8.2668
     0100      8   C0  00  00  00  00  00  00  7F       8.2682
     0100      8   E0  00  00  00  00  00  00  10       8.2760
     0101      8   60  01  00  00  00  00  01  EA       8.2766
     0102      8   E0  00  00  00  00  00  00  10       8.2768
     0100      8   E0  00  00  00  00  00  00  10       8.2811
     0101      8   80  01  00  00  00  00  01  FA       8.2866
     0102      8   E0  00  00  00  00  00  00  10       8.2868
     0100      8   00  00  00  00  00  00  00  00       8.2889
     0101      8   A0  01  00  00  00  00  01  95       8.2966
     0100      8   20  00  00  00  00  00  00  6F       8.2968
     0102      8   00  00  00  00  00  00  00  00       8.2971
     0100      8   40  00  00  00  00  00  00  DE       8.3045
     0101      8   C0  01  00  00  00  00  01  24       8.3066
     0102      8   40  00  00  00  00  00  00  DE       8.3068
     0100      8   40  00  00  00  00  00  00  DE       8.3096
     0101      8   E0  01  00  00  00  00  01  4B       8.3166
     0102      8   40  00  00  00  00  00  00  DE       8.3168
     0100      8   60  00  00  00  00  00  00  B1       8.3175
     0100      8   80  00  00  00  00  00  00  A1       8.3253
     0101      8   00  01  00  00  00  00  01  5B       8.3266
     0102      8   80  00  00  00  00  00  00  A1       8.3268
     0100      8   80  00  00  00  00  00  00  A1       8.3304
     0101      8   20  01  00  00  00  00  01  34       8.3366
     0102      8   80  00  00  00  00  00  00  A1       8.3368
     0100      8   A0  00  00  00  00  00  00  CE       8.3382
     0100      8   C0  00  00  00  00  00  00  7F       8.3460
     0101      8   40  01  00  00  00  00  01  85       8.3466
     0102      8   C0  00  00  00  00  00  00  7F       8.3468
     0501      8   0D  00  00  00  00  00  00  E6       8.3471
     0100      8   C0  00  00  00  00  00  00  7F       8.3511
     0101      8   60  01  00  00  00  00  01  EA       8.3566
     0102      8   C0  00  00  00  00  00  00  7F       8.3568
     0100      8   E0  00  00  00  00  00  00  10       8.3589
     0101      8   80  01  00  00  00  00  01  FA       8.3666
     0100      8   00  00  00  00  00  00  00  00       8.3668
     0102      8   E0  00  00  00  00  00  00  10       8.3671
     0100      8   20  00  00  00  00  00  00  6F       8.3746
     0101      8   A0  01  00  00  00  00  01  95       8.3766
     0102      8   20  00  00  00  00  00  00  6F       8.3768
     0100      8   20  00  00  00  00  00  00  6F       8.3797
     0101      8   C0  01  00  00  00  00  01  24       8.3866
     0102      8   20  00  00  00  00  00  00  6F       8.3868
     0100      8   40  00  00  00  00  00  00  DE       8.3875
     0100      8   60  00  00  00  00  00  00  B1       8.3953
     0101      8   E0  01  00  00  00  00  01  4B       8.3966
     0102      8   60  00  00  00  00  00  00  B1       8.3968
     0100      8   60  00  00  00  00  00  00  B1       8.4004
     0101      8   00  01  00  00  00  00  01  5B       8.4066
     0102      8   60  00  00  00  00  00  00  B1       8.4068
     0100      8   80  00  00  00  00  00  00  A1       8.4082
     0100      8   A0  00  00  00  00  00  00  CE       8.4160
     0101      8   20  01  00  00  00  00  01  34       8.4166
     0102      8   80  00  00  00  00  00  00  A1       8.4168
     0100      8   A0  00  00  00  00  00  00  CE       8.4211
     0101      8   40  01  00  00  00  00  01  85       8.4266
     0102      8   A0  00  00  00  00  00  00  CE       8.4268
     0100      8   C0  00  00  00  00  00  00  7F       8.4290
     0101      8   60  01  00  00  00  00  01  EA       8.4366
     0100      8   E0  00  00  00  00  00  00  10       8.4368
     0102      8   C0  00  00  00  00  00  00  7F       8.4371
     0100      8   00  00  00  00  00  00  00  00       8.4446
     0101      8   80  01  00  00  00  00  01  FA       8.4466
     0102      8   00  00  00  00  00  00  00  00       8.4468
     0501      8   0D  00  00  00  00  00  00  E6       8.4471
     0100      8   00  00  00  00  00  00  00  00       8.4497
     0101      8   A0  01  00  00  00  00  01  95       8.4565
     0102      8   00  00  00  00  00  00  00  00       8.4568
     0100      8   20  00  00  00  00  00  00  6F       8.4575
     0100      8   40  00  00  00  00  00  00  DE       8.4653
     0101      8   C0  01  00  00  00  00  01  24       8.4666
     0102      8   40  00  00  00  00  00  00  DE       8.4668
     0100      8   40  00  00  00  00  00  00  DE       8.4704
     0101      8   E0  01  00  00  00  00  01  4B       8.4766
     0102      8   40  00  00  00  00  00  00  DE       8.4768
     0100      8   60  00  00  00  00  00  00  B1       8.4783
     0100      8   80  00  00  00  00  00  00  A1       8.4861
     0101      8   00  01  00  00  00  00  01  5B       8.4866
     0102      8   60  00  00  00  00  00  00  B1       8.4868
     0100      8   80  00  00  00  00  00  00  A1       8.4912
     0101      8   20  01  00  00  00  00  01  34       8.4965
     0102      8   80  00  00  00  00  00  00  A1       8.4968
     0100      8   A0  00  00  00  00  00  00  CE       8.4990
     0101      8   40  01  00  00  00  00  01  85       8.5065
     0102      8   A0  00  00  00  00  00  00  CE       8.5068
     0100      8   C0  00  00  00  00  00  00  7F       8.5070
     0100      8   E0  00  00  00  00  00  00  10       8.5146
     0101      8   60  01  00  00  00  00  01  EA       8.5165
     0102      8   E0  00  00  00  00  00  00  10       8.5168
     0100      8   E0  00  00  00  00  00  00  10       8.5197
     0101      8   80  01  00  00  00  00  01  FA       8.5265
     0102      8   E0  00  00  00  00  00  00  10       8.5268
     0100      8   00  00  00  00  00  00  00  00       8.5276
     0100      8   20  00  00  00  00  00  00  6F       8.5354
     0101      8   A0  01  00  00  00  00  01  95       8.5365
     0102      8   20  00  00  00  00  00  00  6F       8.5368
     0100      8   20  00  00  00  00  00  00  6F       8.5405
     0101      8   C0  01  00  00  00  00  01  24       8.5465
     0102      8   20  00  00  00  00  00  00  6F       8.5468
     0501      8   0D  00  00  00  00  00  00  E6       8.5470
     0100      8   40  00  00  00  00  00  00  DE       8.5483
     0100      8   60  00  00  00  00  00  00  B1       8.5561
     0101      8   E0  01  00  00  00  00  01  4B       8.5565
     0102      8   40  00  00  00  00  00  00  DE       8.5568
     0100      8   60  00  00  00  00  00  00  B1       8.5612
     0101      8   00  01  00  00  00  00  01  5B       8.5665
     0102      8   60  00  00  00  00  00  00  B1       8.5668
     0100      8   80  00  00  00  00  00  00  A1       8.5690
     0101      8   20  01  00  00  00  00  01  34       8.5765
     0102      8   80  00  00  00  00  00  00  A1       8.5768
     0100      8   A0  00  00  00  00  00  00  CE       8.5770
     0100      8   C0  00  00  00  00  00  00  7F       8.5847
     0101      8   40  01  00  00  00  00  01  85       8.5865
     0102      8   C0  00  00  00  00  00  00  7F       8.5868
     0100      8   C0  00  00  00  00  00  00  7F       8.5898
     0101      8   60  01  00  00  00  00  01  EA       8.5965
     0102      8   C0  00  00  00  00  00  00  7F       8.5968
     0100      8   E0  00  00  00  00  00  00  10       8.5976
     0100      8   00  00  00  00  00  00  00  00       8.6054
     0101      8   80  01  00  00  00  00  01  FA       8.6065
     0102      8   00  00  00  00  00  00  00  00       8.6068
     0100      8   00  00  00  00  00  00  00  00       8.6105
     0101      8   A0  01  00  00  00  00  01  95       8.6165
     0102      8   00  00  00  00  00  00  00  00       8.6168
     0100      8   20  00  00  00  00  00  00  6F       8.6183
     0100      8   40  00  00  00  00  00  00  DE       8.6261
     0101      8   C0  01  00  00  00  00  01  24       8.6265
     0102      8   20  00  00  00  00  00  00  6F       8.6268
     0100      8   40  00  00  00  00  00  00  DE       8.6312
     0101      8   E0  01  00  00  00  00  01  4B       8.6365
     0102      8   40  00  00  00  00  00  00  DE       8.6368
     0100      8   60  00  00  00  00  00  00  B1       8.6391
     0101      8   00  01  00  00  00  00  01  5B       8.6465
     0102      8   60  00  00  00  00  00  00  B1       8.6468
     0100      8   80  00  00  00  00  00  00  A1       8.6470
     0501      8   0D  00  00  00  00  00  00  E6       8.6473
     0100      8   A0  00  00  00  00  00  00  CE       8.6547
     0101      8   20  01  00  00  00  00  01  34       8.6565
     0102      8   A0  00  00  00  00  00  00  CE       8.6568
     0100      8   A0  00  00  00  00  00  00  CE       8.6598
     0101      8   40  01  00  00  00  00  01  85       8.6665
     0102      8   A0  00  00  00  00  00  00  CE       8.6668
     0100      8   C0  00  00  00  00  00  00  7F       8.6676
     0100      8   E0  00  00  00  00  00  00  10       8.6754
     0101      8   60  01  00  00  00  00  01  EA       8.6765
     0102      8   E0  00  00  00  00  00  00  10       8.6768
     0100      8   E0  00  00  00  00  00  00  10       8.6805
     0101      8   80  01  00  00  00  00  01  FA       8.6865
     0102      8   E0  00  00  00  00  00  00  10       8.6868
     0100      8   00  00  00  00  00  00  00  00       8.6883
     0100      8   20  00  00  00  00  00  00  6F       8.6962
     0101      8   A0  01  00  00  00  00  01  95       8.6965
     0102      8   00  00  00  00  00  00  00  00       8.6968
     0100      8   20  00  00  00  00  00  00  6F       8.7013
     0101      8   C0  01  00  00  00  00  01  24       8.7065
     0102      8   20  00  00  00  00  00  00  6F       8.7068
     0100      8   40  00  00  00  00  00  00  DE       8.7091
     0101      8   E0  01  00  00  00  00  01  4B       8.7165
     0102      8   40  00  00  00  00  00  00  DE       8.7168
     0100      8   60  00  00  00  00  00  00  B1       8.7170
     0100      8   80  00  00  00  00  00  00  A1       8.7247
     0101      8   00  01  00  00  00  00  01  5B       8.7265
     0102      8   80  00  00  00  00  00  00  A1       8.7268
     0100      8   80  00  00  00  00  00  00  A1       8.7298
     0101      8   20  01  00  00  00  00  01  34       8.7365
     0102      8   80  00  00  00  00  00  00  A1       8.7368
     0100      8   A0  00  00  00  00  00  00  CE       8.7376
     0100      8   C0  00  00  00  00  00  00  7F       8.7455
     0101      8   40  01  00  00  00  00  01  85       8.7465
     0102      8   C0  00  00  00  00  00  00  7F       8.7468
     0501      8   0D  00  00  00  00  00  00  E6       8.7470
     0100      8   C0  00  00  00  00  00  00  7F       8.7506
     0101      8   60  01  00  00  00  00  01  EA       8.7565
     0102      8   C0  00  00  00  00  00  00  7F       8.7568
     0100      8   E0  00  00  00  00  00  00  10       8.7584
     0100      8   00  00  00  00  00  00  00  00       8.7662
     0101      8   80  01  00  00  00  00  01  FA       8.7665
     0102      8   E0  00  00  00  00  00  00  10       8.7668
     0100      8   00  00  00  00  00  00  00  00       8.7713
     0101      8   A0  01  00  00  00  00  01  95       8.7765
     0102      8   00  00  00  00  00  00  00  00       8.7768
     0100      8   20  00  00  00  00  00  00  6F       8.7791
     0101      8   C0  01  00  00  00  00  01  24       8.7865
     0102      8   20  00  00  00  00  00  00  6F       8.7868
     0100      8   40  00  00  00  00  00  00  DE       8.7870
     0100      8   60  00  00  00  00  00  00  B1       8.7947
     0101      8   E0  01  00  00  00  00  01  4B       8.7965
     0102      8   60  00  00  00  00  00  00  B1       8.7968
     0100      8   60  00  00  00  00  00  00  B1       8.7999
     0101      8   00  01  00  00  00  00  01  5B       8.8065
     0102      8   60  00  00  00  00  00  00  B1       8.8068
     0100      8   80  00  00  00  00  00  00  A1       8.8077
     0100      8   A0  00  00  00  00  00  00  CE       8.8155
     0101      8   20  01  00  00  00  00  01  34       8.8165
     0102      8   A0  00  00  00  00  00  00  CE       8.8168
     0100      8   A0  00  00  00  00  00  00  CE       8.8206
     0101      8   40  01  00  00  00  00  01  85       8.8265
     0102      8   A0  00  00  00  00  00  00  CE       8.8267
     0100      8   C0  00  00  00  00  00  00  7F       8.8284
     0100      8   E0  00  00  00  00  00  00  10       8.8362
     0101      8   60  01  00  00  00  00  01  EA       8.8365
     0102      8   C0  00  00  00  00  00  00  7F       8.8368
     0100      8   E0  00  00  00  00  00  00  10       8.8413
     0101      8   80  01  00  00  00  00  01  FA       8.8465
     0102      8   E0  00  00  00  00  00  00  10       8.8468
     0501      8   0D  00  00  00  00  00  00  E6       8.8470
     0100      8   00  00  00  00  00  00  00  00       8.8491
     0101      8   A0  01  00  00  00  00  01  95       8.8565
     0102      8   00  00  00  00  00  00  00  00       8.8567
     0100      8   20  00  00  00  00  00  00  6F       8.8570
     0100      8   40  00  00  00  00  00  00  DE       8.8648
     0101      8   C0  01  00  00  00  00  01  24       8.8665
     0102      8   40  00  00  00  00  00  00  DE       8.8667
     0100      8   40  00  00  00  00  00  00  DE       8.8699
     0101      8   E0  01  00  00  00  00  01  4B       8.8765
     0102      8   40  00  00  00  00  00  00  DE       8.8767
     0100      8   60  00  00  00  00  00  00  B1       8.8777
     0100      8   80  00  00  00  00  00  00  A1       8.8855
     0101      8   00  01  00  00  00  00  01  5B       8.8865
     0102      8   80  00  00  00  00  00  00  A1       8.8867
     0100      8   80  00  00  00  00  00  00  A1       8.8906
     0101      8   20  01  00  00  00  00  01  34       8.8965
     0102      8   80  00  00  00  00  00  00  A1       8.8967
     0100      8   A0  00  00  00  00  00  00  CE       8.8984
     0100      8   C0  00  00  00  00  00  00  7F       8.9063
     0101      8   40  01  00  00  00  00  01  85       8.9065
     0102      8   A0  00  00  00  00  00  00  CE       8.9068
     0100      8   C0  00  00  00  00  00  00  7F       8.9114
     0101      8   60  01  00  00  00  00  01  EA       8.9165
     0102      8   C0  00  00  00  00  00  00  7F       8.9167
     0100      8   E0  00  00  00  00  00  00  10       8.9192
     0101      8   80  01  00  00  00  00  01  FA       8.9265
     0102      8   E0  00  00  00  00  00  00  10       8.9267
     0100      8   00  00  00  00  00  00  00  00       8.9270
     0100      8   20  00  00  00  00  00  00  6F       8.9348
     0101      8   A0  01  00  00  00  00  01  95       8.9365
     0102      8   20  00  00  00  00  00  00  6F       8.9367
     0100      8   20  00  00  00  00  00  00  6F       8.9399
     0101      8   C0  01  00  00  00  00  01  24       8.9465
     0102      8   20  00  00  00  00  00  00  6F       8.9467
     0501      8   0D  00  00  00  00  00  00  E6       8.9470
     0100      8   40  00  00  00  00  00  00  DE       8.9477
     0100      8   60  00  00  00  00  00  00  B1       8.9555
     0101      8   E0  01  00  00  00  00  01  4B       8.9565
     0102      8   60  00  00  00  00  00  00  B1       8.9567
     0100      8   60  00  00  00  00  00  00  B1       8.9606
     0101      8   00  01  00  00  00  00  01  5B       8.9665
     0102      8   60  00  00  00  00  00  00  B1       8.9667
     0100      8   80  00  00  00  00  00  00  A1       8.9685
     0100      8   A0  00  00  00  00  00  00  CE       8.9763
     0101      8   20  01  00  00  00  00  01  34       8.9765
     0102      8   80  00  00  00  00  00  00  A1       8.9768
     0100      8   A0  00  00  00  00  00  00  CE       8.9814
     0101      8   40  01  00  00  00  00  01  85       8.9865
     0102      8   A0  00  00  00  00  00  00  CE       8.9867
     0100      8   C0  00  00  00  00  00  00  7F       8.9892
     0101      8   60  01  00  00  00  00  01  EA       8.9965
     0102      8   C0  00  00  00  00  00  00  7F       8.9967
     0100      8   E0  00  00  00  00  00  00  10       8.9970
     0100      8   00  00  00  00  00  00  00  00       9.0048
     0101      8   80  01  00  00  00  00  01  FA       9.0065
     0102      8   00  00  00  00  00  00  00  00       9.0067
     0100      8   00  00  00  00  00  00  00  00       9.0099
     0101      8   A0  01  00  00  00  00  01  95       9.0165
     0102      8   00  00  00  00  00  00  00  00       9.0167
     0100      8   20  00  00  00  00  00  00  6F       9.0178
     0100      8   40  00  00  00  00  00  00  DE       9.0256
     0101      8   C0  01  00  00  00  00  01  24       9.0265
     0102      8   40  00  00  00  00  00  00  DE       9.0267
     0100      8   40  00  00  00  00  00  00  DE       9.0307
     0101      8   E0  01  00  00  00  00  01  4B       9.0365
     0102      8   40  00  00  00  00  00  00  DE       9.0367
     0100      8   60  00  00  00  00  00  00  B1       9.0385
     0100      8   80  00  00  00  00  00  00  A1       9.0463
     0101      8   00  01  00  00  00  00  01  5B       9.0466
     0102      8   60  00  00  00  00  00  00  B1       9.0468
     0501      8   0D  00  00  00  00  00  00  E6       9.0470
     0100      8   80  00  00  00  00  00  00  A1       9.0514
     0101      8   20  01  00  00  00  00  01  34       9.0565
     0102      8   80  00  00  00  00  00  00  A1       9.0567
     0100      8   A0  00  00  00  00  00  00  CE       9.0592
     0101      8   40  01  00  00  00  00  01  85       9.0665
     0102      8   A0  00  00  00  00  00  00  CE       9.0667
     0100      8   C0  00  00  00  00  00  00  7F       9.0671
     0100      8   E0  00  00  00  00  00  00  10       9.0749
     0101      8   60  01  00  00  00  00  01  EA       9.0765
     0102      8   E0  00  00  00  00  00  00  10       9.0767
     0100      8   E0  00  00  00  00  00  00  10       9.0800
     0101      8   80  01  00  00  00  00  01  FA       9.0865
     0102      8   E0  00  00  00  00  00  00  10       9.0867
     0100      8   00  00  00  00  00  00  00  00       9.0878
     0100      8   20  00  00  00  00  00  00  6F       9.0956
     0101      8   A0  01  00  00  00  00  01  95       9.0965
     0102      8   20  00  00  00  00  00  00  6F       9.0967
     0100      8   20  00  00  00  00  00  00  6F       9.1007
     0101      8   C0  01  00  00  00  00  01  24       9.1065
     0102      8   20  00  00  00  00  00  00  6F       9.1067
     0100      8   40  00  00  00  00  00  00  DE       9.1085
     0100      8   60  00  00  00  00  00  00  B1       9.1163
     0101      8   E0  01  00  00  00  00  01  4B       9.1166
     0102      8   40  00  00  00  00  00  00  DE       9.1168
     0100      8   60  00  00  00  00  00  00  B1       9.1214
     0101      8   00  01  00  00  00  00  01  5B       9.1265
     0102      8   60  00  00  00  00  00  00  B1       9.1267
     0100      8   80  00  00  00  00  00  00  A1       9.1293
     0101      8   20  01  00  00  00  00  01  34       9.1365
     0102      8   80  00  00  00  00  00  00  A1       9.1367
     0100      8   A0  00  00  00  00  00  00  CE       9.1371
     0100      8   C0  00  00  00  00  00  00  7F       9.1449
     0101      8   40  01  00  00  00  00  01  85       9.1465
     0102      8   C0  00  00  00  00  00  00  7F       9.1467
     0501      8   0D  00  00  00  00  00  00  E6       9.1470
     0100      8   C0  00  00  00  00  00  00  7F       9.1500
     0101      8   60  01  00  00  00  00  01  EA       9.1565
     0102      8   C0  00  00  00  00  00  00  7F       9.1567
     0100      8   E0  00  00  00  00  00  00  10       9.1578
     0100      8   00  00  00  00  00  00  00  00       9.1656
     0101      8   80  01  00  00  00  00  01  FA       9.1665
     0102      8   00  00  00  00  00  00  00  00       9.1667
     0100      8   00  00  00  00  00  00  00  00       9.1707
     0101      8   A0  01  00  00  00  00  01  95       9.1765
     0102      8   00  00  00  00  00  00  00  00       9.1767
     0100      8   20  00  00  00  00  00  00  6F       9.1786
     0100      8   40  00  00  00  00  00  00  DE       9.1864
     0101      8   C0  01  00  00  00  00  01  24       9.1866
     0102      8   20  00  00  00  00  00  00  6F       9.1869
     0100      8   40  00  00  00  00  00  00  DE       9.1915
     0101      8   E0  01  00  00  00  00  01  4B       9.1965
     0102      8   40  00  00  00  00  00  00  DE       9.1967
     0100      8   60  00  00  00  00  00  00  B1       9.1993
     0101      8   00  01  00  00  00  00  01  5B       9.2065
     0102      8   60  00  00  00  00  00  00  B1       9.2067
     0100      8   80  00  00  00  00  00  00  A1       9.2071
     0100      8   A0  00  00  00  00  00  00  CE       9.2149
     0101      8   20  01  00  00  00  00  01  34       9.2165
     0102      8   A0  00  00  00  00  00  00  CE       9.2167
     0100      8   A0  00  00  00  00  00  00  CE       9.2200
     0101      8   40  01  00  00  00  00  01  85       9.2264
     0102      8   A0  00  00  00  00  00  00  CE       9.2267
     0100      8   C0  00  00  00  00  00  00  7F       9.2278
     0100      8   E0  00  00  00  00  00  00  10       9.2357
     0101      8   60  01  00  00  00  00  01  EA       9.2364
     0102      8   E0  00  00  00  00  00  00  10       9.2367
     0100      8   E0  00  00  00  00  00  00  10       9.2408
     0101      8   80  01  00  00  00  00  01  FA       9.2464
     0102      8   E0  00  00  00  00  00  00  10       9.2467
     0501      8   0D  00  00  00  00  00  00  E6       9.2469
     0100      8   00  00  00  00  00  00  00  00       9.2486
     0100      8   20  00  00  00  00  00  00  6F       9.2564
     0101      8   A0  01  00  00  00  00  01  95       9.2566
     0102      8   00  00  00  00  00  00  00  00       9.2569
     0100      8   20  00  00  00  00  00  00  6F       9.2615
     0101      8   C0  01  00  00  00  00  01  24       9.2664
     0102      8   20  00  00  00  00  00  00  6F       9.2667
     0100      8   40  00  00  00  00  00  00  DE       9.2693
     0101      8   E0  01  00  00  00  00  01  4B       9.2764
     0102      8   40  00  00  00  00  00  00  DE       9.2767
     0100      8   60  00  00  00  00  00  00  B1       9.2771
     0100      8   80  00  00  00  00  00  00  A1       9.2849
     0101      8   00  01  00  00  00  00  01  5B       9.2864
     0102      8   80  00  00  00  00  00  00  A1       9.2867
     0100      8   80  00  00  00  00  00  00  A1       9.2900
     0101      8   20  01  00  00  00  00  01  34       9.2964
     0102      8   80  00  00  00  00  00  00  A1       9.2967
     0100      8   A0  00  00  00  00  00  00  CE       9.2979
     0100      8   C0  00  00  00  00  00  00  7F       9.3057
     0101      8   40  01  00  00  00  00  01  85       9.3064
     0102      8   C0  00  00  00  00  00  00  7F       9.3067
     0100      8   C0  00  00  00  00  00  00  7F       9.3108
     0101      8   60  01  00  00  00  00  01  EA       9.3164
     0102      8   C0  00  00  00  00  00  00  7F       9.3167
     0100      8   E0  00  00  00  00  00  00  10       9.3186
     0100      8   00  00  00  00  00  00  00  00       9.3264
     0101      8   80  01  00  00  00  00  01  FA       9.3267
     0102      8   E0  00  00  00  00  00  00  10       9.3269
     0100      8   00  00  00  00  00  00  00  00       9.3315
     0101      8   A0  01  00  00  00  00  01  95       9.3364
     0102      8   00  00  00  00  00  00  00  00       9.3367
     0100      8   20  00  00  00  00  00  00  6F       9.3393
     0101      8   C0  01  00  00  00  00  01  24       9.3464
     0102      8   20  00  00  00  00  00  00  6F       9.3467
     0501      8   0D  00  00  00  00  00  00  E6       9.3469
     0100      8   40  00  00  00  00  00  00  DE       9.3472
     0100      8   60  00  00  00  00  00  00  B1       9.3550
     0101      8   E0  01  00  00  00  00  01  4B       9.3564
     0102      8   60  00  00  00  00  00  00  B1       9.3567
     0100      8   60  00  00  00  00  00  00  B1       9.3601
     0101      8   00  01  00  00  00  00  01  5B       9.3664
     0102      8   60  00  00  00  00  00  00  B1       9.3667
     0100      8   80  00  00  00  00  00  00  A1       9.3679
     0100      8   A0  00  00  00  00  00  00  CE       9.3757
     0101      8   20  01  00  00  00  00  01  34       9.3764
     0102      8   A0  00  00  00  00  00  00  CE       9.3767
     0100      8   A0  00  00  00  00  00  00  CE       9.3808
     0101      8   40  01  00  00  00  00  01  85       9.3864
     0102      8   A0  00  00  00  00  00  00  CE       9.3867
     0100      8   C0  00  00  00  00  00  00  7F       9.3886
     0101      8   60  01  00  00  00  00  01  EA       9.3964
     0100      8   E0  00  00  00  00  00  00  10       9.3967
     0102      8   C0  00  00  00  00  00  00  7F       9.3969
     0100      8   00  00  00  00  00  00  00  00       9.4043
     0101      8   80  01  00  00  00  00  01  FA       9.4064
     0102      8   00  00  00  00  00  00  00  00       9.4067
     0100      8   00  00  00  00  00  00  00  00       9.4094
     0101      8   A0  01  00  00  00  00  01  95       9.4164
     0102      8   00  00  00  00  00  00  00  00       9.4167
     0100      8   20  00  00  00  00  00  00  6F       9.4172
     0100      8   40  00  00  00  00  00  00  DE       9.4250
     0101      8   C0  01  00  00  00  00  01  24       9.4264
     0102      8   40  00  00  00  00  00  00  DE       9.4267
     0100      8   40  00  00  00  00  00  00  DE       9.4301
     0101      8   E0  01  00  00  00  00  01  4B       9.4364
     0102      8   40  00  00  00  00  00  00  DE       9.4367
     0100      8   60  00  00  00  00  00  00  B1       9.4379
     0100      8   80  00  00  00  00  00  00  A1       9.4457
     0101      8   00  01  00  00  00  00  01  5B       9.4464
     0102      8   80  00  00  00  00  00  00  A1       9.4467
     0501      8   0D  00  00  00  00  00  00  E6       9.4469
     0100      8   80  00  00  00  00  00  00  A1       9.4508
     0101      8   20  01  00  00  00  00  01  34       9.4564
     0102      8   80  00  00  00  00  00  00  A1       9.4567
     0100      8   A0  00  00  00  00  00  00  CE       9.4587
     0101      8   40  01  00  00  00  00  01  85       9.4664
     0100      8   C0  00  00  00  00  00  00  7F       9.4667
     0102      8   A0  00  00  00  00  00  00  CE       9.4669
     0100      8   E0  00  00  00  00  00  00  10       9.4743
     0101      8   60  01  00  00  00  00  01  EA       9.4764
     0102      8   E0  00  00  00  00  00  00  10       9.4767
     0100      8   E0  00  00  00  00  00  00  10       9.4794
     0101      8   80  01  00  00  00  00  01  FA       9.4864
     0102      8   E0  00  00  00  00  00  00  10       9.4867
     0100      8   00  00  00  00  00  00  00  00       9.4872
     0100      8   20  00  00  00  00  00  00  6F       9.4950
     0101      8   A0  01  00  00  00  00  01  95       9.4964
     0102      8   20  00  00  00  00  00  00  6F       9.4967
     0100      8   20  00  00  00  00  00  00  6F       9.5001
     0101      8   C0  01  00  00  00  00  01  24       9.5064
     0102      8   20  00  00  00  00  00  00  6F       9.5067
     0100      8   40  00  00  00  00  00  00  DE       9.5079
     0100      8   60  00  00  00  00  00  00  B1       9.5158
     0101      8   E0  01  00  00  00  00  01  4B       9.5164
     0102      8   60  00  00  00  00  00  00  B1       9.5167
     0100      8   60  00  00  00  00  00  00  B1       9.5209
     0101      8   00  01  00  00  00  00  01  5B       9.5264
     0102      8   60  00  00  00  00  00  00  B1       9.5266
     0100      8   80  00  00  00  00  00  00  A1       9.5287
     0101      8   20  01  00  00  00  00  01  34       9.5364
     0100      8   A0  00  00  00  00  00  00  CE       9.5367
     0102      8   80  00  00  00  00  00  00  A1       9.5369
     0100      8   C0  00  00  00  00  00  00  7F       9.5443
     0101      8   40  01  00  00  00  00  01  85       9.5464
     0102      8   C0  00  00  00  00  00  00  7F       9.5467
     0501      8   0D  00  00  00  00  00  00  E6       9.5469
     0100      8   C0  00  00  00  00  00  00  7F       9.5494
     0101      8   60  01  00  00  00  00  01  EA       9.5564
     0102      8   C0  00  00  00  00  00  00  7F       9.5566
     0100      8   E0  00  00  00  00  00  00  10       9.5572
     0100      8   00  00  00  00  00  00  00  00       9.5651
     0101      8   80  01  00  00  00  00  01  FA       9.5664
     0102      8   00  00  00  00  00  00  00  00       9.5667
     0100      8   00  00  00  00  00  00  00  00       9.5702
     0101      8   A0  01  00  00  00  00  01  95       9.5764
     0102      8   00  00  00  00  00  00  00  00       9.5766
     0100      8   20  00  00  00  00  00  00  6F       9.5780
     0100      8   40  00  00  00  00  00  00  DE       9.5858
     0101      8   C0  01  00  00  00  00  01  24       9.5864
     0102      8   40  00  00  00  00  00  00  DE       9.5866
     0100      8   40  00  00  00  00  00  00  DE       9.5909
     0101      8   E0  01  00  00  00  00  01  4B       9.5964
     0102      8   40  00  00  00  00  00  00  DE       9.5966
     0100      8   60  00  00  00  00  00  00  B1       9.5987
     0101      8   00  01  00  00  00  00  01  5B       9.6064
     0100      8   80  00  00  00  00  00  00  A1       9.6066
     0102      8   60  00  00  00  00  00  00  B1       9.6069
     0100      8   A0  00  00  00  00  00  00  CE       9.6143
     0101      8   20  01  00  00  00  00  01  34       9.6164
     0102      8   A0  00  00  00  00  00  00  CE       9.6166
     0100      8   A0  00  00  00  00  00  00  CE       9.6194
     0101      8   40  01  00  00  00  00  01  85       9.6264
     0102      8   A0  00  00  00  00  00  00  CE       9.6266
     0100      8   C0  00  00  00  00  00  00  7F       9.6273
     0100      8   E0  00  00  00  00  00  00  10       9.6351
     0101      8   60  01  00  00  00  00  01  EA       9.6364
     0102      8   E0  00  00  00  00  00  00  10       9.6366
     0100      8   E0  00  00  00  00  00  00  10       9.6402
     0101      8   80  01  00  00  00  00  01  FA       9.6464
     0102      8   E0  00  00  00  00  00  00  10       9.6466
     0501      8   0D  00  00  00  00  00  00  E6       9.6469
     0100      8   00  00  00  00  00  00  00  00       9.6480
     0100      8   20  00  00  00  00  00  00  6F       9.6558
     0101      8   A0  01  00  00  00  00  01  95       9.6564
     0102      8   20  00  00  00  00  00  00  6F       9.6566
     0100      8   20  00  00  00  00  00  00  6F       9.6609
     0101      8   C0  01  00  00  00  00  01  24       9.6664
     0102      8   20  00  00  00  00  00  00  6F       9.6666
     0100      8   40  00  00  00  00  00  00  DE       9.6687
     0101      8   E0  01  00  00  00  00  01  4B       9.6764
     0100      8   60  00  00  00  00  00  00  B1       9.6766
     0102      8   40  00  00  00  00  00  00  DE       9.6769
     0100      8   80  00  00  00  00  00  00  A1       9.6844
     0101      8   00  01  00  00  00  00  01  5B       9.6864
     0102      8   80  00  00  00  00  00  00  A1       9.6866
     0100      8   80  00  00  00  00  00  00  A1       9.6895
     0101      8   20  01  00  00  00  00  01  34       9.6964
     0102      8   80  00  00  00  00  00  00  A1       9.6966
     0100      8   A0  00  00  00  00  00  00  CE       9.6973
     0100      8   C0  00  00  00  00  00  00  7F       9.7051
     0101      8   40  01  00  00  00  00  01  85       9.7064
     0102      8   C0  00  00  00  00  00  00  7F       9.7066
     0100      8   C0  00  00  00  00  00  00  7F       9.7102
     0101      8   60  01  00  00  00  00  01  EA       9.7164
     0102      8   C0  00  00  00  00  00  00  7F       9.7166
     0100      8   E0  00  00  00  00  00  00  10       9.7180
     0100      8   00  00  00  00  00  00  00  00       9.7259
     0101      8   80  01  00  00  00  00  01  FA       9.7264
     0102      8   E0  00  00  00  00  00  00  10       9.7266
     0100      8   00  00  00  00  00  00  00  00       9.7310
     0101      8   A0  01  00  00  00  00  01  95       9.7364
     0102      8   00  00  00  00  00  00  00  00       9.7366
     0100      8   20  00  00  00  00  00  00  6F       9.7388
     0101      8   C0  01  00  00  00  00  01  24       9.7464
     0100      8   40  00  00  00  00  00  00  DE       9.7466
     0102      8   20  00  00  00  00  00  00  6F       9.7469
     0501      8   0D  00  00  00  00  00  00  E6       9.7471
     0100      8   60  00  00  00  00  00  00  B1       9.7544
     0101      8   E0  01  00  00  00  00  01  4B       9.7564
     0102      8   60  00  00  00  00  00  00  B1       9.7566
     0100      8   60  00  00  00  00  00  00  B1       9.7595
     0101      8   00  01  00  00  00  00  01  5B       9.7664
     0102      8   60  00  00  00  00  00  00  B1       9.7666
     0100      8   80  00  00  00  00  00  00  A1       9.7673
     0100      8   A0  00  00  00  00  00  00  CE       9.7751
     0101      8   20  01  00  00  00  00  01  34       9.7764
     0102      8   A0  00  00  00  00  00  00  CE       9.7766
     0100      8   A0  00  00  00  00  00  00  CE       9.7802
     0101      8   40  01  00  00  00  00  01  85       9.7864
     0102      8   A0  00  00  00  00  00  00  CE       9.7866
     0100      8   C0  00  00  00  00  00  00  7F       9.7881
     0100      8   E0  00  00  00  00  00  00  10       9.7959
     0101      8   60  01  00  00  00  00  01  EA       9.7964
     0102      8   C0  00  00  00  00  00  00  7F       9.7966
     0100      8   E0  00  00  00  00  00  00  10       9.8010
     0101      8   80  01  00  00  00  00  01  FA       9.8064
     0102      8   E0  00  00  00  00  00  00  10       9.8066
     0100      8   00  00  00  00  00  00  00  00       9.8088
     0101      8   A0  01  00  00  00  00  01  95       9.8164
     0102      8   00  00  00  00  00  00  00  00       9.8166
     0100      8   20  00  00  00  00  00  00  6F       9.8169
     0100      8   40  00  00  00  00  00  00  DE       9.8244
     0101      8   C0  01  00  00  00  00  01  24       9.8264
     0102      8   40  00  00  00  00  00  00  DE       9.8266
     0100      8   40  00  00  00  00  00  00  DE       9.8295
     0101      8   E0  01  00  00  00  00  01  4B       9.8364
     0102      8   40  00  00  00  00  00  00  DE       9.8366
     0100      8   60  00  00  00  00  00  00  B1       9.8374
     0100      8   80  00  00  00  00  00  00  A1       9.8452
     0101      8   00  01  00  00  00  00  01  5B       9.8464
     0102      8   80  00  00  00  00  00  00  A1       9.8466
     0501      8   0D  00  00  00  00  00  00  E6       9.8469
     0100      8   80  00  00  00  00  00  00  A1       9.8503
     0101      8   20  01  00  00  00  00  01  34       9.8564
     0102      8   80  00  00  00  00  00  00  A1       9.8566
     0100      8   A0  00  00  00  00  00  00  CE       9.8581
     0100      8   C0  00  00  00  00  00  00  7F       9.8659
     0101      8   40  01  00  00  00  00  01  85       9.8664
     0102      8   A0  00  00  00  00  00  00  CE       9.8666
     0100      8   C0  00  00  00  00  00  00  7F       9.8710
     0101      8   60  01  00  00  00  00  01  EA       9.8764
     0102      8   C0  00  00  00  00  00  00  7F       9.8766
     0100      8   E0  00  00  00  00  00  00  10       9.8788
     0101      8   80  01  00  00  00  00  01  FA       9.8864
     0102      8   E0  00  00  00  00  00  00  10       9.8866
     0100      8   00  00  00  00  00  00  00  00       9.8869
     0100      8   20  00  00  00  00  00  00  6F       9.8945
     0101      8   A0  01  00  00  00  00  01  95       9.8963
     0102      8   20  00  00  00  00  00  00  6F       9.8966
     0100      8   20  00  00  00  00  00  00  6F       9.8996
     0101      8   C0  01  00  00  00  00  01  24       9.9064
     0102      8   20  00  00  00  00  00  00  6F       9.9066
     0100      8   40  00  00  00  00  00  00  DE       9.9074
     0100      8   60  00  00  00  00  00  00  B1       9.9152
     0101      8   E0  01  00  00  00  00  01  4B       9.9164
     0102      8   60  00  00  00  00  00  00  B1       9.9166
     0100      8   60  00  00  00  00  00  00  B1       9.9203
     0101      8   00  01  00  00  00  00  01  5B       9.9263
     0102      8   60  00  00  00  00  00  00  B1       9.9266
     0100      8   80  00  00  00  00  00  00  A1       9.9281
     0100      8   A0  00  00  00  00  00  00  CE       9.9359
     0101      8   20  01  00  00  00  00  01  34       9.9363
     0102      8   80  00  00  00  00  00  00  A1       9.9366
     0100      8   A0  00  00  00  00  00  00  CE       9.9410
     0101      8   40  01  00  00  00  00  01  85       9.9463
     0102      8   A0  00  00  00  00  00  00  CE       9.9466
     0501      8   0D  00  00  00  00  00  00  E6       9.9468
     0100      8   C0  00  00  00  00  00  00  7F       9.9489
     0101      8   60  01  00  00  00  00  01  EA       9.9563
     0102      8   C0  00  00  00  00  00  00  7F       9.9566
     0100      8   E0  00  00  00  00  00  00  10       9.9568
     0100      8   00  00  00  00  00  00  00  00       9.9645
     0101      8   80  01  00  00  00  00  01  FA       9.9663
     0102      8   00  00  00  00  00  00  00  00       9.9666
     0100      8   00  00  00  00  00  00  00  00       9.9696
     0101      8   A0  01  00  00  00  00  01  95       9.9763
     0102      8   00  00  00  00  00  00  00  00       9.9766
     0100      8   20  00  00  00  00  00  00  6F       9.9774
     0100      8   40  00  00  00  00  00  00  DE       9.9852
     0101      8   C0  01  00  00  00  00  01  24       9.9863
     0102      8   40  00  00  00  00  00  00  DE       9.9866
     0100      8   40  00  00  00  00  00  00  DE       9.9903
     0101      8   E0  01  00  00  00  00  01  4B       9.9963
     0102      8   40  00  00  00  00  00  00  DE       9.9966
     0100      8   60  00  00  00  00  00  00  B1       9.9981
     0100      8   80  00  00  00  00  00  00  A1      10.0060
     0101      8   00  01  00  00  00  00  01  5B      10.0063
     0102      8   60  00  00  00  00  00  00  B1      10.0066
     0100      8   80  00  00  00  00  00  00  A1      10.0111
     0101      8   20  01  00  00  00  00  01  34      10.0163
     0102      8   80  00  00  00  00  00  00  A1      10.0166
     0100      8   A0  00  00  00  00  00  00  CE      10.0189
     0101      8   40  01  00  00  00  00  01  85      10.0263
     0102      8   A0  00  00  00  00  00  00  CE      10.0266
     0100      8   C0  00  00  00  00  00  00  7F      10.0268
     0100      8   E0  00  00  00  00  00  00  10      10.0345
     0101      8   60  01  00  00  00  00  01  EA      10.0363
     0102      8   E0  00  00  00  00  00  00  10      10.0366
     0100      8   E0  00  00  00  00  00  00  10      10.0396
     0101      8   80  01  00  00  00  00  01  FA      10.0463
     0102      8   E0  00  00  00  00  00  00  10      10.0466
     0501      8   0D  00  00  00  00  00  00  E6      10.0468
     0100      8   00  00  00  00  00  00  00  00      10.0474
     0100      8   20  00  00  00  00  00  00  6F      10.0553
     0101      8   A0  01  00  00  00  00  01  95      10.0563
     0102      8   20  00  00  00  00  00  00  6F      10.0566
     0100      8   20  00  00  00  00  00  00  6F      10.0604
     0101      8   C0  01  00  00  00  00  01  24      10.0663
     0102      8   20  00  00  00  00  00  00  6F      10.0666
     0100      8   40  00  00  00  00  00  00  DE      10.0682
     0100      8   60  00  00  00  00  00  00  B1      10.0760
     0101      8   E0  01  00  00  00  00  01  4B      10.0763
     0102      8   40  00  00  00  00  00  00  DE      10.0766
     0100      8   60  00  00  00  00  00  00  B1      10.0811
     0101      8   00  01  00  00  00  00  01  5B      10.0863
     0102      8   60  00  00  00  00  00  00  B1      10.0866
     0100      8   80  00  00  00  00  00  00  A1      10.0889
     0101      8   20  01  00  00  00  00  01  34      10.0963
     0102      8   80  00  00  00  00  00  00  A1      10.0966
     0100      8   A0  00  00  00  00  00  00  CE      10.0968
     0100      8   C0  00  00  00  00  00  00  7F      10.1046
     0101      8   40  01  00  00  00  00  01  85      10.1063
     0102      8   C0  00  00  00  00  00  00  7F      10.1066
     0100      8   C0  00  00  00  00  00  00  7F      10.1097
     0101      8   60  01  00  00  00  00  01  EA      10.1163
     0102      8   C0  00  00  00  00  00  00  7F      10.1166
     0100      8   E0  00  00  00  00  00  00  10      10.1175
     0100      8   00  00  00  00  00  00  00  00      10.1253
     0101      8   80  01  00  00  00  00  01  FA      10.1263
     0102      8   00  00  00  00  00  00  00  00      10.1266
     0100      8   00  00  00  00  00  00  00  00      10.1304
     0101      8   A0  01  00  00  00  00  01  95      10.1363
     0102      8   00  00  00  00  00  00  00  00      10.1366
     0100      8   20  00  00  00  00  00  00  6F      10.1382
     0100      8   40  00  00  00  00  00  00  DE      10.1460
     0101      8   C0  01  00  00  00  00  01  24      10.1463
     0102      8   20  00  00  00  00  00  00  6F      10.1466
     0501      8   0D  00  00  00  00  00  00  E6      10.1468
     0100      8   40  00  00  00  00  00  00  DE      10.1511
     0101      8   E0  01  00  00  00  00  01  4B      10.1563
     0102      8   40  00  00  00  00  00  00  DE      10.1566
     0100      8   60  00  00  00  00  00  00  B1      10.1589
     0101      8   00  01  00  00  00  00  01  5B      10.1663
     0102      8   60  00  00  00  00  00  00  B1      10.1666
     0100      8   80  00  00  00  00  00  00  A1      10.1668
     0100      8   A0  00  00  00  00  00  00  CE      10.1746
     0101      8   20  01  00  00  00  00  01  34      10.1763
     0102      8   A0  00  00  00  00  00  00  CE      10.1766
     0100      8   A0  00  00  00  00  00  00  CE      10.1797
     0101      8   40  01  00  00  00  00  01  85      10.1863
     0102      8   A0  00  00  00  00  00  00  CE      10.1866
     0100      8   C0  00  00  00  00  00  00  7F      10.1875
     0100      8   E0  00  00  00  00  00  00  10      10.1953
     0101      8   60  01  00  00  00  00  01  EA      10.1963
     0102      8   E0  00  00  00  00  00  00  10      10.1966
     0100      8   E0  00  00  00  00  00  00  10      10.2004
     0101      8   80  01  00  00  00  00  01  FA      10.2063
     0102      8   E0  00  00  00  00  00  00  10      10.2066
     0100      8   00  00  00  00  00  00  00  00      10.2082
     0100      8   20  00  00  00  00  00  00  6F      10.2161
     0101      8   A0  01  00  00  00  00  01  95      10.2163
     0102      8   00  00  00  00  00  00  00  00      10.2166
     0100      8   20  00  00  00  00  00  00  6F      10.2212
     0101      8   C0  01  00  00  00  00  01  24      10.2263
     0102      8   20  00  00  00  00  00  00  6F      10.2266
     0100      8   40  00  00  00  00  00  00  DE      10.2290
     0101      8   E0  01  00  00  00  00  01  4B      10.2363
     0102      8   40  00  00  00  00  00  00  DE      10.2365
     0100      8   60  00  00  00  00  00  00  B1      10.2368
     0100      8   80  00  00  00  00  00  00  A1      10.2446
     0101      8   00  01  00  00  00  00  01  5B      10.2463
     0102      8   80  00  00  00  00  00  00  A1      10.2466
     0501      8   0D  00  00  00  00  00  00  E6      10.2468
     0100      8   80  00  00  00  00  00  00  A1      10.2497
     0101      8   20  01  00  00  00  00  01  34      10.2563
     0102      8   80  00  00  00  00  00  00  A1      10.2566
     0100      8   A0  00  00  00  00  00  00  CE      10.2575
     0100      8   C0  00  00  00  00  00  00  7F      10.2653
     0101      8   40  01  00  00  00  00  01  85      10.2663
     0102      8   C0  00  00  00  00  00  00  7F      10.2666
     0100      8   C0  00  00  00  00  00  00  7F      10.2704
     0101      8   60  01  00  00  00  00  01  EA      10.2763
     0102      8   C0  00  00  00  00  00  00  7F      10.2766
     0100      8   E0  00  00  00  00  00  00  10      10.2783
     0100      8   00  00  00  00  00  00  00  00      10.2861
     0101      8   80  01  00  00  00  00  01  FA      10.2863
     0102      8   E0  00  00  00  00  00  00  10      10.2866
     0100      8   00  00  00  00  00  00  00  00      10.2912
     0101      8   A0  01  00  00  00  00  01  95      10.2963
     0102      8   00  00  00  00  00  00  00  00      10.2965
     0100      8   20  00  00  00  00  00  00  6F      10.2990
     0101      8   C0  01  00  00  00  00  01  24      10.3063
     0102      8   20  00  00  00  00  00  00  6F      10.3065
     0100      8   40  00  00  00  00  00  00  DE      10.3068
     0100      8   60  00  00  00  00  00  00  B1      10.3146
     0101      8   E0  01  00  00  00  00  01  4B      10.3163
     0102      8   60  00  00  00  00  00  00  B1      10.3165
     0100      8   60  00  00  00  00  00  00  B1      10.3197
     0101      8   00  01  00  00  00  00  01  5B      10.3263
     0102      8   60  00  00  00  00  00  00  B1      10.3265
     0100      8   80  00  00  00  00  00  00  A1      10.3276
     0100      8   A0  00  00  00  00  00  00  CE      10.3354
     0101      8   20  01  00  00  00  00  01  34      10.3363
     0102      8   A0  00  00  00  00  00  00  CE      10.3365
     0100      8   A0  00  00  00  00  00  00  CE      10.3405
     0101      8   40  01  00  00  00  00  01  85      10.3463
     0102      8   A0  00  00  00  00  00  00  CE      10.3465
     0501      8   0D  00  00  00  00  00  00  E6      10.3468
     0100      8   C0  00  00  00  00  00  00  7F      10.3483
     0100      8   E0  00  00  00  00  00  00  10      10.3561
     0101      8   60  01  00  00  00  00  01  EA      10.3564
     0102      8   C0  00  00  00  00  00  00  7F      10.3566
     0100      8   E0  00  00  00  00  00  00  10      10.3612
     0101      8   80  01  00  00  00  00  01  FA      10.3663
     0102      8   E0  00  00  00  00  00  00  10      10.3665
     0100      8   00  00  00  00  00  00  00  00      10.3690
     0101      8   A0  01  00  00  00  00  01  95      10.3763
     0102      8   00  00  00  00  00  00  00  00      10.3765
     0100      8   20  00  00  00  00  00  00  6F      10.3768
     0100      8   40  00  00  00  00  00  00  DE      10.3847
     0101      8   C0  01  00  00  00  00  01  24      10.3863
     0102      8   40  00  00  00  00  00  00  DE      10.3865
     0100      8   40  00  00  00  00  00  00  DE      10.3898
     0101      8   E0  01  00  00  00  00  01  4B      10.3963
     0102      8   40  00  00  00  00  00  00  DE      10.3965
     0100      8   60  00  00  00  00  00  00  B1      10.3976
     0100      8   80  00  00  00  00  00  00  A1      10.4054
     0101      8   00  01  00  00  00  00  01  5B      10.4063
     0102      8   80  00  00  00  00  00  00  A1      10.4065
     0100      8   80  00  00  00  00  00  00  A1      10.4105
     0101      8   20  01  00  00  00  00  01  34      10.4163
     0102      8   80  00  00  00  00  00  00  A1      10.4165
     0100      8   A0  00  00  00  00  00  00  CE      10.4183
     0100      8   C0  00  00  00  00  00  00  7F      10.4261
     0101      8   40  01  00  00  00  00  01  85      10.4264
     0102      8   A0  00  00  00  00  00  00  CE      10.4266
     0100      8   C0  00  00  00  00  00  00  7F      10.4312
     0101      8   60  01  00  00  00  00  01  EA      10.4363
     0102      8   C0  00  00  00  00  00  00  7F      10.4365
     0100      8   E0  00  00  00  00  00  00  10      10.4391
     0101      8   80  01  00  00  00  00  01  FA      10.4463
     0102      8   E0  00  00  00  00  00  00  10      10.4465
     0501      8   0D  00  00  00  00  00  00  E6      10.4468
     0100      8   00  00  00  00  00  00  00  00      10.4470
     0100      8   20  00  00  00  00  00  00  6F      10.4547
     0101      8   A0  01  00  00  00  00  01  95      10.4563
     0102      8   20  00  00  00  00  00  00  6F      10.4565
     0100      8   20  00  00  00  00  00  00  6F      10.4598
     0101      8   C0  01  00  00  00  00  01  24      10.4663
     0102      8   20  00  00  00  00  00  00  6F      10.4665
     0100      8   40  00  00  00  00  00  00  DE      10.4676
     0100      8   60  00  00  00  00  00  00  B1      10.4754
     0101      8   E0  01  00  00  00  00  01  4B      10.4763
     0102      8   60  00  00  00  00  00  00  B1      10.4765
     0100      8   60  00  00  00  00  00  00  B1      10.4805
     0101      8   00  01  00  00  00  00  01  5B      10.4863
     0102      8   60  00  00  00  00  00  00  B1      10.4865
     0100      8   80  00  00  00  00  00  00  A1      10.4883
     0100      8   A0  00  00  00  00  00  00  CE      10.4962
     0101      8   20  01  00  00  00  00  01  34      10.4964
     0102      8   80  00  00  00  00  00  00  A1      10.4967
     0100      8   A0  00  00  00  00  00  00  CE      10.5013
     0101      8   40  01  00  00  00  00  01  85      10.5063
     0102      8   A0  00  00  00  00  00  00  CE      10.5065
     0100      8   C0  00  00  00  00  00  00  7F      10.5091
     0101      8   60  01  00  00  00  00  01  EA      10.5163
     0102      8   C0  00  00  00  00  00  00  7F      10.5165
     0100      8   E0  00  00  00  00  00  00  10      10.5169
     0100      8   00  00  00  00  00  00  00  00      10.5247
     0101      8   80  01  00  00  00  00  01  FA      10.5263
     0102      8   00  00  00  00  00  00  00  00      10.5265
     0100      8   00  00  00  00  00  00  00  00      10.5298
     0101      8   A0  01  00  00  00  00  01  95      10.5363
     0102      8   00  00  00  00  00  00  00  00      10.5365
     0100      8   20  00  00  00  00  00  00  6F      10.5376
     0100      8   40  00  00  00  00  00  00  DE      10.5455
     0101      8   C0  01  00  00  00  00  01  24      10.5463
     0102      8   40  00  00  00  00  00  00  DE      10.5465
     0501      8   0D  00  00  00  00  00  00  E6      10.5468
     0100      8   40  00  00  00  00  00  00  DE      10.5506
     0101      8   E0  01  00  00  00  00  01  4B      10.5563
     0102      8   40  00  00  00  00  00  00  DE      10.5565
     0100      8   60  00  00  00  00  00  00  B1      10.5584
     0100      8   80  00  00  00  00  00  00  A1      10.5662
     0101      8   00  01  00  00  00  00  01  5B      10.5664
     0102      8   60  00  00  00  00  00  00  B1      10.5667
     0100      8   80  00  00  00  00  00  00  A1      10.5713
     0101      8   20  01  00  00  00  00  01  34      10.5763
     0102      8   80  00  00  00  00  00  00  A1      10.5765
     0100      8   A0  00  00  00  00  00  00  CE      10.5791
     0101      8   40  01  00  00  00  00  01  85      10.5863
     0102      8   A0  00  00  00  00  00  00  CE      10.5865
     0100      8   C0  00  00  00  00  00  00  7F      10.5869
     0100      8   E0  00  00  00  00  00  00  10      10.5947
     0101      8   60  01  00  00  00  00  01  EA      10.5963
     0102      8   E0  00  00  00  00  00  00  10      10.5965
     0100      8   E0  00  00  00  00  00  00  10      10.5998
     0101      8   80  01  00  00  00  00  01  FA      10.6063
     0102      8   E0  00  00  00  00  00  00  10      10.6065
     0100      8   00  00  00  00  00  00  00  00      10.6077
     0100      8   20  00  00  00  00  00  00  6F      10.6155
     0101      8   A0  01  00  00  00  00  01  95      10.6163
     0102      8   20  00  00  00  00  00  00  6F      10.6165
     0100      8   20  00  00  00  00  00  00  6F      10.6206
     0101      8   C0  01  00  00  00  00  01  24      10.6262
     0102      8   20  00  00  00  00  00  00  6F      10.6265
     0100      8   40  00  00  00  00  00  00  DE      10.6284
     0100      8   60  00  00  00  00  00  00  B1      10.6362
     0101      8   E0  01  00  00  00  00  01  4B      10.6365
     0102      8   40  00  00  00  00  00  00  DE      10.6367
     0100      8   60  00  00  00  00  00  00  B1      10.6413
     0101      8   00  01  00  00  00  00  01  5B      10.6463
     0102      8   60  00  00  00  00  00  00  B1      10.6465
     0501      8   0D  00  00  00  00  00  00  E6      10.6467
     0100      8   80  00  00  00  00  00  00  A1      10.6491
     0101      8   20  01  00  00  00  00  01  34      10.6562
     0102      8   80  00  00  00  00  00  00  A1      10.6565
     0100      8   A0  00  00  00  00  00  00  CE      10.6570
     0100      8   C0  00  00  00  00  00  00  7F      10.6648
     0101      8   40  01  00  00  00  00  01  85      10.6662
     0102      8   C0  00  00  00  00  00  00  7F      10.6665
     0100      8   C0  00  00  00  00  00  00  7F      10.6699
     0101      8   60  01  00  00  00  00  01  EA      10.6762
     0102      8   C0  00  00  00  00  00  00  7F      10.6765
     0100      8   E0  00  00  00  00  00  00  10      10.6777
     0100      8   00  00  00  00  00  00  00  00      10.6855
     0101      8   80  01  00  00  00  00  01  FA      10.6862
     0102      8   00  00  00  00  00  00  00  00      10.6865
     0100      8   00  00  00  00  00  00  00  00      10.6906
     0101      8   A0  01  00  00  00  00  01  95      10.6962
     0102      8   00  00  00  00  00  00  00  00      10.6965
     0100      8   20  00  00  00  00  00  00  6F      10.6984
     0100      8   40  00  00  00  00  00  00  DE      10.7062
     0101      8   C0  01  00  00  00  00  01  24      10.7065
     0102      8   20  00  00  00  00  00  00  6F      10.7067
     0100      8   40  00  00  00  00  00  00  DE      10.7113
     0101      8   E0  01  00  00  00  00  01  4B      10.7162
     0102      8   40  00  00  00  00  00  00  DE      10.7165
     0100      8   60  00  00  00  00  00  00  B1      10.7192
     0101      8   00  01  00  00  00  00  01  5B      10.7262
     0102      8   60  00  00  00  00  00  00  B1      10.7265
     0100      8   80  00  00  00  00  00  00  A1      10.7270
     0100      8   A0  00  00  00  00  00  00  CE      10.7348
     0101      8   20  01  00  00  00  00  01  34      10.7362
     0102      8   A0  00  00  00  00  00  00  CE      10.7365
     0100      8   A0  00  00  00  00  00  00  CE      10.7399
     0101      8   40  01  00  00  00  00  01  85      10.7462
     0102      8   A0  00  00  00  00  00  00  CE      10.7465
     0501      8   0D  00  00  00  00  00  00  E6      10.7467
     0100      8   C0  00  00  00  00  00  00  7F      10.7477
     0100      8   E0  00  00  00  00  00  00  10      10.7555
     0101      8   60  01  00  00  00  00  01  EA      10.7562
     0102      8   E0  00  00  00  00  00  00  10      10.7565
     0100      8   E0  00  00  00  00  00  00  10      10.7606
     0101      8   80  01  00  00  00  00  01  FA      10.7662
     0102      8   E0  00  00  00  00  00  00  10      10.7665
     0100      8   00  00  00  00  00  00  00  00      10.7685
     0101      8   A0  01  00  00  00  00  01  95      10.7762
     0100      8   20  00  00  00  00  00  00  6F      10.7765
     0102      8   00  00  00  00  00  00  00  00      10.7767
     0100      8   40  00  00  00  00  00  00  DE      10.7841
     0101      8   C0  01  00  00  00  00  01  24      10.7862
     0102      8   40  00  00  00  00  00  00  DE      10.7865
     0100      8   40  00  00  00  00  00  00  DE      10.7892
     0101      8   E0  01  00  00  00  00  01  4B      10.7962
     0102      8   40  00  00  00  00  00  00  DE      10.7965
     0100      8   60  00  00  00  00  00  00  B1      10.7970
     0100      8   80  00  00  00  00  00  00  A1      10.8048
     0101      8   00  01  00  00  00  00  01  5B      10.8062
     0102      8   80  00  00  00  00  00  00  A1      10.8065
     0100      8   80  00  00  00  00  00  00  A1      10.8099
     0101      8   20  01  00  00  00  00  01  34      10.8162
     0102      8   80  00  00  00  00  00  00  A1      10.8165
     0100      8   A0  00  00  00  00  00  00  CE      10.8178
     0100      8   C0  00  00  00  00  00  00  7F      10.8256
     0101      8   40  01  00  00  00  00  01  85      10.8262
     0102      8   C0  00  00  00  00  00  00  7F      10.8265
     0100      8   C0  00  00  00  00  00  00  7F      10.8307
     0101      8   60  01  00  00  00  00  01  EA      10.8362
     0102      8   C0  00  00  00  00  00  00  7F      10.8365
     0100      8   E0  00  00  00  00  00  00  10      10.8385
     0101      8   80  01  00  00  00  00  01  FA      10.8462
     0100      8   00  00  00  00  00  00  00  00      10.8465
     0102      8   E0  00  00  00  00  00  00  10      10.8467
     0501      8   0D  00  00  00  00  00  00  E6      10.8470
     0100      8   20  00  00  00  00  00  00  6F      10.8541
     0101      8   A0  01  00  00  00  00  01  95      10.8562
     0102      8   20  00  00  00  00  00  00  6F      10.8565
     0100      8   20  00  00  00  00  00  00  6F      10.8592
     0101      8   C0  01  00  00  00  00  01  24      10.8662
     0102      8   20  00  00  00  00  00  00  6F      10.8665
     0100      8   40  00  00  00  00  00  00  DE      10.8670
     0100      8   60  00  00  00  00  00  00  B1      10.8749
     0101      8   E0  01  00  00  00  00  01  4B      10.8762
     0102      8   60  00  00  00  00  00  00  B1      10.8765
     0100      8   60  00  00  00  00  00  00  B1      10.8800
     0101      8   00  01  00  00  00  00  01  5B      10.8862
     0102      8   60  00  00  00  00  00  00  B1      10.8865
     0100      8   80  00  00  00  00  00  00  A1      10.8878
     0100      8   A0  00  00  00  00  00  00  CE      10.8956
     0101      8   20  01  00  00  00  00  01  34      10.8962
     0102      8   A0  00  00  00  00  00  00  CE      10.8965
     0100      8   A0  00  00  00  00  00  00  CE      10.9007
     0101      8   40  01  00  00  00  00  01  85      10.9062
     0102      8   A0  00  00  00  00  00  00  CE      10.9065
     0100      8   C0  00  00  00  00  00  00  7F      10.9085
     0101      8   60  01  00  00  00  00  01  EA      10.9162
     0100      8   E0  00  00  00  00  00  00  10      10.9165
     0102      8   C0  00  00  00  00  00  00  7F      10.9167
     0100      8   00  00  00  00  00  00  00  00      10.9242
     0101      8   80  01  00  00  00  00  01  FA      10.9262
     0102      8   00  00  00  00  00  00  00  00      10.9265
     0100      8   00  00  00  00  00  00  00  00      10.9293
     0101      8   A0  01  00  00  00  00  01  95      10.9362
     0102      8   00  00  00  00  00  00  00  00      10.9365
     0100      8   20  00  00  00  00  00  00  6F      10.9371
     0100      8   40  00  00  00  00  00  00  DE      10.9449
     0101      8   C0  01  00  00  00  00  01  24      10.9462
     0102      8   40  00  00  00  00  00  00  DE      10.9465
     0501      8   0D  00  00  00  00  00  00  E6      10.9467
     0100      8   40  00  00  00  00  00  00  DE      10.9500
     0101      8   E0  01  00  00  00  00  01  4B      10.9562
     0102      8   40  00  00  00  00  00  00  DE      10.9564
     0100      8   60  00  00  00  00  00  00  B1      10.9578
     0100      8   80  00  00  00  00  00  00  A1      10.9656
     0101      8   00  01  00  00  00  00  01  5B      10.9662
     0102      8   80  00  00  00  00  00  00  A1      10.9665
     0100      8   80  00  00  00  00  00  00  A1      10.9707
     0101      8   20  01  00  00  00  00  01  34      10.9762
     0102      8   80  00  00  00  00  00  00  A1      10.9764
     0100      8   A0  00  00  00  00  00  00  CE      10.9785
     0101      8   40  01  00  00  00  00  01  85      10.9862
     0100      8   C0  00  00  00  00  00  00  7F      10.9865
     0102      8   A0  00  00  00  00  00  00  CE      10.9867
     0100      8   E0  00  00  00  00  00  00  10      10.9942
     0101      8   60  01  00  00  00  00  01  EA      10.9962
     0102      8   E0  00  00  00  00  00  00  10      10.9964
     0100      8   E0  00  00  00  00  00  00  10      10.9993
     0101      8   80  01  00  00  00  00  01  FA      11.0062
     0102      8   E0  00  00  00  00  00  00  10      11.0065
     0100      8   00  00  00  00  00  00  00  00      11.0071
     0100      8   20  00  00  00  00  00  00  6F      11.0149
     0101      8   A0  01  00  00  00  00  01  95      11.0162
     0102      8   20  00  00  00  00  00  00  6F      11.0164
     0100      8   20  00  00  00  00  00  00  6F      11.0200
     0101      8   C0  01  00  00  00  00  01  24      11.0262
     0102      8   20  00  00  00  00  00  00  6F      11.0264
     0100      8   40  00  00  00  00  00  00  DE      11.0278
     0100      8   60  00  00  00  00  00  00  B1      11.0357
     0101      8   E0  01  00  00  00  00  01  4B      11.0362
     0102      8   60  00  00  00  00  00  00  B1      11.0364
     0100      8   60  00  00  00  00  00  00  B1      11.0408
     0101      8   00  01  00  00  00  00  01  5B      11.0462
     0102      8   60  00  00  00  00  00  00  B1      11.0464
     0501      8   0D  00  00  00  00  00  00  E6      11.0467
     0100      8   80  00  00  00  00  00  00  A1      11.0486
     0101      8   20  01  00  00  00  00  01  34      11.0562
     0100      8   A0  00  00  00  00  00  00  CE      11.0564
     0102      8   80  00  00  00  00  00  00  A1      11.0567
     0100      8   C0  00  00  00  00  00  00  7F      11.0642
     0101      8   40  01  00  00  00  00  01  85      11.0662
     0102      8   C0  00  00  00  00  00  00  7F      11.0664
     0100      8   C0  00  00  00  00  00  00  7F      11.0693
     0101      8   60  01  00  00  00  00  01  EA      11.0762
     0102      8   C0  00  00  00  00  00  00  7F      11.0764
     0100      8   E0  00  00  00  00  00  00  10      11.0771
     0100      8   00  00  00  00  00  00  00  00      11.0850
     0101      8   80  01  00  00  00  00  01  FA      11.0862
     0102      8   00  00  00  00  00  00  00  00      11.0864
     0100      8   00  00  00  00  00  00  00  00      11.0901
     0101      8   A0  01  00  00  00  00  01  95      11.0962
     0102      8   00  00  00  00  00  00  00  00      11.0964
     0100      8   20  00  00  00  00  00  00  6F      11.0979
     0100      8   40  00  00  00  00  00  00  DE      11.1057
     0101      8   C0  01  00  00  00  00  01  24      11.1062
     0102      8   20  00  00  00  00  00  00  6F      11.1064
     0100      8   40  00  00  00  00  00  00  DE      11.1108
     0101      8   E0  01  00  00  00  00  01  4B      11.1162
     0102      8   40  00  00  00  00  00  00  DE      11.1164
     0100      8   60  00  00  00  00  00  00  B1      11.1186
     0101      8   00  01  00  00  00  00  01  5B      11.1262
     0100      8   80  00  00  00  00  00  00  A1      11.1264
     0102      8   60  00  00  00  00  00  00  B1      11.1267
     0100      8   A0  00  00  00  00  00  00  CE      11.1342
     0101      8   20  01  00  00  00  00  01  34      11.1362
     0102      8   A0  00  00  00  00  00  00  CE      11.1364
     0100      8   A0  00  00  00  00  00  00  CE      11.1393
     0101      8   40  01  00  00  00  00  01  85      11.1462
     0102      8   A0  00  00  00  00  00  00  CE      11.1464
     0501      8   0D  00  00  00  00  00  00  E6      11.1467
     0100      8   C0  00  00  00  00  00  00  7F      11.1472
     0100      8   E0  00  00  00  00  00  00  10      11.1550
     0101      8   60  01  00  00  00  00  01  EA      11.1562
     0102      8   E0  00  00  00  00  00  00  10      11.1564
     0100      8   E0  00  00  00  00  00  00  10      11.1601
     0101      8   80  01  00  00  00  00  01  FA      11.1662
     0102      8   E0  00  00  00  00  00  00  10      11.1664
     0100      8   00  00  00  00  00  00  00  00      11.1679
     0100      8   20  00  00  00  00  00  00  6F      11.1757
     0101      8   A0  01  00  00  00  00  01  95      11.1762
     0102      8   00  00  00  00  00  00  00  00      11.1764
     0100      8   20  00  00  00  00  00  00  6F      11.1808
     0101      8   C0  01  00  00  00  00  01  24      11.1862
     0102      8   20  00  00  00  00  00  00  6F      11.1864
     0100      8   40  00  00  00  00  00  00  DE      11.1886
     0101      8   E0  01  00  00  00  00  01  4B      11.1962
     0102      8   40  00  00  00  00  00  00  DE      11.1964
     0100      8   60  00  00  00  00  00  00  B1      11.1967
     0100      8   80  00  00  00  00  00  00  A1      11.2043
     0101      8   00  01  00  00  00  00  01  5B      11.2062
     0102      8   80  00  00  00  00  00  00  A1      11.2064
     0100      8   80  00  00  00  00  00  00  A1      11.2094
     0101      8   20  01  00  00  00  00  01  34      11.2162
     0102      8   80  00  00  00  00  00  00  A1      11.2164
     0100      8   A0  00  00  00  00  00  00  CE      11.2172
     0100      8   C0  00  00  00  00  00  00  7F      11.2250
     0101      8   40  01  00  00  00  00  01  85      11.2262
     0102      8   C0  00  00  00  00  00  00  7F      11.2264
     0100      8   C0  00  00  00  00  00  00  7F      11.2301
     0101      8   60  01  00  00  00  00  01  EA      11.2362
     0102      8   C0  00  00  00  00  00  00  7F      11.2364
     0100      8   E0  00  00  00  00  00  00  10      11.2379
     0100      8   00  00  00  00  00  00  00  00      11.2457
     0101      8   80  01  00  00  00  00  01  FA      11.2462
     0102      8   E0  00  00  00  00  00  00  10      11.2464
     0501      8   0D  00  00  00  00  00  00  E6      11.2467
     0100      8   00  00  00  00  00  00  00  00      11.2508
     0101      8   A0  01  00  00  00  00  01  95      11.2562
     0102      8   00  00  00  00  00  00  00  00      11.2564
     0100      8   20  00  00  00  00  00  00  6F      11.2587
     0101      8   C0  01  00  00  00  00  01  24      11.2662
     0102      8   20  00  00  00  00  00  00  6F      11.2664
     0100      8   40  00  00  00  00  00  00  DE      11.2667
     0100      8   60  00  00  00  00  00  00  B1      11.2743
     0101      8   E0  01  00  00  00  00  01  4B      11.2762
     0102      8   60  00  00  00  00  00  00  B1      11.2764
     0100      8   60  00  00  00  00  00  00  B1      11.2794
     0101      8   00  01  00  00  00  00  01  5B      11.2862
     0102      8   60  00  00  00  00  00  00  B1      11.2864
     0100      8   80  00  00  00  00  00  00  A1      11.2872
     0100      8   A0  00  00  00  00  00  00  CE      11.2950
     0101      8   20  01  00  00  00  00  01  34      11.2962
     0102      8   A0  00  00  00  00  00  00  CE      11.2964
     0100      8   A0  00  00  00  00  00  00  CE      11.3001
     0101      8   40  01  00  00  00  00  01  85      11.3062
     0102      8   A0  00  00  00  00  00  00  CE      11.3064
     0100      8   C0  00  00  00  00  00  00  7F      11.3080
     0100      8   E0  00  00  00  00  00  00  10      11.3158
     0101      8   60  01  00  00  00  00  01  EA      11.3162
     0102      8   C0  00  00  00  00  00  00  7F      11.3164
     0100      8   E0  00  00  00  00  00  00  10      11.3209
     0101      8   80  01  00  00  00  00  01  FA      11.3262
     0102      8   E0  00  00  00  00  00  00  10      11.3264
     0100      8   00  00  00  00  00  00  00  00      11.3287
     0101      8   A0  01  00  00  00  00  01  95      11.3361
     0102      8   00  00  00  00  00  00  00  00      11.3364
     0100      8   20  00  00  00  00  00  00  6F      11.3366
     0100      8   40  00  00  00  00  00  00  DE      11.3443
     0101      8   C0  01  00  00  00  00  01  24      11.3462
     0102      8   40  00  00  00  00  00  00  DE      11.3464
     0501      8   0D  00  00  00  00  00  00  E6      11.3466
     0100      8   40  00  00  00  00  00  00  DE      11.3494
     0101      8   E0  01  00  00  00  00  01  4B      11.3561
     0102      8   40  00  00  00  00  00  00  DE      11.3564
     0100      8   60  00  00  00  00  00  00  B1      11.3572
     0100      8   80  00  00  00  00  00  00  A1      11.3651
     0101      8   00  01  00  00  00  00  01  5B      11.3661
     0102      8   80  00  00  00  00  00  00  A1      11.3664
     0100      8   80  00  00  00  00  00  00  A1      11.3702
     0101      8   20  01  00  00  00  00  01  34      11.3761
     0102      8   80  00  00  00  00  00  00  A1      11.3764
     0100      8   A0  00  00  00  00  00  00  CE      11.3780
     0100      8   C0  00  00  00  00  00  00  7F      11.3858
     0101      8   40  01  00  00  00  00  01  85      11.3861
     0102      8   A0  00  00  00  00  00  00  CE      11.3864
     0100      8   C0  00  00  00  00  00  00  7F      11.3909
     0101      8   60  01  00  00  00  00  01  EA      11.3961
     0102      8   C0  00  00  00  00  00  00  7F      11.3964
     0100      8   E0  00  00  00  00  00  00  10      11.3987
     0101      8   80  01  00  00  00  00  01  FA      11.4061
     0102      8   E0  00  00  00  00  00  00  10      11.4064
     0100      8   00  00  00  00  00  00  00  00      11.4066
     0100      8   20  00  00  00  00  00  00  6F      11.4144
     0101      8   A0  01  00  00  00  00  01  95      11.4161
     0102      8   20  00  00  00  00  00  00  6F      11.4164
     0100      8   20  00  00  00  00  00  00  6F      11.4194
     0101      8   C0  01  00  00  00  00  01  24      11.4261
     0102      8   20  00  00  00  00  00  00  6F      11.4264
     0100      8   40  00  00  00  00  00  00  DE      11.4273
     0100      8   60  00  00  00  00  00  00  B1      11.4351
     0101      8   E0  01  00  00  00  00  01  4B      11.4361
     0102      8   60  00  00  00  00  00  00  B1      11.4364
     0100      8   60  00  00  00  00  00  00  B1      11.4402
     0101      8   00  01  00  00  00  00  01  5B      11.4461
     0102      8   60  00  00  00  00  00  00  B1      11.4464
     0501      8   0D  00  00  00  00  00  00  E6      11.4466
     0100      8   80  00  00  00  00  00  00  A1      11.4480
     0100      8   A0  00  00  00  00  00  00  CE      11.4558
     0101      8   20  01  00  00  00  00  01  34      11.4561
     0102      8   80  00  00  00  00  00  00  A1      11.4564
     0100      8   A0  00  00  00  00  00  00  CE      11.4609
     0101      8   40  01  00  00  00  00  01  85      11.4661
     0102      8   A0  00  00  00  00  00  00  CE      11.4664
     0100      8   C0  00  00  00  00  00  00  7F      11.4687
     0101      8   60  01  00  00  00  00  01  EA      11.4761
     0102      8   C0  00  00  00  00  00  00  7F      11.4764
     0100      8   E0  00  00  00  00  00  00  10      11.4766
     0100      8   00  00  00  00  00  00  00  00      11.4844
     0101      8   80  01  00  00  00  00  01  FA      11.4861
     0102      8   00  00  00  00  00  00  00  00      11.4864
     0100      8   00  00  00  00  00  00  00  00      11.4895
     0101      8   A0  01  00  00  00  00  01  95      11.4961
     0102      8   00  00  00  00  00  00  00  00      11.4964
     0100      8   20  00  00  00  00  00  00  6F      11.4973
     0100      8   40  00  00  00  00  00  00  DE      11.5051
     0101      8   C0  01  00  00  00  00  01  24      11.5061
     0102      8   40  00  00  00  00  00  00  DE      11.5064
     0100      8   40  00  00  00  00  00  00  DE      11.5102
     0101      8   E0  01  00  00  00  00  01  4B      11.5161
     0102      8   40  00  00  00  00  00  00  DE      11.5164
     0100      8   60  00  00  00  00  00  00  B1      11.5180
     0100      8   80  00  00  00  00  00  00  A1      11.5258
     0101      8   00  01  00  00  00  00  01  5B      11.5261
     0102      8   60  00  00  00  00  00  00  B1      11.5264
     0100      8   80  00  00  00  00  00  00  A1      11.5309
     0101      8   20  01  00  00  00  00  01  34      11.5361
     0102      8   80  00  00  00  00  00  00  A1      11.5364
     0100      8   A0  00  00  00  00  00  00  CE      11.5388
     0101      8   40  01  00  00  00  00  01  85      11.5461
     0102      8   A0  00  00  00  00  00  00  CE      11.5464
     0100      8   C0  00  00  00  00  00  00  7F      11.5466
     0501      8   0D  00  00  00  00  00  00  E6      11.5469
     0100      8   E0  00  00  00  00  00  00  10      11.5544
     0101      8   60  01  00  00  00  00  01  EA      11.5561
     0102      8   E0  00  00  00  00  00  00  10      11.5564
     0100      8   E0  00  00  00  00  00  00  10      11.5595
     0101      8   80  01  00  00  00  00  01  FA      11.5661
     0102      8   E0  00  00  00  00  00  00  10      11.5664
     0100      8   00  00  00  00  00  00  00  00      11.5673
     0100      8   20  00  00  00  00  00  00  6F      11.5751
     0101      8   A0  01  00  00  00  00  01  95      11.5761
     0102      8   20  00  00  00  00  00  00  6F      11.5764
     0100      8   20  00  00  00  00  00  00  6F      11.5802
     0101      8   C0  01  00  00  00  00  01  24      11.5861
     0102      8   20  00  00  00  00  00  00  6F      11.5864
     0100      8   40  00  00  00  00  00  00  DE      11.5881
     0100      8   60  00  00  00  00  00  00  B1      11.5959
     0101      8   E0  01  00  00  00  00  01  4B      11.5961
     0102      8   40  00  00  00  00  00  00  DE      11.5964
     0100      8   60  00  00  00  00  00  00  B1      11.6010
     0101      8   00  01  00  00  00  00  01  5B      11.6061
     0102      8   60  00  00  00  00  00  00  B1      11.6064
     0100      8   80  00  00  00  00  00  00  A1      11.6088
     0101      8   20  01  00  00  00  00  01  34      11.6161
     0102      8   80  00  00  00  00  00  00  A1      11.6164
     0100      8   A0  00  00  00  00  00  00  CE      11.6166
     0100      8   C0  00  00  00  00  00  00  7F      11.6244
     0101      8   40  01  00  00  00  00  01  85      11.6261
     0102      8   C0  00  00  00  00  00  00  7F      11.6264
     0100      8   C0  00  00  00  00  00  00  7F      11.6295
     0101      8   60  01  00  00  00  00  01  EA      11.6361
     0102      8   C0  00  00  00  00  00  00  7F      11.6364
     0100      8   E0  00  00  00  00  00  00  10      11.6374
     0100      8   00  00  00  00  00  00  00  00      11.6452
     0101      8   80  01  00  00  00  00  01  FA      11.6461
     0102      8   00  00  00  00  00  00  00  00      11.6464
     0501      8   0D  00  00  00  00  00  00  E6      11.6466
     0100      8   00  00  00  00  00  00  00  00      11.6503
     0101      8   A0  01  00  00  00  00  01  95      11.6561
     0102      8   00  00  00  00  00  00  00  00      11.6564
     0100      8   20  00  00  00  00  00  00  6F      11.6581
     0100      8   40  00  00  00  00  00  00  DE      11.6659
     0101      8   C0  01  00  00  00  00  01  24      11.6661
     0102      8   20  00  00  00  00  00  00  6F      11.6664
     0100      8   40  00  00  00  00  00  00  DE      11.6710
     0101      8   E0  01  00  00  00  00  01  4B      11.6761
     0102      8   40  00  00  00  00  00  00  DE      11.6763
     0100      8   60  00  00  00  00  00  00  B1      11.6788
     0101      8   00  01  00  00  00  00  01  5B      11.6861
     0102      8   60  00  00  00  00  00  00  B1      11.6864
     0100      8   80  00  00  00  00  00  00  A1      11.6866
     0100      8   A0  00  00  00  00  00  00  CE      11.6945
     0101      8   20  01  00  00  00  00  01  34      11.6961
     0102      8   A0  00  00  00  00  00  00  CE      11.6963
     0100      8   A0  00  00  00  00  00  00  CE      11.6996
     0101      8   40  01  00  00  00  00  01  85      11.7061
     0102      8   A0  00  00  00  00  00  00  CE      11.7063
     0100      8   C0  00  00  00  00  00  00  7F      11.7074
     0100      8   E0  00  00  00  00  00  00  10      11.7152
     0101      8   60  01  00  00  00  00  01  EA      11.7161
     0102      8   E0  00  00  00  00  00  00  10      11.7164
     0100      8   E0  00  00  00  00  00  00  10      11.7203
     0101      8   80  01  00  00  00  00  01  FA      11.7261
     0102      8   E0  00  00  00  00  00  00  10      11.7264
     0100      8   00  00  00  00  00  00  00  00      11.7281
     0100      8   20  00  00  00  00  00  00  6F      11.7359
     0101      8   A0  01  00  00  00  00  01  95      11.7362
     0102      8   00  00  00  00  00  00  00  00      11.7364
     0100      8   20  00  00  00  00  00  00  6F      11.7410
     0101      8   C0  01  00  00  00  00  01  24      11.7461
     0102      8   20  00  00  00  00  00  00  6F      11.7463
     0501      8   0D  00  00  00  00  00  00  E6      11.7466
     0100      8   40  00  00  00  00  00  00  DE      11.7489
     0101      8   E0  01  00  00  00  00  01  4B      11.7561
     0102      8   40  00  00  00  00  00  00  DE      11.7563
     0100      8   60  00  00  00  00  00  00  B1      11.7567
     0100      8   80  00  00  00  00  00  00  A1      11.7645
     0101      8   00  01  00  00  00  00  01  5B      11.7661
     0102      8   80  00  00  00  00  00  00  A1      11.7663
     0100      8   80  00  00  00  00  00  00  A1      11.7696
     0101      8   20  01  00  00  00  00  01  34      11.7761
     0102      8   80  00  00  00  00  00  00  A1      11.7763
     0100      8   A0  00  00  00  00  00  00  CE      11.7774
     0100      8   C0  00  00  00  00  00  00  7F      11.7852
     0101      8   40  01  00  00  00  00  01  85      11.7861
     0102      8   C0  00  00  00  00  00  00  7F      11.7863
     0100      8   C0  00  00  00  00  00  00  7F      11.7903
     0101      8   60  01  00  00  00  00  01  EA      11.7961
     0102      8   C0  00  00  00  00  00  00  7F      11.7963
     0100      8   E0  00  00  00  00  00  00  10      11.7981
     0100      8   00  00  00  00  00  00  00  00      11.8060
     0101      8   80  01  00  00  00  00  01  FA      11.8062
     0102      8   E0  00  00  00  00  00  00  10      11.8065
     0100      8   00  00  00  00  00  00  00  00      11.8111
     0101      8   A0  01  00  00  00  00  01  95      11.8161
     0102      8   00  00  00  00  00  00  00  00      11.8163
     0100      8   20  00  00  00  00  00  00  6F      11.8189
     0101      8   C0  01  00  00  00  00  01  24      11.8261
     0102      8   20  00  00  00  00  00  00  6F      11.8263
     0100      8   40  00  00  00  00  00  00  DE      11.8267
     0100      8   60  00  00  00  00  00  00  B1      11.8345
     0101      8   E0  01  00  00  00  00  01  4B      11.8361
     0102      8   60  00  00  00  00  00  00  B1      11.8363
     0100      8   60  00  00  00  00  00  00  B1      11.8396
     0101      8   00  01  00  00  00  00  01  5B      11.8461
     0102      8   60  00  00  00  00  00  00  B1      11.8463
     0501      8   0D  00  00  00  00  00  00  E6      11.8466
     0100      8   80  00  00  00  00  00  00  A1      11.8474
     0100      8   A0  00  00  00  00  00  00  CE      11.8553
     0101      8   20  01  00  00  00  00  01  34      11.8561
     0102      8   A0  00  00  00  00  00  00  CE      11.8563
     0100      8   A0  00  00  00  00  00  00  CE      11.8604
     0101      8   40  01  00  00  00  00  01  85      11.8661
     0102      8   A0  00  00  00  00  00  00  CE      11.8663
     0100      8   C0  00  00  00  00  00  00  7F      11.8682
     0100      8   E0  00  00  00  00  00  00  10      11.8760
     0101      8   60  01  00  00  00  00  01  EA      11.8762
     0102      8   C0  00  00  00  00  00  00  7F      11.8765
     0100      8   E0  00  00  00  00  00  00  10      11.8811
     0101      8   80  01  00  00  00  00  01  FA      11.8861
     0102      8   E0  00  00  00  00  00  00  10      11.8863
     0100      8   00  00  00  00  00  00  00  00      11.8889
     0101      8   A0  01  00  00  00  00  01  95      11.8961
     0102      8   00  00  00  00  00  00  00  00      11.8963
     0100      8   20  00  00  00  00  00  00  6F      11.8967
     0100      8   40  00  00  00  00  00  00  DE      11.9045
     0101      8   C0  01  00  00  00  00  01  24      11.9061
     0102      8   40  00  00  00  00  00  00  DE      11.9063
     0100      8   40  00  00  00  00  00  00  DE      11.9096
     0101      8   E0  01  00  00  00  00  01  4B      11.9161
     0102      8   40  00  00  00  00  00  00  DE      11.9163
     0100      8   60  00  00  00  00  00  00  B1      11.9175
     0100      8   80  00  00  00  00  00  00  A1      11.9253
     0101      8   00  01  00  00  00  00  01  5B      11.9261
     0102      8   80  00  00  00  00  00  00  A1      11.9263
     0100      8   80  00  00  00  00  00  00  A1      11.9304
     0101      8   20  01  00  00  00  00  01  34      11.9361
     0102      8   80  00  00  00  00  00  00  A1      11.9363
     0100      8   A0  00  00  00  00  00  00  CE      11.9382
     0100      8   C0  00  00  00  00  00  00  7F      11.9460
     0101      8   40  01  00  00  00  00  01  85      11.9463
     0102      8   A0  00  00  00  00  00  00  CE      11.9465
     0501      8   0D  00  00  00  00  00  00  E6      11.9468
     0100      8   C0  00  00  00  00  00  00  7F      11.9511
     0101      8   60  01  00  00  00  00  01  EA      11.9561
     0102      8   C0  00  00  00  00  00  00  7F      11.9563
     0100      8   E0  00  00  00  00  00  00  10      11.9589
     0101      8   80  01  00  00  00  00  01  FA      11.9661
     0102      8   E0  00  00  00  00  00  00  10      11.9663
     0100      8   00  00  00  00  00  00  00  00      11.9668
     0100      8   20  00  00  00  00  00  00  6F      11.9746
     0101      8   A0  01  00  00  00  00  01  95      11.9761
     0102      8   20  00  00  00  00  00  00  6F      11.9763
     0100      8   20  00  00  00  00  00  00  6F      11.9797
     0101      8   C0  01  00  00  00  00  01  24      11.9861
     0102      8   20  00  00  00  00  00  00  6F      11.9863
     0100      8   40  00  00  00  00  00  00  DE      11.9875
     0100      8   60  00  00  00  00  00  00  B1      11.9953
     0101      8   E0  01  00  00  00  00  01  4B      11.9961
     0102      8   60  00  00  00  00  00  00  B1      11.9963
     0100      8   60  00  00  00  00  00  00  B1      12.0004
     0101      8   00  01  00  00  00  00  01  5B      12.0061
     0102      8   60  00  00  00  00  00  00  B1      12.0063
     0100      8   80  00  00  00  00  00  00  A1      12.0082
     0100      8   A0  00  00  00  00  00  00  CE      12.0160
     0101      8   20  01  00  00  00  00  01  34      12.0163
     0102      8   80  00  00  00  00  00  00  A1      12.0165
     0100      8   A0  00  00  00  00  00  00  CE      12.0211
     0101      8   40  01  00  00  00  00  01  85      12.0261
     0102      8   A0  00  00  00  00  00  00  CE      12.0263
     0100      8   C0  00  00  00  00  00  00  7F      12.0290
     0101      8   60  01  00  00  00  00  01  EA      12.0361
     0102      8   C0  00  00  00  00  00  00  7F      12.0363
     0100      8   E0  00  00  00  00  00  00  10      12.0368
     0100      8   00  00  00  00  00  00  00  00      12.0446
     0101      8   80  01  00  00  00  00  01  FA      12.0461
     0102      8   00  00  00  00  00  00  00  00      12.0463
     0501      8   0D  00  00  00  00  00  00  E6      12.0466
     0100      8   00  00  00  00  00  00  00  00      12.0497
     0101      8   A0  01  00  00  00  00  01  95      12.0560
     0102      8   00  00  00  00  00  00  00  00      12.0563
     0100      8   20  00  00  00  00  00  00  6F      12.0575
     0100      8   40  00  00  00  00  00  00  DE      12.0653
     0101      8   C0  01  00  00  00  00  01  24      12.0660
     0102      8   40  00  00  00  00  00  00  DE      12.0663
     0100      8   40  00  00  00  00  00  00  DE      12.0704
     0101      8   E0  01  00  00  00  00  01  4B      12.0760
     0102      8   40  00  00  00  00  00  00  DE      12.0763
     0100      8   60  00  00  00  00  00  00  B1      12.0783
     0101      8   00  01  00  00  00  00  01  5B      12.0861
     0100      8   80  00  00  00  00  00  00  A1      12.0863
     0102      8   60  00  00  00  00  00  00  B1      12.0865
     0100      8   A0  00  00  00  00  00  00  CE      12.0939
     0101      8   20  01  00  00  00  00  01  34      12.0960
     0102      8   A0  00  00  00  00  00  00  CE      12.0963
     0100      8   A0  00  00  00  00  00  00  CE      12.0990
     0101      8   40  01  00  00  00  00  01  85      12.1060
     0102      8   A0  00  00  00  00  00  00  CE      12.1063
     0100      8   C0  00  00  00  00  00  00  7F      12.1068
     0100      8   E0  00  00  00  00  00  00  10      12.1146
     0101      8   60  01  00  00  00  00  01  EA      12.1160
     0102      8   E0  00  00  00  00  00  00  10      12.1163
     0100      8   E0  00  00  00  00  00  00  10      12.1197
     0101      8   80  01  00  00  00  00  01  FA      12.1260
     0102      8   E0  00  00  00  00  00  00  10      12.1263
     0100      8   00  00  00  00  00  00  00  00      12.1276
     0100      8   20  00  00  00  00  00  00  6F      12.1354
     0101      8   A0  01  00  00  00  00  01  95      12.1360
     0102      8   20  00  00  00  00  00  00  6F      12.1363
     0100      8   20  00  00  00  00  00  00  6F      12.1405
     0101      8   C0  01  00  00  00  00  01  24      12.1460
     0102      8   20  00  00  00  00  00  00  6F      12.1463
     0501      8   0D  00  00  00  00  00  00  E6      12.1465
     0100      8   40  00  00  00  00  00  00  DE      12.1483
     0101      8   E0  01  00  00  00  00  01  4B      12.1560
     0100      8   60  00  00  00  00  00  00  B1      12.1563
     0102      8   40  00  00  00  00  00  00  DE      12.1565
     0100      8   80  00  00  00  00  00  00  A1      12.1639
     0101      8   00  01  00  00  00  00  01  5B      12.1660
     0102      8   80  00  00  00  00  00  00  A1      12.1663
     0100      8   80  00  00  00  00  00  00  A1      12.1690
     0101      8   20  01  00  00  00  00  01  34      12.1760
     0102      8   80  00  00  00  00  00  00  A1      12.1763
     0100      8   A0  00  00  00  00  00  00  CE      12.1768
     0100      8   C0  00  00  00  00  00  00  7F      12.1847
     0101      8   40  01  00  00  00  00  01  85      12.1860
     0102      8   C0  00  00  00  00  00  00  7F      12.1863
     0100      8   C0  00  00  00  00  00  00  7F      12.1898
     0101      8   60  01  00  00  00  00  01  EA      12.1960
     0102      8   C0  00  00  00  00  00  00  7F      12.1963
     0100      8   E0  00  00  00  00  00  00  10      12.1976
     0100      8   00  00  00  00  00  00  00  00      12.2054
     0101      8   80  01  00  00  00  00  01  FA      12.2060
     0102      8   00  00  00  00  00  00  00  00      12.2063
     0100      8   00  00  00  00  00  00  00  00      12.2105
     0101      8   A0  01  00  00  00  00  01  95      12.2160
     0102      8   00  00  00  00  00  00  00  00      12.2163
     0100      8   20  00  00  00  00  00  00  6F      12.2183
     0101      8   C0  01  00  00  00  00  01  24      12.2260
     0100      8   40  00  00  00  00  00  00  DE      12.2263
     0102      8   20  00  00  00  00  00  00  6F      12.2265
     0100      8   60  00  00  00  00  00  00  B1      12.2340
     0101      8   E0  01  00  00  00  00  01  4B      12.2360
     0102      8   60  00  00  00  00  00  00  B1      12.2363
     0100      8   60  00  00  00  00  00  00  B1      12.2391
     0101      8   00  01  00  00  00  00  01  5B      12.2460
     0102      8   60  00  00  00  00  00  00  B1      12.2463
     0501      8   0D  00  00  00  00  00  00  E6      12.2465
     0100      8   80  00  00  00  00  00  00  A1      12.2469
     0100      8   A0  00  00  00  00  00  00  CE      12.2547
     0101      8   20  01  00  00  00  00  01  34      12.2560
     0102      8   A0  00  00  00  00  00  00  CE      12.2563
     0100      8   A0  00  00  00  00  00  00  CE      12.2598
     0101      8   40  01  00  00  00  00  01  85      12.2660
     0102      8   A0  00  00  00  00  00  00  CE      12.2663
     0100      8   C0  00  00  00  00  00  00  7F      12.2676
     0100      8   E0  00  00  00  00  00  00  10      12.2754
     0101      8   60  01  00  00  00  00  01  EA      12.2760
     0102      8   E0  00  00  00  00  00  00  10      12.2763
     0100      8   E0  00  00  00  00  00  00  10      12.2805
     0101      8   80  01  00  00  00  00  01  FA      12.2860
     0102      8   E0  00  00  00  00  00  00  10      12.2863
     0100      8   00  00  00  00  00  00  00  00      12.2883
     0101      8   A0  01  00  00  00  00  01  95      12.2960
     0100      8   20  00  00  00  00  00  00  6F      12.2963
     0102      8   00  00  00  00  00  00  00  00      12.2965
     0100      8   40  00  00  00  00  00  00  DE      12.3040
     0101      8   C0  01  00  00  00  00  01  24      12.3060
     0102      8   40  00  00  00  00  00  00  DE      12.3063
     0100      8   40  00  00  00  00  00  00  DE      12.3091
     0101      8   E0  01  00  00  00  00  01  4B      12.3160
     0102      8   40  00  00  00  00  00  00  DE      12.3163
     0100      8   60  00  00  00  00  00  00  B1      12.3169
     0100      8   80  00  00  00  00  00  00  A1      12.3247
     0101      8   00  01  00  00  00  00  01  5B      12.3260
     0102      8   80  00  00  00  00  00  00  A1      12.3263
     0100      8   80  00  00  00  00  00  00  A1      12.3298
     0101      8   20  01  00  00  00  00  01  34      12.3360
     0102      8   80  00  00  00  00  00  00  A1      12.3363
     0100      8   A0  00  00  00  00  00  00  CE      12.3376
     0100      8   C0  00  00  00  00  00  00  7F      12.3455
     0101      8   40  01  00  00  00  00  01  85      12.3460
     0102      8   C0  00  00  00  00  00  00  7F      12.3463
     0501      8   0D  00  00  00  00  00  00  E6      12.3465
     0100      8   C0  00  00  00  00  00  00  7F      12.3506
     0101      8   60  01  00  00  00  00  01  EA      12.3560
     0102      8   C0  00  00  00  00  00  00  7F      12.3563
     0100      8   E0  00  00  00  00  00  00  10      12.3584
     0101      8   80  01  00  00  00  00  01  FA      12.3660
     0100      8   00  00  00  00  00  00  00  00      12.3663
     0102      8   E0  00  00  00  00  00  00  10      12.3665
     0100      8   20  00  00  00  00  00  00  6F      12.3740
     0101      8   A0  01  00  00  00  00  01  95      12.3760
     0102      8   20  00  00  00  00  00  00  6F      12.3763
     0100      8   20  00  00  00  00  00  00  6F      12.3791
     0101      8   C0  01  00  00  00  00  01  24      12.3860
     0102      8   20  00  00  00  00  00  00  6F      12.3863
     0100      8   40  00  00  00  00  00  00  DE      12.3869
     0100      8   60  00  00  00  00  00  00  B1      12.3947
     0101      8   E0  01  00  00  00  00  01  4B      12.3960
     0102      8   60  00  00  00  00  00  00  B1      12.3962
     0100      8   60  00  00  00  00  00  00  B1      12.3998
     0101      8   00  01  00  00  00  00  01  5B      12.4060
     0102      8   60  00  00  00  00  00  00  B1      12.4062
     0100      8   80  00  00  00  00  00  00  A1      12.4077
     0100      8   A0  00  00  00  00  00  00  CE      12.4155
     0101      8   20  01  00  00  00  00  01  34      12.4160
     0102      8   80  00  00  00  00  00  00  A1      12.4162
     0100      8   A0  00  00  00  00  00  00  CE      12.4206
     0101      8   40  01  00  00  00  00  01  85      12.4260
     0102      8   A0  00  00  00  00  00  00  CE      12.4262
     0100      8   C0  00  00  00  00  00  00  7F      12.4284
     0101      8   60  01  00  00  00  00  01  EA      12.4360
     0100      8   E0  00  00  00  00  00  00  10      12.4362
     0102      8   C0  00  00  00  00  00  00  7F      12.4365
     0100      8   00  00  00  00  00  00  00  00      12.4440
     0101      8   80  01  00  00  00  00  01  FA      12.4460
     0102      8   00  00  00  00  00  00  00  00      12.4463
     0501      8   0D  00  00  00  00  00  00  E6      12.4465
     0100      8   00  00  00  00  00  00  00  00      12.4491
     0101      8   A0  01  00  00  00  00  01  95      12.4560
     0102      8   00  00  00  00  00  00  00  00      12.4562
     0100      8   20  00  00  00  00  00  00  6F      12.4570
     0100      8   40  00  00  00  00  00  00  DE      12.4648
     0101      8   C0  01  00  00  00  00  01  24      12.4660
     0102      8   40  00  00  00  00  00  00  DE      12.4662
     0100      8   40  00  00  00  00  00  00  DE      12.4699
     0101      8   E0  01  00  00  00  00  01  4B      12.4760
     0102      8   40  00  00  00  00  00  00  DE      12.4762
     0100      8   60  00  00  00  00  00  00  B1      12.4777
     0100      8   80  00  00  00  00  00  00  A1      12.4855
     0101      8   00  01  00  00  00  00  01  5B      12.4860
     0102      8   60  00  00  00  00  00  00  B1      12.4862
     0100      8   80  00  00  00  00  00  00  A1      12.4906
     0101      8   20  01  00  00  00  00  01  34      12.4960
     0102      8   80  00  00  00  00  00  00  A1      12.4962
     0100      8   A0  00  00  00  00  00  00  CE      12.4984
     0101      8   40  01  00  00  00  00  01  85      12.5060
     0102      8   A0  00  00  00  00  00  00  CE      12.5062
     0100      8   C0  00  00  00  00  00  00  7F      12.5065
     0100      8   E0  00  00  00  00  00  00  10      12.5141
     0101      8   60  01  00  00  00  00  01  EA      12.5160
     0102      8   E0  00  00  00  00  00  00  10      12.5162
     0100      8   E0  00  00  00  00  00  00  10      12.5192
     0101      8   80  01  00  00  00  00  01  FA      12.5260
     0102      8   E0  00  00  00  00  00  00  10      12.5262
     0100      8   00  00  00  00  00  00  00  00      12.5270
     0100      8   20  00  00  00  00  00  00  6F      12.5348
     0101      8   A0  01  00  00  00  00  01  95      12.5360
     0102      8   20  00  00  00  00  00  00  6F      12.5362
     0100      8   20  00  00  00  00  00  00  6F      12.5399
     0101      8   C0  01  00  00  00  00  01  24      12.5460
     0102      8   20  00  00  00  00  00  00  6F      12.5462
     0501      8   0D  00  00  00  00  00  00  E6      12.5465
     0100      8   40  00  00  00  00  00  00  DE      12.5477
     0100      8   60  00  00  00  00  00  00  B1      12.5555
     0101      8   E0  01  00  00  00  00  01  4B      12.5560
     0102      8   40  00  00  00  00  00  00  DE      12.5562
     0100      8   60  00  00  00  00  00  00  B1      12.5606
     0101      8   00  01  00  00  00  00  01  5B      12.5660
     0102      8   60  00  00  00  00  00  00  B1      12.5662
     0100      8   80  00  00  00  00  00  00  A1      12.5685
     0101      8   20  01  00  00  00  00  01  34      12.5760
     0102      8   80  00  00  00  00  00  00  A1      12.5762
     0100      8   A0  00  00  00  00  00  00  CE      12.5765
     0100      8   C0  00  00  00  00  00  00  7F      12.5841
     0101      8   40  01  00  00  00  00  01  85      12.5860
     0102      8   C0  00  00  00  00  00  00  7F      12.5862
     0100      8   C0  00  00  00  00  00  00  7F      12.5892
     0101      8   60  01  00  00  00  00  01  EA      12.5960
     0102      8   C0  00  00  00  00  00  00  7F      12.5962
     0100      8   E0  00  00  00  00  00  00  10      12.5970
     0100      8   00  00  00  00  00  00  00  00      12.6048
     0101      8   80  01  00  00  00  00  01  FA      12.6060
     0102      8   00  00  00  00  00  00  00  00      12.6062
     0100      8   00  00  00  00  00  00  00  00      12.6099
     0101      8   A0  01  00  00  00  00  01  95      12.6160
     0102      8   00  00  00  00  00  00  00  00      12.6162
     0100      8   20  00  00  00  00  00  00  6F      12.6177
     0100      8   40  00  00  00  00  00  00  DE      12.6256
     0101      8   C0  01  00  00  00  00  01  24      12.6260
     0102      8   20  00  00  00  00  00  00  6F      12.6262
     0100      8   40  00  00  00  00  00  00  DE      12.6307
     0101      8   E0  01  00  00  00  00  01  4B      12.6360
     0102      8   40  00  00  00  00  00  00  DE      12.6362
     0100      8   60  00  00  00  00  00  00  B1      12.6385
     0101      8   00  01  00  00  00  00  01  5B      12.6460
     0102      8   60  00  00  00  00  00  00  B1      12.6462
     0100      8   80  00  00  00  00  00  00  A1      12.6465
     0501      8   0D  00  00  00  00  00  00  E6      12.6467
     0100      8   A0  00  00  00  00  00  00  CE      12.6541
     0101      8   20  01  00  00  00  00  01  34      12.6560
     0102      8   A0  00  00  00  00  00  00  CE      12.6562
     0100      8   A0  00  00  00  00  00  00  CE      12.6592
     0101      8   40  01  00  00  00  00  01  85      12.6660
     0102      8   A0  00  00  00  00  00  00  CE      12.6662
     0100      8   C0  00  00  00  00  00  00  7F      12.6670
     0100      8   E0  00  00  00  00  00  00  10      12.6749
     0101      8   60  01  00  00  00  00  01  EA      12.6760
     0102      8   E0  00  00  00  00  00  00  10      12.6762
     0100      8   E0  00  00  00  00  00  00  10      12.6800
     0101      8   80  01  00  00  00  00  01  FA      12.6860
     0102      8   E0  00  00  00  00  00  00  10      12.6862
     0100      8   00  00  00  00  00  00  00  00      12.6878
     0100      8   20  00  00  00  00  00  00  6F      12.6956
     0101      8   A0  01  00  00  00  00  01  95      12.6960
     0102      8   00  00  00  00  00  00  00  00      12.6962
     0100      8   20  00  00  00  00  00  00  6F      12.7007
     0101      8   C0  01  00  00  00  00  01  24      12.7060
     0102      8   20  00  00  00  00  00  00  6F      12.7062
     0100      8   40  00  00  00  00  00  00  DE      12.7085
     0101      8   E0  01  00  00  00  00  01  4B      12.7160
     0102      8   40  00  00  00  00  00  00  DE      12.7162
     0100      8   60  00  00  00  00  00  00  B1      12.7165
     0100      8   80  00  00  00  00  00  00  A1      12.7242
     0101      8   00  01  00  00  00  00  01  5B      12.7260
     0102      8   80  00  00  00  00  00  00  A1      12.7262
     0100      8   80  00  00  00  00  00  00  A1      12.7293
     0101      8   20  01  00  00  00  00  01  34      12.7360
     0102      8   80  00  00  00  00  00  00  A1      12.7362
     0100      8   A0  00  00  00  00  00  00  CE      12.7371
     0100      8   C0  00  00  00  00  00  00  7F      12.7449
     0101      8   40  01  00  00  00  00  01  85      12.7460
     0102      8   C0  00  00  00  00  00  00  7F      12.7462
     0501      8   0D  00  00  00  00  00  00  E6      12.7465
     0100      8   C0  00  00  00  00  00  00  7F      12.7500
     0101      8   60  01  00  00  00  00  01  EA      12.7560
     0102      8   C0  00  00  00  00  00  00  7F      12.7562
     0100      8   E0  00  00  00  00  00  00  10      12.7578
     0100      8   00  00  00  00  00  00  00  00      12.7656
     0101      8   80  01  00  00  00  00  01  FA      12.7660
     0102      8   E0  00  00  00  00  00  00  10      12.7662
     0100      8   00  00  00  00  00  00  00  00      12.7707
     0101      8   A0  01  00  00  00  00  01  95      12.7759
     0102      8   00  00  00  00  00  00  00  00      12.7762
     0100      8   20  00  00  00  00  00  00  6F      12.7785
     0101      8   C0  01  00  00  00  00  01  24      12.7859
     0102      8   20  00  00  00  00  00  00  6F      12.7862
     0100      8   40  00  00  00  00  00  00  DE      12.7864
     0100      8   60  00  00  00  00  00  00  B1      12.7942
     0101      8   E0  01  00  00  00  00  01  4B      12.7959
     0102      8   60  00  00  00  00  00  00  B1      12.7962
     0100      8   60  00  00  00  00  00  00  B1      12.7993
     0101      8   00  01  00  00  00  00  01  5B      12.8059
     0102      8   60  00  00  00  00  00  00  B1      12.8062
     0100      8   80  00  00  00  00  00  00  A1      12.8071
     0100      8   A0  00  00  00  00  00  00  CE      12.8149
     0101      8   20  01  00  00  00  00  01  34      12.8159
     0102      8   A0  00  00  00  00  00  00  CE      12.8162
     0100      8   A0  00  00  00  00  00  00  CE      12.8200
     0101      8   40  01  00  00  00  00  01  85      12.8259
     0102      8   A0  00  00  00  00  00  00  CE      12.8262
     0100      8   C0  00  00  00  00  00  00  7F      12.8278
     0100      8   E0  00  00  00  00  00  00  10      12.8357
     0101      8   60  01  00  00  00  00  01  EA      12.8359
     0102      8   C0  00  00  00  00  00  00  7F      12.8362
     0100      8   E0  00  00  00  00  00  00  10      12.8408
     0101      8   80  01  00  00  00  00  01  FA      12.8459
     0102      8   E0  00  00  00  00  00  00  10      12.8462
     0501      8   0D  00  00  00  00  00  00  E6      12.8464
     0100      8   00  00  00  00  00  00  00  00      12.8486
     0101      8   A0  01  00  00  00  00  01  95      12.8559
     0102      8   00  00  00  00  00  00  00  00      12.8562
     0100      8   20  00  00  00  00  00  00  6F      12.8564
     0100      8   40  00  00  00  00  00  00  DE      12.8642
     0101      8   C0  01  00  00  00  00  01  24      12.8659
     0102      8   40  00  00  00  00  00  00  DE      12.8662
     0100      8   40  00  00  00  00  00  00  DE      12.8693
     0101      8   E0  01  00  00  00  00  01  4B      12.8759
     0102      8   40  00  00  00  00  00  00  DE      12.8762
     0100      8   60  00  00  00  00  00  00  B1      12.8771
     0100      8   80  00  00  00  00  00  00  A1      12.8849
     0101      8   00  01  00  00  00  00  01  5B      12.8859
     0102      8   80  00  00  00  00  00  00  A1      12.8862
     0100      8   80  00  00  00  00  00  00  A1      12.8900
     0101      8   20  01  00  00  00  00  01  34      12.8959
     0102      8   80  00  00  00  00  00  00  A1      12.8962
     0100      8   A0  00  00  00  00  00  00  CE      12.8979
     0100      8   C0  00  00  00  00  00  00  7F      12.9057
     0101      8   40  01  00  00  00  00  01  85      12.9059
     0102      8   A0  00  00  00  00  00  00  CE      12.9062
     0100      8   C0  00  00  00  00  00  00  7F      12.9108
     0101      8   60  01  00  00  00  00  01  EA      12.9159
     0102      8   C0  00  00  00  00  00  00  7F      12.9162
     0100      8   E0  00  00  00  00  00  00  10      12.9186
     0101      8   80  01  00  00  00  00  01  FA      12.9259
     0102      8   E0  00  00  00  00  00  00  10      12.9262
     0100      8   00  00  00  00  00  00  00  00      12.9264
     0100      8   20  00  00  00  00  00  00  6F      12.9342
     0101      8   A0  01  00  00  00  00  01  95      12.9359
     0102      8   20  00  00  00  00  00  00  6F      12.9362
     0100      8   20  00  00  00  00  00  00  6F      12.9393
     0101      8   C0  01  00  00  00  00  01  24      12.9459
     0102      8   20  00  00  00  00  00  00  6F      12.9462
     0501      8   0D  00  00  00  00  00  00  E6      12.9464
     0100      8   40  00  00  00  00  00  00  DE      12.9471
     0100      8   60  00  00  00  00  00  00  B1      12.9550
     0101      8   E0  01  00  00  00  00  01  4B      12.9559
     0102      8   60  00  00  00  00  00  00  B1      12.9562
     0100      8   60  00  00  00  00  00  00  B1      12.9601
     0101      8   00  01  00  00  00  00  01  5B      12.9659
     0102      8   60  00  00  00  00  00  00  B1      12.9662
     0100      8   80  00  00  00  00  00  00  A1      12.9679
     0100      8   A0  00  00  00  00  00  00  CE      12.9757
     0101      8   20  01  00  00  00  00  01  34      12.9759
     0102      8   80  00  00  00  00  00  00  A1      12.9762
     0100      8   A0  00  00  00  00  00  00  CE      12.9808
     0101      8   40  01  00  00  00  00  01  85      12.9859
     0102      8   A0  00  00  00  00  00  00  CE      12.9862
     0100      8   C0  00  00  00  00  00  00  7F      12.9886
     0101      8   60  01  00  00  00  00  01  EA      12.9959
     0102      8   C0  00  00  00  00  00  00  7F      12.9962
     0100      8   E0  00  00  00  00  00  00  10      12.9965
     0100      8   00  00  00  00  00  00  00  00      13.0043
     0101      8   80  01  00  00  00  00  01  FA      13.0059
     0102      8   00  00  00  00  00  00  00  00      13.0062
     0100      8   00  00  00  00  00  00  00  00      13.0094
     0101      8   A0  01  00  00  00  00  01  95      13.0159
     0102      8   00  00  00  00  00  00  00  00      13.0162
     0100      8   20  00  00  00  00  00  00  6F      13.0172
     0100      8   40  00  00  00  00  00  00  DE      13.0250
     0101      8   C0  01  00  00  00  00  01  24      13.0259
     0102      8   40  00  00  00  00  00  00  DE      13.0262
     0100      8   40  00  00  00  00  00  00  DE      13.0301
     0101      8   E0  01  00  00  00  00  01  4B      13.0359
     0102      8   40  00  00  00  00  00  00  DE      13.0362
     0100      8   60  00  00  00  00  00  00  B1      13.0379
     0100      8   80  00  00  00  00  00  00  A1      13.0457
     0101      8   00  01  00  00  00  00  01  5B      13.0460
     0102      8   60  00  00  00  00  00  00  B1      13.0462
     0501      8   0D  00  00  00  00  00  00  E6      13.0465
     0100      8   80  00  00  00  00  00  00  A1      13.0508
     0101      8   20  01  00  00  00  00  01  34      13.0559
     0102      8   80  00  00  00  00  00  00  A1      13.0562
     0100      8   A0  00  00  00  00  00  00  CE      13.0587
     0101      8   40  01  00  00  00  00  01  85      13.0659
     0102      8   A0  00  00  00  00  00  00  CE      13.0662
     0100      8   C0  00  00  00  00  00  00  7F      13.0665
     0100      8   E0  00  00  00  00  00  00  10      13.0743
     0101      8   60  01  00  00  00  00  01  EA      13.0759
     0102      8   E0  00  00  00  00  00  00  10      13.0762
     0100      8   E0  00  00  00  00  00  00  10      13.0794
     0101      8   80  01  00  00  00  00  01  FA      13.0859
     0102      8   E0  00  00  00  00  00  00  10      13.0862
     0100      8   00  00  00  00  00  00  00  00      13.0872
     0100      8   20  00  00  00  00  00  00  6F      13.0950
     0101      8   A0  01  00  00  00  00  01  95      13.0959
     0102      8   20  00  00  00  00  00  00  6F      13.0962
     0100      8   20  00  00  00  00  00  00  6F      13.1001
     0101      8   C0  01  00  00  00  00  01  24      13.1059
     0102      8   20  00  00  00  00  00  00  6F      13.1061
     0100      8   40  00  00  00  00  00  00  DE      13.1079
     0100      8   60  00  00  00  00  00  00  B1      13.1158
     0101      8   E0  01  00  00  00  00  01  4B      13.1160
     0102      8   40  00  00  00  00  00  00  DE      13.1162
     0100      8   60  00  00  00  00  00  00  B1      13.1209
     0101      8   00  01  00  00  00  00  01  5B      13.1259
     0102      8   60  00  00  00  00  00  00  B1      13.1262
     0100      8   80  00  00  00  00  00  00  A1      13.1287
     0101      8   20  01  00  00  00  00  01  34      13.1359
     0102      8   80  00  00  00  00  00  00  A1      13.1361
     0100      8   A0  00  00  00  00  00  00  CE      13.1365
     0100      8   C0  00  00  00  00  00  00  7F      13.1443
     0101      8   40  01  00  00  00  00  01  85      13.1459
     0102      8   C0  00  00  00  00  00  00  7F      13.1461
     0501      8   0D  00  00  00  00  00  00  E6      13.1464
     0100      8   C0  00  00  00  00  00  00  7F      13.1494
     0101      8   60  01  00  00  00  00  01  EA      13.1559
     0102      8   C0  00  00  00  00  00  00  7F      13.1561
     0100      8   E0  00  00  00  00  00  00  10      13.1572
     0100      8   00  00  00  00  00  00  00  00      13.1651
     0101      8   80  01  00  00  00  00  01  FA      13.1659
     0102      8   00  00  00  00  00  00  00  00      13.1662
     0100      8   00  00  00  00  00  00  00  00      13.1702
     0101      8   A0  01  00  00  00  00  01  95      13.1759
     0102      8   00  00  00  00  00  00  00  00      13.1761
     0100      8   20  00  00  00  00  00  00  6F      13.1780
     0100      8   40  00  00  00  00  00  00  DE      13.1858
     0101      8   C0  01  00  00  00  00  01  24      13.1860
     0102      8   20  00  00  00  00  00  00  6F      13.1863
     0100      8   40  00  00  00  00  00  00  DE      13.1909
     0101      8   E0  01  00  00  00  00  01  4B      13.1959
     0102      8   40  00  00  00  00  00  00  DE      13.1961
     0100      8   60  00  00  00  00  00  00  B1      13.1987
     0101      8   00  01  00  00  00  00  01  5B      13.2059
     0102      8   60  00  00  00  00  00  00  B1      13.2061
     0100      8   80  00  00  00  00  00  00  A1      13.2065
     0100      8   A0  00  00  00  00  00  00  CE      13.2143
     0101      8   20  01  00  00  00  00  01  34      13.2159
     0102      8   A0  00  00  00  00  00  00  CE      13.2161
     0100      8   A0  00  00  00  00  00  00  CE      13.2194
     0101      8   40  01  00  00  00  00  01  85      13.2259
     0102      8   A0  00  00  00  00  00  00  CE      13.2261
     0100      8   C0  00  00  00  00  00  00  7F      13.2273
     0100      8   E0  00  00  00  00  00  00  10      13.2351
     0101      8   60  01  00  00  00  00  01  EA      13.2359
     0102      8   E0  00  00  00  00  00  00  10      13.2361
     0100      8   E0  00  00  00  00  00  00  10      13.2402
     0101      8   80  01  00  00  00  00  01  FA      13.2459
     0102      8   E0  00  00  00  00  00  00  10      13.2461
     0501      8   0D  00  00  00  00  00  00  E6      13.2464
     0100      8   00  00  00  00  00  00  00  00      13.2480
     0100      8   20  00  00  00  00  00  00  6F      13.2558
     0101      8   A0  01  00  00  00  00  01  95      13.2561
     0102      8   00  00  00  00  00  00  00  00      13.2563
     0100      8   20  00  00  00  00  00  00  6F      13.2609
     0101      8   C0  01  00  00  00  00  01  24      13.2659
     0102      8   20  00  00  00  00  00  00  6F      13.2661
     0100      8   40  00  00  00  00  00  00  DE      13.2687
     0101      8   E0  01  00  00  00  00  01  4B      13.2759
     0102      8   40  00  00  00  00  00  00  DE      13.2761
     0100      8   60  00  00  00  00  00  00  B1      13.2766
     0100      8   80  00  00  00  00  00  00  A1      13.2844
     0101      8   00  01  00  00  00  00  01  5B      13.2859
     0102      8   80  00  00  00  00  00  00  A1      13.2861
     0100      8   80  00  00  00  00  00  00  A1      13.2895
     0101      8   20  01  00  00  00  00  01  34      13.2959
     0102      8   80  00  00  00  00  00  00  A1      13.2961
     0100      8   A0  00  00  00  00  00  00  CE      13.2973
     0100      8   C0  00  00  00  00  00  00  7F      13.3051
     0101      8   40  01  00  00  00  00  01  85      13.3059
     0102      8   C0  00  00  00  00  00  00  7F      13.3061
     0100      8   C0  00  00  00  00  00  00  7F      13.3102
     0101      8   60  01  00  00  00  00  01  EA      13.3159
     0102      8   C0  00  00  00  00  00  00  7F      13.3161
     0100      8   E0  00  00  00  00  00  00  10      13.3180
     0100      8   00  00  00  00  00  00  00  00      13.3259
     0101      8   80  01  00  00  00  00  01  FA      13.3261
     0102      8   E0  00  00  00  00  00  00  10      13.3263
     0100      8   00  00  00  00  00  00  00  00      13.3310
     0101      8   A0  01  00  00  00  00  01  95      13.3359
     0102      8   00  00  00  00  00  00  00  00      13.3361
     0100      8   20  00  00  00  00  00  00  6F      13.3388
     0101      8   C0  01  00  00  00  00  01  24      13.3459
     0102      8   20  00  00  00  00  00  00  6F      13.3461
     0501      8   0D  00  00  00  00  00  00  E6      13.3464
     0100      8   40  00  00  00  00  00  00  DE      13.3466
     0100      8   60  00  00  00  00  00  00  B1      13.3544
     0101      8   E0  01  00  00  00  00  01  4B      13.3559
     0102      8   60  00  00  00  00  00  00  B1      13.3561
     0100      8   60  00  00  00  00  00  00  B1      13.3595
     0101      8   00  01  00  00  00  00  01  5B      13.3659
     0102      8   60  00  00  00  00  00  00  B1      13.3661
     0100      8   80  00  00  00  00  00  00  A1      13.3673
     0100      8   A0  00  00  00  00  00  00  CE      13.3751
     0101      8   20  01  00  00  00  00  01  34      13.3759
     0102      8   A0  00  00  00  00  00  00  CE      13.3761
     0100      8   A0  00  00  00  00  00  00  CE      13.3802
     0101      8   40  01  00  00  00  00  01  85      13.3859
     0102      8   A0  00  00  00  00  00  00  CE      13.3861
     0100      8   C0  00  00  00  00  00  00  7F      13.3881
     0101      8   60  01  00  00  00  00  01  EA      13.3959
     0100      8   E0  00  00  00  00  00  00  10      13.3961
     0102      8   C0  00  00  00  00  00  00  7F      13.3964
     0100      8   00  00  00  00  00  00  00  00      13.4037
     0101      8   80  01  00  00  00  00  01  FA      13.4059
     0102      8   00  00  00  00  00  00  00  00      13.4061
     0100      8   00  00  00  00  00  00  00  00      13.4088
     0101      8   A0  01  00  00  00  00  01  95      13.4159
     0102      8   00  00  00  00  00  00  00  00      13.4161
     0100      8   20  00  00  00  00  00  00  6F      13.4166
     0100      8   40  00  00  00  00  00  00  DE      13.4244
     0101      8   C0  01  00  00  00  00  01  24      13.4259
     0102      8   40  00  00  00  00  00  00  DE      13.4261
     0100      8   40  00  00  00  00  00  00  DE      13.4295
     0101      8   E0  01  00  00  00  00  01  4B      13.4359
     0102      8   40  00  00  00  00  00  00  DE      13.4361
     0100      8   60  00  00  00  00  00  00  B1      13.4373
     0100      8   80  00  00  00  00  00  00  A1      13.4452
     0101      8   00  01  00  00  00  00  01  5B      13.4459
     0102      8   80  00  00  00  00  00  00  A1      13.4461
     0501      8   0D  00  00  00  00  00  00  E6      13.4464
     0100      8   80  00  00  00  00  00  00  A1      13.4503
     0101      8   20  01  00  00  00  00  01  34      13.4559
     0102      8   80  00  00  00  00  00  00  A1      13.4561
     0100      8   A0  00  00  00  00  00  00  CE      13.4581
     0101      8   40  01  00  00  00  00  01  85      13.4659
     0100      8   C0  00  00  00  00  00  00  7F      13.4661
     0102      8   A0  00  00  00  00  00  00  CE      13.4664
     0100      8   E0  00  00  00  00  00  00  10      13.4737
     0101      8   60  01  00  00  00  00  01  EA      13.4759
     0102      8   E0  00  00  00  00  00  00  10      13.4761
     0100      8   E0  00  00  00  00  00  00  10      13.4788
     0101      8   80  01  00  00  00  00  01  FA      13.4859
     0102      8   E0  00  00  00  00  00  00  10      13.4861
     0100      8   00  00  00  00  00  00  00  00      13.4866
     0100      8   20  00  00  00  00  00  00  6F      13.4945
     0101      8   A0  01  00  00  00  00  01  95      13.4959
     0102      8   20  00  00  00  00  00  00  6F      13.4961
     0100      8   20  00  00  00  00  00  00  6F      13.4996
     0101      8   C0  01  00  00  00  00  01  24      13.5058
     0102      8   20  00  00  00  00  00  00  6F      13.5061
     0100      8   40  00  00  00  00  00  00  DE      13.5074
     0100      8   60  00  00  00  00  00  00  B1      13.5152
     0101      8   E0  01  00  00  00  00  01  4B      13.5158
     0102      8   60  00  00  00  00  00  00  B1      13.5161
     0100      8   60  00  00  00  00  00  00  B1      13.5203
     0101      8   00  01  00  00  00  00  01  5B      13.5258
     0102      8   60  00  00  00  00  00  00  B1      13.5261
     0100      8   80  00  00  00  00  00  00  A1      13.5281
     0101      8   20  01  00  00  00  00  01  34      13.5358
     0100      8   A0  00  00  00  00  00  00  CE      13.5361
     0102      8   80  00  00  00  00  00  00  A1      13.5363
     0100      8   C0  00  00  00  00  00  00  7F      13.5438
     0101      8   40  01  00  00  00  00  01  85      13.5458
     0102      8   C0  00  00  00  00  00  00  7F      13.5461
     0501      8   0D  00  00  00  00  00  00  E6      13.5463
     0100      8   C0  00  00  00  00  00  00  7F      13.5489
     0101      8   60  01  00  00  00  00  01  EA      13.5558
     0102      8   C0  00  00  00  00  00  00  7F      13.5561
     0100      8   E0  00  00  00  00  00  00  10      13.5567
     0100      8   00  00  00  00  00  00  00  00      13.5645
     0101      8   80  01  00  00  00  00  01  FA      13.5658
     0102      8   00  00  00  00  00  00  00  00      13.5661
     0100      8   00  00  00  00  00  00  00  00      13.5696
     0101      8   A0  01  00  00  00  00  01  95      13.5758
     0102      8   00  00  00  00  00  00  00  00      13.5761
     0100      8   20  00  00  00  00  00  00  6F      13.5774
     0100      8   40  00  00  00  00  00  00  DE      13.5852
     0101      8   C0  01  00  00  00  00  01  24      13.5858
     0102      8   40  00  00  00  00  00  00  DE      13.5861
     0100      8   40  00  00  00  00  00  00  DE      13.5903
     0101      8   E0  01  00  00  00  00  01  4B      13.5958
     0102      8   40  00  00  00  00  00  00  DE      13.5961
     0100      8   60  00  00  00  00  00  00  B1      13.5981
     0101      8   00  01  00  00  00  00  01  5B      13.6058
     0100      8   80  00  00  00  00  00  00  A1      13.6061
     0102      8   60  00  00  00  00  00  00  B1      13.6063
     0100      8   A0  00  00  00  00  00  00  CE      13.6138
     0101      8   20  01  00  00  00  00  01  34      13.6158
     0102      8   A0  00  00  00  00  00  00  CE      13.6161
     0100      8   A0  00  00  00  00  00  00  CE      13.6189
     0101      8   40  01  00  00  00  00  01  85      13.6258
     0102      8   A0  00  00  00  00  00  00  CE      13.6261
     0100      8   C0  00  00  00  00  00  00  7F      13.6267
     0100      8   E0  00  00  00  00  00  00  10      13.6345
     0101      8   60  01  00  00  00  00  01  EA      13.6358
     0102      8   E0  00  00  00  00  00  00  10      13.6361
     0100      8   E0  00  00  00  00  00  00  10      13.6396
     0101      8   80  01  00  00  00  00  01  FA      13.6458
     0102      8   E0  00  00  00  00  00  00  10      13.6461
     0501      8   0D  00  00  00  00  00  00  E6      13.6463
     0100      8   00  00  00  00  00  00  00  00      13.6474
     0100      8   20  00  00  00  00  00  00  6F      13.6553
     0101      8   A0  01  00  00  00  00  01  95      13.6558
     0102      8   20  00  00  00  00  00  00  6F      13.6561
     0100      8   20  00  00  00  00  00  00  6F      13.6604
     0101      8   C0  01  00  00  00  00  01  24      13.6658
     0102      8   20  00  00  00  00  00  00  6F      13.6661
     0100      8   40  00  00  00  00  00  00  DE      13.6682
     0101      8   E0  01  00  00  00  00  01  4B      13.6758
     0100      8   60  00  00  00  00  00  00  B1      13.6761
     0102      8   40  00  00  00  00  00  00  DE      13.6763
     0100      8   80  00  00  00  00  00  00  A1      13.6838
     0101      8   00  01  00  00  00  00  01  5B      13.6858
     0102      8   80  00  00  00  00  00  00  A1      13.6861
     0100      8   80  00  00  00  00  00  00  A1      13.6889
     0101      8   20  01  00  00  00  00  01  34      13.6958
     0102      8   80  00  00  00  00  00  00  A1      13.6961
     0100      8   A0  00  00  00  00  00  00  CE      13.6967
     0100      8   C0  00  00  00  00  00  00  7F      13.7045
     0101      8   40  01  00  00  00  00  01  85      13.7058
     0102      8   C0  00  00  00  00  00  00  7F      13.7061
     0100      8   C0  00  00  00  00  00  00  7F      13.7096
     0101      8   60  01  00  00  00  00  01  EA      13.7158
     0102      8   C0  00  00  00  00  00  00  7F      13.7161
     0100      8   E0  00  00  00  00  00  00  10      13.7175
     0100      8   00  00  00  00  00  00  00  00      13.7253
     0101      8   80  01  00  00  00  00  01  FA      13.7258
     0102      8   00  00  00  00  00  00  00  00      13.7261
     0100      8   00  00  00  00  00  00  00  00      13.7304
     0101      8   A0  01  00  00  00  00  01  95      13.7358
     0102      8   00  00  00  00  00  00  00  00      13.7361
     0100      8   20  00  00  00  00  00  00  6F      13.7382
     0101      8   C0  01  00  00  00  00  01  24      13.7458
     0100      8   40  00  00  00  00  00  00  DE      13.7461
     0102      8   20  00  00  00  00  00  00  6F      13.7463
     0501      8   0D  00  00  00  00  00  00  E6      13.7466
     0100      8   60  00  00  00  00  00  00  B1      13.7538
     0101      8   E0  01  00  00  00  00  01  4B      13.7558
     0102      8   60  00  00  00  00  00  00  B1      13.7561
     0100      8   60  00  00  00  00  00  00  B1      13.7589
     0101      8   00  01  00  00  00  00  01  5B      13.7658
     0102      8   60  00  00  00  00  00  00  B1      13.7661
     0100      8   80  00  00  00  00  00  00  A1      13.7668
     0100      8   A0  00  00  00  00  00  00  CE      13.7746
     0101      8   20  01  00  00  00  00  01  34      13.7758
     0102      8   A0  00  00  00  00  00  00  CE      13.7761
     0100      8   A0  00  00  00  00  00  00  CE      13.7797
     0101      8   40  01  00  00  00  00  01  85      13.7858
     0102      8   A0  00  00  00  00  00  00  CE      13.7861
     0100      8   C0  00  00  00  00  00  00  7F      13.7875
     0100      8   E0  00  00  00  00  00  00  10      13.7953
     0101      8   60  01  00  00  00  00  01  EA      13.7958
     0102      8   C0  00  00  00  00  00  00  7F      13.7961
     0100      8   E0  00  00  00  00  00  00  10      13.8004
     0101      8   80  01  00  00  00  00  01  FA      13.8058
     0102      8   E0  00  00  00  00  00  00  10      13.8061
     0100      8   00  00  00  00  00  00  00  00      13.8082
     0101      8   A0  01  00  00  00  00  01  95      13.8158
     0100      8   20  00  00  00  00  00  00  6F      13.8161
     0102      8   00  00  00  00  00  00  00  00      13.8163
     0100      8   40  00  00  00  00  00  00  DE      13.8239
     0101      8   C0  01  00  00  00  00  01  24      13.8258
     0102      8   40  00  00  00  00  00  00  DE      13.8260
     0100      8   40  00  00  00  00  00  00  DE      13.8290
     0101      8   E0  01  00  00  00  00  01  4B      13.8358
     0102      8   40  00  00  00  00  00  00  DE      13.8360
     0100      8   60  00  00  00  00  00  00  B1      13.8368
     0100      8   80  00  00  00  00  00  00  A1      13.8446
     0101      8   00  01  00  00  00  00  01  5B      13.8458
     0102      8   80  00  00  00  00  00  00  A1      13.8460
     0501      8   0D  00  00  00  00  00  00  E6      13.8463
     0100      8   80  00  00  00  00  00  00  A1      13.8497
     0101      8   20  01  00  00  00  00  01  34      13.8558
     0102      8   80  00  00  00  00  00  00  A1      13.8560
     0100      8   A0  00  00  00  00  00  00  CE      13.8575
     0100      8   C0  00  00  00  00  00  00  7F      13.8653
     0101      8   40  01  00  00  00  00  01  85      13.8658
     0102      8   A0  00  00  00  00  00  00  CE      13.8660
     0100      8   C0  00  00  00  00  00  00  7F      13.8704
     0101      8   60  01  00  00  00  00  01  EA      13.8758
     0102      8   C0  00  00  00  00  00  00  7F      13.8760
     0100      8   E0  00  00  00  00  00  00  10      13.8783
     0101      8   80  01  00  00  00  00  01  FA      13.8858
     0102      8   E0  00  00  00  00  00  00  10      13.8861
     0100      8   00  00  00  00  00  00  00  00      13.8863
     0100      8   20  00  00  00  00  00  00  6F      13.8939
     0101      8   A0  01  00  00  00  00  01  95      13.8958
     0102      8   20  00  00  00  00  00  00  6F      13.8960
     0100      8   20  00  00  00  00  00  00  6F      13.8990
     0101      8   C0  01  00  00  00  00  01  24      13.9058
     0102      8   20  00  00  00  00  00  00  6F      13.9060
     0100      8   40  00  00  00  00  00  00  DE      13.9068
     0100      8   60  00  00  00  00  00  00  B1      13.9146
     0101      8   E0  01  00  00  00  00  01  4B      13.9158
     0102      8   60  00  00  00  00  00  00  B1      13.9160
     0100      8   60  00  00  00  00  00  00  B1      13.9197
     0101      8   00  01  00  00  00  00  01  5B      13.9258
     0102      8   60  00  00  00  00  00  00  B1      13.9260
     0100      8   80  00  00  00  00  00  00  A1      13.9275
     0100      8   A0  00  00  00  00  00  00  CE      13.9354
     0101      8   20  01  00  00  00  00  01  34      13.9358
     0102      8   80  00  00  00  00  00  00  A1      13.9360
     0100      8   A0  00  00  00  00  00  00  CE      13.9405
     0101      8   40  01  00  00  00  00  01  85      13.9458
     0102      8   A0  00  00  00  00  00  00  CE      13.9460
     0501      8   0D  00  00  00  00  00  00  E6      13.9463
     0100      8   C0  00  00  00  00  00  00  7F      13.9483
     0101      8   60  01  00  00  00  00  01  EA      13.9558
     0102      8   C0  00  00  00  00  00  00  7F      13.9560
     0100      8   E0  00  00  00  00  00  00  10      13.9563
     0100      8   00  00  00  00  00  00  00  00      13.9639
     0101      8   80  01  00  00  00  00  01  FA      13.9658
     0102      8   00  00  00  00  00  00  00  00      13.9660
     0100      8   00  00  00  00  00  00  00  00      13.9690
     0101      8   A0  01  00  00  00  00  01  95      13.9758
     0102      8   00  00  00  00  00  00  00  00      13.9760
     0100      8   20  00  00  00  00  00  00  6F      13.9768
     0100      8   40  00  00  00  00  00  00  DE      13.9847
     0101      8   C0  01  00  00  00  00  01  24      13.9858
     0102      8   40  00  00  00  00  00  00  DE      13.9860
     0100      8   40  00  00  00  00  00  00  DE      13.9898
     0101      8   E0  01  00  00  00  00  01  4B      13.9958
     0102      8   40  00  00  00  00  00  00  DE      13.9960
     0100      8   60  00  00  00  00  00  00  B1      13.9976
     0100      8   80  00  00  00  00  00  00  A1      14.0054
     0101      8   00  01  00  00  00  00  01  5B      14.0058
     0102      8   60  00  00  00  00  00  00  B1      14.0060
     0100      8   80  00  00  00  00  00  00  A1      14.0105
     0101      8   20  01  00  00  00  00  01  34      14.0158
     0102      8   80  00  00  00  00  00  00  A1      14.0160
     0100      8   A0  00  00  00  00  00  00  CE      14.0183
     0101      8   40  01  00  00  00  00  01  85      14.0258
     0102      8   A0  00  00  00  00  00  00  CE      14.0260
     0100      8   C0  00  00  00  00  00  00  7F      14.0263
     0100      8   E0  00  00  00  00  00  00  10      14.0340
     0101      8   60  01  00  00  00  00  01  EA      14.0358
     0102      8   E0  00  00  00  00  00  00  10      14.0360
     0100      8   E0  00  00  00  00  00  00  10      14.0391
     0101      8   80  01  00  00  00  00  01  FA      14.0458
     0102      8   E0  00  00  00  00  00  00  10      14.0460
     0501      8   0D  00  00  00  00  00  00  E6      14.0463
     0100      8   00  00  00  00  00  00  00  00      14.0469
     0100      8   20  00  00  00  00  00  00  6F      14.0547
     0101      8   A0  01  00  00  00  00  01  95      14.0558
     0102      8   20  00  00  00  00  00  00  6F      14.0560
     0100      8   20  00  00  00  00  00  00  6F      14.0598
     0101      8   C0  01  00  00  00  00  01  24      14.0658
     0102      8   20  00  00  00  00  00  00  6F      14.0660
     0100      8   40  00  00  00  00  00  00  DE      14.0676
     0100      8   60  00  00  00  00  00  00  B1      14.0754
     0101      8   E0  01  00  00  00  00  01  4B      14.0758
     0102      8   40  00  00  00  00  00  00  DE      14.0760
     0100      8   60  00  00  00  00  00  00  B1      14.0805
     0101      8   00  01  00  00  00  00  01  5B      14.0858
     0102      8   60  00  00  00  00  00  00  B1      14.0860
     0100      8   80  00  00  00  00  00  00  A1      14.0883
     0101      8   20  01  00  00  00  00  01  34      14.0958
     0102      8   80  00  00  00  00  00  00  A1      14.0960
     0100      8   A0  00  00  00  00  00  00  CE      14.0963
     0100      8   C0  00  00  00  00  00  00  7F      14.1040
     0101      8   40  01  00  00  00  00  01  85      14.1058
     0102      8   C0  00  00  00  00  00  00  7F      14.1060
     0100      8   C0  00  00  00  00  00  00  7F      14.1091
     0101      8   60  01  00  00  00  00  01  EA      14.1158
     0102      8   C0  00  00  00  00  00  00  7F      14.1160
     0100      8   E0  00  00  00  00  00  00  10      14.1169
     0100      8   00  00  00  00  00  00  00  00      14.1247
     0101      8   80  01  00  00  00  00  01  FA      14.1258
     0102      8   00  00  00  00  00  00  00  00      14.1260
     0100      8   00  00  00  00  00  00  00  00      14.1298
     0101      8   A0  01  00  00  00  00  01  95      14.1358
     0102      8   00  00  00  00  00  00  00  00      14.1360
     0100      8   20  00  00  00  00  00  00  6F      14.1376
     0100      8   40  00  00  00  00  00  00  DE      14.1454
     0101      8   C0  01  00  00  00  00  01  24      14.1458
     0102      8   20  00  00  00  00  00  00  6F      14.1460
     0501      8   0D  00  00  00  00  00  00  E6      14.1463
     0100      8   40  00  00  00  00  00  00  DE      14.1505
     0101      8   E0  01  00  00  00  00  01  4B      14.1558
     0102      8   40  00  00  00  00  00  00  DE      14.1560
     0100      8   60  00  00  00  00  00  00  B1      14.1584
     0101      8   00  01  00  00  00  00  01  5B      14.1658
     0102      8   60  00  00  00  00  00  00  B1      14.1660
     0100      8   80  00  00  00  00  00  00  A1      14.1663
     0100      8   A0  00  00  00  00  00  00  CE      14.1740
     0101      8   20  01  00  00  00  00  01  34      14.1758
     0102      8   A0  00  00  00  00  00  00  CE      14.1760
     0100      8   A0  00  00  00  00  00  00  CE      14.1791
     0101      8   40  01  00  00  00  00  01  85      14.1858
     0102      8   A0  00  00  00  00  00  00  CE      14.1860
     0100      8   C0  00  00  00  00  00  00  7F      14.1869
     0100      8   E0  00  00  00  00  00  00  10      14.1947
     0101      8   60  01  00  00  00  00  01  EA      14.1958
     0102      8   E0  00  00  00  00  00  00  10      14.1960
     0100      8   E0  00  00  00  00  00  00  10      14.1998
     0101      8   80  01  00  00  00  00  01  FA      14.2058
     0102      8   E0  00  00  00  00  00  00  10      14.2060
     0100      8   00  00  00  00  00  00  00  00      14.2077
     0100      8   20  00  00  00  00  00  00  6F      14.2155
     0101      8   A0  01  00  00  00  00  01  95      14.2157
     0102      8   00  00  00  00  00  00  00  00      14.2160
     0100      8   20  00  00  00  00  00  00  6F      14.2206
     0101      8   C0  01  00  00  00  00  01  24      14.2257
     0102      8   20  00  00  00  00  00  00  6F      14.2260
     0100      8   40  00  00  00  00  00  00  DE      14.2284
     0101      8   E0  01  00  00  00  00  01  4B      14.2357
     0102      8   40  00  00  00  00  00  00  DE      14.2360
     0100      8   60  00  00  00  00  00  00  B1      14.2362
     0100      8   80  00  00  00  00  00  00  A1      14.2440
     0101      8   00  01  00  00  00  00  01  5B      14.2457
     0102      8   80  00  00  00  00  00  00  A1      14.2460
     0501      8   0D  00  00  00  00  00  00  E6      14.2462
     0100      8   80  00  00  00  00  00  00  A1      14.2491
     0101      8   20  01  00  00  00  00  01  34      14.2557
     0102      8   80  00  00  00  00  00  00  A1      14.2560
     0100      8   A0  00  00  00  00  00  00  CE      14.2569
     0100      8   C0  00  00  00  00  00  00  7F      14.2648
     0101      8   40  01  00  00  00  00  01  85      14.2657
     0102      8   C0  00  00  00  00  00  00  7F      14.2660
     0100      8   C0  00  00  00  00  00  00  7F      14.2699
     0101      8   60  01  00  00  00  00  01  EA      14.2757
     0102      8   C0  00  00  00  00  00  00  7F      14.2760
     0100      8   E0  00  00  00  00  00  00  10      14.2777
     0100      8   00  00  00  00  00  00  00  00      14.2855
     0101      8   80  01  00  00  00  00  01  FA      14.2858
     0102      8   E0  00  00  00  00  00  00  10      14.2860
     0100      8   00  00  00  00  00  00  00  00      14.2906
     0101      8   A0  01  00  00  00  00  01  95      14.2957
     0102      8   00  00  00  00  00  00  00  00      14.2960
     0100      8   20  00  00  00  00  00  00  6F      14.2984
     0101      8   C0  01  00  00  00  00  01  24      14.3057
     0102      8   20  00  00  00  00  00  00  6F      14.3060
     0100      8   40  00  00  00  00  00  00  DE      14.3062
     0100      8   60  00  00  00  00  00  00  B1      14.3141
     0101      8   E0  01  00  00  00  00  01  4B      14.3157
     0102      8   60  00  00  00  00  00  00  B1      14.3160
     0100      8   60  00  00  00  00  00  00  B1      14.3192
     0101      8   00  01  00  00  00  00  01  5B      14.3257
     0102      8   60  00  00  00  00  00  00  B1      14.3260
     0100      8   80  00  00  00  00  00  00  A1      14.3270
     0100      8   A0  00  00  00  00  00  00  CE      14.3348
     0101      8   20  01  00  00  00  00  01  34      14.3357
     0102      8   A0  00  00  00  00  00  00  CE      14.3360
     0100      8   A0  00  00  00  00  00  00  CE      14.3399
     0101      8   40  01  00  00  00  00  01  85      14.3457
     0102      8   A0  00  00  00  00  00  00  CE      14.3460
     0501      8   0D  00  00  00  00  00  00  E6      14.3462
     0100      8   C0  00  00  00  00  00  00  7F      14.3477
     0100      8   E0  00  00  00  00  00  00  10      14.3555
     0101      8   60  01  00  00  00  00  01  EA      14.3558
     0102      8   C0  00  00  00  00  00  00  7F      14.3560
     0100      8   E0  00  00  00  00  00  00  10      14.3606
     0101      8   80  01  00  00  00  00  01  FA      14.3657
     0102      8   E0  00  00  00  00  00  00  10      14.3660
     0100      8   00  00  00  00  00  00  00  00      14.3685
     0101      8   A0  01  00  00  00  00  01  95      14.3757
     0102      8   00  00  00  00  00  00  00  00      14.3760
     0100      8   20  00  00  00  00  00  00  6F      14.3763
     0100      8   40  00  00  00  00  00  00  DE      14.3841
     0101      8   C0  01  00  00  00  00  01  24      14.3857
     0102      8   40  00  00  00  00  00  00  DE      14.3860
     0100      8   40  00  00  00  00  00  00  DE      14.3892
     0101      8   E0  01  00  00  00  00  01  4B      14.3957
     0102      8   40  00  00  00  00  00  00  DE      14.3960
     0100      8   60  00  00  00  00  00  00  B1      14.3970
     0100      8   80  00  00  00  00  00  00  A1      14.4048
     0101      8   00  01  00  00  00  00  01  5B      14.4057
     0102      8   80  00  00  00  00  00  00  A1      14.4060
     0100      8   80  00  00  00  00  00  00  A1      14.4099
     0101      8   20  01  00  00  00  00  01  34      14.4157
     0102      8   80  00  00  00  00  00  00  A1      14.4160
     0100      8   A0  00  00  00  00  00  00  CE      14.4177
     0100      8   C0  00  00  00  00  00  00  7F      14.4256
     0101      8   40  01  00  00  00  00  01  85      14.4258
     0102      8   A0  00  00  00  00  00  00  CE      14.4261
     0100      8   C0  00  00  00  00  00  00  7F      14.4307
     0101      8   60  01  00  00  00  00  01  EA      14.4357
     0102      8   C0  00  00  00  00  00  00  7F      14.4360
     0100      8   E0  00  00  00  00  00  00  10      14.4385
     0101      8   80  01  00  00  00  00  01  FA      14.4457
     0102      8   E0  00  00  00  00  00  00  10      14.4460
     0501      8   0D  00  00  00  00  00  00  E6      14.4462
     0100      8   00  00  00  00  00  00  00  00      14.4465
     0100      8   20  00  00  00  00  00  00  6F      14.4541
     0101      8   A0  01  00  00  00  00  01  95      14.4557
     0102      8   20  00  00  00  00  00  00  6F      14.4560
     0100      8   20  00  00  00  00  00  00  6F      14.4592
     0101      8   C0  01  00  00  00  00  01  24      14.4657
     0102      8   20  00  00  00  00  00  00  6F      14.4660
     0100      8   40  00  00  00  00  00  00  DE      14.4670
     0100      8   60  00  00  00  00  00  00  B1      14.4749
     0101      8   E0  01  00  00  00  00  01  4B      14.4757
     0102      8   60  00  00  00  00  00  00  B1      14.4760
     0100      8   60  00  00  00  00  00  00  B1      14.4800
     0101      8   00  01  00  00  00  00  01  5B      14.4857
     0102      8   60  00  00  00  00  00  00  B1      14.4860
     0100      8   80  00  00  00  00  00  00  A1      14.4878
     0100      8   A0  00  00  00  00  00  00  CE      14.4956
     0101      8   20  01  00  00  00  00  01  34      14.4958
     0102      8   80  00  00  00  00  00  00  A1      14.4961
     0100      8   A0  00  00  00  00  00  00  CE      14.5007
     0101      8   40  01  00  00  00  00  01  85      14.5057
     0102      8   A0  00  00  00  00  00  00  CE      14.5060
     0100      8   C0  00  00  00  00  00  00  7F      14.5085
     0101      8   60  01  00  00  00  00  01  EA      14.5157
     0102      8   C0  00  00  00  00  00  00  7F      14.5160
     0100      8   E0  00  00  00  00  00  00  10      14.5163
     0100      8   00  00  00  00  00  00  00  00      14.5242
     0101      8   80  01  00  00  00  00  01  FA      14.5257
     0102      8   00  00  00  00  00  00  00  00      14.5260
     0100      8   00  00  00  00  00  00  00  00      14.5293
     0101      8   A0  01  00  00  00  00  01  95      14.5357
     0102      8   00  00  00  00  00  00  00  00      14.5360
     0100      8   20  00  00  00  00  00  00  6F      14.5371
     0100      8   40  00  00  00  00  00  00  DE      14.5449
     0101      8   C0  01  00  00  00  00  01  24      14.5457
     0102      8   40  00  00  00  00  00  00  DE      14.5459
     0501      8   0D  00  00  00  00  00  00  E6      14.5462
     0100      8   40  00  00  00  00  00  00  DE      14.5500
     0101      8   E0  01  00  00  00  00  01  4B      14.5557
     0102      8   40  00  00  00  00  00  00  DE      14.5559
     0100      8   60  00  00  00  00  00  00  B1      14.5578
     0100      8   80  00  00  00  00  00  00  A1      14.5656
     0101      8   00  01  00  00  00  00  01  5B      14.5659
     0102      8   60  00  00  00  00  00  00  B1      14.5661
     0100      8   80  00  00  00  00  00  00  A1      14.5707
     0101      8   20  01  00  00  00  00  01  34      14.5757
     0102      8   80  00  00  00  00  00  00  A1      14.5759
     0100      8   A0  00  00  00  00  00  00  CE      14.5785
     0101      8   40  01  00  00  00  00  01  85      14.5857
     0102      8   A0  00  00  00  00  00  00  CE      14.5859
     0100      8   C0  00  00  00  00  00  00  7F      14.5864
     0100      8   E0  00  00  00  00  00  00  10      14.5942
     0101      8   60  01  00  00  00  00  01  EA      14.5957
     0102      8   E0  00  00  00  00  00  00  10      14.5959
     0100      8   E0  00  00  00  00  00  00  10      14.5993
     0101      8   80  01  00  00  00  00  01  FA      14.6057
     0102      8   E0  00  00  00  00  00  00  10      14.6059
     0100      8   00  00  00  00  00  00  00  00      14.6071
     0100      8   20  00  00  00  00  00  00  6F      14.6149
     0101      8   A0  01  00  00  00  00  01  95      14.6157
     0102      8   20  00  00  00  00  00  00  6F      14.6159
     0100      8   20  00  00  00  00  00  00  6F      14.6200
     0101      8   C0  01  00  00  00  00  01  24      14.6257
     0102      8   20  00  00  00  00  00  00  6F      14.6259
     0100      8   40  00  00  00  00  00  00  DE      14.6278
     0100      8   60  00  00  00  00  00  00  B1      14.6357
     0101      8   E0  01  00  00  00  00  01  4B      14.6359
     0102      8   40  00  00  00  00  00  00  DE      14.6361
     0100      8   60  00  00  00  00  00  00  B1      14.6408
     0101      8   00  01  00  00  00  00  01  5B      14.6457
     0102      8   60  00  00  00  00  00  00  B1      14.6459
     0501      8   0D  00  00  00  00  00  00  E6      14.6462
     0100      8   80  00  00  00  00  00  00  A1      14.6486
     0101      8   20  01  00  00  00  00  01  34      14.6557
     0102      8   80  00  00  00  00  00  00  A1      14.6559
     0100      8   A0  00  00  00  00  00  00  CE      14.6564
     0100      8   C0  00  00  00  00  00  00  7F      14.6642
     0101      8   40  01  00  00  00  00  01  85      14.6657
     0102      8   C0  00  00  00  00  00  00  7F      14.6659
     0100      8   C0  00  00  00  00  00  00  7F      14.6693
     0101      8   60  01  00  00  00  00  01  EA      14.6757
     0102      8   C0  00  00  00  00  00  00  7F      14.6759
     0100      8   E0  00  00  00  00  00  00  10      14.6771
     0100      8   00  00  00  00  00  00  00  00      14.6849
     0101      8   80  01  00  00  00  00  01  FA      14.6857
     0102      8   00  00  00  00  00  00  00  00      14.6859
     0100      8   00  00  00  00  00  00  00  00      14.6900
     0101      8   A0  01  00  00  00  00  01  95      14.6957
     0102      8   00  00  00  00  00  00  00  00      14.6959
     0100      8   20  00  00  00  00  00  00  6F      14.6979
     0100      8   40  00  00  00  00  00  00  DE      14.7057
     0101      8   C0  01  00  00  00  00  01  24      14.7059
     0102      8   20  00  00  00  00  00  00  6F      14.7062
     0100      8   40  00  00  00  00  00  00  DE      14.7108
     0101      8   E0  01  00  00  00  00  01  4B      14.7157
     0102      8   40  00  00  00  00  00  00  DE      14.7159
     0100      8   60  00  00  00  00  00  00  B1      14.7186
     0101      8   00  01  00  00  00  00  01  5B      14.7257
     0102      8   60  00  00  00  00  00  00  B1      14.7259
     0100      8   80  00  00  00  00  00  00  A1      14.7264
     0100      8   A0  00  00  00  00  00  00  CE      14.7342
     0101      8   20  01  00  00  00  00  01  34      14.7357
     0102      8   A0  00  00  00  00  00  00  CE      14.7359
     0100      8   A0  00  00  00  00  00  00  CE      14.7393
     0101      8   40  01  00  00  00  00  01  85      14.7457
     0102      8   A0  00  00  00  00  00  00  CE      14.7459
     0501      8   0D  00  00  00  00  00  00  E6      14.7462
     0100      8   C0  00  00  00  00  00  00  7F      14.7472
     0100      8   E0  00  00  00  00  00  00  10      14.7550
     0101      8   60  01  00  00  00  00  01  EA      14.7557
     0102      8   E0  00  00  00  00  00  00  10      14.7559
     0100      8   E0  00  00  00  00  00  00  10      14.7601
     0101      8   80  01  00  00  00  00  01  FA      14.7657
     0102      8   E0  00  00  00  00  00  00  10      14.7659
     0100      8   00  00  00  00  00  00  00  00      14.7679
     0101      8   A0  01  00  00  00  00  01  95      14.7757
     0100      8   20  00  00  00  00  00  00  6F      14.7759
     0102      8   00  00  00  00  00  00  00  00      14.7762
     0100      8   40  00  00  00  00  00  00  DE      14.7835
     0101      8   C0  01  00  00  00  00  01  24      14.7857
     0102      8   40  00  00  00  00  00  00  DE      14.7859
     0100      8   40  00  00  00  00  00  00  DE      14.7886
     0101      8   E0  01  00  00  00  00  01  4B      14.7957
     0102      8   40  00  00  00  00  00  00  DE      14.7959
     0100      8   60  00  00  00  00  00  00  B1      14.7964
     0100      8   80  00  00  00  00  00  00  A1      14.8043
     0101      8   00  01  00  00  00  00  01  5B      14.8057
     0102      8   80  00  00  00  00  00  00  A1      14.8059
     0100      8   80  00  00  00  00  00  00  A1      14.8094
     0101      8   20  01  00  00  00  00  01  34      14.8157
     0102      8   80  00  00  00  00  00  00  A1      14.8159
     0100      8   A0  00  00  00  00  00  00  CE      14.8172
     0100      8   C0  00  00  00  00  00  00  7F      14.8250
     0101      8   40  01  00  00  00  00  01  85      14.8257
     0102      8   C0  00  00  00  00  00  00  7F      14.8259
     0100      8   C0  00  00  00  00  00  00  7F      14.8301
     0101      8   60  01  00  00  00  00  01  EA      14.8357
     0102      8   C0  00  00  00  00  00  00  7F      14.8359
     0100      8   E0  00  00  00  00  00  00  10      14.8379
     0101      8   80  01  00  00  00  00  01  FA      14.8457
     0100      8   00  00  00  00  00  00  00  00      14.8459
     0102      8   E0  00  00  00  00  00  00  10      14.8462
     0501      8   0D  00  00  00  00  00  00  E6      14.8464
     0100      8   20  00  00  00  00  00  00  6F      14.8536
     0101      8   A0  01  00  00  00  00  01  95      14.8557
     0102      8   20  00  00  00  00  00  00  6F      14.8559
     0100      8   20  00  00  00  00  00  00  6F      14.8587
     0101      8   C0  01  00  00  00  00  01  24      14.8657
     0102      8   20  00  00  00  00  00  00  6F      14.8659
     0100      8   40  00  00  00  00  00  00  DE      14.8665
     0100      8   60  00  00  00  00  00  00  B1      14.8743
     0101      8   E0  01  00  00  00  00  01  4B      14.8757
     0102      8   60  00  00  00  00  00  00  B1      14.8759
     0100      8   60  00  00  00  00  00  00  B1      14.8794
     0101      8   00  01  00  00  00  00  01  5B      14.8857
     0102      8   60  00  00  00  00  00  00  B1      14.8859
     0100      8   80  00  00  00  00  00  00  A1      14.8872
     0100      8   A0  00  00  00  00  00  00  CE      14.8950
     0101      8   20  01  00  00  00  00  01  34      14.8957
     0102      8   A0  00  00  00  00  00  00  CE      14.8959
     0100      8   A0  00  00  00  00  00  00  CE      14.9001
     0101      8   40  01  00  00  00  00  01  85      14.9057
     0102      8   A0  00  00  00  00  00  00  CE      14.9059
     0100      8   C0  00  00  00  00  00  00  7F      14.9080
     0101      8   60  01  00  00  00  00  01  EA      14.9157
     0100      8   E0  00  00  00  00  00  00  10      14.9159
     0102      8   C0  00  00  00  00  00  00  7F      14.9162
     0100      8   00  00  00  00  00  00  00  00      14.9236
     0101      8   80  01  00  00  00  00  01  FA      14.9257
     0102      8   00  00  00  00  00  00  00  00      14.9259
     0100      8   00  00  00  00  00  00  00  00      14.9287
     0101      8   A0  01  00  00  00  00  01  95      14.9356
     0102      8   00  00  00  00  00  00  00  00      14.9359
     0100      8   20  00  00  00  00  00  00  6F      14.9365
     0100      8   40  00  00  00  00  00  00  DE      14.9443
     0101      8   C0  01  00  00  00  00  01  24      14.9456
     0102      8   40  00  00  00  00  00  00  DE      14.9459
     0501      8   0D  00  00  00  00  00  00  E6      14.9461
     0100      8   40  00  00  00  00  00  00  DE      14.9494
     0101      8   E0  01  00  00  00  00  01  4B      14.9556
     0102      8   40  00  00  00  00  00  00  DE      14.9559
     0100      8   60  00  00  00  00  00  00  B1      14.9572
     0100      8   80  00  00  00  00  00  00  A1      14.9651
     0101      8   00  01  00  00  00  00  01  5B      14.9656
     0102      8   80  00  00  00  00  00  00  A1      14.9659
     0100      8   80  00  00  00  00  00  00  A1      14.9702
     0101      8   20  01  00  00  00  00  01  34      14.9756
     0102      8   80  00  00  00  00  00  00  A1      14.9759
     0100      8   A0  00  00  00  00  00  00  CE      14.9780
     0101      8   40  01  00  00  00  00  01  85      14.9856
     0100      8   C0  00  00  00  00  00  00  7F      14.9859
     0102      8   A0  00  00  00  00  00  00  CE      14.9861
     0100      8   E0  00  00  00  00  00  00  10      14.9936
     0101      8   60  01  00  00  00  00  01  EA      14.9956
     0102      8   E0  00  00  00  00  00  00  10      14.9959
     0100      8   E0  00  00  00  00  00  00  10      14.9987
     0101      8   80  01  00  00  00  00  01  FA      15.0056
     0102      8   E0  00  00  00  00  00  00  10      15.0059
     0100      8   00  00  00  00  00  00  00  00      15.0065
     0100      8   20  00  00  00  00  00  00  6F      15.0144
     0101      8   A0  01  00  00  00  00  01  95      15.0156
     0102      8   20  00  00  00  00  00  00  6F      15.0159
     0100      8   20  00  00  00  00  00  00  6F      15.0195
     0101      8   C0  01  00  00  00  00  01  24      15.0256
     0102      8   20  00  00  00  00  00  00  6F      15.0259
     0100      8   40  00  00  00  00  00  00  DE      15.0273
     0100      8   60  00  00  00  00  00  00  B1      15.0351
     0101      8   E0  01  00  00  00  00  01  4B      15.0356
     0102      8   60  00  00  00  00  00  00  B1      15.0359
     0100      8   60  00  00  00  00  00  00  B1      15.0402
     0101      8   00  01  00  00  00  00  01  5B      15.0456
     0102      8   60  00  00  00  00  00  00  B1      15.0459
     0501      8   0D  00  00  00  00  00  00  E6      15.0461
     0100      8   80  00  00  00  00  00  00  A1      15.0480
     0101      8   20  01  00  00  00  00  01  34      15.0556
     0100      8   A0  00  00  00  00  00  00  CE      15.0559
     0102      8   80  00  00  00  00  00  00  A1      15.0561
     0100      8   C0  00  00  00  00  00  00  7F      15.0636
     0101      8   40  01  00  00  00  00  01  85      15.0656
     0102      8   C0  00  00  00  00  00  00  7F      15.0659
     0100      8   C0  00  00  00  00  00  00  7F      15.0687
     0101      8   60  01  00  00  00  00  01  EA      15.0756
     0102      8   C0  00  00  00  00  00  00  7F      15.0759
     0100      8   E0  00  00  00  00  00  00  10      15.0766
     0100      8   00  00  00  00  00  00  00  00      15.0844
     0101      8   80  01  00  00  00  00  01  FA      15.0856
     0102      8   00  00  00  00  00  00  00  00      15.0859
     0100      8   00  00  00  00  00  00  00  00      15.0895
     0101      8   A0  01  00  00  00  00  01  95      15.0956
     0102      8   00  00  00  00  00  00  00  00      15.0959
     0100      8   20  00  00  00  00  00  00  6F      15.0973
     0100      8   40  00  00  00  00  00  00  DE      15.1051
     0101      8   C0  01  00  00  00  00  01  24      15.1056
     0102      8   20  00  00  00  00  00  00  6F      15.1059
     0100      8   40  00  00  00  00  00  00  DE      15.1102
     0101      8   E0  01  00  00  00  00  01  4B      15.1156
     0102      8   40  00  00  00  00  00  00  DE      15.1159
     0100      8   60  00  00  00  00  00  00  B1      15.1180
     0101      8   00  01  00  00  00  00  01  5B      15.1256
     0100      8   80  00  00  00  00  00  00  A1      15.1259
     0102      8   60  00  00  00  00  00  00  B1      15.1261
     0100      8   A0  00  00  00  00  00  00  CE      15.1337
     0101      8   20  01  00  00  00  00  01  34      15.1356
     0102      8   A0  00  00  00  00  00  00  CE      15.1359
     0100      8   A0  00  00  00  00  00  00  CE      15.1388
     0101      8   40  01  00  00  00  00  01  85      15.1456
     0102      8   A0  00  00  00  00  00  00  CE      15.1459
     0501      8   0D  00  00  00  00  00  00  E6      15.1461
     0100      8   C0  00  00  00  00  00  00  7F      15.1466
     0100      8   E0  00  00  00  00  00  00  10      15.1544
     0101      8   60  01  00  00  00  00  01  EA      15.1556
     0102      8   E0  00  00  00  00  00  00  10      15.1559
     0100      8   E0  00  00  00  00  00  00  10      15.1595
     0101      8   80  01  00  00  00  00  01  FA      15.1656
     0102      8   E0  00  00  00  00  00  00  10      15.1659
     0100      8   00  00  00  00  00  00  00  00      15.1673
     0100      8   20  00  00  00  00  00  00  6F      15.1751
     0101      8   A0  01  00  00  00  00  01  95      15.1756
     0102      8   00  00  00  00  00  00  00  00      15.1759
     0100      8   20  00  00  00  00  00  00  6F      15.1802
     0101      8   C0  01  00  00  00  00  01  24      15.1856
     0102      8   20  00  00  00  00  00  00  6F      15.1859
     0100      8   40  00  00  00  00  00  00  DE      15.1881
     0101      8   E0  01  00  00  00  00  01  4B      15.1956
     0102      8   40  00  00  00  00  00  00  DE      15.1959
     0100      8   60  00  00  00  00  00  00  B1      15.1961
     0100      8   80  00  00  00  00  00  00  A1      15.2037
     0101      8   00  01  00  00  00  00  01  5B      15.2056
     0102      8   80  00  00  00  00  00  00  A1      15.2059
     0100      8   80  00  00  00  00  00  00  A1      15.2088
     0101      8   20  01  00  00  00  00  01  34      15.2156
     0102      8   80  00  00  00  00  00  00  A1      15.2159
     0100      8   A0  00  00  00  00  00  00  CE      15.2166
     0100      8   C0  00  00  00  00  00  00  7F      15.2244
     0101      8   40  01  00  00  00  00  01  85      15.2256
     0102      8   C0  00  00  00  00  00  00  7F      15.2259
     0100      8   C0  00  00  00  00  00  00  7F      15.2295
     0101      8   60  01  00  00  00  00  01  EA      15.2356
     0102      8   C0  00  00  00  00  00  00  7F      15.2359
     0100      8   E0  00  00  00  00  00  00  10      15.2373
     0100      8   00  00  00  00  00  00  00  00      15.2452
     0101      8   80  01  00  00  00  00  01  FA      15.2456
     0102      8   E0  00  00  00  00  00  00  10      15.2459
     0501      8   0D  00  00  00  00  00  00  E6      15.2461
     0100      8   00  00  00  00  00  00  00  00      15.2503
     0101      8   A0  01  00  00  00  00  01  95      15.2556
     0102      8   00  00  00  00  00  00  00  00      15.2559
     0100      8   20  00  00  00  00  00  00  6F      15.2581
     0101      8   C0  01  00  00  00  00  01  24      15.2656
     0102      8   20  00  00  00  00  00  00  6F      15.2659
     0100      8   40  00  00  00  00  00  00  DE      15.2661
     0100      8   60  00  00  00  00  00  00  B1      15.2737
     0101      8   E0  01  00  00  00  00  01  4B      15.2756
     0102      8   60  00  00  00  00  00  00  B1      15.2758
     0100      8   60  00  00  00  00  00  00  B1      15.2788
     0101      8   00  01  00  00  00  00  01  5B      15.2856
     0102      8   60  00  00  00  00  00  00  B1      15.2858
     0100      8   80  00  00  00  00  00  00  A1      15.2866
     0100      8   A0  00  00  00  00  00  00  CE      15.2945
     0101      8   20  01  00  00  00  00  01  34      15.2956
     0102      8   A0  00  00  00  00  00  00  CE      15.2958
     0100      8   A0  00  00  00  00  00  00  CE      15.2996
     0101      8   40  01  00  00  00  00  01  85      15.3056
     0102      8   A0  00  00  00  00  00  00  CE      15.3058
     0100      8   C0  00  00  00  00  00  00  7F      15.3074
     0100      8   E0  00  00  00  00  00  00  10      15.3152
     0101      8   60  01  00  00  00  00  01  EA      15.3156
     0102      8   C0  00  00  00  00  00  00  7F      15.3158
     0100      8   E0  00  00  00  00  00  00  10      15.3203
     0101      8   80  01  00  00  00  00  01  FA      15.3256
     0102      8   E0  00  00  00  00  00  00  10      15.3258
     0100      8   00  00  00  00  00  00  00  00      15.3281
     0101      8   A0  01  00  00  00  00  01  95      15.3356
     0102      8   00  00  00  00  00  00  00  00      15.3358
     0100      8   20  00  00  00  00  00  00  6F      15.3361
     0100      8   40  00  00  00  00  00  00  DE      15.3437
     0101      8   C0  01  00  00  00  00  01  24      15.3456
     0102      8   40  00  00  00  00  00  00  DE      15.3458
     0501      8   0D  00  00  00  00  00  00  E6      15.3461
     0100      8   40  00  00  00  00  00  00  DE      15.3488
     0101      8   E0  01  00  00  00  00  01  4B      15.3556
     0102      8   40  00  00  00  00  00  00  DE      15.3558
     0100      8   60  00  00  00  00  00  00  B1      15.3567
     0100      8   80  00  00  00  00  00  00  A1      15.3645
     0101      8   00  01  00  00  00  00  01  5B      15.3656
     0102      8   80  00  00  00  00  00  00  A1      15.3658
     0100      8   80  00  00  00  00  00  00  A1      15.3696
     0101      8   20  01  00  00  00  00  01  34      15.3756
     0102      8   80  00  00  00  00  00  00  A1      15.3758
     0100      8   A0  00  00  00  00  00  00  CE      15.3774
     0100      8   C0  00  00  00  00  00  00  7F      15.3852
     0101      8   40  01  00  00  00  00  01  85      15.3856
     0102      8   A0  00  00  00  00  00  00  CE      15.3858
     0100      8   C0  00  00  00  00  00  00  7F      15.3903
     0101      8   60  01  00  00  00  00  01  EA      15.3956
     0102      8   C0  00  00  00  00  00  00  7F      15.3958
     0100      8   E0  00  00  00  00  00  00  10      15.3981
     0101      8   80  01  00  00  00  00  01  FA      15.4056
     0102      8   E0  00  00  00  00  00  00  10      15.4058
     0100      8   00  00  00  00  00  00  00  00      15.4061
     0100      8   20  00  00  00  00  00  00  6F      15.4138
     0101      8   A0  01  00  00  00  00  01  95      15.4156
     0102      8   20  00  00  00  00  00  00  6F      15.4158
     0100      8   20  00  00  00  00  00  00  6F      15.4189
     0101      8   C0  01  00  00  00  00  01  24      15.4256
     0102      8   20  00  00  00  00  00  00  6F      15.4258
     0100      8   40  00  00  00  00  00  00  DE      15.4267
     0100      8   60  00  00  00  00  00  00  B1      15.4345
     0101      8   E0  01  00  00  00  00  01  4B      15.4356
     0102      8   60  00  00  00  00  00  00  B1      15.4358
     0100      8   60  00  00  00  00  00  00  B1      15.4396
     0101      8   00  01  00  00  00  00  01  5B      15.4456
     0102      8   60  00  00  00  00  00  00  B1      15.4458
     0501      8   0D  00  00  00  00  00  00  E6      15.4461
     0100      8   80  00  00  00  00  00  00  A1      15.4474
     0100      8   A0  00  00  00  00  00  00  CE      15.4552
     0101      8   20  01  00  00  00  00  01  34      15.4556
     0102      8   80  00  00  00  00  00  00  A1      15.4558
     0100      8   A0  00  00  00  00  00  00  CE      15.4603
     0101      8   40  01  00  00  00  00  01  85      15.4656
     0102      8   A0  00  00  00  00  00  00  CE      15.4658
     0100      8   C0  00  00  00  00  00  00  7F      15.4682
     0101      8   60  01  00  00  00  00  01  EA      15.4756
     0102      8   C0  00  00  00  00  00  00  7F      15.4758
     0100      8   E0  00  00  00  00  00  00  10      15.4761
     0100      8   00  00  00  00  00  00  00  00      15.4838
     0101      8   80  01  00  00  00  00  01  FA      15.4856
     0102      8   00  00  00  00  00  00  00  00      15.4858
     0100      8   00  00  00  00  00  00  00  00      15.4889
     0101      8   A0  01  00  00  00  00  01  95      15.4956
     0102      8   00  00  00  00  00  00  00  00      15.4958
     0100      8   20  00  00  00  00  00  00  6F      15.4967
     0100      8   40  00  00  00  00  00  00  DE      15.5045
     0101      8   C0  01  00  00  00  00  01  24      15.5056
     0102      8   40  00  00  00  00  00  00  DE      15.5058
     0100      8   40  00  00  00  00  00  00  DE      15.5096
     0101      8   E0  01  00  00  00  00  01  4B      15.5156
     0102      8   40  00  00  00  00  00  00  DE      15.5158
     0100      8   60  00  00  00  00  00  00  B1      15.5175
     0100      8   80  00  00  00  00  00  00  A1      15.5253
     0101      8   00  01  00  00  00  00  01  5B      15.5256
     0102      8   60  00  00  00  00  00  00  B1      15.5258
     0100      8   80  00  00  00  00  00  00  A1      15.5304
     0101      8   20  01  00  00  00  00  01  34      15.5356
     0102      8   80  00  00  00  00  00  00  A1      15.5358
     0100      8   A0  00  00  00  00  00  00  CE      15.5382
     0101      8   40  01  00  00  00  00  01  85      15.5456
     0102      8   A0  00  00  00  00  00  00  CE      15.5458
     0100      8   C0  00  00  00  00  00  00  7F      15.5461
     0501      8   0D  00  00  00  00  00  00  E6      15.5463
     0100      8   E0  00  00  00  00  00  00  10      15.5538
     0101      8   60  01  00  00  00  00  01  EA      15.5556
     0102      8   E0  00  00  00  00  00  00  10      15.5558
     0100      8   E0  00  00  00  00  00  00  10      15.5589
     0101      8   80  01  00  00  00  00  01  FA      15.5656
     0102      8   E0  00  00  00  00  00  00  10      15.5658
     0100      8   00  00  00  00  00  00  00  00      15.5668
     0100      8   20  00  00  00  00  00  00  6F      15.5746
     0101      8   A0  01  00  00  00  00  01  95      15.5756
     0102      8   20  00  00  00  00  00  00  6F      15.5758
     0100      8   20  00  00  00  00  00  00  6F      15.5797
     0101      8   C0  01  00  00  00  00  01  24      15.5856
     0102      8   20  00  00  00  00  00  00  6F      15.5858
     0100      8   40  00  00  00  00  00  00  DE      15.5875
     0100      8   60  00  00  00  00  00  00  B1      15.5953
     0101      8   E0  01  00  00  00  00  01  4B      15.5956
     0102      8   40  00  00  00  00  00  00  DE      15.5958
     0100      8   60  00  00  00  00  00  00  B1      15.6004
     0101      8   00  01  00  00  00  00  01  5B      15.6056
     0102      8   60  00  00  00  00  00  00  B1      15.6058
     0100      8   80  00  00  00  00  00  00  A1      15.6082
     0101      8   20  01  00  00  00  00  01  34      15.6156
     0102      8   80  00  00  00  00  00  00  A1      15.6158
     0100      8   A0  00  00  00  00  00  00  CE      15.6160
     0100      8   C0  00  00  00  00  00  00  7F      15.6239
     0101      8   40  01  00  00  00  00  01  85      15.6256
     0102      8   C0  00  00  00  00  00  00  7F      15.6258
     0100      8   C0  00  00  00  00  00  00  7F      15.6290
     0101      8   60  01  00  00  00  00  01  EA      15.6356
     0102      8   C0  00  00  00  00  00  00  7F      15.6358
     0100      8   E0  00  00  00  00  00  00  10      15.6368
     0100      8   00  00  00  00  00  00  00  00      15.6446
     0101      8   80  01  00  00  00  00  01  FA      15.6456
     0102      8   00  00  00  00  00  00  00  00      15.6458
     0501      8   0D  00  00  00  00  00  00  E6      15.6461
     0100      8   00  00  00  00  00  00  00  00      15.6497
     0101      8   A0  01  00  00  00  00  01  95      15.6555
     0102      8   00  00  00  00  00  00  00  00      15.6558
     0100      8   20  00  00  00  00  00  00  6F      15.6575
     0100      8   40  00  00  00  00  00  00  DE      15.6653
     0101      8   C0  01  00  00  00  00  01  24      15.6656
     0102      8   20  00  00  00  00  00  00  6F      15.6658
     0100      8   40  00  00  00  00  00  00  DE      15.6704
     0101      8   E0  01  00  00  00  00  01  4B      15.6755
     0102      8   40  00  00  00  00  00  00  DE      15.6758
     0100      8   60  00  00  00  00  00  00  B1      15.6783
     0101      8   00  01  00  00  00  00  01  5B      15.6855
     0102      8   60  00  00  00  00  00  00  B1      15.6858
     0100      8   80  00  00  00  00  00  00  A1      15.6861
     0100      8   A0  00  00  00  00  00  00  CE      15.6939
     0101      8   20  01  00  00  00  00  01  34      15.6955
     0102      8   A0  00  00  00  00  00  00  CE      15.6958
     0100      8   A0  00  00  00  00  00  00  CE      15.6990
     0101      8   40  01  00  00  00  00  01  85      15.7055
     0102      8   A0  00  00  00  00  00  00  CE      15.7058
     0100      8   C0  00  00  00  00  00  00  7F      15.7068
     0100      8   E0  00  00  00  00  00  00  10      15.7146
     0101      8   60  01  00  00  00  00  01  EA      15.7155
     0102      8   E0  00  00  00  00  00  00  10      15.7158
     0100      8   E0  00  00  00  00  00  00  10      15.7197
     0101      8   80  01  00  00  00  00  01  FA      15.7255
     0102      8   E0  00  00  00  00  00  00  10      15.7258
     0100      8   00  00  00  00  00  00  00  00      15.7275
     0100      8   20  00  00  00  00  00  00  6F      15.7354
     0101      8   A0  01  00  00  00  00  01  95      15.7356
     0102      8   00  00  00  00  00  00  00  00      15.7359
     0100      8   20  00  00  00  00  00  00  6F      15.7405
     0101      8   C0  01  00  00  00  00  01  24      15.7455
     0102      8   20  00  00  00  00  00  00  6F      15.7458
     0501      8   0D  00  00  00  00  00  00  E6      15.7460
     0100      8   40  00  00  00  00  00  00  DE      15.7483
     0101      8   E0  01  00  00  00  00  01  4B      15.7555
     0102      8   40  00  00  00  00  00  00  DE      15.7558
     0100      8   60  00  00  00  00  00  00  B1      15.7561
     0100      8   80  00  00  00  00  00  00  A1      15.7639
     0101      8   00  01  00  00  00  00  01  5B      15.7655
     0102      8   80  00  00  00  00  00  00  A1      15.7658
     0100      8   80  00  00  00  00  00  00  A1      15.7690
     0101      8   20  01  00  00  00  00  01  34      15.7755
     0102      8   80  00  00  00  00  00  00  A1      15.7758
     0100      8   A0  00  00  00  00  00  00  CE      15.7768
     0100      8   C0  00  00  00  00  00  00  7F      15.7847
     0101      8   40  01  00  00  00  00  01  85      15.7855
     0102      8   C0  00  00  00  00  00  00  7F      15.7858
     0100      8   C0  00  00  00  00  00  00  7F      15.7898
     0101      8   60  01  00  00  00  00  01  EA      15.7955
     0102      8   C0  00  00  00  00  00  00  7F      15.7958
     0100      8   E0  00  00  00  00  00  00  10      15.7976
     0100      8   00  00  00  00  00  00  00  00      15.8054
     0101      8   80  01  00  00  00  00  01  FA      15.8056
     0102      8   E0  00  00  00  00  00  00  10      15.8059
     0100      8   00  00  00  00  00  00  00  00      15.8105
     0101      8   A0  01  00  00  00  00  01  95      15.8155
     0102      8   00  00  00  00  00  00  00  00      15.8158
     0100      8   20  00  00  00  00  00  00  6F      15.8183
     0101      8   C0  01  00  00  00  00  01  24      15.8255
     0102      8   20  00  00  00  00  00  00  6F      15.8258
     0100      8   40  00  00  00  00  00  00  DE      15.8261
     0100      8   60  00  00  00  00  00  00  B1      15.8339
     0101      8   E0  01  00  00  00  00  01  4B      15.8355
     0102      8   60  00  00  00  00  00  00  B1      15.8358
     0100      8   60  00  00  00  00  00  00  B1      15.8390
     0101      8   00  01  00  00  00  00  01  5B      15.8455
     0102      8   60  00  00  00  00  00  00  B1      15.8458
     0501      8   0D  00  00  00  00  00  00  E6      15.8460
     0100      8   80  00  00  00  00  00  00  A1      15.8469
     0100      8   A0  00  00  00  00  00  00  CE      15.8547
     0101      8   20  01  00  00  00  00  01  34      15.8555
     0102      8   A0  00  00  00  00  00  00  CE      15.8558
     0100      8   A0  00  00  00  00  00  00  CE      15.8598
     0101      8   40  01  00  00  00  00  01  85      15.8655
     0102      8   A0  00  00  00  00  00  00  CE      15.8658
     0100      8   C0  00  00  00  00  00  00  7F      15.8676
     0100      8   E0  00  00  00  00  00  00  10      15.8754
     0101      8   60  01  00  00  00  00  01  EA      15.8757
     0102      8   C0  00  00  00  00  00  00  7F      15.8759
     0100      8   E0  00  00  00  00  00  00  10      15.8805
     0101      8   80  01  00  00  00  00  01  FA      15.8855
     0102      8   E0  00  00  00  00  00  00  10      15.8858
     0100      8   00  00  00  00  00  00  00  00      15.8883
     0101      8   A0  01  00  00  00  00  01  95      15.8955
     0102      8   00  00  00  00  00  00  00  00      15.8958
     0100      8   20  00  00  00  00  00  00  6F      15.8962
     0100      8   40  00  00  00  00  00  00  DE      15.9040
     0101      8   C0  01  00  00  00  00  01  24      15.9055
     0102      8   40  00  00  00  00  00  00  DE      15.9058
     0100      8   40  00  00  00  00  00  00  DE      15.9091
     0101      8   E0  01  00  00  00  00  01  4B      15.9155
     0102      8   40  00  00  00  00  00  00  DE      15.9158
     0100      8   60  00  00  00  00  00  00  B1      15.9169
     0100      8   80  00  00  00  00  00  00  A1      15.9247
     0101      8   00  01  00  00  00  00  01  5B      15.9255
     0102      8   80  00  00  00  00  00  00  A1      15.9258
     0100      8   80  00  00  00  00  00  00  A1      15.9298
     0101      8   20  01  00  00  00  00  01  34      15.9355
     0102      8   80  00  00  00  00  00  00  A1      15.9358
     0100      8   A0  00  00  00  00  00  00  CE      15.9376
     0100      8   C0  00  00  00  00  00  00  7F      15.9455
     0101      8   40  01  00  00  00  00  01  85      15.9457
     0102      8   A0  00  00  00  00  00  00  CE      15.9459
     0501      8   0D  00  00  00  00  00  00  E6      15.9462
     0100      8   C0  00  00  00  00  00  00  7F      15.9506
     0101      8   60  01  00  00  00  00  01  EA      15.9555
     0102      8   C0  00  00  00  00  00  00  7F      15.9558
     0100      8   E0  00  00  00  00  00  00  10      15.9584
     0101      8   80  01  00  00  00  00  01  FA      15.9655
     0102      8   E0  00  00  00  00  00  00  10      15.9658
     0100      8   00  00  00  00  00  00  00  00      15.9662
     0100      8   20  00  00  00  00  00  00  6F      15.9740
     0101      8   A0  01  00  00  00  00  01  95      15.9755
     0102      8   20  00  00  00  00  00  00  6F      15.9758
     0100      8   20  00  00  00  00  00  00  6F      15.9791
     0101      8   C0  01  00  00  00  00  01  24      15.9855
     0102      8   20  00  00  00  00  00  00  6F      15.9857
     0100      8   40  00  00  00  00  00  00  DE      15.9869
     0100      8   60  00  00  00  00  00  00  B1      15.9947
     0101      8   E0  01  00  00  00  00  01  4B      15.9955
     0102      8   60  00  00  00  00  00  00  B1      15.9957
     0100      8   60  00  00  00  00  00  00  B1      15.9998
     0101      8   00  01  00  00  00  00  01  5B      16.0055
     0102      8   60  00  00  00  00  00  00  B1      16.0057
     0100      8   80  00  00  00  00  00  00  A1      16.0077
     0100      8   A0  00  00  00  00  00  00  CE      16.0155
     0101      8   20  01  00  00  00  00  01  34      16.0157
     0102      8   80  00  00  00  00  00  00  A1      16.0160
     0100      8   A0  00  00  00  00  00  00  CE      16.0206
     0101      8   40  01  00  00  00  00  01  85      16.0255
     0102      8   A0  00  00  00  00  00  00  CE      16.0257
     0100      8   C0  00  00  00  00  00  00  7F      16.0284
     0101      8   60  01  00  00  00  00  01  EA      16.0355
     0102      8   C0  00  00  00  00  00  00  7F      16.0357
     0100      8   E0  00  00  00  00  00  00  10      16.0362
     0100      8   00  00  00  00  00  00  00  00      16.0440
     0101      8   80  01  00  00  00  00  01  FA      16.0455
     0102      8   00  00  00  00  00  00  00  00      16.0457
     0501      8   0D  00  00  00  00  00  00  E6      16.0460
     0100      8   00  00  00  00  00  00  00  00      16.0491
     0101      8   A0  01  00  00  00  00  01  95      16.0555
     0102      8   00  00  00  00  00  00  00  00      16.0557
     0100      8   20  00  00  00  00  00  00  6F      16.0570
     0100      8   40  00  00  00  00  00  00  DE      16.0648
     0101      8   C0  01  00  00  00  00  01  24      16.0655
     0102      8   40  00  00  00  00  00  00  DE      16.0657
     0100      8   40  00  00  00  00  00  00  DE      16.0699
     0101      8   E0  01  00  00  00  00  01  4B      16.0755
     0102      8   40  00  00  00  00  00  00  DE      16.0757
     0100      8   60  00  00  00  00  00  00  B1      16.0777
     0101      8   00  01  00  00  00  00  01  5B      16.0855
     0100      8   80  00  00  00  00  00  00  A1      16.0857
     0102      8   60  00  00  00  00  00  00  B1      16.0860
     0100      8   A0  00  00  00  00  00  00  CE      16.0933
     0101      8   20  01  00  00  00  00  01  34      16.0955
     0102      8   A0  00  00  00  00  00  00  CE      16.0957
     0100      8   A0  00  00  00  00  00  00  CE      16.0984
     0101      8   40  01  00  00  00  00  01  85      16.1055
     0102      8   A0  00  00  00  00  00  00  CE      16.1057
     0100      8   C0  00  00  00  00  00  00  7F      16.1062
     0100      8   E0  00  00  00  00  00  00  10      16.1141
     0101      8   60  01  00  00  00  00  01  EA      16.1155
     0102      8   E0  00  00  00  00  00  00  10      16.1157
     0100      8   E0  00  00  00  00  00  00  10      16.1192
     0101      8   80  01  00  00  00  00  01  FA      16.1255
     0102      8   E0  00  00  00  00  00  00  10      16.1257
     0100      8   00  00  00  00  00  00  00  00      16.1270
     0100      8   20  00  00  00  00  00  00  6F      16.1348
     0101      8   A0  01  00  00  00  00  01  95      16.1355
     0102      8   20  00  00  00  00  00  00  6F      16.1357
     0100      8   20  00  00  00  00  00  00  6F      16.1399
     0101      8   C0  01  00  00  00  00  01  24      16.1455
     0102      8   20  00  00  00  00  00  00  6F      16.1457
     0501      8   0D  00  00  00  00  00  00  E6      16.1460
     0100      8   40  00  00  00  00  00  00  DE      16.1477
     0101      8   E0  01  00  00  00  00  01  4B      16.1555
     0100      8   60  00  00  00  00  00  00  B1      16.1557
     0102      8   40  00  00  00  00  00  00  DE      16.1560
     0100      8   80  00  00  00  00  00  00  A1      16.1634
     0101      8   00  01  00  00  00  00  01  5B      16.1655
     0102      8   80  00  00  00  00  00  00  A1      16.1657
     0100      8   80  00  00  00  00  00  00  A1      16.1685
     0101      8   20  01  00  00  00  00  01  34      16.1755
     0102      8   80  00  00  00  00  00  00  A1      16.1757
     0100      8   A0  00  00  00  00  00  00  CE      16.1763
     0100      8   C0  00  00  00  00  00  00  7F      16.1841
     0101      8   40  01  00  00  00  00  01  85      16.1855
     0102      8   C0  00  00  00  00  00  00  7F      16.1857
     0100      8   C0  00  00  00  00  00  00  7F      16.1892
     0101      8   60  01  00  00  00  00  01  EA      16.1955
     0102      8   C0  00  00  00  00  00  00  7F      16.1957
     0100      8   E0  00  00  00  00  00  00  10      16.1970
     0100      8   00  00  00  00  00  00  00  00      16.2048
     0101      8   80  01  00  00  00  00  01  FA      16.2055
     0102      8   00  00  00  00  00  00  00  00      16.2057
     0100      8   00  00  00  00  00  00  00  00      16.2099
     0101      8   A0  01  00  00  00  00  01  95      16.2155
     0102      8   00  00  00  00  00  00  00  00      16.2157
     0100      8   20  00  00  00  00  00  00  6F      16.2177
     0101      8   C0  01  00  00  00  00  01  24      16.2255
     0100      8   40  00  00  00  00  00  00  DE      16.2257
     0102      8   20  00  00  00  00  00  00  6F      16.2260
     0100      8   60  00  00  00  00  00  00  B1      16.2334
     0101      8   E0  01  00  00  00  00  01  4B      16.2355
     0102      8   60  00  00  00  00  00  00  B1      16.2357
     0100      8   60  00  00  00  00  00  00  B1      16.2385
     0101      8   00  01  00  00  00  00  01  5B      16.2455
     0102      8   60  00  00  00  00  00  00  B1      16.2457
     0501      8   0D  00  00  00  00  00  00  E6      16.2460
     0100      8   80  00  00  00  00  00  00  A1      16.2463
     0100      8   A0  00  00  00  00  00  00  CE      16.2541
     0101      8   20  01  00  00  00  00  01  34      16.2555
     0102      8   A0  00  00  00  00  00  00  CE      16.2557
     0100      8   A0  00  00  00  00  00  00  CE      16.2592
     0101      8   40  01  00  00  00  00  01  85      16.2655
     0102      8   A0  00  00  00  00  00  00  CE      16.2657
     0100      8   C0  00  00  00  00  00  00  7F      16.2670
     0100      8   E0  00  00  00  00  00  00  10      16.2749
     0101      8   60  01  00  00  00  00  01  EA      16.2755
     0102      8   E0  00  00  00  00  00  00  10      16.2757
     0100      8   E0  00  00  00  00  00  00  10      16.2800
     0101      8   80  01  00  00  00  00  01  FA      16.2855
     0102      8   E0  00  00  00  00  00  00  10      16.2857
     0100      8   00  00  00  00  00  00  00  00      16.2878
     0101      8   A0  01  00  00  00  00  01  95      16.2955
     0100      8   20  00  00  00  00  00  00  6F      16.2957
     0102      8   00  00  00  00  00  00  00  00      16.2960
     0100      8   40  00  00  00  00  00  00  DE      16.3034
     0101      8   C0  01  00  00  00  00  01  24      16.3055
     0102      8   40  00  00  00  00  00  00  DE      16.3057
     0100      8   40  00  00  00  00  00  00  DE      16.3085
     0101      8   E0  01  00  00  00  00  01  4B      16.3155
     0102      8   40  00  00  00  00  00  00  DE      16.3157
     0100      8   60  00  00  00  00  00  00  B1      16.3163
     0100      8   80  00  00  00  00  00  00  A1      16.3241
     0101      8   00  01  00  00  00  00  01  5B      16.3255
     0102      8   80  00  00  00  00  00  00  A1      16.3257
     0100      8   80  00  00  00  00  00  00  A1      16.3292
     0101      8   20  01  00  00  00  00  01  34      16.3355
     0102      8   80  00  00  00  00  00  00  A1      16.3357
     0100      8   A0  00  00  00  00  00  00  CE      16.3371
     0100      8   C0  00  00  00  00  00  00  7F      16.3449
     0101      8   40  01  00  00  00  00  01  85      16.3455
     0102      8   C0  00  00  00  00  00  00  7F      16.3457
     0501      8   0D  00  00  00  00  00  00  E6      16.3459
     0100      8   C0  00  00  00  00  00  00  7F      16.3500
     0101      8   60  01  00  00  00  00  01  EA      16.3554
     0102      8   C0  00  00  00  00  00  00  7F      16.3557
     0100      8   E0  00  00  00  00  00  00  10      16.3578
     0101      8   80  01  00  00  00  00  01  FA      16.3655
     0100      8   00  00  00  00  00  00  00  00      16.3657
     0102      8   E0  00  00  00  00  00  00  10      16.3660
     0100      8   20  00  00  00  00  00  00  6F      16.3734
     0101      8   A0  01  00  00  00  00  01  95      16.3754
     0102      8   20  00  00  00  00  00  00  6F      16.3757
     0100      8   20  00  00  00  00  00  00  6F      16.3785
     0101      8   C0  01  00  00  00  00  01  24      16.3854
     0102      8   20  00  00  00  00  00  00  6F      16.3857
     0100      8   40  00  00  00  00  00  00  DE      16.3864
     0100      8   60  00  00  00  00  00  00  B1      16.3942
     0101      8   E0  01  00  00  00  00  01  4B      16.3954
     0102      8   60  00  00  00  00  00  00  B1      16.3957
     0100      8   60  00  00  00  00  00  00  B1      16.3993
     0101      8   00  01  00  00  00  00  01  5B      16.4054
     0102      8   60  00  00  00  00  00  00  B1      16.4057
     0100      8   80  00  00  00  00  00  00  A1      16.4071
     0100      8   A0  00  00  00  00  00  00  CE      16.4149
     0101      8   20  01  00  00  00  00  01  34      16.4154
     0102      8   A0  00  00  00  00  00  00  CE      16.4157
     0100      8   A0  00  00  00  00  00  00  CE      16.4200
     0101      8   40  01  00  00  00  00  01  85      16.4254
     0102      8   A0  00  00  00  00  00  00  CE      16.4257
     0100      8   C0  00  00  00  00  00  00  7F      16.4278
     0101      8   60  01  00  00  00  00  01  EA      16.4354
     0100      8   E0  00  00  00  00  00  00  10      16.4357
     0102      8   C0  00  00  00  00  00  00  7F      16.4359
     0100      8   00  00  00  00  00  00  00  00      16.4435
     0101      8   80  01  00  00  00  00  01  FA      16.4454
     0102      8   00  00  00  00  00  00  00  00      16.4457
     0501      8   0D  00  00  00  00  00  00  E6      16.4459
     0100      8   00  00  00  00  00  00  00  00      16.4486
     0101      8   A0  01  00  00  00  00  01  95      16.4554
     0102      8   00  00  00  00  00  00  00  00      16.4557
     0100      8   20  00  00  00  00  00  00  6F      16.4564
     0100      8   40  00  00  00  00  00  00  DE      16.4642
     0101      8   C0  01  00  00  00  00  01  24      16.4654
     0102      8   40  00  00  00  00  00  00  DE      16.4657
     0100      8   40  00  00  00  00  00  00  DE      16.4693
     0101      8   E0  01  00  00  00  00  01  4B      16.4754
     0102      8   40  00  00  00  00  00  00  DE      16.4757
     0100      8   60  00  00  00  00  00  00  B1      16.4771
     0100      8   80  00  00  00  00  00  00  A1      16.4849
     0101      8   00  01  00  00  00  00  01  5B      16.4854
     0102      8   60  00  00  00  00  00  00  B1      16.4857
     0100      8   80  00  00  00  00  00  00  A1      16.4900
     0101      8   20  01  00  00  00  00  01  34      16.4954
     0102      8   80  00  00  00  00  00  00  A1      16.4957
     0100      8   A0  00  00  00  00  00  00  CE      16.4979
     0101      8   40  01  00  00  00  00  01  85      16.5054
     0100      8   C0  00  00  00  00  00  00  7F      16.5057
     0102      8   A0  00  00  00  00  00  00  CE      16.5059
     0100      8   E0  00  00  00  00  00  00  10      16.5135
     0101      8   60  01  00  00  00  00  01  EA      16.5154
     0102      8   E0  00  00  00  00  00  00  10      16.5157
     0100      8   E0  00  00  00  00  00  00  10      16.5186
     0101      8   80  01  00  00  00  00  01  FA      16.5254
     0102      8   E0  00  00  00  00  00  00  10      16.5257
     0100      8   00  00  00  00  00  00  00  00      16.5264
     0100      8   20  00  00  00  00  00  00  6F      16.5342
     0101      8   A0  01  00  00  00  00  01  95      16.5354
     0102      8   20  00  00  00  00  00  00  6F      16.5357
     0100      8   20  00  00  00  00  00  00  6F      16.5393
     0101      8   C0  01  00  00  00  00  01  24      16.5454
     0102      8   20  00  00  00  00  00  00  6F      16.5457
     0501      8   0D  00  00  00  00  00  00  E6      16.5459
     0100      8   40  00  00  00  00  00  00  DE      16.5472
     0100      8   60  00  00  00  00  00  00  B1      16.5550
     0101      8   E0  01  00  00  00  00  01  4B      16.5554
     0102      8   40  00  00  00  00  00  00  DE      16.5557
     0100      8   60  00  00  00  00  00  00  B1      16.5601
     0101      8   00  01  00  00  00  00  01  5B      16.5654
     0102      8   60  00  00  00  00  00  00  B1      16.5657
     0100      8   80  00  00  00  00  00  00  A1      16.5679
     0101      8   20  01  00  00  00  00  01  34      16.5754
     0102      8   80  00  00  00  00  00  00  A1      16.5757
     0100      8   A0  00  00  00  00  00  00  CE      16.5759
     0100      8   C0  00  00  00  00  00  00  7F      16.5835
     0101      8   40  01  00  00  00  00  01  85      16.5854
     0102      8   C0  00  00  00  00  00  00  7F      16.5857
     0100      8   C0  00  00  00  00  00  00  7F      16.5886
     0101      8   60  01  00  00  00  00  01  EA      16.5954
     0102      8   C0  00  00  00  00  00  00  7F      16.5957
     0100      8   E0  00  00  00  00  00  00  10      16.5964
     0100      8   00  00  00  00  00  00  00  00      16.6043
     0101      8   80  01  00  00  00  00  01  FA      16.6054
     0102      8   00  00  00  00  00  00  00  00      16.6057
     0100      8   00  00  00  00  00  00  00  00      16.6094
     0101      8   A0  01  00  00  00  00  01  95      16.6154
     0102      8   00  00  00  00  00  00  00  00      16.6157
     0100      8   20  00  00  00  00  00  00  6F      16.6172
     0100      8   40  00  00  00  00  00  00  DE      16.6250
     0101      8   C0  01  00  00  00  00  01  24      16.6254
     0102      8   20  00  00  00  00  00  00  6F      16.6257
     0100      8   40  00  00  00  00  00  00  DE      16.6301
     0101      8   E0  01  00  00  00  00  01  4B      16.6354
     0102      8   40  00  00  00  00  00  00  DE      16.6357
     0100      8   60  00  00  00  00  00  00  B1      16.6379
     0101      8   00  01  00  00  00  00  01  5B      16.6454
     0102      8   60  00  00  00  00  00  00  B1      16.6457
     0100      8   80  00  00  00  00  00  00  A1      16.6459
     0501      8   0D  00  00  00  00  00  00  E6      16.6462
     0100      8   A0  00  00  00  00  00  00  CE      16.6536
     0101      8   20  01  00  00  00  00  01  34      16.6554
     0102      8   A0  00  00  00  00  00  00  CE      16.6556
     0100      8   A0  00  00  00  00  00  00  CE      16.6587
     0101      8   40  01  00  00  00  00  01  85      16.6654
     0102      8   A0  00  00  00  00  00  00  CE      16.6657
     0100      8   C0  00  00  00  00  00  00  7F      16.6665
     0100      8   E0  00  00  00  00  00  00  10      16.6743
     0101      8   60  01  00  00  00  00  01  EA      16.6754
     0102      8   E0  00  00  00  00  00  00  10      16.6757
     0100      8   E0  00  00  00  00  00  00  10      16.6794
     0101      8   80  01  00  00  00  00  01  FA      16.6854
     0102      8   E0  00  00  00  00  00  00  10      16.6857
     0100      8   00  00  00  00  00  00  00  00      16.6872
     0100      8   20  00  00  00  00  00  00  6F      16.6950
     0101      8   A0  01  00  00  00  00  01  95      16.6954
     0102      8   00  00  00  00  00  00  00  00      16.6957
     0100      8   20  00  00  00  00  00  00  6F      16.7001
     0101      8   C0  01  00  00  00  00  01  24      16.7054
     0102      8   20  00  00  00  00  00  00  6F      16.7057
     0100      8   40  00  00  00  00  00  00  DE      16.7079
     0101      8   E0  01  00  00  00  00  01  4B      16.7154
     0102      8   40  00  00  00  00  00  00  DE      16.7156
     0100      8   60  00  00  00  00  00  00  B1      16.7159
     0100      8   80  00  00  00  00  00  00  A1      16.7236
     0101      8   00  01  00  00  00  00  01  5B      16.7254
     0102      8   80  00  00  00  00  00  00  A1      16.7256
     0100      8   80  00  00  00  00  00  00  A1      16.7287
     0101      8   20  01  00  00  00  00  01  34      16.7354
     0102      8   80  00  00  00  00  00  00  A1      16.7356
     0100      8   A0  00  00  00  00  00  00  CE      16.7365
     0100      8   C0  00  00  00  00  00  00  7F      16.7443
     0101      8   40  01  00  00  00  00  01  85      16.7454
     0102      8   C0  00  00  00  00  00  00  7F      16.7456
     0501      8   0D  00  00  00  00  00  00  E6      16.7459
     0100      8   C0  00  00  00  00  00  00  7F      16.7494
     0101      8   60  01  00  00  00  00  01  EA      16.7554
     0102      8   C0  00  00  00  00  00  00  7F      16.7556
     0100      8   E0  00  00  00  00  00  00  10      16.7572
     0100      8   00  00  00  00  00  00  00  00      16.7651
     0101      8   80  01  00  00  00  00  01  FA      16.7654
     0102      8   E0  00  00  00  00  00  00  10      16.7656
     0100      8   00  00  00  00  00  00  00  00      16.7702
     0101      8   A0  01  00  00  00  00  01  95      16.7754
     0102      8   00  00  00  00  00  00  00  00      16.7756
     0100      8   20  00  00  00  00  00  00  6F      16.7780
     0101      8   C0  01  00  00  00  00  01  24      16.7854
     0102      8   20  00  00  00  00  00  00  6F      16.7856
     0100      8   40  00  00  00  00  00  00  DE      16.7859
     0100      8   60  00  00  00  00  00  00  B1      16.7936
     0101      8   E0  01  00  00  00  00  01  4B      16.7954
     0102      8   60  00  00  00  00  00  00  B1      16.7956
     0100      8   60  00  00  00  00  00  00  B1      16.7987
     0101      8   00  01  00  00  00  00  01  5B      16.8054
     0102      8   60  00  00  00  00  00  00  B1      16.8056
     0100      8   80  00  00  00  00  00  00  A1      16.8065
     0100      8   A0  00  00  00  00  00  00  CE      16.8143
     0101      8   20  01  00  00  00  00  01  34      16.8154
     0102      8   A0  00  00  00  00  00  00  CE      16.8156
     0100      8   A0  00  00  00  00  00  00  CE      16.8194
     0101      8   40  01  00  00  00  00  01  85      16.8254
     0102      8   A0  00  00  00  00  00  00  CE      16.8256
     0100      8   C0  00  00  00  00  00  00  7F      16.8273
     0100      8   E0  00  00  00  00  00  00  10      16.8351
     0101      8   60  01  00  00  00  00  01  EA      16.8354
     0102      8   C0  00  00  00  00  00  00  7F      16.8356
     0100      8   E0  00  00  00  00  00  00  10      16.8402
     0101      8   80  01  00  00  00  00  01  FA      16.8454
     0102      8   E0  00  00  00  00  00  00  10      16.8456
     0501      8   0D  00  00  00  00  00  00  E6      16.8459
     0100      8   00  00  00  00  00  00  00  00      16.8480
     0101      8   A0  01  00  00  00  00  01  95      16.8554
     0102      8   00  00  00  00  00  00  00  00      16.8556
     0100      8   20  00  00  00  00  00  00  6F      16.8559
     0100      8   40  00  00  00  00  00  00  DE      16.8636
     0101      8   C0  01  00  00  00  00  01  24      16.8654
     0102      8   40  00  00  00  00  00  00  DE      16.8656
     0100      8   40  00  00  00  00  00  00  DE      16.8687
     0101      8   E0  01  00  00  00  00  01  4B      16.8754
     0102      8   40  00  00  00  00  00  00  DE      16.8756
     0100      8   60  00  00  00  00  00  00  B1      16.8766
     0100      8   80  00  00  00  00  00  00  A1      16.8844
     0101      8   00  01  00  00  00  00  01  5B      16.8854
     0102      8   80  00  00  00  00  00  00  A1      16.8856
     0100      8   80  00  00  00  00  00  00  A1      16.8895
     0101      8   20  01  00  00  00  00  01  34      16.8954
     0102      8   80  00  00  00  00  00  00  A1      16.8956
     0100      8   A0  00  00  00  00  00  00  CE      16.8973
     0100      8   C0  00  00  00  00  00  00  7F      16.9051
     0101      8   40  01  00  00  00  00  01  85      16.9054
     0102      8   A0  00  00  00  00  00  00  CE      16.9056
     0100      8   C0  00  00  00  00  00  00  7F      16.9102
     0101      8   60  01  00  00  00  00  01  EA      16.9154
     0102      8   C0  00  00  00  00  00  00  7F      16.9156
     0100      8   E0  00  00  00  00  00  00  10      16.9180
     0101      8   80  01  00  00  00  00  01  FA      16.9254
     0102      8   E0  00  00  00  00  00  00  10      16.9256
     0100      8   00  00  00  00  00  00  00  00      16.9259
     0100      8   20  00  00  00  00  00  00  6F      16.9337
     0101      8   A0  01  00  00  00  00  01  95      16.9354
     0102      8   20  00  00  00  00  00  00  6F      16.9356
     0100      8   20  00  00  00  00  00  00  6F      16.9388
     0101      8   C0  01  00  00  00  00  01  24      16.9454
     0102      8   20  00  00  00  00  00  00  6F      16.9456
     0501      8   0D  00  00  00  00  00  00  E6      16.9459
     0100      8   40  00  00  00  00  00  00  DE      16.9466
     0100      8   60  00  00  00  00  00  00  B1      16.9544
     0101      8   E0  01  00  00  00  00  01  4B      16.9554
     0102      8   60  00  00  00  00  00  00  B1      16.9556
     0100      8   60  00  00  00  00  00  00  B1      16.9595
     0101      8   00  01  00  00  00  00  01  5B      16.9654
     0102      8   60  00  00  00  00  00  00  B1      16.9656
     0100      8   80  00  00  00  00  00  00  A1      16.9673
     0100      8   A0  00  00  00  00  00  00  CE      16.9751
     0101      8   20  01  00  00  00  00  01  34      16.9754
     0102      8   80  00  00  00  00  00  00  A1      16.9756
     0100      8   A0  00  00  00  00  00  00  CE      16.9802
     0101      8   40  01  00  00  00  00  01  85      16.9854
     0102      8   A0  00  00  00  00  00  00  CE      16.9856
     0100      8   C0  00  00  00  00  00  00  7F      16.9881
     0101      8   60  01  00  00  00  00  01  EA      16.9954
     0102      8   C0  00  00  00  00  00  00  7F      16.9956
     0100      8   E0  00  00  00  00  00  00  10      16.9959
     0100      8   00  00  00  00  00  00  00  00      17.0037
     0101      8   80  01  00  00  00  00  01  FA      17.0054
     0102      8   00  00  00  00  00  00  00  00      17.0056
     0100      8   00  00  00  00  00  00  00  00      17.0088
     0101      8   A0  01  00  00  00  00  01  95      17.0154
     0102      8   00  00  00  00  00  00  00  00      17.0156
     0100      8   20  00  00  00  00  00  00  6F      17.0166
     0100      8   40  00  00  00  00  00  00  DE      17.0244
     0101      8   C0  01  00  00  00  00  01  24      17.0254
     0102      8   40  00  00  00  00  00  00  DE      17.0256
     0100      8   40  00  00  00  00  00  00  DE      17.0295
     0101      8   E0  01  00  00  00  00  01  4B      17.0354
     0102      8   40  00  00  00  00  00  00  DE      17.0356
     0100      8   60  00  00  00  00  00  00  B1      17.0373
     0100      8   80  00  00  00  00  00  00  A1      17.0452
     0101      8   00  01  00  00  00  00  01  5B      17.0454
     0102      8   60  00  00  00  00  00  00  B1      17.0457
     0501      8   0D  00  00  00  00  00  00  E6      17.0459
     0100      8   80  00  00  00  00  00  00  A1      17.0503
     0101      8   20  01  00  00  00  00  01  34      17.0554
     0102      8   80  00  00  00  00  00  00  A1      17.0556
     0100      8   A0  00  00  00  00  00  00  CE      17.0581
     0101      8   40  01  00  00  00  00  01  85      17.0654
     0102      8   A0  00  00  00  00  00  00  CE      17.0656
     0100      8   C0  00  00  00  00  00  00  7F      17.0659
     0100      8   E0  00  00  00  00  00  00  10      17.0737
     0101      8   60  01  00  00  00  00  01  EA      17.0754
     0102      8   E0  00  00  00  00  00  00  10      17.0756
     0100      8   E0  00  00  00  00  00  00  10      17.0788
     0101      8   80  01  00  00  00  00  01  FA      17.0853
     0102      8   E0  00  00  00  00  00  00  10      17.0856
     0100      8   00  00  00  00  00  00  00  00      17.0866
     0100      8   20  00  00  00  00  00  00  6F      17.0945
     0101      8   A0  01  00  00  00  00  01  95      17.0953
     0102      8   20  00  00  00  00  00  00  6F      17.0956
     0100      8   20  00  00  00  00  00  00  6F      17.0996
     0101      8   C0  01  00  00  00  00  01  24      17.1053
     0102      8   20  00  00  00  00  00  00  6F      17.1056
     0100      8   40  00  00  00  00  00  00  DE      17.1074
     0100      8   60  00  00  00  00  00  00  B1      17.1152
     0101      8   E0  01  00  00  00  00  01  4B      17.1154
     0102      8   40  00  00  00  00  00  00  DE      17.1157
     0100      8   60  00  00  00  00  00  00  B1      17.1203
     0101      8   00  01  00  00  00  00  01  5B      17.1253
     0102      8   60  00  00  00  00  00  00  B1      17.1256
     0100      8   80  00  00  00  00  00  00  A1      17.1281
     0101      8   20  01  00  00  00  00  01  34      17.1353
     0102      8   80  00  00  00  00  00  00  A1      17.1356
     0100      8   A0  00  00  00  00  00  00  CE      17.1359
     0100      8   C0  00  00  00  00  00  00  7F      17.1438
     0101      8   40  01  00  00  00  00  01  85      17.1453
     0102      8   C0  00  00  00  00  00  00  7F      17.1456
     0501      8   0D  00  00  00  00  00  00  E6      17.1458
     0100      8   C0  00  00  00  00  00  00  7F      17.1488
     0101      8   60  01  00  00  00  00  01  EA      17.1553
     0102      8   C0  00  00  00  00  00  00  7F      17.1556
     0100      8   E0  00  00  00  00  00  00  10      17.1567
     0100      8   00  00  00  00  00  00  00  00      17.1645
     0101      8   80  01  00  00  00  00  01  FA      17.1653
     0102      8   00  00  00  00  00  00  00  00      17.1656
     0100      8   00  00  00  00  00  00  00  00      17.1696
     0101      8   A0  01  00  00  00  00  01  95      17.1753
     0102      8   00  00  00  00  00  00  00  00      17.1756
     0100      8   20  00  00  00  00  00  00  6F      17.1774
     0100      8   40  00  00  00  00  00  00  DE      17.1852
     0101      8   C0  01  00  00  00  00  01  24      17.1855
     0102      8   20  00  00  00  00  00  00  6F      17.1857
     0100      8   40  00  00  00  00  00  00  DE      17.1903
     0101      8   E0  01  00  00  00  00  01  4B      17.1953
     0102      8   40  00  00  00  00  00  00  DE      17.1956
     0100      8   60  00  00  00  00  00  00  B1      17.1981
     0101      8   00  01  00  00  00  00  01  5B      17.2053
     0102      8   60  00  00  00  00  00  00  B1      17.2056
     0100      8   80  00  00  00  00  00  00  A1      17.2060
     0100      8   A0  00  00  00  00  00  00  CE      17.2138
     0101      8   20  01  00  00  00  00  01  34      17.2153
     0102      8   A0  00  00  00  00  00  00  CE      17.2156
     0100      8   A0  00  00  00  00  00  00  CE      17.2189
     0101      8   40  01  00  00  00  00  01  85      17.2253
     0102      8   A0  00  00  00  00  00  00  CE      17.2256
     0100      8   C0  00  00  00  00  00  00  7F      17.2267
     0100      8   E0  00  00  00  00  00  00  10      17.2345
     0101      8   60  01  00  00  00  00  01  EA      17.2353
     0102      8   E0  00  00  00  00  00  00  10      17.2356
     0100      8   E0  00  00  00  00  00  00  10      17.2396
     0101      8   80  01  00  00  00  00  01  FA      17.2453
     0102      8   E0  00  00  00  00  00  00  10      17.2456
     0501      8   0D  00  00  00  00  00  00  E6      17.2458
     0100      8   00  00  00  00  00  00  00  00      17.2474
     0100      8   20  00  00  00  00  00  00  6F      17.2553
     0101      8   A0  01  00  00  00  00  01  95      17.2555
     0102      8   00  00  00  00  00  00  00  00      17.2557
     0100      8   20  00  00  00  00  00  00  6F      17.2603
     0101      8   C0  01  00  00  00  00  01  24      17.2653
     0102      8   20  00  00  00  00  00  00  6F      17.2656
     0100      8   40  00  00  00  00  00  00  DE      17.2682
     0101      8   E0  01  00  00  00  00  01  4B      17.2753
     0102      8   40  00  00  00  00  00  00  DE      17.2756
     0100      8   60  00  00  00  00  00  00  B1      17.2760
     0100      8   80  00  00  00  00  00  00  A1      17.2838
     0101      8   00  01  00  00  00  00  01  5B      17.2853
     0102      8   80  00  00  00  00  00  00  A1      17.2856
     0100      8   80  00  00  00  00  00  00  A1      17.2889
     0101      8   20  01  00  00  00  00  01  34      17.2953
     0102      8   80  00  00  00  00  00  00  A1      17.2956
     0100      8   A0  00  00  00  00  00  00  CE      17.2967
     0100      8   C0  00  00  00  00  00  00  7F      17.3045
     0101      8   40  01  00  00  00  00  01  85      17.3053
     0102      8   C0  00  00  00  00  00  00  7F      17.3056
     0100      8   C0  00  00  00  00  00  00  7F      17.3096
     0101      8   60  01  00  00  00  00  01  EA      17.3153
     0102      8   C0  00  00  00  00  00  00  7F      17.3156
     0100      8   E0  00  00  00  00  00  00  10      17.3175
     0100      8   00  00  00  00  00  00  00  00      17.3253
     0101      8   80  01  00  00  00  00  01  FA      17.3255
     0102      8   E0  00  00  00  00  00  00  10      17.3258
     0100      8   00  00  00  00  00  00  00  00      17.3304
     0101      8   A0  01  00  00  00  00  01  95      17.3353
     0102      8   00  00  00  00  00  00  00  00      17.3356
     0100      8   20  00  00  00  00  00  00  6F      17.3382
     0101      8   C0  01  00  00  00  00  01  24      17.3453
     0102      8   20  00  00  00  00  00  00  6F      17.3456
     0501      8   0D  00  00  00  00  00  00  E6      17.3458
     0100      8   40  00  00  00  00  00  00  DE      17.3461
     0100      8   60  00  00  00  00  00  00  B1      17.3538
     0101      8   E0  01  00  00  00  00  01  4B      17.3553
     0102      8   60  00  00  00  00  00  00  B1      17.3556
     0100      8   60  00  00  00  00  00  00  B1      17.3589
     0101      8   00  01  00  00  00  00  01  5B      17.3653
     0102      8   60  00  00  00  00  00  00  B1      17.3656
     0100      8   80  00  00  00  00  00  00  A1      17.3667
     0100      8   A0  00  00  00  00  00  00  CE      17.3746
     0101      8   20  01  00  00  00  00  01  34      17.3753
     0102      8   A0  00  00  00  00  00  00  CE      17.3756
     0100      8   A0  00  00  00  00  00  00  CE      17.3797
     0101      8   40  01  00  00  00  00  01  85      17.3853
     0102      8   A0  00  00  00  00  00  00  CE      17.3855
     0100      8   C0  00  00  00  00  00  00  7F      17.3875
     0100      8   E0  00  00  00  00  00  00  10      17.3953
     0101      8   60  01  00  00  00  00  01  EA      17.3956
     0102      8   C0  00  00  00  00  00  00  7F      17.3958
     0100      8   E0  00  00  00  00  00  00  10      17.4004
     0101      8   80  01  00  00  00  00  01  FA      17.4053
     0102      8   E0  00  00  00  00  00  00  10      17.4056
     0100      8   00  00  00  00  00  00  00  00      17.4082
     0101      8   A0  01  00  00  00  00  01  95      17.4153
     0102      8   00  00  00  00  00  00  00  00      17.4156
     0100      8   20  00  00  00  00  00  00  6F      17.4160
     0100      8   40  00  00  00  00  00  00  DE      17.4239
     0101      8   C0  01  00  00  00  00  01  24      17.4253
     0102      8   40  00  00  00  00  00  00  DE      17.4255
     0100      8   40  00  00  00  00  00  00  DE      17.4290
     0101      8   E0  01  00  00  00  00  01  4B      17.4353
     0102      8   40  00  00  00  00  00  00  DE      17.4355
     0100      8   60  00  00  00  00  00  00  B1      17.4368
     0100      8   80  00  00  00  00  00  00  A1      17.4446
     0101      8   00  01  00  00  00  00  01  5B      17.4453
     0102      8   80  00  00  00  00  00  00  A1      17.4456
     0501      8   0D  00  00  00  00  00  00  E6      17.4458
     0100      8   80  00  00  00  00  00  00  A1      17.4497
     0101      8   20  01  00  00  00  00  01  34      17.4553
     0102      8   80  00  00  00  00  00  00  A1      17.4555
     0100      8   A0  00  00  00  00  00  00  CE      17.4575
     0101      8   40  01  00  00  00  00  01  85      17.4653
     0100      8   C0  00  00  00  00  00  00  7F      17.4655
     0102      8   A0  00  00  00  00  00  00  CE      17.4658
     0100      8   E0  00  00  00  00  00  00  10      17.4732
     0101      8   60  01  00  00  00  00  01  EA      17.4753
     0102      8   E0  00  00  00  00  00  00  10      17.4755
     0100      8   E0  00  00  00  00  00  00  10      17.4783
     0101      8   80  01  00  00  00  00  01  FA      17.4853
     0102      8   E0  00  00  00  00  00  00  10      17.4855
     0100      8   00  00  00  00  00  00  00  00      17.4861
     0100      8   20  00  00  00  00  00  00  6F      17.4939
     0101      8   A0  01  00  00  00  00  01  95      17.4953
     0102      8   20  00  00  00  00  00  00  6F      17.4955
     0100      8   20  00  00  00  00  00  00  6F      17.4990
     0101      8   C0  01  00  00  00  00  01  24      17.5053
     0102      8   20  00  00  00  00  00  00  6F      17.5055
     0100      8   40  00  00  00  00  00  00  DE      17.5068
     0100      8   60  00  00  00  00  00  00  B1      17.5146
     0101      8   E0  01  00  00  00  00  01  4B      17.5153
     0102      8   60  00  00  00  00  00  00  B1      17.5155
     0100      8   60  00  00  00  00  00  00  B1      17.5197
     0101      8   00  01  00  00  00  00  01  5B      17.5253
     0102      8   60  00  00  00  00  00  00  B1      17.5255
     0100      8   80  00  00  00  00  00  00  A1      17.5275
     0101      8   20  01  00  00  00  00  01  34      17.5353
     0100      8   A0  00  00  00  00  00  00  CE      17.5355
     0102      8   80  00  00  00  00  00  00  A1      17.5358
     0100      8   C0  00  00  00  00  00  00  7F      17.5432
     0101      8   40  01  00  00  00  00  01  85      17.5453
     0102      8   C0  00  00  00  00  00  00  7F      17.5455
     0501      8   0D  00  00  00  00  00  00  E6      17.5458
     0100      8   C0  00  00  00  00  00  00  7F      17.5483
     0101      8   60  01  00  00  00  00  01  EA      17.5553
     0102      8   C0  00  00  00  00  00  00  7F      17.5555
     0100      8   E0  00  00  00  00  00  00  10      17.5561
     0100      8   00  00  00  00  00  00  00  00      17.5639
     0101      8   80  01  00  00  00  00  01  FA      17.5653
     0102      8   00  00  00  00  00  00  00  00      17.5655
     0100      8   00  00  00  00  00  00  00  00      17.5690
     0101      8   A0  01  00  00  00  00  01  95      17.5753
     0102      8   00  00  00  00  00  00  00  00      17.5755
     0100      8   20  00  00  00  00  00  00  6F      17.5768
     0100      8   40  00  00  00  00  00  00  DE      17.5847
     0101      8   C0  01  00  00  00  00  01  24      17.5853
     0102      8   40  00  00  00  00  00  00  DE      17.5855
     0100      8   40  00  00  00  00  00  00  DE      17.5897
     0101      8   E0  01  00  00  00  00  01  4B      17.5953
     0102      8   40  00  00  00  00  00  00  DE      17.5955
     0100      8   60  00  00  00  00  00  00  B1      17.5976
     0101      8   00  01  00  00  00  00  01  5B      17.6053
     0100      8   80  00  00  00  00  00  00  A1      17.6055
     0102      8   60  00  00  00  00  00  00  B1      17.6058
     0100      8   A0  00  00  00  00  00  00  CE      17.6132
     0101      8   20  01  00  00  00  00  01  34      17.6153
     0102      8   A0  00  00  00  00  00  00  CE      17.6155
     0100      8   A0  00  00  00  00  00  00  CE      17.6183
     0101      8   40  01  00  00  00  00  01  85      17.6253
     0102      8   A0  00  00  00  00  00  00  CE      17.6255
     0100      8   C0  00  00  00  00  00  00  7F      17.6261
     0100      8   E0  00  00  00  00  00  00  10      17.6339
     0101      8   60  01  00  00  00  00  01  EA      17.6353
     0102      8   E0  00  00  00  00  00  00  10      17.6355
     0100      8   E0  00  00  00  00  00  00  10      17.6390
     0101      8   80  01  00  00  00  00  01  FA      17.6453
     0102      8   E0  00  00  00  00  00  00  10      17.6455
     0501      8   0D  00  00  00  00  00  00  E6      17.6458
     0100      8   00  00  00  00  00  00  00  00      17.6469
     0100      8   20  00  00  00  00  00  00  6F      17.6547
     0101      8   A0  01  00  00  00  00  01  95      17.6553
     0102      8   20  00  00  00  00  00  00  6F      17.6555
     0100      8   20  00  00  00  00  00  00  6F      17.6598
     0101      8   C0  01  00  00  00  00  01  24      17.6653
     0102      8   20  00  00  00  00  00  00  6F      17.6655
     0100      8   40  00  00  00  00  00  00  DE      17.6676
     0101      8   E0  01  00  00  00  00  01  4B      17.6753
     0100      8   60  00  00  00  00  00  00  B1      17.6755
     0102      8   40  00  00  00  00  00  00  DE      17.6758
     0100      8   80  00  00  00  00  00  00  A1      17.6832
     0101      8   00  01  00  00  00  00  01  5B      17.6853
     0102      8   80  00  00  00  00  00  00  A1      17.6855
     0100      8   80  00  00  00  00  00  00  A1      17.6883
     0101      8   20  01  00  00  00  00  01  34      17.6953
     0102      8   80  00  00  00  00  00  00  A1      17.6955
     0100      8   A0  00  00  00  00  00  00  CE      17.6962
     0100      8   C0  00  00  00  00  00  00  7F      17.7040
     0101      8   40  01  00  00  00  00  01  85      17.7053
     0102      8   C0  00  00  00  00  00  00  7F      17.7055
     0100      8   C0  00  00  00  00  00  00  7F      17.7091
     0101      8   60  01  00  00  00  00  01  EA      17.7153
     0102      8   C0  00  00  00  00  00  00  7F      17.7155
     0100      8   E0  00  00  00  00  00  00  10      17.7169
     0100      8   00  00  00  00  00  00  00  00      17.7247
     0101      8   80  01  00  00  00  00  01  FA      17.7253
     0102      8   00  00  00  00  00  00  00  00      17.7255
     0100      8   00  00  00  00  00  00  00  00      17.7298
     0101      8   A0  01  00  00  00  00  01  95      17.7353
     0102      8   00  00  00  00  00  00  00  00      17.7355
     0100      8   20  00  00  00  00  00  00  6F      17.7376
     0101      8   C0  01  00  00  00  00  01  24      17.7453
     0100      8   40  00  00  00  00  00  00  DE      17.7455
     0102      8   20  00  00  00  00  00  00  6F      17.7458
     0501      8   0D  00  00  00  00  00  00  E6      17.7460
     0100      8   60  00  00  00  00  00  00  B1      17.7533
     0101      8   E0  01  00  00  00  00  01  4B      17.7553
     0102      8   60  00  00  00  00  00  00  B1      17.7555
     0100      8   60  00  00  00  00  00  00  B1      17.7584
     0101      8   00  01  00  00  00  00  01  5B      17.7653
     0102      8   60  00  00  00  00  00  00  B1      17.7655
     0100      8   80  00  00  00  00  00  00  A1      17.7662
     0100      8   A0  00  00  00  00  00  00  CE      17.7740
     0101      8   20  01  00  00  00  00  01  34      17.7753
     0102      8   A0  00  00  00  00  00  00  CE      17.7755
     0100      8   A0  00  00  00  00  00  00  CE      17.7791
     0101      8   40  01  00  00  00  00  01  85      17.7853
     0102      8   A0  00  00  00  00  00  00  CE      17.7855
     0100      8   C0  00  00  00  00  00  00  7F      17.7869
     0100      8   E0  00  00  00  00  00  00  10      17.7947
     0101      8   60  01  00  00  00  00  01  EA      17.7952
     0102      8   C0  00  00  00  00  00  00  7F      17.7955
     0100      8   E0  00  00  00  00  00  00  10      17.7998
     0101      8   80  01  00  00  00  00  01  FA      17.8053
     0102      8   E0  00  00  00  00  00  00  10      17.8055
     0100      8   00  00  00  00  00  00  00  00      17.8077
     0101      8   A0  01  00  00  00  00  01  95      17.8152
     0100      8   20  00  00  00  00  00  00  6F      17.8155
     0102      8   00  00  00  00  00  00  00  00      17.8157
     0100      8   40  00  00  00  00  00  00  DE      17.8233
     0101      8   C0  01  00  00  00  00  01  24      17.8252
     0102      8   40  00  00  00  00  00  00  DE      17.8255
     0100      8   40  00  00  00  00  00  00  DE      17.8284
     0101      8   E0  01  00  00  00  00  01  4B      17.8352
     0102      8   40  00  00  00  00  00  00  DE      17.8355
     0100      8   60  00  00  00  00  00  00  B1      17.8362
     0100      8   80  00  00  00  00  00  00  A1      17.8440
     0101      8   00  01  00  00  00  00  01  5B      17.8452
     0102      8   80  00  00  00  00  00  00  A1      17.8455
     0501      8   0D  00  00  00  00  00  00  E6      17.8457
     0100      8   80  00  00  00  00  00  00  A1      17.8491
     0101      8   20  01  00  00  00  00  01  34      17.8552
     0102      8   80  00  00  00  00  00  00  A1      17.8555
     0100      8   A0  00  00  00  00  00  00  CE      17.8569
     0100      8   C0  00  00  00  00  00  00  7F      17.8648
     0101      8   40  01  00  00  00  00  01  85      17.8652
     0102      8   A0  00  00  00  00  00  00  CE      17.8655
     0100      8   C0  00  00  00  00  00  00  7F      17.8699
     0101      8   60  01  00  00  00  00  01  EA      17.8752
     0102      8   C0  00  00  00  00  00  00  7F      17.8755
     0100      8   E0  00  00  00  00  00  00  10      17.8777
     0101      8   80  01  00  00  00  00  01  FA      17.8852
     0102      8   E0  00  00  00  00  00  00  10      17.8855
     0100      8   00  00  00  00  00  00  00  00      17.8857
     0100      8   20  00  00  00  00  00  00  6F      17.8933
     0101      8   A0  01  00  00  00  00  01  95      17.8952
     0102      8   20  00  00  00  00  00  00  6F      17.8955
     0100      8   20  00  00  00  00  00  00  6F      17.8984
     0101      8   C0  01  00  00  00  00  01  24      17.9052
     0102      8   20  00  00  00  00  00  00  6F      17.9055
     0100      8   40  00  00  00  00  00  00  DE      17.9062
     0100      8   60  00  00  00  00  00  00  B1      17.9141
     0101      8   E0  01  00  00  00  00  01  4B      17.9152
     0102      8   60  00  00  00  00  00  00  B1      17.9155
     0100      8   60  00  00  00  00  00  00  B1      17.9192
     0101      8   00  01  00  00  00  00  01  5B      17.9252
     0102      8   60  00  00  00  00  00  00  B1      17.9255
     0100      8   80  00  00  00  00  00  00  A1      17.9270
     0100      8   A0  00  00  00  00  00  00  CE      17.9348
     0101      8   20  01  00  00  00  00  01  34      17.9352
     0102      8   80  00  00  00  00  00  00  A1      17.9355
     0100      8   A0  00  00  00  00  00  00  CE      17.9399
     0101      8   40  01  00  00  00  00  01  85      17.9452
     0102      8   A0  00  00  00  00  00  00  CE      17.9455
     0501      8   0D  00  00  00  00  00  00  E6      17.9457
     0100      8   C0  00  00  00  00  00  00  7F      17.9477
     0101      8   60  01  00  00  00  00  01  EA      17.9552
     0102      8   C0  00  00  00  00  00  00  7F      17.9555
     0100      8   E0  00  00  00  00  00  00  10      17.9557
     0100      8   00  00  00  00  00  00  00  00      17.9634
     0101      8   80  01  00  00  00  00  01  FA      17.9652
     0102      8   00  00  00  00  00  00  00  00      17.9655
     0100      8   00  00  00  00  00  00  00  00      17.9685
     0101      8   A0  01  00  00  00  00  01  95      17.9752
     0102      8   00  00  00  00  00  00  00  00      17.9755
     0100      8   20  00  00  00  00  00  00  6F      17.9763
     0100      8   40  00  00  00  00  00  00  DE      17.9841
     0101      8   C0  01  00  00  00  00  01  24      17.9852
     0102      8   40  00  00  00  00  00  00  DE      17.9855
     0100      8   40  00  00  00  00  00  00  DE      17.9892
     0101      8   E0  01  00  00  00  00  01  4B      17.9952
     0102      8   40  00  00  00  00  00  00  DE      17.9955
     0100      8   60  00  00  00  00  00  00  B1      17.9970
     0100      8   80  00  00  00  00  00  00  A1      18.0048
     0101      8   00  01  00  00  00  00  01  5B      18.0052
     0102      8   60  00  00  00  00  00  00  B1      18.0055
     0100      8   80  00  00  00  00  00  00  A1      18.0099
     0101      8   20  01  00  00  00  00  01  34      18.0152
     0102      8   80  00  00  00  00  00  00  A1      18.0155
     0100      8   A0  00  00  00  00  00  00  CE      18.0177
     0101      8   40  01  00  00  00  00  01  85      18.0252
     0102      8   A0  00  00  00  00  00  00  CE      18.0255
     0100      8   C0  00  00  00  00  00  00  7F      18.0257
     0100      8   E0  00  00  00  00  00  00  10      18.0334
     0101      8   60  01  00  00  00  00  01  EA      18.0352
     0102      8   E0  00  00  00  00  00  00  10      18.0355
     0100      8   E0  00  00  00  00  00  00  10      18.0385
     0101      8   80  01  00  00  00  00  01  FA      18.0452
     0102      8   E0  00  00  00  00  00  00  10      18.0455
     0501      8   0D  00  00  00  00  00  00  E6      18.0457
     0100      8   00  00  00  00  00  00  00  00      18.0463
     0100      8   20  00  00  00  00  00  00  6F      18.0541
     0101      8   A0  01  00  00  00  00  01  95      18.0552
     0102      8   20  00  00  00  00  00  00  6F      18.0555
     0100      8   20  00  00  00  00  00  00  6F      18.0592
     0101      8   C0  01  00  00  00  00  01  24      18.0652
     0102      8   20  00  00  00  00  00  00  6F      18.0655
     0100      8   40  00  00  00  00  00  00  DE      18.0670
     0100      8   60  00  00  00  00  00  00  B1      18.0749
     0101      8   E0  01  00  00  00  00  01  4B      18.0752
     0102      8   40  00  00  00  00  00  00  DE      18.0755
     0100      8   60  00  00  00  00  00  00  B1      18.0799
     0101      8   00  01  00  00  00  00  01  5B      18.0852
     0102      8   60  00  00  00  00  00  00  B1      18.0855
     0100      8   80  00  00  00  00  00  00  A1      18.0878
     0101      8   20  01  00  00  00  00  01  34      18.0952
     0102      8   80  00  00  00  00  00  00  A1      18.0955
     0100      8   A0  00  00  00  00  00  00  CE      18.0957
     0100      8   C0  00  00  00  00  00  00  7F      18.1034
     0101      8   40  01  00  00  00  00  01  85      18.1052
     0102      8   C0  00  00  00  00  00  00  7F      18.1055
     0100      8   C0  00  00  00  00  00  00  7F      18.1085
     0101      8   60  01  00  00  00  00  01  EA      18.1152
     0102      8   C0  00  00  00  00  00  00  7F      18.1155
     0100      8   E0  00  00  00  00  00  00  10      18.1163
     0100      8   00  00  00  00  00  00  00  00      18.1241
     0101      8   80  01  00  00  00  00  01  FA      18.1252
     0102      8   00  00  00  00  00  00  00  00      18.1255
     0100      8   00  00  00  00  00  00  00  00      18.1292
     0101      8   A0  01  00  00  00  00  01  95      18.1352
     0102      8   00  00  00  00  00  00  00  00      18.1355
     0100      8   20  00  00  00  00  00  00  6F      18.1371
     0100      8   40  00  00  00  00  00  00  DE      18.1449
     0101      8   C0  01  00  00  00  00  01  24      18.1452
     0102      8   20  00  00  00  00  00  00  6F      18.1454
     0501      8   0D  00  00  00  00  00  00  E6      18.1457
     0100      8   40  00  00  00  00  00  00  DE      18.1500
     0101      8   E0  01  00  00  00  00  01  4B      18.1552
     0102      8   40  00  00  00  00  00  00  DE      18.1554
     0100      8   60  00  00  00  00  00  00  B1      18.1578
     0101      8   00  01  00  00  00  00  01  5B      18.1652
     0102      8   60  00  00  00  00  00  00  B1      18.1654
     0100      8   80  00  00  00  00  00  00  A1      18.1657
     0100      8   A0  00  00  00  00  00  00  CE      18.1734
     0101      8   20  01  00  00  00  00  01  34      18.1752
     0102      8   A0  00  00  00  00  00  00  CE      18.1754
     0100      8   A0  00  00  00  00  00  00  CE      18.1785
     0101      8   40  01  00  00  00  00  01  85      18.1852
     0102      8   A0  00  00  00  00  00  00  CE      18.1854
     0100      8   C0  00  00  00  00  00  00  7F      18.1864
     0100      8   E0  00  00  00  00  00  00  10      18.1942
     0101      8   60  01  00  00  00  00  01  EA      18.1952
     0102      8   E0  00  00  00  00  00  00  10      18.1954
     0100      8   E0  00  00  00  00  00  00  10      18.1993
     0101      8   80  01  00  00  00  00  01  FA      18.2052
     0102      8   E0  00  00  00  00  00  00  10      18.2054
     0100      8   00  00  00  00  00  00  00  00      18.2071
     0100      8   20  00  00  00  00  00  00  6F      18.2149
     0101      8   A0  01  00  00  00  00  01  95      18.2152
     0102      8   00  00  00  00  00  00  00  00      18.2154
     0100      8   20  00  00  00  00  00  00  6F      18.2200
     0101      8   C0  01  00  00  00  00  01  24      18.2252
     0102      8   20  00  00  00  00  00  00  6F      18.2254
     0100      8   40  00  00  00  00  00  00  DE      18.2278
     0101      8   E0  01  00  00  00  00  01  4B      18.2352
     0102      8   40  00  00  00  00  00  00  DE      18.2354
     0100      8   60  00  00  00  00  00  00  B1      18.2357
     0100      8   80  00  00  00  00  00  00  A1      18.2435
     0101      8   00  01  00  00  00  00  01  5B      18.2452
     0102      8   80  00  00  00  00  00  00  A1      18.2454
     0501      8   0D  00  00  00  00  00  00  E6      18.2457
     0100      8   80  00  00  00  00  00  00  A1      18.2486
     0101      8   20  01  00  00  00  00  01  34      18.2552
     0102      8   80  00  00  00  00  00  00  A1      18.2554
     0100      8   A0  00  00  00  00  00  00  CE      18.2564
     0100      8   C0  00  00  00  00  00  00  7F      18.2642
     0101      8   40  01  00  00  00  00  01  85      18.2652
     0102      8   C0  00  00  00  00  00  00  7F      18.2654
     0100      8   C0  00  00  00  00  00  00  7F      18.2693
     0101      8   60  01  00  00  00  00  01  EA      18.2752
     0102      8   C0  00  00  00  00  00  00  7F      18.2754
     0100      8   E0  00  00  00  00  00  00  10      18.2771
     0100      8   00  00  00  00  00  00  00  00      18.2849
     0101      8   80  01  00  00  00  00  01  FA      18.2852
     0102      8   E0  00  00  00  00  00  00  10      18.2854
     0100      8   00  00  00  00  00  00  00  00      18.2900
     0101      8   A0  01  00  00  00  00  01  95      18.2952
     0102      8   00  00  00  00  00  00  00  00      18.2954
     0100      8   20  00  00  00  00  00  00  6F      18.2979
     0101      8   C0  01  00  00  00  00  01  24      18.3052
     0102      8   20  00  00  00  00  00  00  6F      18.3054
     0100      8   40  00  00  00  00  00  00  DE      18.3057
     0100      8   60  00  00  00  00  00  00  B1      18.3135
     0101      8   E0  01  00  00  00  00  01  4B      18.3152
     0102      8   60  00  00  00  00  00  00  B1      18.3154
     0100      8   60  00  00  00  00  00  00  B1      18.3186
     0101      8   00  01  00  00  00  00  01  5B      18.3252
     0102      8   60  00  00  00  00  00  00  B1      18.3254
     0100      8   80  00  00  00  00  00  00  A1      18.3264
     0100      8   A0  00  00  00  00  00  00  CE      18.3342
     0101      8   20  01  00  00  00  00  01  34      18.3352
     0102      8   A0  00  00  00  00  00  00  CE      18.3354
     0100      8   A0  00  00  00  00  00  00  CE      18.3393
     0101      8   40  01  00  00  00  00  01  85      18.3452
     0102      8   A0  00  00  00  00  00  00  CE      18.3454
     0501      8   0D  00  00  00  00  00  00  E6      18.3457
     0100      8   C0  00  00  00  00  00  00  7F      18.3471
     0100      8   E0  00  00  00  00  00  00  10      18.3550
     0101      8   60  01  00  00  00  00  01  EA      18.3552
     0102      8   C0  00  00  00  00  00  00  7F      18.3555
     0100      8   E0  00  00  00  00  00  00  10      18.3601
     0101      8   80  01  00  00  00  00  01  FA      18.3652
     0102      8   E0  00  00  00  00  00  00  10      18.3654
     0100      8   00  00  00  00  00  00  00  00      18.3679
     0101      8   A0  01  00  00  00  00  01  95      18.3752
     0102      8   00  00  00  00  00  00  00  00      18.3754
     0100      8   20  00  00  00  00  00  00  6F      18.3757
     0100      8   40  00  00  00  00  00  00  DE      18.3835
     0101      8   C0  01  00  00  00  00  01  24      18.3852
     0102      8   40  00  00  00  00  00  00  DE      18.3854
     0100      8   40  00  00  00  00  00  00  DE      18.3886
     0101      8   E0  01  00  00  00  00  01  4B      18.3952
     0102      8   40  00  00  00  00  00  00  DE      18.3954
     0100      8   60  00  00  00  00  00  00  B1      18.3964
     0100      8   80  00  00  00  00  00  00  A1      18.4043
     0101      8   00  01  00  00  00  00  01  5B      18.4052
     0102      8   80  00  00  00  00  00  00  A1      18.4054
     0100      8   80  00  00  00  00  00  00  A1      18.4094
     0101      8   20  01  00  00  00  00  01  34      18.4152
     0102      8   80  00  00  00  00  00  00  A1      18.4154
     0100      8   A0  00  00  00  00  00  00  CE      18.4172
     0100      8   C0  00  00  00  00  00  00  7F      18.4250
     0101      8   40  01  00  00  00  00  01  85      18.4252
     0102      8   A0  00  00  00  00  00  00  CE      18.4255
     0100      8   C0  00  00  00  00  00  00  7F      18.4301
     0101      8   60  01  00  00  00  00  01  EA      18.4352
     0102      8   C0  00  00  00  00  00  00  7F      18.4354
     0100      8   E0  00  00  00  00  00  00  10      18.4379
     0101      8   80  01  00  00  00  00  01  FA      18.4452
     0102      8   E0  00  00  00  00  00  00  10      18.4454
     0501      8   0D  00  00  00  00  00  00  E6      18.4457
     0100      8   00  00  00  00  00  00  00  00      18.4459
     0100      8   20  00  00  00  00  00  00  6F      18.4535
     0101      8   A0  01  00  00  00  00  01  95      18.4552
     0102      8   20  00  00  00  00  00  00  6F      18.4554
     0100      8   20  00  00  00  00  00  00  6F      18.4587
     0101      8   C0  01  00  00  00  00  01  24      18.4652
     0102      8   20  00  00  00  00  00  00  6F      18.4654
     0100      8   40  00  00  00  00  00  00  DE      18.4665
     0100      8   60  00  00  00  00  00  00  B1      18.4743
     0101      8   E0  01  00  00  00  00  01  4B      18.4752
     0102      8   60  00  00  00  00  00  00  B1      18.4754
     0100      8   60  00  00  00  00  00  00  B1      18.4794
     0101      8   00  01  00  00  00  00  01  5B      18.4852
     0102      8   60  00  00  00  00  00  00  B1      18.4854
     0100      8   80  00  00  00  00  00  00  A1      18.4872
     0100      8   A0  00  00  00  00  00  00  CE      18.4950
     0101      8   20  01  00  00  00  00  01  34      18.4953
     0102      8   80  00  00  00  00  00  00  A1      18.4955
     0100      8   A0  00  00  00  00  00  00  CE      18.5001
     0101      8   40  01  00  00  00  00  01  85      18.5052
     0102      8   A0  00  00  00  00  00  00  CE      18.5054
     0100      8   C0  00  00  00  00  00  00  7F      18.5079
     0101      8   60  01  00  00  00  00  01  EA      18.5152
     0102      8   C0  00  00  00  00  00  00  7F      18.5154
     0100      8   E0  00  00  00  00  00  00  10      18.5158
     0100      8   00  00  00  00  00  00  00  00      18.5236
     0101      8   80  01  00  00  00  00  01  FA      18.5251
     0102      8   00  00  00  00  00  00  00  00      18.5254
     0100      8   00  00  00  00  00  00  00  00      18.5287
     0101      8   A0  01  00  00  00  00  01  95      18.5351
     0102      8   00  00  00  00  00  00  00  00      18.5354
     0100      8   20  00  00  00  00  00  00  6F      18.5365
     0100      8   40  00  00  00  00  00  00  DE      18.5443
     0101      8   C0  01  00  00  00  00  01  24      18.5451
     0102      8   40  00  00  00  00  00  00  DE      18.5454
     0501      8   0D  00  00  00  00  00  00  E6      18.5456
     0100      8   40  00  00  00  00  00  00  DE      18.5494
     0101      8   E0  01  00  00  00  00  01  4B      18.5551
     0102      8   40  00  00  00  00  00  00  DE      18.5554
     0100      8   60  00  00  00  00  00  00  B1      18.5572
     0100      8   80  00  00  00  00  00  00  A1      18.5651
     0101      8   00  01  00  00  00  00  01  5B      18.5653
     0102      8   60  00  00  00  00  00  00  B1      18.5655
     0100      8   80  00  00  00  00  00  00  A1      18.5702
     0101      8   20  01  00  00  00  00  01  34      18.5751
     0102      8   80  00  00  00  00  00  00  A1      18.5754
     0100      8   A0  00  00  00  00  00  00  CE      18.5780
     0101      8   40  01  00  00  00  00  01  85      18.5851
     0102      8   A0  00  00  00  00  00  00  CE      18.5854
     0100      8   C0  00  00  00  00  00  00  7F      18.5858
     0100      8   E0  00  00  00  00  00  00  10      18.5936
     0101      8   60  01  00  00  00  00  01  EA      18.5951
     0102      8   E0  00  00  00  00  00  00  10      18.5954
     0100      8   E0  00  00  00  00  00  00  10      18.5987
     0101      8   80  01  00  00  00  00  01  FA      18.6051
     0102      8   E0  00  00  00  00  00  00  10      18.6054
     0100      8   00  00  00  00  00  00  00  00      18.6065
     0100      8   20  00  00  00  00  00  00  6F      18.6143
     0101      8   A0  01  00  00  00  00  01  95      18.6151
     0102      8   20  00  00  00  00  00  00  6F      18.6154
     0100      8   20  00  00  00  00  00  00  6F      18.6194
     0101      8   C0  01  00  00  00  00  01  24      18.6251
     0102      8   20  00  00  00  00  00  00  6F      18.6254
     0100      8   40  00  00  00  00  00  00  DE      18.6273
     0100      8   60  00  00  00  00  00  00  B1      18.6351
     0101      8   E0  01  00  00  00  00  01  4B      18.6353
     0102      8   40  00  00  00  00  00  00  DE      18.6356
     0100      8   60  00  00  00  00  00  00  B1      18.6402
     0101      8   00  01  00  00  00  00  01  5B      18.6451
     0102      8   60  00  00  00  00  00  00  B1      18.6454
     0501      8   0D  00  00  00  00  00  00  E6      18.6456
     0100      8   80  00  00  00  00  00  00  A1      18.6480
     0101      8   20  01  00  00  00  00  01  34      18.6551
     0102      8   80  00  00  00  00  00  00  A1      18.6554
     0100      8   A0  00  00  00  00  00  00  CE      18.6558
     0100      8   C0  00  00  00  00  00  00  7F      18.6636
     0101      8   40  01  00  00  00  00  01  85      18.6651
     0102      8   C0  00  00  00  00  00  00  7F      18.6654
     0100      8   C0  00  00  00  00  00  00  7F      18.6687
     0101      8   60  01  00  00  00  00  01  EA      18.6751
     0102      8   C0  00  00  00  00  00  00  7F      18.6754
     0100      8   E0  00  00  00  00  00  00  10      18.6766
     0100      8   00  00  00  00  00  00  00  00      18.6844
     0101      8   80  01  00  00  00  00  01  FA      18.6851
     0102      8   00  00  00  00  00  00  00  00      18.6854
     0100      8   00  00  00  00  00  00  00  00      18.6895
     0101      8   A0  01  00  00  00  00  01  95      18.6951
     0102      8   00  00  00  00  00  00  00  00      18.6954
     0100      8   20  00  00  00  00  00  00  6F      18.6973
     0100      8   40  00  00  00  00  00  00  DE      18.7051
     0101      8   C0  01  00  00  00  00  01  24      18.7053
     0102      8   20  00  00  00  00  00  00  6F      18.7056
     0100      8   40  00  00  00  00  00  00  DE      18.7102
     0101      8   E0  01  00  00  00  00  01  4B      18.7151
     0102      8   40  00  00  00  00  00  00  DE      18.7154
     0100      8   60  00  00  00  00  00  00  B1      18.7180
     0101      8   00  01  00  00  00  00  01  5B      18.7251
     0102      8   60  00  00  00  00  00  00  B1      18.7254
     0100      8   80  00  00  00  00  00  00  A1      18.7258
     0100      8   A0  00  00  00  00  00  00  CE      18.7337
     0101      8   20  01  00  00  00  00  01  34      18.7351
     0102      8   A0  00  00  00  00  00  00  CE      18.7354
     0100      8   A0  00  00  00  00  00  00  CE      18.7388
     0101      8   40  01  00  00  00  00  01  85      18.7451
     0102      8   A0  00  00  00  00  00  00  CE      18.7454
     0501      8   0D  00  00  00  00  00  00  E6      18.7456
     0100      8   C0  00  00  00  00  00  00  7F      18.7466
     0100      8   E0  00  00  00  00  00  00  10      18.7544
     0101      8   60  01  00  00  00  00  01  EA      18.7551
     0102      8   E0  00  00  00  00  00  00  10      18.7554
     0100      8   E0  00  00  00  00  00  00  10      18.7595
     0101      8   80  01  00  00  00  00  01  FA      18.7651
     0102      8   E0  00  00  00  00  00  00  10      18.7654
     0100      8   00  00  00  00  00  00  00  00      18.7673
     0101      8   A0  01  00  00  00  00  01  95      18.7751
     0100      8   20  00  00  00  00  00  00  6F      18.7754
     0102      8   00  00  00  00  00  00  00  00      18.7756
     0100      8   40  00  00  00  00  00  00  DE      18.7829
     0101      8   C0  01  00  00  00  00  01  24      18.7851
     0102      8   40  00  00  00  00  00  00  DE      18.7854
     0100      8   40  00  00  00  00  00  00  DE      18.7880
     0101      8   E0  01  00  00  00  00  01  4B      18.7951
     0102      8   40  00  00  00  00  00  00  DE      18.7953
     0100      8   60  00  00  00  00  00  00  B1      18.7959
     0100      8   80  00  00  00  00  00  00  A1      18.8037
     0101      8   00  01  00  00  00  00  01  5B      18.8051
     0102      8   80  00  00  00  00  00  00  A1      18.8054
     0100      8   80  00  00  00  00  00  00  A1      18.8088
     0101      8   20  01  00  00  00  00  01  34      18.8151
     0102      8   80  00  00  00  00  00  00  A1      18.8154
     0100      8   A0  00  00  00  00  00  00  CE      18.8166
     0100      8   C0  00  00  00  00  00  00  7F      18.8244
     0101      8   40  01  00  00  00  00  01  85      18.8251
     0102      8   C0  00  00  00  00  00  00  7F      18.8254
     0100      8   C0  00  00  00  00  00  00  7F      18.8295
     0101      8   60  01  00  00  00  00  01  EA      18.8351
     0102      8   C0  00  00  00  00  00  00  7F      18.8354
     0100      8   E0  00  00  00  00  00  00  10      18.8374
     0101      8   80  01  00  00  00  00  01  FA      18.8451
     0100      8   00  00  00  00  00  00  00  00      18.8454
     0102      8   E0  00  00  00  00  00  00  10      18.8456
     0501      8   0D  00  00  00  00  00  00  E6      18.8459
     0100      8   20  00  00  00  00  00  00  6F      18.8530
     0101      8   A0  01  00  00  00  00  01  95      18.8551
     0102      8   20  00  00  00  00  00  00  6F      18.8553
     0100      8   20  00  00  00  00  00  00  6F      18.8581
     0101      8   C0  01  00  00  00  00  01  24      18.8651
     0102      8   20  00  00  00  00  00  00  6F      18.8653
     0100      8   40  00  00  00  00  00  00  DE      18.8659
     0100      8   60  00  00  00  00  00  00  B1      18.8737
     0101      8   E0  01  00  00  00  00  01  4B      18.8751
     0102      8   60  00  00  00  00  00  00  B1      18.8753
     0100      8   60  00  00  00  00  00  00  B1      18.8788
     0101      8   00  01  00  00  00  00  01  5B      18.8851
     0102      8   60  00  00  00  00  00  00  B1      18.8853
     0100      8   80  00  00  00  00  00  00  A1      18.8866
     0100      8   A0  00  00  00  00  00  00  CE      18.8945
     0101      8   20  01  00  00  00  00  01  34      18.8951
     0102      8   A0  00  00  00  00  00  00  CE      18.8953
     0100      8   A0  00  00  00  00  00  00  CE      18.8995
     0101      8   40  01  00  00  00  00  01  85      18.9051
     0102      8   A0  00  00  00  00  00  00  CE      18.9053
     0100      8   C0  00  00  00  00  00  00  7F      18.9074
     0101      8   60  01  00  00  00  00  01  EA      18.9151
     0100      8   E0  00  00  00  00  00  00  10      18.9153
     0102      8   C0  00  00  00  00  00  00  7F      18.9156
     0100      8   00  00  00  00  00  00  00  00      18.9230
     0101      8   80  01  00  00  00  00  01  FA      18.9251
     0102      8   00  00  00  00  00  00  00  00      18.9253
     0100      8   00  00  00  00  00  00  00  00      18.9281
     0101      8   A0  01  00  00  00  00  01  95      18.9351
     0102      8   00  00  00  00  00  00  00  00      18.9353
     0100      8   20  00  00  00  00  00  00  6F      18.9359
     0100      8   40  00  00  00  00  00  00  DE      18.9437
     0101      8   C0  01  00  00  00  00  01  24      18.9451
     0102      8   40  00  00  00  00  00  00  DE      18.9453
     0501      8   0D  00  00  00  00  00  00  E6      18.9456
     0100      8   40  00  00  00  00  00  00  DE      18.9488
     0101      8   E0  01  00  00  00  00  01  4B      18.9551
     0102      8   40  00  00  00  00  00  00  DE      18.9553
     0100      8   60  00  00  00  00  00  00  B1      18.9567
     0100      8   80  00  00  00  00  00  00  A1      18.9645
     0101      8   00  01  00  00  00  00  01  5B      18.9651
     0102      8   80  00  00  00  00  00  00  A1      18.9653
     0100      8   80  00  00  00  00  00  00  A1      18.9696
     0101      8   20  01  00  00  00  00  01  34      18.9751
     0102      8   80  00  00  00  00  00  00  A1      18.9753
     0100      8   A0  00  00  00  00  00  00  CE      18.9774
     0101      8   40  01  00  00  00  00  01  85      18.9851
     0100      8   C0  00  00  00  00  00  00  7F      18.9853
     0102      8   A0  00  00  00  00  00  00  CE      18.9856
     0100      8   E0  00  00  00  00  00  00  10      18.9930
     0101      8   60  01  00  00  00  00  01  EA      18.9951
     0102      8   E0  00  00  00  00  00  00  10      18.9953
     0100      8   E0  00  00  00  00  00  00  10      18.9981
     0101      8   80  01  00  00  00  00  01  FA      19.0051
     0102      8   E0  00  00  00  00  00  00  10      19.0053
     0100      8   00  00  00  00  00  00  00  00      19.0060
     0100      8   20  00  00  00  00  00  00  6F      19.0138
     0101      8   A0  01  00  00  00  00  01  95      19.0151
     0102      8   20  00  00  00  00  00  00  6F      19.0153
     0100      8   20  00  00  00  00  00  00  6F      19.0189
     0101      8   C0  01  00  00  00  00  01  24      19.0251
     0102      8   20  00  00  00  00  00  00  6F      19.0253
     0100      8   40  00  00  00  00  00  00  DE      19.0267
     0100      8   60  00  00  00  00  00  00  B1      19.0345
     0101      8   E0  01  00  00  00  00  01  4B      19.0351
     0102      8   60  00  00  00  00  00  00  B1      19.0353
     0100      8   60  00  00  00  00  00  00  B1      19.0396
     0101      8   00  01  00  00  00  00  01  5B      19.0451
     0102      8   60  00  00  00  00  00  00  B1      19.0453
     0501      8   0D  00  00  00  00  00  00  E6      19.0456
     0100      8   80  00  00  00  00  00  00  A1      19.0474
     0101      8   20  01  00  00  00  00  01  34      19.0551
     0100      8   A0  00  00  00  00  00  00  CE      19.0553
     0102      8   80  00  00  00  00  00  00  A1      19.0556
     0100      8   C0  00  00  00  00  00  00  7F      19.0631
     0101      8   40  01  00  00  00  00  01  85      19.0651
     0102      8   C0  00  00  00  00  00  00  7F      19.0653
     0100      8   C0  00  00  00  00  00  00  7F      19.0682
     0101      8   60  01  00  00  00  00  01  EA      19.0751
     0102      8   C0  00  00  00  00  00  00  7F      19.0753
     0100      8   E0  00  00  00  00  00  00  10      19.0760
     0100      8   00  00  00  00  00  00  00  00      19.0838
     0101      8   80  01  00  00  00  00  01  FA      19.0851
     0102      8   00  00  00  00  00  00  00  00      19.0853
     0100      8   00  00  00  00  00  00  00  00      19.0889
     0101      8   A0  01  00  00  00  00  01  95      19.0951
     0102      8   00  00  00  00  00  00  00  00      19.0953
     0100      8   20  00  00  00  00  00  00  6F      19.0967
     0100      8   40  00  00  00  00  00  00  DE      19.1045
     0101      8   C0  01  00  00  00  00  01  24      19.1051
     0102      8   40  00  00  00  00  00  00  DE      19.1053
     0100      8   40  00  00  00  00  00  00  DE      19.1096
     0101      8   E0  01  00  00  00  00  01  4B      19.1151
     0102      8   40  00  00  00  00  00  00  DE      19.1153
     0100      8   60  00  00  00  00  00  00  B1      19.1175
     0101      8   00  01  00  00  00  00  01  5B      19.1251
     0100      8   80  00  00  00  00  00  00  A1      19.1253
     0102      8   60  00  00  00  00  00  00  B1      19.1256
     0100      8   A0  00  00  00  00  00  00  CE      19.1331
     0101      8   20  01  00  00  00  00  01  34      19.1351
     0102      8   A0  00  00  00  00  00  00  CE      19.1353
     0100      8   A0  00  00  00  00  00  00  CE      19.1382
     0101      8   40  01  00  00  00  00  01  85      19.1451
     0102      8   A0  00  00  00  00  00  00  CE      19.1453
     0501      8   0D  00  00  00  00  00  00  E6      19.1456
     0100      8   C0  00  00  00  00  00  00  7F      19.1460
     0100      8   E0  00  00  00  00  00  00  10      19.1538
     0101      8   60  01  00  00  00  00  01  EA      19.1551
     0102      8   E0  00  00  00  00  00  00  10      19.1553
     0100      8   E0  00  00  00  00  00  00  10      19.1589
     0101      8   80  01  00  00  00  00  01  FA      19.1651
     0102      8   E0  00  00  00  00  00  00  10      19.1653
     0100      8   00  00  00  00  00  00  00  00      19.1668
     0100      8   20  00  00  00  00  00  00  6F      19.1746
     0101      8   A0  01  00  00  00  00  01  95      19.1751
     0102      8   00  00  00  00  00  00  00  00      19.1753
     0100      8   20  00  00  00  00  00  00  6F      19.1797
     0101      8   C0  01  00  00  00  00  01  24      19.1851
     0102      8   20  00  00  00  00  00  00  6F      19.1853
     0100      8   40  00  00  00  00  00  00  DE      19.1875
     0101      8   E0  01  00  00  00  00  01  4B      19.1951
     0102      8   40  00  00  00  00  00  00  DE      19.1953
     0100      8   60  00  00  00  00  00  00  B1      19.1955
     0100      8   80  00  00  00  00  00  00  A1      19.2031
     0101      8   00  01  00  00  00  00  01  5B      19.2051
     0102      8   80  00  00  00  00  00  00  A1      19.2053
     0100      8   80  00  00  00  00  00  00  A1      19.2082
     0101      8   20  01  00  00  00  00  01  34      19.2151
     0102      8   80  00  00  00  00  00  00  A1      19.2153
     0100      8   A0  00  00  00  00  00  00  CE      19.2160
     0100      8   C0  00  00  00  00  00  00  7F      19.2239
     0101      8   40  01  00  00  00  00  01  85      19.2250
     0102      8   C0  00  00  00  00  00  00  7F      19.2253
     0100      8   C0  00  00  00  00  00  00  7F      19.2290
     0101      8   60  01  00  00  00  00  01  EA      19.2350
     0102      8   C0  00  00  00  00  00  00  7F      19.2353
     0100      8   E0  00  00  00  00  00  00  10      19.2368
     0100      8   00  00  00  00  00  00  00  00      19.2446
     0101      8   80  01  00  00  00  00  01  FA      19.2451
     0102      8   E0  00  00  00  00  00  00  10      19.2453
     0501      8   0D  00  00  00  00  00  00  E6      19.2455
     0100      8   00  00  00  00  00  00  00  00      19.2497
     0101      8   A0  01  00  00  00  00  01  95      19.2550
     0102      8   00  00  00  00  00  00  00  00      19.2553
     0100      8   20  00  00  00  00  00  00  6F      19.2575
     0101      8   C0  01  00  00  00  00  01  24      19.2650
     0102      8   20  00  00  00  00  00  00  6F      19.2653
     0100      8   40  00  00  00  00  00  00  DE      19.2655
     0100      8   60  00  00  00  00  00  00  B1      19.2731
     0101      8   E0  01  00  00  00  00  01  4B      19.2750
     0102      8   60  00  00  00  00  00  00  B1      19.2753
     0100      8   60  00  00  00  00  00  00  B1      19.2782
     0101      8   00  01  00  00  00  00  01  5B      19.2850
     0102      8   60  00  00  00  00  00  00  B1      19.2853
     0100      8   80  00  00  00  00  00  00  A1      19.2861
     0100      8   A0  00  00  00  00  00  00  CE      19.2939
     0101      8   20  01  00  00  00  00  01  34      19.2950
     0102      8   A0  00  00  00  00  00  00  CE      19.2953
     0100      8   A0  00  00  00  00  00  00  CE      19.2990
     0101      8   40  01  00  00  00  00  01  85      19.3050
     0102      8   A0  00  00  00  00  00  00  CE      19.3053
     0100      8   C0  00  00  00  00  00  00  7F      19.3068
     0100      8   E0  00  00  00  00  00  00  10      19.3146
     0101      8   60  01  00  00  00  00  01  EA      19.3150
     0102      8   C0  00  00  00  00  00  00  7F      19.3153
     0100      8   E0  00  00  00  00  00  00  10      19.3197
     0101      8   80  01  00  00  00  00  01  FA      19.3250
     0102      8   E0  00  00  00  00  00  00  10      19.3253
     0100      8   00  00  00  00  00  00  00  00      19.3275
     0101      8   A0  01  00  00  00  00  01  95      19.3350
     0102      8   00  00  00  00  00  00  00  00      19.3353
     0100      8   20  00  00  00  00  00  00  6F      19.3355
     0100      8   40  00  00  00  00  00  00  DE      19.3432
     0101      8   C0  01  00  00  00  00  01  24      19.3450
     0102      8   40  00  00  00  00  00  00  DE      19.3453
     0501      8   0D  00  00  00  00  00  00  E6      19.3455
     0100      8   40  00  00  00  00  00  00  DE      19.3483
     0101      8   E0  01  00  00  00  00  01  4B      19.3550
     0102      8   40  00  00  00  00  00  00  DE      19.3553
     0100      8   60  00  00  00  00  00  00  B1      19.3561
     0100      8   80  00  00  00  00  00  00  A1      19.3639
     0101      8   00  01  00  00  00  00  01  5B      19.3650
     0102      8   80  00  00  00  00  00  00  A1      19.3653
     0100      8   80  00  00  00  00  00  00  A1      19.3690
     0101      8   20  01  00  00  00  00  01  34      19.3750
     0102      8   80  00  00  00  00  00  00  A1      19.3753
     0100      8   A0  00  00  00  00  00  00  CE      19.3768
     0100      8   C0  00  00  00  00  00  00  7F      19.3847
     0101      8   40  01  00  00  00  00  01  85      19.3850
     0102      8   A0  00  00  00  00  00  00  CE      19.3853
     0100      8   C0  00  00  00  00  00  00  7F      19.3898
     0101      8   60  01  00  00  00  00  01  EA      19.3950
     0102      8   C0  00  00  00  00  00  00  7F      19.3953
     0100      8   E0  00  00  00  00  00  00  10      19.3976
     0101      8   80  01  00  00  00  00  01  FA      19.4050
     0102      8   E0  00  00  00  00  00  00  10      19.4053
     0100      8   00  00  00  00  00  00  00  00      19.4055
     0100      8   20  00  00  00  00  00  00  6F      19.4132
     0101      8   A0  01  00  00  00  00  01  95      19.4150
     0102      8   20  00  00  00  00  00  00  6F      19.4153
     0100      8   20  00  00  00  00  00  00  6F      19.4183
     0101      8   C0  01  00  00  00  00  01  24      19.4250
     0102      8   20  00  00  00  00  00  00  6F      19.4253
     0100      8   40  00  00  00  00  00  00  DE      19.4261
     0100      8   60  00  00  00  00  00  00  B1      19.4339
     0101      8   E0  01  00  00  00  00  01  4B      19.4350
     0102      8   60  00  00  00  00  00  00  B1      19.4353
     0100      8   60  00  00  00  00  00  00  B1      19.4390
     0101      8   00  01  00  00  00  00  01  5B      19.4450
     0102      8   60  00  00  00  00  00  00  B1      19.4453
     0501      8   0D  00  00  00  00  00  00  E6      19.4455
     0100      8   80  00  00  00  00  00  00  A1      19.4469
     0100      8   A0  00  00  00  00  00  00  CE      19.4547
     0101      8   20  01  00  00  00  00  01  34      19.4550
     0102      8   80  00  00  00  00  00  00  A1      19.4553
     0100      8   A0  00  00  00  00  00  00  CE      19.4598
     0101      8   40  01  00  00  00  00  01  85      19.4650
     0102      8   A0  00  00  00  00  00  00  CE      19.4653
     0100      8   C0  00  00  00  00  00  00  7F      19.4676
     0101      8   60  01  00  00  00  00  01  EA      19.4750
     0102      8   C0  00  00  00  00  00  00  7F      19.4753
     0100      8   E0  00  00  00  00  00  00  10      19.4755
     0100      8   00  00  00  00  00  00  00  00      19.4832
     0101      8   80  01  00  00  00  00  01  FA      19.4850
     0102      8   00  00  00  00  00  00  00  00      19.4853
     0100      8   00  00  00  00  00  00  00  00      19.4883
     0101      8   A0  01  00  00  00  00  01  95      19.4950
     0102      8   00  00  00  00  00  00  00  00      19.4953
     0100      8   20  00  00  00  00  00  00  6F      19.4962
     0100      8   40  00  00  00  00  00  00  DE      19.5040
     0101      8   C0  01  00  00  00  00  01  24      19.5050
     0102      8   40  00  00  00  00  00  00  DE      19.5053
     0100      8   40  00  00  00  00  00  00  DE      19.5091
     0101      8   E0  01  00  00  00  00  01  4B      19.5150
     0102      8   40  00  00  00  00  00  00  DE      19.5153
     0100      8   60  00  00  00  00  00  00  B1      19.5169
     0100      8   80  00  00  00  00  00  00  A1      19.5247
     0101      8   00  01  00  00  00  00  01  5B      19.5250
     0102      8   60  00  00  00  00  00  00  B1      19.5253
     0100      8   80  00  00  00  00  00  00  A1      19.5298
     0101      8   20  01  00  00  00  00  01  34      19.5350
     0102      8   80  00  00  00  00  00  00  A1      19.5352
     0100      8   A0  00  00  00  00  00  00  CE      19.5376
     0101      8   40  01  00  00  00  00  01  85      19.5450
     0102      8   A0  00  00  00  00  00  00  CE      19.5452
     0100      8   C0  00  00  00  00  00  00  7F      19.5455
     0501      8   0D  00  00  00  00  00  00  E6      19.5457
     0100      8   E0  00  00  00  00  00  00  10      19.5533
     0101      8   60  01  00  00  00  00  01  EA      19.5550
     0102      8   E0  00  00  00  00  00  00  10      19.5553
     0100      8   E0  00  00  00  00  00  00  10      19.5584
     0101      8   80  01  00  00  00  00  01  FA      19.5650
     0102      8   E0  00  00  00  00  00  00  10      19.5653
     0100      8   00  00  00  00  00  00  00  00      19.5662
     0100      8   20  00  00  00  00  00  00  6F      19.5740
     0101      8   A0  01  00  00  00  00  01  95      19.5750
     0102      8   20  00  00  00  00  00  00  6F      19.5752
     0100      8   20  00  00  00  00  00  00  6F      19.5791
     0101      8   C0  01  00  00  00  00  01  24      19.5850
     0102      8   20  00  00  00  00  00  00  6F      19.5852
     0100      8   40  00  00  00  00  00  00  DE      19.5869
     0100      8   60  00  00  00  00  00  00  B1      19.5947
     0101      8   E0  01  00  00  00  00  01  4B      19.5950
     0102      8   40  00  00  00  00  00  00  DE      19.5952
     0100      8   60  00  00  00  00  00  00  B1      19.5998
     0101      8   00  01  00  00  00  00  01  5B      19.6050
     0102      8   60  00  00  00  00  00  00  B1      19.6052
     0100      8   80  00  00  00  00  00  00  A1      19.6077
     0101      8   20  01  00  00  00  00  01  34      19.6150
     0102      8   80  00  00  00  00  00  00  A1      19.6152
     0100      8   A0  00  00  00  00  00  00  CE      19.6155
     0100      8   C0  00  00  00  00  00  00  7F      19.6233
     0101      8   40  01  00  00  00  00  01  85      19.6250
     0102      8   C0  00  00  00  00  00  00  7F      19.6252
     0100      8   C0  00  00  00  00  00  00  7F      19.6284
     0101      8   60  01  00  00  00  00  01  EA      19.6350
     0102      8   C0  00  00  00  00  00  00  7F      19.6352
     0100      8   E0  00  00  00  00  00  00  10      19.6362
     0100      8   00  00  00  00  00  00  00  00      19.6440
     0101      8   80  01  00  00  00  00  01  FA      19.6450
     0102      8   00  00  00  00  00  00  00  00      19.6452
     0501      8   0D  00  00  00  00  00  00  E6      19.6455
     0100      8   00  00  00  00  00  00  00  00      19.6491
     0101      8   A0  01  00  00  00  00  01  95      19.6550
     0102      8   00  00  00  00  00  00  00  00      19.6552
     0100      8   20  00  00  00  00  00  00  6F      19.6569
     0100      8   40  00  00  00  00  00  00  DE      19.6648
     0101      8   C0  01  00  00  00  00  01  24      19.6650
     0102      8   20  00  00  00  00  00  00  6F      19.6653
     0100      8   40  00  00  00  00  00  00  DE      19.6699
     0101      8   E0  01  00  00  00  00  01  4B      19.6750
     0102      8   40  00  00  00  00  00  00  DE      19.6752
     0100      8   60  00  00  00  00  00  00  B1      19.6777
     0101      8   00  01  00  00  00  00  01  5B      19.6850
     0102      8   60  00  00  00  00  00  00  B1      19.6852
     0100      8   80  00  00  00  00  00  00  A1      19.6855
     0100      8   A0  00  00  00  00  00  00  CE      19.6933
     0101      8   20  01  00  00  00  00  01  34      19.6950
     0102      8   A0  00  00  00  00  00  00  CE      19.6952
     0100      8   A0  00  00  00  00  00  00  CE      19.6984
     0101      8   40  01  00  00  00  00  01  85      19.7050
     0102      8   A0  00  00  00  00  00  00  CE      19.7052
     0100      8   C0  00  00  00  00  00  00  7F      19.7062
     0100      8   E0  00  00  00  00  00  00  10      19.7141
     0101      8   60  01  00  00  00  00  01  EA      19.7150
     0102      8   E0  00  00  00  00  00  00  10      19.7152
     0100      8   E0  00  00  00  00  00  00  10      19.7192
     0101      8   80  01  00  00  00  00  01  FA      19.7250
     0102      8   E0  00  00  00  00  00  00  10      19.7252
     0100      8   00  00  00  00  00  00  00  00      19.7270
     0100      8   20  00  00  00  00  00  00  6F      19.7348
     0101      8   A0  01  00  00  00  00  01  95      19.7350
     0102      8   00  00  00  00  00  00  00  00      19.7353
     0100      8   20  00  00  00  00  00  00  6F      19.7399
     0101      8   C0  01  00  00  00  00  01  24      19.7450
     0102      8   20  00  00  00  00  00  00  6F      19.7452
     0501      8   0D  00  00  00  00  00  00  E6      19.7455
     0100      8   40  00  00  00  00  00  00  DE      19.7477
     0101      8   E0  01  00  00  00  00  01  4B      19.7550
     0102      8   40  00  00  00  00  00  00  DE      19.7552
     0100      8   60  00  00  00  00  00  00  B1      19.7555
     0100      8   80  00  00  00  00  00  00  A1      19.7633
     0101      8   00  01  00  00  00  00  01  5B      19.7650
     0102      8   80  00  00  00  00  00  00  A1      19.7652
     0100      8   80  00  00  00  00  00  00  A1      19.7684
     0101      8   20  01  00  00  00  00  01  34      19.7750
     0102      8   80  00  00  00  00  00  00  A1      19.7752
     0100      8   A0  00  00  00  00  00  00  CE      19.7763
     0100      8   C0  00  00  00  00  00  00  7F      19.7841
     0101      8   40  01  00  00  00  00  01  85      19.7850
     0102      8   C0  00  00  00  00  00  00  7F      19.7852
     0100      8   C0  00  00  00  00  00  00  7F      19.7892
     0101      8   60  01  00  00  00  00  01  EA      19.7950
     0102      8   C0  00  00  00  00  00  00  7F      19.7952
     0100      8   E0  00  00  00  00  00  00  10      19.7970
     0100      8   00  00  00  00  00  00  00  00      19.8048
     0101      8   80  01  00  00  00  00  01  FA      19.8051
     0102      8   E0  00  00  00  00  00  00  10      19.8053
     0100      8   00  00  00  00  00  00  00  00      19.8099
     0101      8   A0  01  00  00  00  00  01  95      19.8150
     0102      8   00  00  00  00  00  00  00  00      19.8152
     0100      8   20  00  00  00  00  00  00  6F      19.8177
     0101      8   C0  01  00  00  00  00  01  24      19.8250
     0102      8   20  00  00  00  00  00  00  6F      19.8252
     0100      8   40  00  00  00  00  00  00  DE      19.8256
     0100      8   60  00  00  00  00  00  00  B1      19.8334
     0101      8   E0  01  00  00  00  00  01  4B      19.8350
     0102      8   60  00  00  00  00  00  00  B1      19.8352
     0100      8   60  00  00  00  00  00  00  B1      19.8385
     0101      8   00  01  00  00  00  00  01  5B      19.8450
     0102      8   60  00  00  00  00  00  00  B1      19.8452
     0501      8   0D  00  00  00  00  00  00  E6      19.8455
     0100      8   80  00  00  00  00  00  00  A1      19.8463
     0100      8   A0  00  00  00  00  00  00  CE      19.8541
     0101      8   20  01  00  00  00  00  01  34      19.8550
     0102      8   A0  00  00  00  00  00  00  CE      19.8552
     0100      8   A0  00  00  00  00  00  00  CE      19.8592
     0101      8   40  01  00  00  00  00  01  85      19.8650
     0102      8   A0  00  00  00  00  00  00  CE      19.8652
     0100      8   C0  00  00  00  00  00  00  7F      19.8670
     0100      8   E0  00  00  00  00  00  00  10      19.8749
     0101      8   60  01  00  00  00  00  01  EA      19.8751
     0102      8   C0  00  00  00  00  00  00  7F      19.8753
     0100      8   E0  00  00  00  00  00  00  10      19.8799
     0101      8   80  01  00  00  00  00  01  FA      19.8850
     0102      8   E0  00  00  00  00  00  00  10      19.8852
     0100      8   00  00  00  00  00  00  00  00      19.8878
     0101      8   A0  01  00  00  00  00  01  95      19.8950
     0102      8   00  00  00  00  00  00  00  00      19.8952
     0100      8   20  00  00  00  00  00  00  6F      19.8956
     0100      8   40  00  00  00  00  00  00  DE      19.9034
     0101      8   C0  01  00  00  00  00  01  24      19.9050
     0102      8   40  00  00  00  00  00  00  DE      19.9052
     0100      8   40  00  00  00  00  00  00  DE      19.9085
     0101      8   E0  01  00  00  00  00  01  4B      19.9150
     0102      8   40  00  00  00  00  00  00  DE      19.9152
     0100      8   60  00  00  00  00  00  00  B1      19.9163
     0100      8   80  00  00  00  00  00  00  A1      19.9241
     0101      8   00  01  00  00  00  00  01  5B      19.9250
     0102      8   80  00  00  00  00  00  00  A1      19.9252
     0100      8   80  00  00  00  00  00  00  A1      19.9292
     0101      8   20  01  00  00  00  00  01  34      19.9350
     0102      8   80  00  00  00  00  00  00  A1      19.9352
     0100      8   A0  00  00  00  00  00  00  CE      19.9371
     0100      8   C0  00  00  00  00  00  00  7F      19.9449
     0101      8   40  01  00  00  00  00  01  85      19.9451
     0102      8   A0  00  00  00  00  00  00  CE      19.9454
     0501      8   0D  00  00  00  00  00  00  E6      19.9456
     0100      8   C0  00  00  00  00  00  00  7F      19.9500
     0101      8   60  01  00  00  00  00  01  EA      19.9549
     0102      8   C0  00  00  00  00  00  00  7F      19.9552
     0100      8   E0  00  00  00  00  00  00  10      19.9578
     0101      8   80  01  00  00  00  00  01  FA      19.9649
     0102      8   E0  00  00  00  00  00  00  10      19.9652
     0100      8   00  00  00  00  00  00  00  00      19.9656
     0100      8   20  00  00  00  00  00  00  6F      19.9734
     0101      8   A0  01  00  00  00  00  01  95      19.9749
     0102      8   20  00  00  00  00  00  00  6F      19.9752
     0100      8   20  00  00  00  00  00  00  6F      19.9785
     0101      8   C0  01  00  00  00  00  01  24      19.9849
     0102      8   20  00  00  00  00  00  00  6F      19.9852
     0100      8   40  00  00  00  00  00  00  DE      19.9863
     0100      8   60  00  00  00  00  00  00  B1      19.9942
     0101      8   E0  01  00  00  00  00  01  4B      19.9949
     0102      8   60  00  00  00  00  00  00  B1      19.9952
     0100      8   60  00  00  00  00  00  00  B1      19.9993
     0101      8   00  01  00  00  00  00  01  5B      20.0049
     0102      8   60  00  00  00  00  00  00  B1      20.0052
     0100      8   80  00  00  00  00  00  00  A1      20.0071
     0100      8   A0  00  00  00  00  00  00  CE      20.0149
     0101      8   20  01  00  00  00  00  01  34      20.0151
     0102      8   80  00  00  00  00  00  00  A1      20.0154
     0100      8   A0  00  00  00  00  00  00  CE      20.0200
     0101      8   40  01  00  00  00  00  01  85      20.0249
     0102      8   A0  00  00  00  00  00  00  CE      20.0252
     0100      8   C0  00  00  00  00  00  00  7F      20.0278
     0101      8   60  01  00  00  00  00  01  EA      20.0349
     0102      8   C0  00  00  00  00  00  00  7F      20.0352
     0100      8   E0  00  00  00  00  00  00  10      20.0356
     0100      8   00  00  00  00  00  00  00  00      20.0435
     0101      8   80  01  00  00  00  00  01  FA      20.0449
     0102      8   00  00  00  00  00  00  00  00      20.0452
     0501      8   0D  00  00  00  00  00  00  E6      20.0454
     0100      8   00  00  00  00  00  00  00  00      20.0486
     0101      8   A0  01  00  00  00  00  01  95      20.0549
     0102      8   00  00  00  00  00  00  00  00      20.0552
     0100      8   20  00  00  00  00  00  00  6F      20.0564
     0100      8   40  00  00  00  00  00  00  DE      20.0642
     0101      8   C0  01  00  00  00  00  01  24      20.0649
     0102      8   40  00  00  00  00  00  00  DE      20.0652
     0100      8   40  00  00  00  00  00  00  DE      20.0693
     0101      8   E0  01  00  00  00  00  01  4B      20.0749
     0102      8   40  00  00  00  00  00  00  DE      20.0752
     0100      8   60  00  00  00  00  00  00  B1      20.0771
     0100      8   80  00  00  00  00  00  00  A1      20.0849
     0101      8   00  01  00  00  00  00  01  5B      20.0852
     0102      8   60  00  00  00  00  00  00  B1      20.0854
     0100      8   80  00  00  00  00  00  00  A1      20.0900
     0101      8   20  01  00  00  00  00  01  34      20.0949
     0102      8   80  00  00  00  00  00  00  A1      20.0952
     0100      8   A0  00  00  00  00  00  00  CE      20.0978
     0101      8   40  01  00  00  00  00  01  85      20.1049
     0102      8   A0  00  00  00  00  00  00  CE      20.1052
     0100      8   C0  00  00  00  00  00  00  7F      20.1057
     0100      8   E0  00  00  00  00  00  00  10      20.1135
     0101      8   60  01  00  00  00  00  01  EA      20.1149
     0102      8   E0  00  00  00  00  00  00  10      20.1152
     0100      8   E0  00  00  00  00  00  00  10      20.1186
     0101      8   80  01  00  00  00  00  01  FA      20.1249
     0102      8   E0  00  00  00  00  00  00  10      20.1252
     0100      8   00  00  00  00  00  00  00  00      20.1264
     0100      8   20  00  00  00  00  00  00  6F      20.1342
     0101      8   A0  01  00  00  00  00  01  95      20.1349
     0102      8   20  00  00  00  00  00  00  6F      20.1352
     0100      8   20  00  00  00  00  00  00  6F      20.1393
     0101      8   C0  01  00  00  00  00  01  24      20.1449
     0102      8   20  00  00  00  00  00  00  6F      20.1452
     0501      8   0D  00  00  00  00  00  00  E6      20.1454
     0100      8   40  00  00  00  00  00  00  DE      20.1471
     0101      8   E0  01  00  00  00  00  01  4B      20.1549
     0100      8   60  00  00  00  00  00  00  B1      20.1552
     0102      8   40  00  00  00  00  00  00  DE      20.1554
     0100      8   80  00  00  00  00  00  00  A1      20.1628
     0101      8   00  01  00  00  00  00  01  5B      20.1649
     0102      8   80  00  00  00  00  00  00  A1      20.1652
     0100      8   80  00  00  00  00  00  00  A1      20.1679
     0101      8   20  01  00  00  00  00  01  34      20.1749
     0102      8   80  00  00  00  00  00  00  A1      20.1752
     0100      8   A0  00  00  00  00  00  00  CE      20.1757
     0100      8   C0  00  00  00  00  00  00  7F      20.1835
     0101      8   40  01  00  00  00  00  01  85      20.1849
     0102      8   C0  00  00  00  00  00  00  7F      20.1852
     0100      8   C0  00  00  00  00  00  00  7F      20.1886
     0101      8   60  01  00  00  00  00  01  EA      20.1949
     0102      8   C0  00  00  00  00  00  00  7F      20.1952
     0100      8   E0  00  00  00  00  00  00  10      20.1964
     0100      8   00  00  00  00  00  00  00  00      20.2043
     0101      8   80  01  00  00  00  00  01  FA      20.2049
     0102      8   00  00  00  00  00  00  00  00      20.2052
     0100      8   00  00  00  00  00  00  00  00      20.2094
     0101      8   A0  01  00  00  00  00  01  95      20.2149
     0102      8   00  00  00  00  00  00  00  00      20.2152
     0100      8   20  00  00  00  00  00  00  6F      20.2172
     0101      8   C0  01  00  00  00  00  01  24      20.2249
     0100      8   40  00  00  00  00  00  00  DE      20.2252
     0102      8   20  00  00  00  00  00  00  6F      20.2254
     0100      8   60  00  00  00  00  00  00  B1      20.2328
     0101      8   E0  01  00  00  00  00  01  4B      20.2349
     0102      8   60  00  00  00  00  00  00  B1      20.2352
     0100      8   60  00  00  00  00  00  00  B1      20.2379
     0101      8   00  01  00  00  00  00  01  5B      20.2449
     0102      8   60  00  00  00  00  00  00  B1      20.2452
     0501      8   0D  00  00  00  00  00  00  E6      20.2454
     0100      8   80  00  00  00  00  00  00  A1      20.2457
     0100      8   A0  00  00  00  00  00  00  CE      20.2535
     0101      8   20  01  00  00  00  00  01  34      20.2549
     0102      8   A0  00  00  00  00  00  00  CE      20.2552
     0100      8   A0  00  00  00  00  00  00  CE      20.2586
     0101      8   40  01  00  00  00  00  01  85      20.2649
     0102      8   A0  00  00  00  00  00  00  CE      20.2651
     0100      8   C0  00  00  00  00  00  00  7F      20.2665
     0100      8   E0  00  00  00  00  00  00  10      20.2743
     0101      8   60  01  00  00  00  00  01  EA      20.2749
     0102      8   E0  00  00  00  00  00  00  10      20.2752
     0100      8   E0  00  00  00  00  00  00  10      20.2794
     0101      8   80  01  00  00  00  00  01  FA      20.2849
     0102      8   E0  00  00  00  00  00  00  10      20.2852
     0100      8   00  00  00  00  00  00  00  00      20.2872
     0101      8   A0  01  00  00  00  00  01  95      20.2949
     0100      8   20  00  00  00  00  00  00  6F      20.2952
     0102      8   00  00  00  00  00  00  00  00      20.2954
     0100      8   40  00  00  00  00  00  00  DE      20.3028
     0101      8   C0  01  00  00  00  00  01  24      20.3049
     0102      8   40  00  00  00  00  00  00  DE      20.3051
     0100      8   40  00  00  00  00  00  00  DE      20.3079
     0101      8   E0  01  00  00  00  00  01  4B      20.3149
     0102      8   40  00  00  00  00  00  00  DE      20.3151
     0100      8   60  00  00  00  00  00  00  B1      20.3158
     0100      8   80  00  00  00  00  00  00  A1      20.3236
     0101      8   00  01  00  00  00  00  01  5B      20.3249
     0102      8   80  00  00  00  00  00  00  A1      20.3251
     0100      8   80  00  00  00  00  00  00  A1      20.3287
     0101      8   20  01  00  00  00  00  01  34      20.3349
     0102      8   80  00  00  00  00  00  00  A1      20.3351
     0100      8   A0  00  00  00  00  00  00  CE      20.3365
     0100      8   C0  00  00  00  00  00  00  7F      20.3443
     0101      8   40  01  00  00  00  00  01  85      20.3449
     0102      8   C0  00  00  00  00  00  00  7F      20.3451
     0501      8   0D  00  00  00  00  00  00  E6      20.3454
     0100      8   C0  00  00  00  00  00  00  7F      20.3494
     0101      8   60  01  00  00  00  00  01  EA      20.3549
     0102      8   C0  00  00  00  00  00  00  7F      20.3551
     0100      8   E0  00  00  00  00  00  00  10      20.3572
     0101      8   80  01  00  00  00  00  01  FA      20.3649
     0100      8   00  00  00  00  00  00  00  00      20.3651
     0102      8   E0  00  00  00  00  00  00  10      20.3654
     0100      8   20  00  00  00  00  00  00  6F      20.3729
     0101      8   A0  01  00  00  00  00  01  95      20.3749
     0102      8   20  00  00  00  00  00  00  6F      20.3751
     0100      8   20  00  00  00  00  00  00  6F      20.3780
     0101      8   C0  01  00  00  00  00  01  24      20.3849
     0102      8   20  00  00  00  00  00  00  6F      20.3851
     0100      8   40  00  00  00  00  00  00  DE      20.3858
     0100      8   60  00  00  00  00  00  00  B1      20.3936
     0101      8   E0  01  00  00  00  00  01  4B      20.3949
     0102      8   60  00  00  00  00  00  00  B1      20.3951
     0100      8   60  00  00  00  00  00  00  B1      20.3987
     0101      8   00  01  00  00  00  00  01  5B      20.4049
     0102      8   60  00  00  00  00  00  00  B1      20.4051
     0100      8   80  00  00  00  00  00  00  A1      20.4065
     0100      8   A0  00  00  00  00  00  00  CE      20.4143
     0101      8   20  01  00  00  00  00  01  34      20.4149
     0102      8   A0  00  00  00  00  00  00  CE      20.4151
     0100      8   A0  00  00  00  00  00  00  CE      20.4194
     0101      8   40  01  00  00  00  00  01  85      20.4249
     0102      8   A0  00  00  00  00  00  00  CE      20.4251
     0100      8   C0  00  00  00  00  00  00  7F      20.4273
     0101      8   60  01  00  00  00  00  01  EA      20.4349
     0100      8   E0  00  00  00  00  00  00  10      20.4351
     0102      8   C0  00  00  00  00  00  00  7F      20.4354
     0100      8   00  00  00  00  00  00  00  00      20.4429
     0101      8   80  01  00  00  00  00  01  FA      20.4449
     0102      8   00  00  00  00  00  00  00  00      20.4451
     0501      8   0D  00  00  00  00  00  00  E6      20.4454
     0100      8   00  00  00  00  00  00  00  00      20.4480
     0101      8   A0  01  00  00  00  00  01  95      20.4549
     0102      8   00  00  00  00  00  00  00  00      20.4551
     0100      8   20  00  00  00  00  00  00  6F      20.4558
     0100      8   40  00  00  00  00  00  00  DE      20.4636
     0101      8   C0  01  00  00  00  00  01  24      20.4649
     0102      8   40  00  00  00  00  00  00  DE      20.4651
     0100      8   40  00  00  00  00  00  00  DE      20.4687
     0101      8   E0  01  00  00  00  00  01  4B      20.4749
     0102      8   40  00  00  00  00  00  00  DE      20.4751
     0100      8   60  00  00  00  00  00  00  B1      20.4766
     0100      8   80  00  00  00  00  00  00  A1      20.4844
     0101      8   00  01  00  00  00  00  01  5B      20.4849
     0102      8   60  00  00  00  00  00  00  B1      20.4851
     0100      8   80  00  00  00  00  00  00  A1      20.4895
     0101      8   20  01  00  00  00  00  01  34      20.4949
     0102      8   80  00  00  00  00  00  00  A1      20.4951
     0100      8   A0  00  00  00  00  00  00  CE      20.4973
     0101      8   40  01  00  00  00  00  01  85      20.5049
     0100      8   C0  00  00  00  00  00  00  7F      20.5051
     0102      8   A0  00  00  00  00  00  00  CE      20.5054
     0100      8   E0  00  00  00  00  00  00  10      20.5129
     0101      8   60  01  00  00  00  00  01  EA      20.5149
     0102      8   E0  00  00  00  00  00  00  10      20.5151
     0100      8   E0  00  00  00  00  00  00  10      20.5180
     0101      8   80  01  00  00  00  00  01  FA      20.5249
     0102      8   E0  00  00  00  00  00  00  10      20.5251
     0100      8   00  00  00  00  00  00  00  00      20.5258
     0100      8   20  00  00  00  00  00  00  6F      20.5337
     0101      8   A0  01  00  00  00  00  01  95      20.5349
     0102      8   20  00  00  00  00  00  00  6F      20.5351
     0100      8   20  00  00  00  00  00  00  6F      20.5388
     0101      8   C0  01  00  00  00  00  01  24      20.5449
     0102      8   20  00  00  00  00  00  00  6F      20.5451
     0501      8   0D  00  00  00  00  00  00  E6      20.5454
     0100      8   40  00  00  00  00  00  00  DE      20.5466
     0100      8   60  00  00  00  00  00  00  B1      20.5544
     0101      8   E0  01  00  00  00  00  01  4B      20.5549
     0102      8   40  00  00  00  00  00  00  DE      20.5551
     0100      8   60  00  00  00  00  00  00  B1      20.5595
     0101      8   00  01  00  00  00  00  01  5B      20.5649
     0102      8   60  00  00  00  00  00  00  B1      20.5651
     0100      8   80  00  00  00  00  00  00  A1      20.5673
     0101      8   20  01  00  00  00  00  01  34      20.5749
     0102      8   80  00  00  00  00  00  00  A1      20.5751
     0100      8   A0  00  00  00  00  00  00  CE      20.5754
     0100      8   C0  00  00  00  00  00  00  7F      20.5830
     0101      8   40  01  00  00  00  00  01  85      20.5849
     0102      8   C0  00  00  00  00  00  00  7F      20.5851
     0100      8   C0  00  00  00  00  00  00  7F      20.5881
     0101      8   60  01  00  00  00  00  01  EA      20.5949
     0102      8   C0  00  00  00  00  00  00  7F      20.5951
     0100      8   E0  00  00  00  00  00  00  10      20.5959
     0100      8   00  00  00  00  00  00  00  00      20.6037
     0101      8   80  01  00  00  00  00  01  FA      20.6049
     0102      8   00  00  00  00  00  00  00  00      20.6051
     0100      8   00  00  00  00  00  00  00  00      20.6088
     0101      8   A0  01  00  00  00  00  01  95      20.6149
     0102      8   00  00  00  00  00  00  00  00      20.6151
     0100      8   20  00  00  00  00  00  00  6F      20.6166
     0100      8   40  00  00  00  00  00  00  DE      20.6244
     0101      8   C0  01  00  00  00  00  01  24      20.6249
     0102      8   20  00  00  00  00  00  00  6F      20.6251
     0100      8   40  00  00  00  00  00  00  DE      20.6295
     0101      8   E0  01  00  00  00  00  01  4B      20.6348
     0102      8   40  00  00  00  00  00  00  DE      20.6351
     0100      8   60  00  00  00  00  00  00  B1      20.6373
     0101      8   00  01  00  00  00  00  01  5B      20.6449
     0102      8   60  00  00  00  00  00  00  B1      20.6451
     0100      8   80  00  00  00  00  00  00  A1      20.6453
     0501      8   0D  00  00  00  00  00  00  E6      20.6456
     0100      8   A0  00  00  00  00  00  00  CE      20.6530
     0101      8   20  01  00  00  00  00  01  34      20.6549
     0102      8   A0  00  00  00  00  00  00  CE      20.6551
     0100      8   A0  00  00  00  00  00  00  CE      20.6581
     0101      8   40  01  00  00  00  00  01  85      20.6648
     0102      8   A0  00  00  00  00  00  00  CE      20.6651
     0100      8   C0  00  00  00  00  00  00  7F      20.6659
     0100      8   E0  00  00  00  00  00  00  10      20.6737
     0101      8   60  01  00  00  00  00  01  EA      20.6748
     0102      8   E0  00  00  00  00  00  00  10      20.6751
     0100      8   E0  00  00  00  00  00  00  10      20.6788
     0101      8   80  01  00  00  00  00  01  FA      20.6848
     0102      8   E0  00  00  00  00  00  00  10      20.6851
     0100      8   00  00  00  00  00  00  00  00      20.6866
     0100      8   20  00  00  00  00  00  00  6F      20.6945
     0101      8   A0  01  00  00  00  00  01  95      20.6948
     0102      8   00  00  00  00  00  00  00  00      20.6951
     0100      8   20  00  00  00  00  00  00  6F      20.6996
     0101      8   C0  01  00  00  00  00  01  24      20.7048
     0102      8   20  00  00  00  00  00  00  6F      20.7051
     0100      8   40  00  00  00  00  00  00  DE      20.7074
     0101      8   E0  01  00  00  00  00  01  4B      20.7148
     0102      8   40  00  00  00  00  00  00  DE      20.7151
     0100      8   60  00  00  00  00  00  00  B1      20.7153
     0100      8   80  00  00  00  00  00  00  A1      20.7230
     0101      8   00  01  00  00  00  00  01  5B      20.7248
     0102      8   80  00  00  00  00  00  00  A1      20.7251
     0100      8   80  00  00  00  00  00  00  A1      20.7281
     0101      8   20  01  00  00  00  00  01  34      20.7348
     0102      8   80  00  00  00  00  00  00  A1      20.7351
     0100      8   A0  00  00  00  00  00  00  CE      20.7359
     0100      8   C0  00  00  00  00  00  00  7F      20.7438
     0101      8   40  01  00  00  00  00  01  85      20.7448
     0102      8   C0  00  00  00  00  00  00  7F      20.7451
     0501      8   0D  00  00  00  00  00  00  E6      20.7453
     0100      8   C0  00  00  00  00  00  00  7F      20.7489
     0101      8   60  01  00  00  00  00  01  EA      20.7548
     0102      8   C0  00  00  00  00  00  00  7F      20.7551
     0100      8   E0  00  00  00  00  00  00  10      20.7567
     0100      8   00  00  00  00  00  00  00  00      20.7645
     0101      8   80  01  00  00  00  00  01  FA      20.7648
     0102      8   E0  00  00  00  00  00  00  10      20.7651
     0100      8   00  00  00  00  00  00  00  00      20.7696
     0101      8   A0  01  00  00  00  00  01  95      20.7748
     0102      8   00  00  00  00  00  00  00  00      20.7751
     0100      8   20  00  00  00  00  00  00  6F      20.7774
     0101      8   C0  01  00  00  00  00  01  24      20.7848
     0102      8   20  00  00  00  00  00  00  6F      20.7851
     0100      8   40  00  00  00  00  00  00  DE      20.7853
     0100      8   60  00  00  00  00  00  00  B1      20.7930
     0101      8   E0  01  00  00  00  00  01  4B      20.7948
     0102      8   60  00  00  00  00  00  00  B1      20.7951
     0100      8   60  00  00  00  00  00  00  B1      20.7981
     0101      8   00  01  00  00  00  00  01  5B      20.8048
     0102      8   60  00  00  00  00  00  00  B1      20.8051
     0100      8   80  00  00  00  00  00  00  A1      20.8060
     0100      8   A0  00  00  00  00  00  00  CE      20.8138
     0101      8   20  01  00  00  00  00  01  34      20.8148
     0102      8   A0  00  00  00  00  00  00  CE      20.8151
     0100      8   A0  00  00  00  00  00  00  CE      20.8189
     0101      8   40  01  00  00  00  00  01  85      20.8248
     0102      8   A0  00  00  00  00  00  00  CE      20.8251
     0100      8   C0  00  00  00  00  00  00  7F      20.8267
     0100      8   E0  00  00  00  00  00  00  10      20.8345
     0101      8   60  01  00  00  00  00  01  EA      20.8348
     0102      8   C0  00  00  00  00  00  00  7F      20.8351
     0100      8   E0  00  00  00  00  00  00  10      20.8396
     0101      8   80  01  00  00  00  00  01  FA      20.8448
     0102      8   E0  00  00  00  00  00  00  10      20.8451
     0501      8   0D  00  00  00  00  00  00  E6      20.8453
     0100      8   00  00  00  00  00  00  00  00      20.8474
     0101      8   A0  01  00  00  00  00  01  95      20.8548
     0102      8   00  00  00  00  00  00  00  00      20.8551
     0100      8   20  00  00  00  00  00  00  6F      20.8553
     0100      8   40  00  00  00  00  00  00  DE      20.8631
     0101      8   C0  01  00  00  00  00  01  24      20.8648
     0102      8   40  00  00  00  00  00  00  DE      20.8651
     0100      8   40  00  00  00  00  00  00  DE      20.8682
     0101      8   E0  01  00  00  00  00  01  4B      20.8748
     0102      8   40  00  00  00  00  00  00  DE      20.8751
     0100      8   60  00  00  00  00  00  00  B1      20.8760
     0100      8   80  00  00  00  00  00  00  A1      20.8838
     0101      8   00  01  00  00  00  00  01  5B      20.8848
     0102      8   80  00  00  00  00  00  00  A1      20.8851
     0100      8   80  00  00  00  00  00  00  A1      20.8889
     0101      8   20  01  00  00  00  00  01  34      20.8948
     0102      8   80  00  00  00  00  00  00  A1      20.8951
     0100      8   A0  00  00  00  00  00  00  CE      20.8967
     0100      8   C0  00  00  00  00  00  00  7F      20.9045
     0101      8   40  01  00  00  00  00  01  85      20.9048
     0102      8   A0  00  00  00  00  00  00  CE      20.9051
     0100      8   C0  00  00  00  00  00  00  7F      20.9096
     0101      8   60  01  00  00  00  00  01  EA      20.9148
     0102      8   C0  00  00  00  00  00  00  7F      20.9151
     0100      8   E0  00  00  00  00  00  00  10      20.9175
     0101      8   80  01  00  00  00  00  01  FA      20.9248
     0102      8   E0  00  00  00  00  00  00  10      20.9251
     0100      8   00  00  00  00  00  00  00  00      20.9253
     0100      8   20  00  00  00  00  00  00  6F      20.9331
     0101      8   A0  01  00  00  00  00  01  95      20.9348
     0102      8   20  00  00  00  00  00  00  6F      20.9351
     0100      8   20  00  00  00  00  00  00  6F      20.9382
     0101      8   C0  01  00  00  00  00  01  24      20.9448
     0102      8   20  00  00  00  00  00  00  6F      20.9451
     0501      8   0D  00  00  00  00  00  00  E6      20.9453
     0100      8   40  00  00  00  00  00  00  DE      20.9460
     0100      8   60  00  00  00  00  00  00  B1      20.9538
     0101      8   E0  01  00  00  00  00  01  4B      20.9548
     0102      8   60  00  00  00  00  00  00  B1      20.9551
     0100      8   60  00  00  00  00  00  00  B1      20.9589
     0101      8   00  01  00  00  00  00  01  5B      20.9648
     0102      8   60  00  00  00  00  00  00  B1      20.9651
     0100      8   80  00  00  00  00  00  00  A1      20.9667
     0100      8   A0  00  00  00  00  00  00  CE      20.9746
     0101      8   20  01  00  00  00  00  01  34      20.9748
     0102      8   80  00  00  00  00  00  00  A1      20.9751
     0100      8   A0  00  00  00  00  00  00  CE      20.9797
     0101      8   40  01  00  00  00  00  01  85      20.9848
     0102      8   A0  00  00  00  00  00  00  CE      20.9850
     0100      8   C0  00  00  00  00  00  00  7F      20.9875
     0101      8   60  01  00  00  00  00  01  EA      20.9948
     0102      8   C0  00  00  00  00  00  00  7F      20.9951
     0100      8   E0  00  00  00  00  00  00  10      20.9953
     0100      8   00  00  00  00  00  00  00  00      21.0031
     0101      8   80  01  00  00  00  00  01  FA      21.0048
     0102      8   00  00  00  00  00  00  00  00      21.0051
     0100      8   00  00  00  00  00  00  00  00      21.0082
     0101      8   A0  01  00  00  00  00  01  95      21.0148
     0102      8   00  00  00  00  00  00  00  00      21.0150
     0100      8   20  00  00  00  00  00  00  6F      21.0160
     0100      8   40  00  00  00  00  00  00  DE      21.0239
     0101      8   C0  01  00  00  00  00  01  24      21.0248
     0102      8   40  00  00  00  00  00  00  DE      21.0250
     0100      8   40  00  00  00  00  00  00  DE      21.0290
     0101      8   E0  01  00  00  00  00  01  4B      21.0348
     0102      8   40  00  00  00  00  00  00  DE      21.0350
     0100      8   60  00  00  00  00  00  00  B1      21.0368
     0100      8   80  00  00  00  00  00  00  A1      21.0446
     0101      8   00  01  00  00  00  00  01  5B      21.0448
     0102      8   60  00  00  00  00  00  00  B1      21.0451
     0501      8   0D  00  00  00  00  00  00  E6      21.0453
     0100      8   80  00  00  00  00  00  00  A1      21.0497
     0101      8   20  01  00  00  00  00  01  34      21.0548
     0102      8   80  00  00  00  00  00  00  A1      21.0550
     0100      8   A0  00  00  00  00  00  00  CE      21.0575
     0101      8   40  01  00  00  00  00  01  85      21.0648
     0102      8   A0  00  00  00  00  00  00  CE      21.0650
     0100      8   C0  00  00  00  00  00  00  7F      21.0653
     0100      8   E0  00  00  00  00  00  00  10      21.0731
     0101      8   60  01  00  00  00  00  01  EA      21.0748
     0102      8   E0  00  00  00  00  00  00  10      21.0750
     0100      8   E0  00  00  00  00  00  00  10      21.0782
     0101      8   80  01  00  00  00  00  01  FA      21.0848
     0102      8   E0  00  00  00  00  00  00  10      21.0850
     0100      8   00  00  00  00  00  00  00  00      21.0861
     0100      8   20  00  00  00  00  00  00  6F      21.0939
     0101      8   A0  01  00  00  00  00  01  95      21.0948
     0102      8   20  00  00  00  00  00  00  6F      21.0950
     0100      8   20  00  00  00  00  00  00  6F      21.0990
     0101      8   C0  01  00  00  00  00  01  24      21.1048
     0102      8   20  00  00  00  00  00  00  6F      21.1050
     0100      8   40  00  00  00  00  00  00  DE      21.1068
     0100      8   60  00  00  00  00  00  00  B1      21.1146
     0101      8   E0  01  00  00  00  00  01  4B      21.1149
     0102      8   40  00  00  00  00  00  00  DE      21.1151
     0100      8   60  00  00  00  00  00  00  B1      21.1197
     0101      8   00  01  00  00  00  00  01  5B      21.1248
     0102      8   60  00  00  00  00  00  00  B1      21.1250
     0100      8   80  00  00  00  00  00  00  A1      21.1275
     0101      8   20  01  00  00  00  00  01  34      21.1348
     0102      8   80  00  00  00  00  00  00  A1      21.1350
     0100      8   A0  00  00  00  00  00  00  CE      21.1354
     0100      8   C0  00  00  00  00  00  00  7F      21.1432
     0101      8   40  01  00  00  00  00  01  85      21.1448
     0102      8   C0  00  00  00  00  00  00  7F      21.1450
     0501      8   0D  00  00  00  00  00  00  E6      21.1453
     0100      8   C0  00  00  00  00  00  00  7F      21.1483
     0101      8   60  01  00  00  00  00  01  EA      21.1548
     0102      8   C0  00  00  00  00  00  00  7F      21.1550
     0100      8   E0  00  00  00  00  00  00  10      21.1561
     0100      8   00  00  00  00  00  00  00  00      21.1639
     0101      8   80  01  00  00  00  00  01  FA      21.1648
     0102      8   00  00  00  00  00  00  00  00      21.1650
     0100      8   00  00  00  00  00  00  00  00      21.1690
     0101      8   A0  01  00  00  00  00  01  95      21.1748
     0102      8   00  00  00  00  00  00  00  00      21.1750
     0100      8   20  00  00  00  00  00  00  6F      21.1768
     0100      8   40  00  00  00  00  00  00  DE      21.1846
     0101      8   C0  01  00  00  00  00  01  24      21.1849
     0102      8   20  00  00  00  00  00  00  6F      21.1851
     0100      8   40  00  00  00  00  00  00  DE      21.1897
     0101      8   E0  01  00  00  00  00  01  4B      21.1948
     0102      8   40  00  00  00  00  00  00  DE      21.1950
     0100      8   60  00  00  00  00  00  00  B1      21.1976
     0101      8   00  01  00  00  00  00  01  5B      21.2048
     0102      8   60  00  00  00  00  00  00  B1      21.2050
     0100      8   80  00  00  00  00  00  00  A1      21.2054
     0100      8   A0  00  00  00  00  00  00  CE      21.2132
     0101      8   20  01  00  00  00  00  01  34      21.2148
     0102      8   A0  00  00  00  00  00  00  CE      21.2150
     0100      8   A0  00  00  00  00  00  00  CE      21.2183
     0101      8   40  01  00  00  00  00  01  85      21.2248
     0102      8   A0  00  00  00  00  00  00  CE      21.2250
     0100      8   C0  00  00  00  00  00  00  7F      21.2261
     0100      8   E0  00  00  00  00  00  00  10      21.2339
     0101      8   60  01  00  00  00  00  01  EA      21.2348
     0102      8   E0  00  00  00  00  00  00  10      21.2350
     0100      8   E0  00  00  00  00  00  00  10      21.2390
     0101      8   80  01  00  00  00  00  01  FA      21.2448
     0102      8   E0  00  00  00  00  00  00  10      21.2450
     0501      8   0D  00  00  00  00  00  00  E6      21.2453
     0100      8   00  00  00  00  00  00  00  00      21.2469
     0100      8   20  00  00  00  00  00  00  6F      21.2547
     0101      8   A0  01  00  00  00  00  01  95      21.2549
     0102      8   00  00  00  00  00  00  00  00      21.2552
     0100      8   20  00  00  00  00  00  00  6F      21.2598
     0101      8   C0  01  00  00  00  00  01  24      21.2648
     0102      8   20  00  00  00  00  00  00  6F      21.2650
     0100      8   40  00  00  00  00  00  00  DE      21.2676
     0101      8   E0  01  00  00  00  00  01  4B      21.2748
     0102      8   40  00  00  00  00  00  00  DE      21.2750
     0100      8   60  00  00  00  00  00  00  B1      21.2754
     0100      8   80  00  00  00  00  00  00  A1      21.2832
     0101      8   00  01  00  00  00  00  01  5B      21.2848
     0102      8   80  00  00  00  00  00  00  A1      21.2850
     0100      8   80  00  00  00  00  00  00  A1      21.2883
     0101      8   20  01  00  00  00  00  01  34      21.2948
     0102      8   80  00  00  00  00  00  00  A1      21.2950
     0100      8   A0  00  00  00  00  00  00  CE      21.2961
     0100      8   C0  00  00  00  00  00  00  7F      21.3040
     0101      8   40  01  00  00  00  00  01  85      21.3048
     0102      8   C0  00  00  00  00  00  00  7F      21.3050
     0100      8   C0  00  00  00  00  00  00  7F      21.3091
     0101      8   60  01  00  00  00  00  01  EA      21.3148
     0102      8   C0  00  00  00  00  00  00  7F      21.3150
     0100      8   E0  00  00  00  00  00  00  10      21.3169
     0100      8   00  00  00  00  00  00  00  00      21.3247
     0101      8   80  01  00  00  00  00  01  FA      21.3250
     0102      8   E0  00  00  00  00  00  00  10      21.3252
     0100      8   00  00  00  00  00  00  00  00      21.3298
     0101      8   A0  01  00  00  00  00  01  95      21.3348
     0102      8   00  00  00  00  00  00  00  00      21.3350
     0100      8   20  00  00  00  00  00  00  6F      21.3376
     0101      8   C0  01  00  00  00  00  01  24      21.3448
     0102      8   20  00  00  00  00  00  00  6F      21.3450
     0501      8   0D  00  00  00  00  00  00  E6      21.3452
     0100      8   40  00  00  00  00  00  00  DE      21.3455
     0100      8   60  00  00  00  00  00  00  B1      21.3533
     0101      8   E0  01  00  00  00  00  01  4B      21.3548
     0102      8   60  00  00  00  00  00  00  B1      21.3550
     0100      8   60  00  00  00  00  00  00  B1      21.3584
     0101      8   00  01  00  00  00  00  01  5B      21.3648
     0102      8   60  00  00  00  00  00  00  B1      21.3650
     0100      8   80  00  00  00  00  00  00  A1      21.3662
     0100      8   A0  00  00  00  00  00  00  CE      21.3740
     0101      8   20  01  00  00  00  00  01  34      21.3747
     0102      8   A0  00  00  00  00  00  00  CE      21.3750
     0100      8   A0  00  00  00  00  00  00  CE      21.3791
     0101      8   40  01  00  00  00  00  01  85      21.3847
     0102      8   A0  00  00  00  00  00  00  CE      21.3850
     0100      8   C0  00  00  00  00  00  00  7F      21.3869
     0100      8   E0  00  00  00  00  00  00  10      21.3947
     0101      8   60  01  00  00  00  00  01  EA      21.3950
     0102      8   C0  00  00  00  00  00  00  7F      21.3952
     0100      8   E0  00  00  00  00  00  00  10      21.3998
     0101      8   80  01  00  00  00  00  01  FA      21.4047
     0102      8   E0  00  00  00  00  00  00  10      21.4050
     0100      8   00  00  00  00  00  00  00  00      21.4077
     0101      8   A0  01  00  00  00  00  01  95      21.4147
     0102      8   00  00  00  00  00  00  00  00      21.4150
     0100      8   20  00  00  00  00  00  00  6F      21.4155
     0100      8   40  00  00  00  00  00  00  DE      21.4233
     0101      8   C0  01  00  00  00  00  01  24      21.4247
     0102      8   40  00  00  00  00  00  00  DE      21.4250
     0100      8   40  00  00  00  00  00  00  DE      21.4284
     0101      8   E0  01  00  00  00  00  01  4B      21.4347
     0102      8   40  00  00  00  00  00  00  DE      21.4350
     0100      8   60  00  00  00  00  00  00  B1      21.4362
     0100      8   80  00  00  00  00  00  00  A1      21.4440
     0101      8   00  01  00  00  00  00  01  5B      21.4447
     0102      8   80  00  00  00  00  00  00  A1      21.4450
     0501      8   0D  00  00  00  00  00  00  E6      21.4452
     0100      8   80  00  00  00  00  00  00  A1      21.4491
     0101      8   20  01  00  00  00  00  01  34      21.4547
     0102      8   80  00  00  00  00  00  00  A1      21.4550
     0100      8   A0  00  00  00  00  00  00  CE      21.4569
     0101      8   40  01  00  00  00  00  01  85      21.4647
     0100      8   C0  00  00  00  00  00  00  7F      21.4650
     0102      8   A0  00  00  00  00  00  00  CE      21.4652
     0100      8   E0  00  00  00  00  00  00  10      21.4726
     0101      8   60  01  00  00  00  00  01  EA      21.4747
     0102      8   E0  00  00  00  00  00  00  10      21.4750
     0100      8   E0  00  00  00  00  00  00  10      21.4777
     0101      8   80  01  00  00  00  00  01  FA      21.4847
     0102      8   E0  00  00  00  00  00  00  10      21.4850
     0100      8   00  00  00  00  00  00  00  00      21.4855
     0100      8   20  00  00  00  00  00  00  6F      21.4933
     0101      8   A0  01  00  00  00  00  01  95      21.4947
     0102      8   20  00  00  00  00  00  00  6F      21.4950
     0100      8   20  00  00  00  00  00  00  6F      21.4984
     0101      8   C0  01  00  00  00  00  01  24      21.5047
     0102      8   20  00  00  00  00  00  00  6F      21.5050
     0100      8   40  00  00  00  00  00  00  DE      21.5062
     0100      8   60  00  00  00  00  00  00  B1      21.5141
     0101      8   E0  01  00  00  00  00  01  4B      21.5147
     0102      8   60  00  00  00  00  00  00  B1      21.5150
     0100      8   60  00  00  00  00  00  00  B1      21.5192
     0101      8   00  01  00  00  00  00  01  5B      21.5247
     0102      8   60  00  00  00  00  00  00  B1      21.5250
     0100      8   80  00  00  00  00  00  00  A1      21.5270
     0101      8   20  01  00  00  00  00  01  34      21.5347
     0100      8   A0  00  00  00  00  00  00  CE      21.5350
     0102      8   80  00  00  00  00  00  00  A1      21.5352
     0100      8   C0  00  00  00  00  00  00  7F      21.5426
     0101      8   40  01  00  00  00  00  01  85      21.5447
     0102      8   C0  00  00  00  00  00  00  7F      21.5450
     0501      8   0D  00  00  00  00  00  00  E6      21.5452
     0100      8   C0  00  00  00  00  00  00  7F      21.5477
     0101      8   60  01  00  00  00  00  01  EA      21.5547
     0102      8   C0  00  00  00  00  00  00  7F      21.5550
     0100      8   E0  00  00  00  00  00  00  10      21.5555
     0100      8   00  00  00  00  00  00  00  00      21.5633
     0101      8   80  01  00  00  00  00  01  FA      21.5647
     0102      8   00  00  00  00  00  00  00  00      21.5650
     0100      8   00  00  00  00  00  00  00  00      21.5684
     0101      8   A0  01  00  00  00  00  01  95      21.5747
     0102      8   00  00  00  00  00  00  00  00      21.5750
     0100      8   20  00  00  00  00  00  00  6F      21.5763
     0100      8   40  00  00  00  00  00  00  DE      21.5841
     0101      8   C0  01  00  00  00  00  01  24      21.5847
     0102      8   40  00  00  00  00  00  00  DE      21.5850
     0100      8   40  00  00  00  00  00  00  DE      21.5892
     0101      8   E0  01  00  00  00  00  01  4B      21.5947
     0102      8   40  00  00  00  00  00  00  DE      21.5950
     0100      8   60  00  00  00  00  00  00  B1      21.5970
     0101      8   00  01  00  00  00  00  01  5B      21.6047
     0100      8   80  00  00  00  00  00  00  A1      21.6050
     0102      8   60  00  00  00  00  00  00  B1      21.6052
     0100      8   A0  00  00  00  00  00  00  CE      21.6126
     0101      8   20  01  00  00  00  00  01  34      21.6147
     0102      8   A0  00  00  00  00  00  00  CE      21.6150
     0100      8   A0  00  00  00  00  00  00  CE      21.6177
     0101      8   40  01  00  00  00  00  01  85      21.6247
     0102      8   A0  00  00  00  00  00  00  CE      21.6250
     0100      8   C0  00  00  00  00  00  00  7F      21.6256
     0100      8   E0  00  00  00  00  00  00  10      21.6334
     0101      8   60  01  00  00  00  00  01  EA      21.6347
     0102      8   E0  00  00  00  00  00  00  10      21.6350
     0100      8   E0  00  00  00  00  00  00  10      21.6385
     0101      8   80  01  00  00  00  00  01  FA      21.6447
     0102      8   E0  00  00  00  00  00  00  10      21.6450
     0501      8   0D  00  00  00  00  00  00  E6      21.6452
     0100      8   00  00  00  00  00  00  00  00      21.6463
     0100      8   20  00  00  00  00  00  00  6F      21.6541
     0101      8   A0  01  00  00  00  00  01  95      21.6547
     0102      8   20  00  00  00  00  00  00  6F      21.6550
     0100      8   20  00  00  00  00  00  00  6F      21.6592
     0101      8   C0  01  00  00  00  00  01  24      21.6647
     0102      8   20  00  00  00  00  00  00  6F      21.6650
     0100      8   40  00  00  00  00  00  00  DE      21.6670
     0101      8   E0  01  00  00  00  00  01  4B      21.6747
     0100      8   60  00  00  00  00  00  00  B1      21.6750
     0102      8   40  00  00  00  00  00  00  DE      21.6752
     0100      8   80  00  00  00  00  00  00  A1      21.6827
     0101      8   00  01  00  00  00  00  01  5B      21.6847
     0102      8   80  00  00  00  00  00  00  A1      21.6850
     0100      8   80  00  00  00  00  00  00  A1      21.6878
     0101      8   20  01  00  00  00  00  01  34      21.6947
     0102      8   80  00  00  00  00  00  00  A1      21.6950
     0100      8   A0  00  00  00  00  00  00  CE      21.6956
     0100      8   C0  00  00  00  00  00  00  7F      21.7034
     0101      8   40  01  00  00  00  00  01  85      21.7047
     0102      8   C0  00  00  00  00  00  00  7F      21.7049
     0100      8   C0  00  00  00  00  00  00  7F      21.7085
     0101      8   60  01  00  00  00  00  01  EA      21.7147
     0102      8   C0  00  00  00  00  00  00  7F      21.7150
     0100      8   E0  00  00  00  00  00  00  10      21.7163
     0100      8   00  00  00  00  00  00  00  00      21.7241
     0101      8   80  01  00  00  00  00  01  FA      21.7247
     0102      8   00  00  00  00  00  00  00  00      21.7250
     0100      8   00  00  00  00  00  00  00  00      21.7292
     0101      8   A0  01  00  00  00  00  01  95      21.7347
     0102      8   00  00  00  00  00  00  00  00      21.7349
     0100      8   20  00  00  00  00  00  00  6F      21.7371
     0101      8   C0  01  00  00  00  00  01  24      21.7447
     0100      8   40  00  00  00  00  00  00  DE      21.7449
     0102      8   20  00  00  00  00  00  00  6F      21.7452
     0501      8   0D  00  00  00  00  00  00  E6      21.7454
     0100      8   60  00  00  00  00  00  00  B1      21.7527
     0101      8   E0  01  00  00  00  00  01  4B      21.7547
     0102      8   60  00  00  00  00  00  00  B1      21.7549
     0100      8   60  00  00  00  00  00  00  B1      21.7578
     0101      8   00  01  00  00  00  00  01  5B      21.7647
     0102      8   60  00  00  00  00  00  00  B1      21.7649
     0100      8   80  00  00  00  00  00  00  A1      21.7656
     0100      8   A0  00  00  00  00  00  00  CE      21.7734
     0101      8   20  01  00  00  00  00  01  34      21.7747
     0102      8   A0  00  00  00  00  00  00  CE      21.7749
     0100      8   A0  00  00  00  00  00  00  CE      21.7785
     0101      8   40  01  00  00  00  00  01  85      21.7847
     0102      8   A0  00  00  00  00  00  00  CE      21.7849
     0100      8   C0  00  00  00  00  00  00  7F      21.7864
     0100      8   E0  00  00  00  00  00  00  10      21.7942
     0101      8   60  01  00  00  00  00  01  EA      21.7947
     0102      8   C0  00  00  00  00  00  00  7F      21.7949
     0100      8   E0  00  00  00  00  00  00  10      21.7993
     0101      8   80  01  00  00  00  00  01  FA      21.8047
     0102      8   E0  00  00  00  00  00  00  10      21.8049
     0100      8   00  00  00  00  00  00  00  00      21.8071
     0101      8   A0  01  00  00  00  00  01  95      21.8147
     0100      8   20  00  00  00  00  00  00  6F      21.8149
     0102      8   00  00  00  00  00  00  00  00      21.8152
     0100      8   40  00  00  00  00  00  00  DE      21.8227
     0101      8   C0  01  00  00  00  00  01  24      21.8247
     0102      8   40  00  00  00  00  00  00  DE      21.8249
     0100      8   40  00  00  00  00  00  00  DE      21.8278
     0101      8   E0  01  00  00  00  00  01  4B      21.8347
     0102      8   40  00  00  00  00  00  00  DE      21.8349
     0100      8   60  00  00  00  00  00  00  B1      21.8356
     0100      8   80  00  00  00  00  00  00  A1      21.8435
     0101      8   00  01  00  00  00  00  01  5B      21.8447
     0102      8   80  00  00  00  00  00  00  A1      21.8449
     0501      8   0D  00  00  00  00  00  00  E6      21.8452
     0100      8   80  00  00  00  00  00  00  A1      21.8486
     0101      8   20  01  00  00  00  00  01  34      21.8547
     0102      8   80  00  00  00  00  00  00  A1      21.8549
     0100      8   A0  00  00  00  00  00  00  CE      21.8564
     0100      8   C0  00  00  00  00  00  00  7F      21.8642
     0101      8   40  01  00  00  00  00  01  85      21.8647
     0102      8   A0  00  00  00  00  00  00  CE      21.8649
     0100      8   C0  00  00  00  00  00  00  7F      21.8693
     0101      8   60  01  00  00  00  00  01  EA      21.8747
     0102      8   C0  00  00  00  00  00  00  7F      21.8749
     0100      8   E0  00  00  00  00  00  00  10      21.8771
     0101      8   80  01  00  00  00  00  01  FA      21.8847
     0100      8   00  00  00  00  00  00  00  00      21.8849
     0102      8   E0  00  00  00  00  00  00  10      21.8852
     0100      8   20  00  00  00  00  00  00  6F      21.8928
     0101      8   A0  01  00  00  00  00  01  95      21.8947
     0102      8   20  00  00  00  00  00  00  6F      21.8949
     0100      8   20  00  00  00  00  00  00  6F      21.8979
     0101      8   C0  01  00  00  00  00  01  24      21.9047
     0102      8   20  00  00  00  00  00  00  6F      21.9049
     0100      8   40  00  00  00  00  00  00  DE      21.9057
     0100      8   60  00  00  00  00  00  00  B1      21.9135
     0101      8   E0  01  00  00  00  00  01  4B      21.9147
     0102      8   60  00  00  00  00  00  00  B1      21.9149
     0100      8   60  00  00  00  00  00  00  B1      21.9186
     0101      8   00  01  00  00  00  00  01  5B      21.9247
     0102      8   60  00  00  00  00  00  00  B1      21.9249
     0100      8   80  00  00  00  00  00  00  A1      21.9264
     0100      8   A0  00  00  00  00  00  00  CE      21.9342
     0101      8   20  01  00  00  00  00  01  34      21.9347
     0102      8   80  00  00  00  00  00  00  A1      21.9349
     0100      8   A0  00  00  00  00  00  00  CE      21.9393
     0101      8   40  01  00  00  00  00  01  85      21.9447
     0102      8   A0  00  00  00  00  00  00  CE      21.9449
     0501      8   0D  00  00  00  00  00  00  E6      21.9452
     0100      8   C0  00  00  00  00  00  00  7F      21.9471
     0101      8   60  01  00  00  00  00  01  EA      21.9547
     0102      8   C0  00  00  00  00  00  00  7F      21.9549
     0100      8   E0  00  00  00  00  00  00  10      21.9552
     0100      8   00  00  00  00  00  00  00  00      21.9628
     0101      8   80  01  00  00  00  00  01  FA      21.9647
     0102      8   00  00  00  00  00  00  00  00      21.9649
     0100      8   00  00  00  00  00  00  00  00      21.9679
     0101      8   A0  01  00  00  00  00  01  95      21.9747
     0102      8   00  00  00  00  00  00  00  00      21.9749
     0100      8   20  00  00  00  00  00  00  6F      21.9757
     0100      8   40  00  00  00  00  00  00  DE      21.9835
     0101      8   C0  01  00  00  00  00  01  24      21.9847
     0102      8   40  00  00  00  00  00  00  DE      21.9849
     0100      8   40  00  00  00  00  00  00  DE      21.9886
     0101      8   E0  01  00  00  00  00  01  4B      21.9947
     0102      8   40  00  00  00  00  00  00  DE      21.9949
     0100      8   60  00  00  00  00  00  00  B1      21.9964
     0100      8   80  00  00  00  00  00  00  A1      22.0043
     0101      8   00  01  00  00  00  00  01  5B      22.0047
     0102      8   60  00  00  00  00  00  00  B1      22.0049
     0100      8   80  00  00  00  00  00  00  A1      22.0093
     0101      8   20  01  00  00  00  00  01  34      22.0147
     0102      8   80  00  00  00  00  00  00  A1      22.0149
     0100      8   A0  00  00  00  00  00  00  CE      22.0172
     0101      8   40  01  00  00  00  00  01  85      22.0247
     0102      8   A0  00  00  00  00  00  00  CE      22.0249
     0100      8   C0  00  00  00  00  00  00  7F      22.0252
     0100      8   E0  00  00  00  00  00  00  10      22.0328
     0101      8   60  01  00  00  00  00  01  EA      22.0347
     0102      8   E0  00  00  00  00  00  00  10      22.0349
     0100      8   E0  00  00  00  00  00  00  10      22.0379
     0101      8   80  01  00  00  00  00  01  FA      22.0447
     0102      8   E0  00  00  00  00  00  00  10      22.0449
     0501      8   0D  00  00  00  00  00  00  E6      22.0452
     0100      8   00  00  00  00  00  00  00  00      22.0457
     0100      8   20  00  00  00  00  00  00  6F      22.0535
     0101      8   A0  01  00  00  00  00  01  95      22.0547
     0102      8   20  00  00  00  00  00  00  6F      22.0549
     0100      8   20  00  00  00  00  00  00  6F      22.0586
     0101      8   C0  01  00  00  00  00  01  24      22.0647
     0102      8   20  00  00  00  00  00  00  6F      22.0649
     0100      8   40  00  00  00  00  00  00  DE      22.0665
     0100      8   60  00  00  00  00  00  00  B1      22.0743
     0101      8   E0  01  00  00  00  00  01  4B      22.0746
     0102      8   40  00  00  00  00  00  00  DE      22.0749
     0100      8   60  00  00  00  00  00  00  B1      22.0794
     0101      8   00  01  00  00  00  00  01  5B      22.0847
     0102      8   60  00  00  00  00  00  00  B1      22.0849
     0100      8   80  00  00  00  00  00  00  A1      22.0872
     0101      8   20  01  00  00  00  00  01  34      22.0947
     0102      8   80  00  00  00  00  00  00  A1      22.0949
     0100      8   A0  00  00  00  00  00  00  CE      22.0951
     0100      8   C0  00  00  00  00  00  00  7F      22.1028
     0101      8   40  01  00  00  00  00  01  85      22.1046
     0102      8   C0  00  00  00  00  00  00  7F      22.1049
     0100      8   C0  00  00  00  00  00  00  7F      22.1079
     0101      8   60  01  00  00  00  00  01  EA      22.1146
     0102      8   C0  00  00  00  00  00  00  7F      22.1149
     0100      8   E0  00  00  00  00  00  00  10      22.1158
     0100      8   00  00  00  00  00  00  00  00      22.1236
     0101      8   80  01  00  00  00  00  01  FA      22.1246
     0102      8   00  00  00  00  00  00  00  00      22.1249
     0100      8   00  00  00  00  00  00  00  00      22.1287
     0101      8   A0  01  00  00  00  00  01  95      22.1346
     0102      8   00  00  00  00  00  00  00  00      22.1349
     0100      8   20  00  00  00  00  00  00  6F      22.1365
     0100      8   40  00  00  00  00  00  00  DE      22.1443
     0101      8   C0  01  00  00  00  00  01  24      22.1446
     0102      8   20  00  00  00  00  00  00  6F      22.1449
     0501      8   0D  00  00  00  00  00  00  E6      22.1451
     0100      8   40  00  00  00  00  00  00  DE      22.1494
     0101      8   E0  01  00  00  00  00  01  4B      22.1546
     0102      8   40  00  00  00  00  00  00  DE      22.1549
     0100      8   60  00  00  00  00  00  00  B1      22.1572
     0101      8   00  01  00  00  00  00  01  5B      22.1646
     0102      8   60  00  00  00  00  00  00  B1      22.1649
     0100      8   80  00  00  00  00  00  00  A1      22.1651
     0100      8   A0  00  00  00  00  00  00  CE      22.1729
     0101      8   20  01  00  00  00  00  01  34      22.1746
     0102      8   A0  00  00  00  00  00  00  CE      22.1749
     0100      8   A0  00  00  00  00  00  00  CE      22.1780
     0101      8   40  01  00  00  00  00  01  85      22.1846
     0102      8   A0  00  00  00  00  00  00  CE      22.1849
     0100      8   C0  00  00  00  00  00  00  7F      22.1858
     0100      8   E0  00  00  00  00  00  00  10      22.1936
     0101      8   60  01  00  00  00  00  01  EA      22.1946
     0102      8   E0  00  00  00  00  00  00  10      22.1949
     0100      8   E0  00  00  00  00  00  00  10      22.1987
     0101      8   80  01  00  00  00  00  01  FA      22.2046
     0102      8   E0  00  00  00  00  00  00  10      22.2049
     0100      8   00  00  00  00  00  00  00  00      22.2065
     0100      8   20  00  00  00  00  00  00  6F      22.2143
     0101      8   A0  01  00  00  00  00  01  95      22.2146
     0102      8   00  00  00  00  00  00  00  00      22.2149
     0100      8   20  00  00  00  00  00  00  6F      22.2194
     0101      8   C0  01  00  00  00  00  01  24      22.2246
     0102      8   20  00  00  00  00  00  00  6F      22.2249
     0100      8   40  00  00  00  00  00  00  DE      22.2273
     0101      8   E0  01  00  00  00  00  01  4B      22.2346
     0102      8   40  00  00  00  00  00  00  DE      22.2349
     0100      8   60  00  00  00  00  00  00  B1      22.2351
     0100      8   80  00  00  00  00  00  00  A1      22.2429
     0101      8   00  01  00  00  00  00  01  5B      22.2446
     0102      8   80  00  00  00  00  00  00  A1      22.2449
     0501      8   0D  00  00  00  00  00  00  E6      22.2451
     0100      8   80  00  00  00  00  00  00  A1      22.2480
     0101      8   20  01  00  00  00  00  01  34      22.2546
     0102      8   80  00  00  00  00  00  00  A1      22.2549
     0100      8   A0  00  00  00  00  00  00  CE      22.2558
     0100      8   C0  00  00  00  00  00  00  7F      22.2636
     0101      8   40  01  00  00  00  00  01  85      22.2646
     0102      8   C0  00  00  00  00  00  00  7F      22.2649
     0100      8   C0  00  00  00  00  00  00  7F      22.2687
     0101      8   60  01  00  00  00  00  01  EA      22.2746
     0102      8   C0  00  00  00  00  00  00  7F      22.2749
     0100      8   E0  00  00  00  00  00  00  10      22.2765
     0100      8   00  00  00  00  00  00  00  00      22.2844
     0101      8   80  01  00  00  00  00  01  FA      22.2846
     0102      8   E0  00  00  00  00  00  00  10      22.2849
     0100      8   00  00  00  00  00  00  00  00      22.2895
     0101      8   A0  01  00  00  00  00  01  95      22.2946
     0102      8   00  00  00  00  00  00  00  00      22.2949
     0100      8   20  00  00  00  00  00  00  6F      22.2973
     0101      8   C0  01  00  00  00  00  01  24      22.3046
     0102      8   20  00  00  00  00  00  00  6F      22.3049
     0100      8   40  00  00  00  00  00  00  DE      22.3051
     0100      8   60  00  00  00  00  00  00  B1      22.3129
     0101      8   E0  01  00  00  00  00  01  4B      22.3146
     0102      8   60  00  00  00  00  00  00  B1      22.3149
     0100      8   60  00  00  00  00  00  00  B1      22.3180
     0101      8   00  01  00  00  00  00  01  5B      22.3246
     0102      8   60  00  00  00  00  00  00  B1      22.3249
     0100      8   80  00  00  00  00  00  00  A1      22.3258
     0100      8   A0  00  00  00  00  00  00  CE      22.3337
     0101      8   20  01  00  00  00  00  01  34      22.3346
     0102      8   A0  00  00  00  00  00  00  CE      22.3349
     0100      8   A0  00  00  00  00  00  00  CE      22.3388
     0101      8   40  01  00  00  00  00  01  85      22.3446
     0102      8   A0  00  00  00  00  00  00  CE      22.3449
     0501      8   0D  00  00  00  00  00  00  E6      22.3451
     0100      8   C0  00  00  00  00  00  00  7F      22.3466
     0100      8   E0  00  00  00  00  00  00  10      22.3544
     0101      8   60  01  00  00  00  00  01  EA      22.3546
     0102      8   C0  00  00  00  00  00  00  7F      22.3549
     0100      8   E0  00  00  00  00  00  00  10      22.3595
     0101      8   80  01  00  00  00  00  01  FA      22.3646
     0102      8   E0  00  00  00  00  00  00  10      22.3649
     0100      8   00  00  00  00  00  00  00  00      22.3673
     0101      8   A0  01  00  00  00  00  01  95      22.3746
     0102      8   00  00  00  00  00  00  00  00      22.3749
     0100      8   20  00  00  00  00  00  00  6F      22.3751
     0100      8   40  00  00  00  00  00  00  DE      22.3830
     0101      8   C0  01  00  00  00  00  01  24      22.3846
     0102      8   40  00  00  00  00  00  00  DE      22.3849
     0100      8   40  00  00  00  00  00  00  DE      22.3881
     0101      8   E0  01  00  00  00  00  01  4B      22.3946
     0102      8   40  00  00  00  00  00  00  DE      22.3949
     0100      8   60  00  00  00  00  00  00  B1      22.3959
     0100      8   80  00  00  00  00  00  00  A1      22.4037
     0101      8   00  01  00  00  00  00  01  5B      22.4046
     0102      8   80  00  00  00  00  00  00  A1      22.4049
     0100      8   80  00  00  00  00  00  00  A1      22.4088
     0101      8   20  01  00  00  00  00  01  34      22.4146
     0102      8   80  00  00  00  00  00  00  A1      22.4148
     0100      8   A0  00  00  00  00  00  00  CE      22.4166
     0100      8   C0  00  00  00  00  00  00  7F      22.4244
     0101      8   40  01  00  00  00  00  01  85      22.4247
     0102      8   A0  00  00  00  00  00  00  CE      22.4249
     0100      8   C0  00  00  00  00  00  00  7F      22.4295
     0101      8   60  01  00  00  00  00  01  EA      22.4346
     0102      8   C0  00  00  00  00  00  00  7F      22.4349
     0100      8   E0  00  00  00  00  00  00  10      22.4373
     0101      8   80  01  00  00  00  00  01  FA      22.4446
     0102      8   E0  00  00  00  00  00  00  10      22.4449
     0501      8   0D  00  00  00  00  00  00  E6      22.4451
     0100      8   00  00  00  00  00  00  00  00      22.4453
     0100      8   20  00  00  00  00  00  00  6F      22.4530
     0101      8   A0  01  00  00  00  00  01  95      22.4546
     0102      8   20  00  00  00  00  00  00  6F      22.4548
     0100      8   20  00  00  00  00  00  00  6F      22.4581
     0101      8   C0  01  00  00  00  00  01  24      22.4646
     0102      8   20  00  00  00  00  00  00  6F      22.4648
     0100      8   40  00  00  00  00  00  00  DE      22.4659
     0100      8   60  00  00  00  00  00  00  B1      22.4737
     0101      8   E0  01  00  00  00  00  01  4B      22.4746
     0102      8   60  00  00  00  00  00  00  B1      22.4748
     0100      8   60  00  00  00  00  00  00  B1      22.4788
     0101      8   00  01  00  00  00  00  01  5B      22.4846
     0102      8   60  00  00  00  00  00  00  B1      22.4848
     0100      8   80  00  00  00  00  00  00  A1      22.4866
     0100      8   A0  00  00  00  00  00  00  CE      22.4945
     0101      8   20  01  00  00  00  00  01  34      22.4947
     0102      8   80  00  00  00  00  00  00  A1      22.4949
     0100      8   A0  00  00  00  00  00  00  CE      22.4996
     0101      8   40  01  00  00  00  00  01  85      22.5046
     0102      8   A0  00  00  00  00  00  00  CE      22.5048
     0100      8   C0  00  00  00  00  00  00  7F      22.5074
     0101      8   60  01  00  00  00  00  01  EA      22.5146
     0102      8   C0  00  00  00  00  00  00  7F      22.5148
     0100      8   E0  00  00  00  00  00  00  10      22.5152
     0100      8   00  00  00  00  00  00  00  00      22.5230
     0101      8   80  01  00  00  00  00  01  FA      22.5246
     0102      8   00  00  00  00  00  00  00  00      22.5248
     0100      8   00  00  00  00  00  00  00  00      22.5281
     0101      8   A0  01  00  00  00  00  01  95      22.5346
     0102      8   00  00  00  00  00  00  00  00      22.5348
     0100      8   20  00  00  00  00  00  00  6F      22.5359
     0100      8   40  00  00  00  00  00  00  DE      22.5437
     0101      8   C0  01  00  00  00  00  01  24      22.5446
     0102      8   40  00  00  00  00  00  00  DE      22.5448
     0501      8   0D  00  00  00  00  00  00  E6      22.5451
     0100      8   40  00  00  00  00  00  00  DE      22.5488
     0101      8   E0  01  00  00  00  00  01  4B      22.5546
     0102      8   40  00  00  00  00  00  00  DE      22.5548
     0100      8   60  00  00  00  00  00  00  B1      22.5567
     0100      8   80  00  00  00  00  00  00  A1      22.5645
     0101      8   00  01  00  00  00  00  01  5B      22.5647
     0102      8   60  00  00  00  00  00  00  B1      22.5650
     0100      8   80  00  00  00  00  00  00  A1      22.5696
     0101      8   20  01  00  00  00  00  01  34      22.5746
     0102      8   80  00  00  00  00  00  00  A1      22.5748
     0100      8   A0  00  00  00  00  00  00  CE      22.5774
     0101      8   40  01  00  00  00  00  01  85      22.5846
     0102      8   A0  00  00  00  00  00  00  CE      22.5848
     0100      8   C0  00  00  00  00  00  00  7F      22.5852
     0100      8   E0  00  00  00  00  00  00  10      22.5930
     0101      8   60  01  00  00  00  00  01  EA      22.5946
     0102      8   E0  00  00  00  00  00  00  10      22.5948
     0100      8   E0  00  00  00  00  00  00  10      22.5981
     0101      8   80  01  00  00  00  00  01  FA      22.6046
     0102      8   E0  00  00  00  00  00  00  10      22.6048
     0100      8   00  00  00  00  00  00  00  00      22.6060
     0100      8   20  00  00  00  00  00  00  6F      22.6138
     0101      8   A0  01  00  00  00  00  01  95      22.6146
     0102      8   20  00  00  00  00  00  00  6F      22.6148
     0100      8   20  00  00  00  00  00  00  6F      22.6189
     0101      8   C0  01  00  00  00  00  01  24      22.6246
     0102      8   20  00  00  00  00  00  00  6F      22.6248
     0100      8   40  00  00  00  00  00  00  DE      22.6267
     0100      8   60  00  00  00  00  00  00  B1      22.6345
     0101      8   E0  01  00  00  00  00  01  4B      22.6347
     0102      8   40  00  00  00  00  00  00  DE      22.6350
     0100      8   60  00  00  00  00  00  00  B1      22.6396
     0101      8   00  01  00  00  00  00  01  5B      22.6446
     0102      8   60  00  00  00  00  00  00  B1      22.6448
     0501      8   0D  00  00  00  00  00  00  E6      22.6451
     0100      8   80  00  00  00  00  00  00  A1      22.6474
     0101      8   20  01  00  00  00  00  01  34      22.6546
     0102      8   80  00  00  00  00  00  00  A1      22.6548
     0100      8   A0  00  00  00  00  00  00  CE      22.6552
     0100      8   C0  00  00  00  00  00  00  7F      22.6631
     0101      8   40  01  00  00  00  00  01  85      22.6646
     0102      8   C0  00  00  00  00  00  00  7F      22.6648
     0100      8   C0  00  00  00  00  00  00  7F      22.6682
     0101      8   60  01  00  00  00  00  01  EA      22.6746
     0102      8   C0  00  00  00  00  00  00  7F      22.6748
     0100      8   E0  00  00  00  00  00  00  10      22.6760
     0100      8   00  00  00  00  00  00  00  00      22.6838
     0101      8   80  01  00  00  00  00  01  FA      22.6846
     0102      8   00  00  00  00  00  00  00  00      22.6848
     0100      8   00  00  00  00  00  00  00  00      22.6889
     0101      8   A0  01  00  00  00  00  01  95      22.6946
     0102      8   00  00  00  00  00  00  00  00      22.6948
     0100      8   20  00  00  00  00  00  00  6F      22.6967
     0100      8   40  00  00  00  00  00  00  DE      22.7045
     0101      8   C0  01  00  00  00  00  01  24      22.7048
     0102      8   20  00  00  00  00  00  00  6F      22.7050
     0100      8   40  00  00  00  00  00  00  DE      22.7096
     0101      8   E0  01  00  00  00  00  01  4B      22.7146
     0102      8   40  00  00  00  00  00  00  DE      22.7148
     0100      8   60  00  00  00  00  00  00  B1      22.7175
     0101      8   00  01  00  00  00  00  01  5B      22.7246
     0102      8   60  00  00  00  00  00  00  B1      22.7248
     0100      8   80  00  00  00  00  00  00  A1      22.7253
     0100      8   A0  00  00  00  00  00  00  CE      22.7331
     0101      8   20  01  00  00  00  00  01  34      22.7346
     0102      8   A0  00  00  00  00  00  00  CE      22.7348
     0100      8   A0  00  00  00  00  00  00  CE      22.7382
     0101      8   40  01  00  00  00  00  01  85      22.7446
     0102      8   A0  00  00  00  00  00  00  CE      22.7448
     0501      8   0D  00  00  00  00  00  00  E6      22.7450
     0100      8   C0  00  00  00  00  00  00  7F      22.7460
     0100      8   E0  00  00  00  00  00  00  10      22.7538
     0101      8   60  01  00  00  00  00  01  EA      22.7546
     0102      8   E0  00  00  00  00  00  00  10      22.7548
     0100      8   E0  00  00  00  00  00  00  10      22.7589
     0101      8   80  01  00  00  00  00  01  FA      22.7646
     0102      8   E0  00  00  00  00  00  00  10      22.7648
     0100      8   00  00  00  00  00  00  00  00      22.7668
     0101      8   A0  01  00  00  00  00  01  95      22.7745
     0100      8   20  00  00  00  00  00  00  6F      22.7748
     0102      8   00  00  00  00  00  00  00  00      22.7750
     0100      8   40  00  00  00  00  00  00  DE      22.7824
     0101      8   C0  01  00  00  00  00  01  24      22.7846
     0102      8   40  00  00  00  00  00  00  DE      22.7848
     0100      8   40  00  00  00  00  00  00  DE      22.7875
     0101      8   E0  01  00  00  00  00  01  4B      22.7945
     0102      8   40  00  00  00  00  00  00  DE      22.7948
     0100      8   60  00  00  00  00  00  00  B1      22.7953
     0100      8   80  00  00  00  00  00  00  A1      22.8031
     0101      8   00  01  00  00  00  00  01  5B      22.8046
     0102      8   80  00  00  00  00  00  00  A1      22.8048
     0100      8   80  00  00  00  00  00  00  A1      22.8082
     0101      8   20  01  00  00  00  00  01  34      22.8145
     0102      8   80  00  00  00  00  00  00  A1      22.8148
     0100      8   A0  00  00  00  00  00  00  CE      22.8160
     0100      8   C0  00  00  00  00  00  00  7F      22.8239
     0101      8   40  01  00  00  00  00  01  85      22.8245
     0102      8   C0  00  00  00  00  00  00  7F      22.8248
     0100      8   C0  00  00  00  00  00  00  7F      22.8290
     0101      8   60  01  00  00  00  00  01  EA      22.8345
     0102      8   C0  00  00  00  00  00  00  7F      22.8348
     0100      8   E0  00  00  00  00  00  00  10      22.8368
     0101      8   80  01  00  00  00  00  01  FA      22.8445
     0100      8   00  00  00  00  00  00  00  00      22.8448
     0102      8   E0  00  00  00  00  00  00  10      22.8450
     0501      8   0D  00  00  00  00  00  00  E6      22.8453
     0100      8   20  00  00  00  00  00  00  6F      22.8524
     0101      8   A0  01  00  00  00  00  01  95      22.8545
     0102      8   20  00  00  00  00  00  00  6F      22.8548
     0100      8   20  00  00  00  00  00  00  6F      22.8575
     0101      8   C0  01  00  00  00  00  01  24      22.8645
     0102      8   20  00  00  00  00  00  00  6F      22.8648
     0100      8   40  00  00  00  00  00  00  DE      22.8653
     0100      8   60  00  00  00  00  00  00  B1      22.8731
     0101      8   E0  01  00  00  00  00  01  4B      22.8745
     0102      8   60  00  00  00  00  00  00  B1      22.8748
     0100      8   60  00  00  00  00  00  00  B1      22.8782
     0101      8   00  01  00  00  00  00  01  5B      22.8845
     0102      8   60  00  00  00  00  00  00  B1      22.8848
     0100      8   80  00  00  00  00  00  00  A1      22.8861
     0100      8   A0  00  00  00  00  00  00  CE      22.8939
     0101      8   20  01  00  00  00  00  01  34      22.8945
     0102      8   A0  00  00  00  00  00  00  CE      22.8948
     0100      8   A0  00  00  00  00  00  00  CE      22.8990
     0101      8   40  01  00  00  00  00  01  85      22.9045
     0102      8   A0  00  00  00  00  00  00  CE      22.9048
     0100      8   C0  00  00  00  00  00  00  7F      22.9068
     0101      8   60  01  00  00  00  00  01  EA      22.9145
     0100      8   E0  00  00  00  00  00  00  10      22.9148
     0102      8   C0  00  00  00  00  00  00  7F      22.9150
     0100      8   00  00  00  00  00  00  00  00      22.9224
     0101      8   80  01  00  00  00  00  01  FA      22.9245
     0102      8   00  00  00  00  00  00  00  00      22.9248
     0100      8   00  00  00  00  00  00  00  00      22.9275
     0101      8   A0  01  00  00  00  00  01  95      22.9345
     0102      8   00  00  00  00  00  00  00  00      22.9348
     0100      8   20  00  00  00  00  00  00  6F      22.9354
     0100      8   40  00  00  00  00  00  00  DE      22.9432
     0101      8   C0  01  00  00  00  00  01  24      22.9445
     0102      8   40  00  00  00  00  00  00  DE      22.9448
     0501      8   0D  00  00  00  00  00  00  E6      22.9450
     0100      8   40  00  00  00  00  00  00  DE      22.9483
     0101      8   E0  01  00  00  00  00  01  4B      22.9545
     0102      8   40  00  00  00  00  00  00  DE      22.9548
     0100      8   60  00  00  00  00  00  00  B1      22.9561
     0100      8   80  00  00  00  00  00  00  A1      22.9639
     0101      8   00  01  00  00  00  00  01  5B      22.9645
     0102      8   80  00  00  00  00  00  00  A1      22.9648
     0100      8   80  00  00  00  00  00  00  A1      22.9690
     0101      8   20  01  00  00  00  00  01  34      22.9745
     0102      8   80  00  00  00  00  00  00  A1      22.9748
     0100      8   A0  00  00  00  00  00  00  CE      22.9768
     0101      8   40  01  00  00  00  00  01  85      22.9845
     0100      8   C0  00  00  00  00  00  00  7F      22.9848
     0102      8   A0  00  00  00  00  00  00  CE      22.9850
     0100      8   E0  00  00  00  00  00  00  10      22.9925
     0101      8   60  01  00  00  00  00  01  EA      22.9945
     0102      8   E0  00  00  00  00  00  00  10      22.9948
     0100      8   E0  00  00  00  00  00  00  10      22.9976
     0101      8   80  01  00  00  00  00  01  FA      23.0045
     0102      8   E0  00  00  00  00  00  00  10      23.0048
     0100      8   00  00  00  00  00  00  00  00      23.0054
     0100      8   20  00  00  00  00  00  00  6F      23.0132
     0101      8   A0  01  00  00  00  00  01  95      23.0145
     0102      8   20  00  00  00  00  00  00  6F      23.0148
     0100      8   20  00  00  00  00  00  00  6F      23.0183
     0101      8   C0  01  00  00  00  00  01  24      23.0245
     0102      8   20  00  00  00  00  00  00  6F      23.0248
     0100      8   40  00  00  00  00  00  00  DE      23.0261
     0100      8   60  00  00  00  00  00  00  B1      23.0339
     0101      8   E0  01  00  00  00  00  01  4B      23.0345
     0102      8   60  00  00  00  00  00  00  B1      23.0348
     0100      8   60  00  00  00  00  00  00  B1      23.0390
     0101      8   00  01  00  00  00  00  01  5B      23.0445
     0102      8   60  00  00  00  00  00  00  B1      23.0448
     0501      8   0D  00  00  00  00  00  00  E6      23.0450
     0100      8   80  00  00  00  00  00  00  A1      23.0469
     0101      8   20  01  00  00  00  00  01  34      23.0545
     0100      8   A0  00  00  00  00  00  00  CE      23.0548
     0102      8   80  00  00  00  00  00  00  A1      23.0550
     0100      8   C0  00  00  00  00  00  00  7F      23.0625
     0101      8   40  01  00  00  00  00  01  85      23.0645
     0102      8   C0  00  00  00  00  00  00  7F      23.0648
     0100      8   C0  00  00  00  00  00  00  7F      23.0676
     0101      8   60  01  00  00  00  00  01  EA      23.0745
     0102      8   C0  00  00  00  00  00  00  7F      23.0748
     0100      8   E0  00  00  00  00  00  00  10      23.0754
     0100      8   00  00  00  00  00  00  00  00      23.0832
     0101      8   80  01  00  00  00  00  01  FA      23.0845
     0102      8   00  00  00  00  00  00  00  00      23.0848
     0100      8   00  00  00  00  00  00  00  00      23.0883
     0101      8   A0  01  00  00  00  00  01  95      23.0945
     0102      8   00  00  00  00  00  00  00  00      23.0948
     0100      8   20  00  00  00  00  00  00  6F      23.0961
     0100      8   40  00  00  00  00  00  00  DE      23.1040
     0101      8   C0  01  00  00  00  00  01  24      23.1045
     0102      8   40  00  00  00  00  00  00  DE      23.1048
     0100      8   40  00  00  00  00  00  00  DE      23.1091
     0101      8   E0  01  00  00  00  00  01  4B      23.1145
     0102      8   40  00  00  00  00  00  00  DE      23.1147
     0100      8   60  00  00  00  00  00  00  B1      23.1169
     0101      8   00  01  00  00  00  00  01  5B      23.1245
     0100      8   80  00  00  00  00  00  00  A1      23.1248
     0102      8   60  00  00  00  00  00  00  B1      23.1250
     0100      8   A0  00  00  00  00  00  00  CE      23.1325
     0101      8   20  01  00  00  00  00  01  34      23.1345
     0102      8   A0  00  00  00  00  00  00  CE      23.1347
     0100      8   A0  00  00  00  00  00  00  CE      23.1376
     0101      8   40  01  00  00  00  00  01  85      23.1445
     0102      8   A0  00  00  00  00  00  00  CE      23.1447
     0501      8   0D  00  00  00  00  00  00  E6      23.1450
     0100      8   C0  00  00  00  00  00  00  7F      23.1454
     0100      8   E0  00  00  00  00  00  00  10      23.1533
     0101      8   60  01  00  00  00  00  01  EA      23.1545
     0102      8   E0  00  00  00  00  00  00  10      23.1548
     0100      8   E0  00  00  00  00  00  00  10      23.1584
     0101      8   80  01  00  00  00  00  01  FA      23.1645
     0102      8   E0  00  00  00  00  00  00  10      23.1648
     0100      8   00  00  00  00  00  00  00  00      23.1662
     0100      8   20  00  00  00  00  00  00  6F      23.1740
     0101      8   A0  01  00  00  00  00  01  95      23.1745
     0102      8   00  00  00  00  00  00  00  00      23.1747
     0100      8   20  00  00  00  00  00  00  6F      23.1791
     0101      8   C0  01  00  00  00  00  01  24      23.1845
     0102      8   20  00  00  00  00  00  00  6F      23.1847
     0100      8   40  00  00  00  00  00  00  DE      23.1869
     0101      8   E0  01  00  00  00  00  01  4B      23.1945
     0100      8   60  00  00  00  00  00  00  B1      23.1947
     0102      8   40  00  00  00  00  00  00  DE      23.1950
     0100      8   80  00  00  00  00  00  00  A1      23.2025
     0101      8   00  01  00  00  00  00  01  5B      23.2045
     0102      8   80  00  00  00  00  00  00  A1      23.2047
     0100      8   80  00  00  00  00  00  00  A1      23.2076
     0101      8   20  01  00  00  00  00  01  34      23.2145
     0102      8   80  00  00  00  00  00  00  A1      23.2147
     0100      8   A0  00  00  00  00  00  00  CE      23.2155
     0100      8   C0  00  00  00  00  00  00  7F      23.2233
     0101      8   40  01  00  00  00  00  01  85      23.2245
     0102      8   C0  00  00  00  00  00  00  7F      23.2247
     0100      8   C0  00  00  00  00  00  00  7F      23.2284
     0101      8   60  01  00  00  00  00  01  EA      23.2345
     0102      8   C0  00  00  00  00  00  00  7F      23.2347
     0100      8   E0  00  00  00  00  00  00  10      23.2362
     0100      8   00  00  00  00  00  00  00  00      23.2440
     0101      8   80  01  00  00  00  00  01  FA      23.2445
     0102      8   E0  00  00  00  00  00  00  10      23.2447
     0501      8   0D  00  00  00  00  00  00  E6      23.2450
     0100      8   00  00  00  00  00  00  00  00      23.2491
     0101      8   A0  01  00  00  00  00  01  95      23.2545
     0102      8   00  00  00  00  00  00  00  00      23.2547
     0100      8   20  00  00  00  00  00  00  6F      23.2569
     0101      8   C0  01  00  00  00  00  01  24      23.2645
     0102      8   20  00  00  00  00  00  00  6F      23.2647
     0100      8   40  00  00  00  00  00  00  DE      23.2650
     0100      8   60  00  00  00  00  00  00  B1      23.2726
     0101      8   E0  01  00  00  00  00  01  4B      23.2745
     0102      8   60  00  00  00  00  00  00  B1      23.2747
     0100      8   60  00  00  00  00  00  00  B1      23.2777
     0101      8   00  01  00  00  00  00  01  5B      23.2845
     0102      8   60  00  00  00  00  00  00  B1      23.2847
     0100      8   80  00  00  00  00  00  00  A1      23.2855
     0100      8   A0  00  00  00  00  00  00  CE      23.2933
     0101      8   20  01  00  00  00  00  01  34      23.2945
     0102      8   A0  00  00  00  00  00  00  CE      23.2947
     0100      8   A0  00  00  00  00  00  00  CE      23.2984
     0101      8   40  01  00  00  00  00  01  85      23.3045
     0102      8   A0  00  00  00  00  00  00  CE      23.3047
     0100      8   C0  00  00  00  00  00  00  7F      23.3062
     0100      8   E0  00  00  00  00  00  00  10      23.3141
     0101      8   60  01  00  00  00  00  01  EA      23.3145
     0102      8   C0  00  00  00  00  00  00  7F      23.3147
     0100      8   E0  00  00  00  00  00  00  10      23.3192
     0101      8   80  01  00  00  00  00  01  FA      23.3245
     0102      8   E0  00  00  00  00  00  00  10      23.3247
     0100      8   00  00  00  00  00  00  00  00      23.3270
     0101      8   A0  01  00  00  00  00  01  95      23.3345
     0102      8   00  00  00  00  00  00  00  00      23.3347
     0100      8   20  00  00  00  00  00  00  6F      23.3350
     0100      8   40  00  00  00  00  00  00  DE      23.3426
     0101      8   C0  01  00  00  00  00  01  24      23.3445
     0102      8   40  00  00  00  00  00  00  DE      23.3447
     0501      8   0D  00  00  00  00  00  00  E6      23.3450
     0100      8   40  00  00  00  00  00  00  DE      23.3477
     0101      8   E0  01  00  00  00  00  01  4B      23.3545
     0102      8   40  00  00  00  00  00  00  DE      23.3547
     0100      8   60  00  00  00  00  00  00  B1      23.3555
     0100      8   80  00  00  00  00  00  00  A1      23.3633
     0101      8   00  01  00  00  00  00  01  5B      23.3645
     0102      8   80  00  00  00  00  00  00  A1      23.3647
     0100      8   80  00  00  00  00  00  00  A1      23.3684
     0101      8   20  01  00  00  00  00  01  34      23.3745
     0102      8   80  00  00  00  00  00  00  A1      23.3747
     0100      8   A0  00  00  00  00  00  00  CE      23.3763
     0100      8   C0  00  00  00  00  00  00  7F      23.3841
     0101      8   40  01  00  00  00  00  01  85      23.3845
     0102      8   A0  00  00  00  00  00  00  CE      23.3847
     0100      8   C0  00  00  00  00  00  00  7F      23.3892
     0101      8   60  01  00  00  00  00  01  EA      23.3945
     0102      8   C0  00  00  00  00  00  00  7F      23.3947
     0100      8   E0  00  00  00  00  00  00  10      23.3970
     0101      8   80  01  00  00  00  00  01  FA      23.4045
     0102      8   E0  00  00  00  00  00  00  10      23.4047
     0100      8   00  00  00  00  00  00  00  00      23.4050
     0100      8   20  00  00  00  00  00  00  6F      23.4126
     0101      8   A0  01  00  00  00  00  01  95      23.4145
     0102      8   20  00  00  00  00  00  00  6F      23.4147
     0100      8   20  00  00  00  00  00  00  6F      23.4177
     0101      8   C0  01  00  00  00  00  01  24      23.4245
     0102      8   20  00  00  00  00  00  00  6F      23.4247
     0100      8   40  00  00  00  00  00  00  DE      23.4256
     0100      8   60  00  00  00  00  00  00  B1      23.4334
     0101      8   E0  01  00  00  00  00  01  4B      23.4345
     0102      8   60  00  00  00  00  00  00  B1      23.4347
     0100      8   60  00  00  00  00  00  00  B1      23.4385
     0101      8   00  01  00  00  00  00  01  5B      23.4445
     0102      8   60  00  00  00  00  00  00  B1      23.4447
     0501      8   0D  00  00  00  00  00  00  E6      23.4450
     0100      8   80  00  00  00  00  00  00  A1      23.4463
     0100      8   A0  00  00  00  00  00  00  CE      23.4541
     0101      8   20  01  00  00  00  00  01  34      23.4545
     0102      8   80  00  00  00  00  00  00  A1      23.4547
     0100      8   A0  00  00  00  00  00  00  CE      23.4592
     0101      8   40  01  00  00  00  00  01  85      23.4645
     0102      8   A0  00  00  00  00  00  00  CE      23.4647
     0100      8   C0  00  00  00  00  00  00  7F      23.4670
     0101      8   60  01  00  00  00  00  01  EA      23.4745
     0102      8   C0  00  00  00  00  00  00  7F      23.4747
     0100      8   E0  00  00  00  00  00  00  10      23.4750
     0100      8   00  00  00  00  00  00  00  00      23.4827
     0101      8   80  01  00  00  00  00  01  FA      23.4845
     0102      8   00  00  00  00  00  00  00  00      23.4847
     0100      8   00  00  00  00  00  00  00  00      23.4878
     0101      8   A0  01  00  00  00  00  01  95      23.4945
     0102      8   00  00  00  00  00  00  00  00      23.4947
     0100      8   20  00  00  00  00  00  00  6F      23.4956
     0100      8   40  00  00  00  00  00  00  DE      23.5034
     0101      8   C0  01  00  00  00  00  01  24      23.5045
     0102      8   40  00  00  00  00  00  00  DE      23.5047
     0100      8   40  00  00  00  00  00  00  DE      23.5085
     0101      8   E0  01  00  00  00  00  01  4B      23.5144
     0102      8   40  00  00  00  00  00  00  DE      23.5147
     0100      8   60  00  00  00  00  00  00  B1      23.5163
     0100      8   80  00  00  00  00  00  00  A1      23.5241
     0101      8   00  01  00  00  00  00  01  5B      23.5245
     0102      8   60  00  00  00  00  00  00  B1      23.5247
     0100      8   80  00  00  00  00  00  00  A1      23.5292
     0101      8   20  01  00  00  00  00  01  34      23.5345
     0102      8   80  00  00  00  00  00  00  A1      23.5347
     0100      8   A0  00  00  00  00  00  00  CE      23.5371
     0101      8   40  01  00  00  00  00  01  85      23.5444
     0102      8   A0  00  00  00  00  00  00  CE      23.5447
     0100      8   C0  00  00  00  00  00  00  7F      23.5449
     0501      8   0D  00  00  00  00  00  00  E6      23.5452
     0100      8   E0  00  00  00  00  00  00  10      23.5527
     0101      8   60  01  00  00  00  00  01  EA      23.5544
     0102      8   E0  00  00  00  00  00  00  10      23.5547
     0100      8   E0  00  00  00  00  00  00  10      23.5578
     0101      8   80  01  00  00  00  00  01  FA      23.5644
     0102      8   E0  00  00  00  00  00  00  10      23.5647
     0100      8   00  00  00  00  00  00  00  00      23.5656
     0100      8   20  00  00  00  00  00  00  6F      23.5734
     0101      8   A0  01  00  00  00  00  01  95      23.5744
     0102      8   20  00  00  00  00  00  00  6F      23.5747
     0100      8   20  00  00  00  00  00  00  6F      23.5785
     0101      8   C0  01  00  00  00  00  01  24      23.5844
     0102      8   20  00  00  00  00  00  00  6F      23.5847
     0100      8   40  00  00  00  00  00  00  DE      23.5863
     0100      8   60  00  00  00  00  00  00  B1      23.5942
     0101      8   E0  01  00  00  00  00  01  4B      23.5944
     0102      8   40  00  00  00  00  00  00  DE      23.5947
     0100      8   60  00  00  00  00  00  00  B1      23.5993
     0101      8   00  01  00  00  00  00  01  5B      23.6044
     0102      8   60  00  00  00  00  00  00  B1      23.6047
     0100      8   80  00  00  00  00  00  00  A1      23.6071
     0101      8   20  01  00  00  00  00  01  34      23.6144
     0102      8   80  00  00  00  00  00  00  A1      23.6147
     0100      8   A0  00  00  00  00  00  00  CE      23.6149
     0100      8   C0  00  00  00  00  00  00  7F      23.6227
     0101      8   40  01  00  00  00  00  01  85      23.6244
     0102      8   C0  00  00  00  00  00  00  7F      23.6247
     0100      8   C0  00  00  00  00  00  00  7F      23.6278
     0101      8   60  01  00  00  00  00  01  EA      23.6344
     0102      8   C0  00  00  00  00  00  00  7F      23.6347
     0100      8   E0  00  00  00  00  00  00  10      23.6356
     0100      8   00  00  00  00  00  00  00  00      23.6435
     0101      8   80  01  00  00  00  00  01  FA      23.6444
     0102      8   00  00  00  00  00  00  00  00      23.6447
     0501      8   0D  00  00  00  00  00  00  E6      23.6449
     0100      8   00  00  00  00  00  00  00  00      23.6486
     0101      8   A0  01  00  00  00  00  01  95      23.6544
     0102      8   00  00  00  00  00  00  00  00      23.6547
     0100      8   20  00  00  00  00  00  00  6F      23.6564
     0100      8   40  00  00  00  00  00  00  DE      23.6642
     0101      8   C0  01  00  00  00  00  01  24      23.6644
     0102      8   20  00  00  00  00  00  00  6F      23.6647
     0100      8   40  00  00  00  00  00  00  DE      23.6693
     0101      8   E0  01  00  00  00  00  01  4B      23.6744
     0102      8   40  00  00  00  00  00  00  DE      23.6747
     0100      8   60  00  00  00  00  00  00  B1      23.6771
     0101      8   00  01  00  00  00  00  01  5B      23.6844
     0102      8   60  00  00  00  00  00  00  B1      23.6847
     0100      8   80  00  00  00  00  00  00  A1      23.6849
     0100      8   A0  00  00  00  00  00  00  CE      23.6927
     0101      8   20  01  00  00  00  00  01  34      23.6944
     0102      8   A0  00  00  00  00  00  00  CE      23.6947
     0100      8   A0  00  00  00  00  00  00  CE      23.6978
     0101      8   40  01  00  00  00  00  01  85      23.7044
     0102      8   A0  00  00  00  00  00  00  CE      23.7047
     0100      8   C0  00  00  00  00  00  00  7F      23.7057
     0100      8   E0  00  00  00  00  00  00  10      23.7135
     0101      8   60  01  00  00  00  00  01  EA      23.7144
     0102      8   E0  00  00  00  00  00  00  10      23.7147
     0100      8   E0  00  00  00  00  00  00  10      23.7186
     0101      8   80  01  00  00  00  00  01  FA      23.7244
     0102      8   E0  00  00  00  00  00  00  10      23.7247
     0100      8   00  00  00  00  00  00  00  00      23.7264
     0100      8   20  00  00  00  00  00  00  6F      23.7342
     0101      8   A0  01  00  00  00  00  01  95      23.7345
     0102      8   00  00  00  00  00  00  00  00      23.7347
     0100      8   20  00  00  00  00  00  00  6F      23.7393
     0101      8   C0  01  00  00  00  00  01  24      23.7444
     0102      8   20  00  00  00  00  00  00  6F      23.7447
     0501      8   0D  00  00  00  00  00  00  E6      23.7449
     0100      8   40  00  00  00  00  00  00  DE      23.7471
     0101      8   E0  01  00  00  00  00  01  4B      23.7544
     0102      8   40  00  00  00  00  00  00  DE      23.7547
     0100      8   60  00  00  00  00  00  00  B1      23.7550
     0100      8   80  00  00  00  00  00  00  A1      23.7628
     0101      8   00  01  00  00  00  00  01  5B      23.7644
     0102      8   80  00  00  00  00  00  00  A1      23.7647
     0100      8   80  00  00  00  00  00  00  A1      23.7679
     0101      8   20  01  00  00  00  00  01  34      23.7744
     0102      8   80  00  00  00  00  00  00  A1      23.7747
     0100      8   A0  00  00  00  00  00  00  CE      23.7757
     0100      8   C0  00  00  00  00  00  00  7F      23.7835
     0101      8   40  01  00  00  00  00  01  85      23.7844
     0102      8   C0  00  00  00  00  00  00  7F      23.7847
     0100      8   C0  00  00  00  00  00  00  7F      23.7886
     0101      8   60  01  00  00  00  00  01  EA      23.7944
     0102      8   C0  00  00  00  00  00  00  7F      23.7947
     0100      8   E0  00  00  00  00  00  00  10      23.7964
     0100      8   00  00  00  00  00  00  00  00      23.8043
     0101      8   80  01  00  00  00  00  01  FA      23.8045
     0102      8   E0  00  00  00  00  00  00  10      23.8047
     0100      8   00  00  00  00  00  00  00  00      23.8094
     0101      8   A0  01  00  00  00  00  01  95      23.8144
     0102      8   00  00  00  00  00  00  00  00      23.8147
     0100      8   20  00  00  00  00  00  00  6F      23.8172
     0101      8   C0  01  00  00  00  00  01  24      23.8244
     0102      8   20  00  00  00  00  00  00  6F      23.8247
     0100      8   40  00  00  00  00  00  00  DE      23.8250
     0100      8   60  00  00  00  00  00  00  B1      23.8328
     0101      8   E0  01  00  00  00  00  01  4B      23.8344
     0102      8   60  00  00  00  00  00  00  B1      23.8346
     0100      8   60  00  00  00  00  00  00  B1      23.8379
     0101      8   00  01  00  00  00  00  01  5B      23.8444
     0102      8   60  00  00  00  00  00  00  B1      23.8447
     0501      8   0D  00  00  00  00  00  00  E6      23.8449
     0100      8   80  00  00  00  00  00  00  A1      23.8457
     0100      8   A0  00  00  00  00  00  00  CE      23.8535
     0101      8   20  01  00  00  00  00  01  34      23.8544
     0102      8   A0  00  00  00  00  00  00  CE      23.8546
     0100      8   A0  00  00  00  00  00  00  CE      23.8586
     0101      8   40  01  00  00  00  00  01  85      23.8644
     0102      8   A0  00  00  00  00  00  00  CE      23.8646
     0100      8   C0  00  00  00  00  00  00  7F      23.8665
     0100      8   E0  00  00  00  00  00  00  10      23.8743
     0101      8   60  01  00  00  00  00  01  EA      23.8745
     0102      8   C0  00  00  00  00  00  00  7F      23.8748
     0100      8   E0  00  00  00  00  00  00  10      23.8794
     0101      8   80  01  00  00  00  00  01  FA      23.8844
     0102      8   E0  00  00  00  00  00  00  10      23.8846
     0100      8   00  00  00  00  00  00  00  00      23.8872
     0101      8   A0  01  00  00  00  00  01  95      23.8944
     0102      8   00  00  00  00  00  00  00  00      23.8946
     0100      8   20  00  00  00  00  00  00  6F      23.8950
     0100      8   40  00  00  00  00  00  00  DE      23.9028
     0101      8   C0  01  00  00  00  00  01  24      23.9044
     0102      8   40  00  00  00  00  00  00  DE      23.9046
     0100      8   40  00  00  00  00  00  00  DE      23.9079
     0101      8   E0  01  00  00  00  00  01  4B      23.9144
     0102      8   40  00  00  00  00  00  00  DE      23.9146
     0100      8   60  00  00  00  00  00  00  B1      23.9157
     0100      8   80  00  00  00  00  00  00  A1      23.9236
     0101      8   00  01  00  00  00  00  01  5B      23.9244
     0102      8   80  00  00  00  00  00  00  A1      23.9246
     0100      8   80  00  00  00  00  00  00  A1      23.9287
     0101      8   20  01  00  00  00  00  01  34      23.9344
     0102      8   80  00  00  00  00  00  00  A1      23.9346
     0100      8   A0  00  00  00  00  00  00  CE      23.9365
     0100      8   C0  00  00  00  00  00  00  7F      23.9443
     0101      8   40  01  00  00  00  00  01  85      23.9446
     0102      8   A0  00  00  00  00  00  00  CE      23.9448
     0501      8   0D  00  00  00  00  00  00  E6      23.9450
     0100      8   C0  00  00  00  00  00  00  7F      23.9494
     0101      8   60  01  00  00  00  00  01  EA      23.9544
     0102      8   C0  00  00  00  00  00  00  7F      23.9546
     0100      8   E0  00  00  00  00  00  00  10      23.9572
     0101      8   80  01  00  00  00  00  01  FA      23.9644
     0102      8   E0  00  00  00  00  00  00  10      23.9646
     0100      8   00  00  00  00  00  00  00  00      23.9650
     0100      8   20  00  00  00  00  00  00  6F      23.9729
     0101      8   A0  01  00  00  00  00  01  95      23.9744
     0102      8   20  00  00  00  00  00  00  6F      23.9746
     0100      8   20  00  00  00  00  00  00  6F      23.9780
     0101      8   C0  01  00  00  00  00  01  24      23.9844
     0102      8   20  00  00  00  00  00  00  6F      23.9846
     0100      8   40  00  00  00  00  00  00  DE      23.9858
     0100      8   60  00  00  00  00  00  00  B1      23.9936
     0101      8   E0  01  00  00  00  00  01  4B      23.9944
     0102      8   60  00  00  00  00  00  00  B1      23.9946
     0100      8   60  00  00  00  00  00  00  B1      23.9987
     0101      8   00  01  00  00  00  00  01  5B      24.0044
     0102      8   60  00  00  00  00  00  00  B1      24.0046
     0100      8   80  00  00  00  00  00  00  A1      24.0065
     0100      8   A0  00  00  00  00  00  00  CE      24.0143
     0101      8   20  01  00  00  00  00  01  34      24.0146
     0102      8   80  00  00  00  00  00  00  A1      24.0148
     0100      8   A0  00  00  00  00  00  00  CE      24.0194
     0101      8   40  01  00  00  00  00  01  85      24.0244
     0102      8   A0  00  00  00  00  00  00  CE      24.0246
     0100      8   C0  00  00  00  00  00  00  7F      24.0273
     0101      8   60  01  00  00  00  00  01  EA      24.0344
     0102      8   C0  00  00  00  00  00  00  7F      24.0346
     0100      8   E0  00  00  00  00  00  00  10      24.0351
     0100      8   00  00  00  00  00  00  00  00      24.0429
     0101      8   80  01  00  00  00  00  01  FA      24.0444
     0102      8   00  00  00  00  00  00  00  00      24.0446
     0501      8   0D  00  00  00  00  00  00  E6      24.0449
     0100      8   00  00  00  00  00  00  00  00      24.0480
     0101      8   A0  01  00  00  00  00  01  95      24.0544
     0102      8   00  00  00  00  00  00  00  00      24.0546
     0100      8   20  00  00  00  00  00  00  6F      24.0558
     0100      8   40  00  00  00  00  00  00  DE      24.0636
     0101      8   C0  01  00  00  00  00  01  24      24.0644
     0102      8   40  00  00  00  00  00  00  DE      24.0646
     0100      8   40  00  00  00  00  00  00  DE      24.0687
     0101      8   E0  01  00  00  00  00  01  4B      24.0744
     0102      8   40  00  00  00  00  00  00  DE      24.0746
     0100      8   60  00  00  00  00  00  00  B1      24.0765
     0100      8   80  00  00  00  00  00  00  A1      24.0844
     0101      8   00  01  00  00  00  00  01  5B      24.0846
     0102      8   60  00  00  00  00  00  00  B1      24.0849
     0100      8   80  00  00  00  00  00  00  A1      24.0895
     0101      8   20  01  00  00  00  00  01  34      24.0944
     0102      8   80  00  00  00  00  00  00  A1      24.0946
     0100      8   A0  00  00  00  00  00  00  CE      24.0973
     0101      8   40  01  00  00  00  00  01  85      24.1044
     0102      8   A0  00  00  00  00  00  00  CE      24.1046
     0100      8   C0  00  00  00  00  00  00  7F      24.1051
     0100      8   E0  00  00  00  00  00  00  10      24.1129
     0101      8   60  01  00  00  00  00  01  EA      24.1144
     0102      8   E0  00  00  00  00  00  00  10      24.1146
     0100      8   E0  00  00  00  00  00  00  10      24.1180
     0101      8   80  01  00  00  00  00  01  FA      24.1244
     0102      8   E0  00  00  00  00  00  00  10      24.1246
     0100      8   00  00  00  00  00  00  00  00      24.1258
     0100      8   20  00  00  00  00  00  00  6F      24.1337
     0101      8   A0  01  00  00  00  00  01  95      24.1344
     0102      8   20  00  00  00  00  00  00  6F      24.1346
     0100      8   20  00  00  00  00  00  00  6F      24.1388
     0101      8   C0  01  00  00  00  00  01  24      24.1444
     0102      8   20  00  00  00  00  00  00  6F      24.1446
     0501      8   0D  00  00  00  00  00  00  E6      24.1449
     0100      8   40  00  00  00  00  00  00  DE      24.1466
     0101      8   E0  01  00  00  00  00  01  4B      24.1544
     0100      8   60  00  00  00  00  00  00  B1      24.1546
     0102      8   40  00  00  00  00  00  00  DE      24.1548
     0100      8   80  00  00  00  00  00  00  A1      24.1622
     0101      8   00  02  00  00  00  00  01  91      24.1644
     0102      8   80  00  00  00  00  00  00  A1      24.1646
     0100      8   80  00  00  00  00  00  00  A1      24.1673
     0101      8   20  02  00  00  00  00  01  FE      24.1744
     0102      8   80  00  00  00  00  00  00  A1      24.1746
     0100      8   A0  00  00  00  00  00  00  CE      24.1751
     0100      8   C0  00  00  00  00  00  00  7F      24.1829
     0101      8   40  02  00  00  00  00  01  4F      24.1844
     0102      8   C0  00  00  00  00  00  00  7F      24.1846
     0100      8   C0  00  00  00  00  00  00  7F      24.1880
     0101      8   60  03  00  00  00  00  01  66      24.1944
     0102      8   C0  00  00  00  00  00  00  7F      24.1946
     0100      8   E0  00  00  00  00  00  00  10      24.1959
     0100      8   00  00  00  00  00  00  00  00      24.2037
     0101      8   80  03  00  00  00  00  01  76      24.2044
     0102      8   00  00  00  00  00  00  00  00      24.2046
     0100      8   00  00  00  00  00  00  00  00      24.2088
     0101      8   A0  03  00  00  00  00  01  19      24.2144
     0102      8   00  00  00  00  00  00  00  00      24.2146
     0100      8   20  00  00  00  00  00  00  6F      24.2166
     0101      8   C0  04  00  00  00  00  01  67      24.2244
     0100      8   40  00  00  00  00  00  00  DE      24.2246
     0102      8   20  00  00  00  00  00  00  6F      24.2249
     0100      8   60  00  00  00  00  00  00  B1      24.2322
     0101      8   E0  04  00  00  00  00  01  08      24.2344
     0102      8   60  00  00  00  00  00  00  B1      24.2346
     0100      8   60  00  00  00  00  00  00  B1      24.2373
     0101      8   00  05  00  00  00  00  01  5E      24.2444
     0102      8   60  00  00  00  00  00  00  B1      24.2446
     0501      8   0D  00  00  00  00  00  00  E6      24.2448
     0100      8   80  00  00  00  00  00  00  A1      24.2452
     0100      8   A0  00  00  00  00  00  00  CE      24.2530
     0101      8   20  05  00  00  00  00  01  31      24.2543
     0102      8   A0  00  00  00  00  00  00  CE      24.2546
     0100      8   A0  00  00  00  00  00  00  CE      24.2581
     0101      8   40  05  00  00  00  00  01  80      24.2643
     0102      8   A0  00  00  00  00  00  00  CE      24.2646
     0100      8   C0  00  00  00  00  00  00  7F      24.2659
     0100      8   E0  00  00  00  00  00  00  10      24.2737
     0101      8   60  06  00  00  00  00  01  25      24.2743
     0102      8   E0  00  00  00  00  00  00  10      24.2746
     0100      8   E0  00  00  00  00  00  00  10      24.2788
     0101      8   80  06  00  00  00  00  01  35      24.2843
     0102      8   E0  00  00  00  00  00  00  10      24.2846
     0100      8   00  00  00  00  00  00  00  00      24.2866
     0101      8   A0  07  00  00  00  00  01  1C      24.2943
     0100      8   20  00  00  00  00  00  00  6F      24.2946
     0102      8   00  00  00  00  00  00  00  00      24.2948
     0100      8   40  00  00  00  00  00  00  DE      24.3023
     0101      8   C0  07  00  00  00  00  01  AD      24.3043
     0102      8   40  00  00  00  00  00  00  DE      24.3046
     0100      8   40  00  00  00  00  00  00  DE      24.3074
     0101      8   E0  07  00  00  00  00  01  C2      24.3143
     0102      8   40  00  00  00  00  00  00  DE      24.3146
     0100      8   60  00  00  00  00  00  00  B1      24.3152
     0100      8   80  00  00  00  00  00  00  A1      24.3230
     0101      8   00  07  00  00  00  00  01  D2      24.3243
     0102      8   80  00  00  00  00  00  00  A1      24.3246
     0100      8   80  00  00  00  00  00  00  A1      24.3281
     0101      8   20  08  00  00  00  00  01  78      24.3343
     0102      8   80  00  00  00  00  00  00  A1      24.3346
     0100      8   A0  00  00  00  00  00  00  CE      24.3359
     0100      8   C0  00  00  00  00  00  00  7F      24.3437
     0101      8   40  08  00  00  00  00  01  C9      24.3443
     0102      8   C0  00  00  00  00  00  00  7F      24.3446
     0501      8   0D  00  00  00  00  00  00  E6      24.3448
     0100      8   C0  00  00  00  00  00  00  7F      24.3488
     0101      8   60  08  00  00  00  00  01  A6      24.3543
     0102      8   C0  00  00  00  00  00  00  7F      24.3546
     0100      8   E0  00  00  00  00  00  00  10      24.3567
     0101      8   80  08  00  00  00  00  01  B6      24.3643
     0100      8   00  00  00  00  00  00  00  00      24.3646
     0102      8   E0  00  00  00  00  00  00  10      24.3648
     0100      8   20  00  00  00  00  00  00  6F      24.3723
     0101      8   A0  09  00  00  00  00  01  9F      24.3743
     0102      8   20  00  00  00  00  00  00  6F      24.3746
     0100      8   20  00  00  00  00  00  00  6F      24.3774
     0101      8   C0  09  00  00  00  00  01  2E      24.3843
     0102      8   20  00  00  00  00  00  00  6F      24.3846
     0100      8   40  00  00  00  00  00  00  DE      24.3852
     0100      8   60  00  00  00  00  00  00  B1      24.3930
     0101      8   E0  09  00  00  00  00  01  41      24.3943
     0102      8   60  00  00  00  00  00  00  B1      24.3946
     0100      8   60  00  00  00  00  00  00  B1      24.3981
     0101      8   00  09  00  00  00  00  01  51      24.4043
     0102      8   60  00  00  00  00  00  00  B1      24.4046
     0100      8   80  00  00  00  00  00  00  A1      24.4060
     0100      8   A0  00  00  00  00  00  00  CE      24.4138
     0101      8   20  09  00  00  00  00  01  3E      24.4143
     0102      8   A0  00  00  00  00  00  00  CE      24.4146
     0100      8   A0  00  00  00  00  00  00  CE      24.4189
     0101      8   40  09  00  00  00  00  01  8F      24.4243
     0102      8   A0  00  00  00  00  00  00  CE      24.4246
     0100      8   C0  00  00  00  00  00  00  7F      24.4267
     0101      8   60  0A  00  00  00  00  01  2A      24.4343
     0100      8   E0  00  00  00  00  00  00  10      24.4346
     0102      8   C0  00  00  00  00  00  00  7F      24.4348
     0100      8   00  00  00  00  00  00  00  00      24.4424
     0101      8   80  0A  00  00  00  00  01  3A      24.4443
     0102      8   00  00  00  00  00  00  00  00      24.4446
     0501      8   0D  00  00  00  00  00  00  E6      24.4448
     0100      8   00  00  00  00  00  00  00  00      24.4475
     0101      8   A0  0A  00  00  00  00  01  55      24.4543
     0102      8   00  00  00  00  00  00  00  00      24.4546
     0100      8   20  00  00  00  00  00  00  6F      24.4554
     0100      8   40  00  00  00  00  00  00  DE      24.4633
     0101      8   C0  0A  00  00  00  00  01  E4      24.4643
     0102      8   40  00  00  00  00  00  00  DE      24.4646
     0100      8   40  00  00  00  00  00  00  DE      24.4684
     0101      8   E0  0A  00  00  00  00  01  8B      24.4743
     0102      8   40  00  00  00  00  00  00  DE      24.4746
     0100      8   60  00  00  00  00  00  00  B1      24.4763
     0100      8   80  00  00  00  00  00  00  A1      24.4842
     0101      8   00  0A  00  00  00  00  01  9B      24.4845
     0102      8   60  00  00  00  00  00  00  B1      24.4847
     0100      8   80  00  00  00  00  00  00  A1      24.4893
     0101      8   20  0B  00  00  00  00  01  B2      24.4943
     0102      8   80  00  00  00  00  00  00  A1      24.4946
     0100      8   A0  00  00  00  00  00  00  CE      24.4972
     0101      8   40  0B  00  00  00  00  01  03      24.5043
     0102      8   A0  00  00  00  00  00  00  CE      24.5046
     0100      8   C0  00  00  00  00  00  00  7F      24.5051
     0100      8   E0  00  00  00  00  00  00  10      24.5130
     0101      8   60  0B  00  00  00  00  01  6C      24.5143
     0102      8   E0  00  00  00  00  00  00  10      24.5146
     0100      8   E0  00  00  00  00  00  00  10      24.5181
     0101      8   80  0B  00  00  00  00  01  7C      24.5243
     0102      8   E0  00  00  00  00  00  00  10      24.5246
     0100      8   00  00  00  00  00  00  00  00      24.5260
     0100      8   20  00  00  00  00  00  00  6F      24.5339
     0101      8   A0  0B  00  00  00  00  01  13      24.5343
     0102      8   00  00  00  00  00  00  00  00      24.5346
     0100      8   20  00  00  00  00  00  00  6F      24.5390
     0101      8   C0  0B  00  00  00  00  01  A2      24.5443
     0102      8   20  00  00  00  00  00  00  6F      24.5446
     0501      8   0D  00  00  00  00  00  00  E6      24.5448
     0100      8   40  00  00  00  00  00  00  DE      24.5469
     0101      8   E0  0B  00  00  00  00  01  CD      24.5543
     0102      8   40  00  00  00  00  00  00  DE      24.5545
     0100      8   60  00  00  00  00  00  00  B1      24.5548
     0100      8   80  00  00  00  00  00  00  A1      24.5627
     0101      8   00  0B  00  00  00  00  01  DD      24.5643
     0102      8   80  00  00  00  00  00  00  A1      24.5646
     0100      8   80  00  00  00  00  00  00  A1      24.5678
     0101      8   20  0B  00  00  00  00  01  B2      24.5743
     0102      8   80  00  00  00  00  00  00  A1      24.5745
     0100      8   A0  00  00  00  00  00  00  CE      24.5757
     0100      8   C0  00  00  00  00  00  00  7F      24.5837
     0101      8   40  0B  00  00  00  00  01  03      24.5843
     0102      8   C0  00  00  00  00  00  00  7F      24.5846
     0100      8   C0  00  00  00  00  00  00  7F      24.5888
     0101      8   60  0C  00  00  00  00  01  A3      24.5943
     0102      8   C0  00  00  00  00  00  00  7F      24.5945
     0100      8   E0  00  00  00  00  00  00  10      24.5967
     0101      8   80  0C  00  00  00  00  01  B3      24.6043
     0102      8   E0  00  00  00  00  00  00  10      24.6046
     0100      8   00  00  00  00  00  00  00  00      24.6048
     0100      8   20  00  00  00  00  00  00  6F      24.6125
     0101      8   A0  0C  00  00  00  00  01  DC      24.6143
     0102      8   20  00  00  00  00  00  00  6F      24.6145
     0100      8   20  00  00  00  00  00  00  6F      24.6176
     0101      8   C0  0C  00  00  00  00  01  6D      24.6243
     0102      8   20  00  00  00  00  00  00  6F      24.6245
     0100      8   40  00  00  00  00  00  00  DE      24.6255
     0100      8   60  00  00  00  00  00  00  B1      24.6334
     0101      8   E0  0C  00  00  00  00  01  02      24.6343
     0102      8   60  00  00  00  00  00  00  B1      24.6345
     0100      8   60  00  00  00  00  00  00  B1      24.6385
     0101      8   00  0C  00  00  00  00  01  12      24.6443
     0102      8   60  00  00  00  00  00  00  B1      24.6445
     0501      8   0D  00  00  00  00  00  00  E6      24.6448
     0100      8   80  00  00  00  00  00  00  A1      24.6464
     0100      8   A0  00  00  00  00  00  00  CE      24.6543
     0101      8   20  0C  00  00  00  00  01  7D      24.6545
     0102      8   80  00  00  00  00  00  00  A1      24.6548
     0100      8   A0  00  00  00  00  00  00  CE      24.6594
     0101      8   40  0C  00  00  00  00  01  CC      24.6643
     0102      8   A0  00  00  00  00  00  00  CE      24.6645
     0100      8   C0  00  00  00  00  00  00  7F      24.6673
     0101      8   60  0C  00  00  00  00  01  A3      24.6743
     0102      8   C0  00  00  00  00  00  00  7F      24.6745
     0100      8   E0  00  00  00  00  00  00  10      24.6752
     0100      8   00  00  00  00  00  00  00  00      24.6831
     0101      8   80  0C  00  00  00  00  01  B3      24.6843
     0102      8   00  00  00  00  00  00  00  00      24.6845
     0100      8   00  00  00  00  00  00  00  00      24.6882
     0101      8   A0  0C  00  00  00  00  01  DC      24.6943
     0102      8   00  00  00  00  00  00  00  00      24.6945
     0100      8   20  00  00  00  00  00  00  6F      24.6961
     0100      8   40  00  00  00  00  00  00  DE      24.7040
     0101      8   C0  0C  00  00  00  00  01  6D      24.7043
     0102      8   20  00  00  00  00  00  00  6F      24.7045
     0100      8   40  00  00  00  00  00  00  DE      24.7091
     0101      8   E0  0C  00  00  00  00  01  02      24.7143
     0102      8   40  00  00  00  00  00  00  DE      24.7145
     0100      8   60  00  00  00  00  00  00  B1      24.7170
     0101      8   00  0C  00  00  00  00  01  12      24.7243
     0102      8   60  00  00  00  00  00  00  B1      24.7245
     0100      8   80  00  00  00  00  00  00  A1      24.7249
     0100      8   A0  00  00  00  00  00  00  CE      24.7328
     0101      8   20  0C  00  00  00  00  01  7D      24.7343
     0102      8   A0  00  00  00  00  00  00  CE      24.7345
     0100      8   A0  00  00  00  00  00  00  CE      24.7379
     0101      8   40  0C  00  00  00  00  01  CC      24.7443
     0102      8   A0  00  00  00  00  00  00  CE      24.7445
     0501      8   0D  00  00  00  00  00  00  E6      24.7448
     0100      8   C0  00  00  00  00  00  00  7F      24.7458
     0100      8   E0  00  00  00  00  00  00  10      24.7537
     0101      8   60  0C  00  00  00  00  01  A3      24.7543
     0102      8   E0  00  00  00  00  00  00  10      24.7545
     0100      8   E0  00  00  00  00  00  00  10      24.7588
     0101      8   80  0C  00  00  00  00  01  B3      24.7643
     0102      8   E0  00  00  00  00  00  00  10      24.7645
     0100      8   00  00  00  00  00  00  00  00      24.7667
     0101      8   A0  0C  00  00  00  00  01  DC      24.7743
     0102      8   00  00  00  00  00  00  00  00      24.7745
     0100      8   20  00  00  00  00  00  00  6F      24.7748
     0100      8   40  00  00  00  00  00  00  DE      24.7825
     0101      8   C0  0C  00  00  00  00  01  6D      24.7843
     0102      8   40  00  00  00  00  00  00  DE      24.7845
     0100      8   40  00  00  00  00  00  00  DE      24.7876
     0101      8   E0  0C  00  00  00  00  01  02      24.7943
     0102      8   40  00  00  00  00  00  00  DE      24.7945
     0100      8   60  00  00  00  00  00  00  B1      24.7955
     0100      8   80  00  00  00  00  00  00  A1      24.8034
     0101      8   00  0C  00  00  00  00  01  12      24.8043
     0102      8   80  00  00  00  00  00  00  A1      24.8045
     0100      8   80  00  00  00  00  00  00  A1      24.8085
     0101      8   20  0C  00  00  00  00  01  7D      24.8143
     0102      8   80  00  00  00  00  00  00  A1      24.8145
     0100      8   A0  00  00  00  00  00  00  CE      24.8164
     0101      8   40  0C  00  00  00  00  01  CC      24.8243
     0100      8   C0  00  00  00  00  00  00  7F      24.8245
     0102      8   A0  00  00  00  00  00  00  CE      24.8248
     0100      8   E0  00  00  00  00  00  00  10      24.8322
     0101      8   60  0D  00  00  00  00  01  E5      24.8343
     0102      8   E0  00  00  00  00  00  00  10      24.8345
     0100      8   E0  00  00  00  00  00  00  10      24.8373
     0101      8   80  0D  00  00  00  00  01  F5      24.8443
     0102      8   E0  00  00  00  00  00  00  10      24.8445
     0501      8   0D  00  00  00  00  00  00  E6      24.8448
     0100      8   00  00  00  00  00  00  00  00      24.8452
     0100      8   20  00  00  00  00  00  00  6F      24.8531
     0101      8   A0  0D  00  00  00  00  01  9A      24.8543
     0102      8   20  00  00  00  00  00  00  6F      24.8545
     0100      8   20  00  00  00  00  00  00  6F      24.8582
     0101      8   C0  0E  00  00  00  00  01  E1      24.8643
     0102      8   20  00  00  00  00  00  00  6F      24.8645
     0100      8   40  00  00  00  00  00  00  DE      24.8661
     0100      8   60  00  00  00  00  00  00  B1      24.8740
     0101      8   E0  0F  00  00  00  00  01  C8      24.8743
     0102      8   40  00  00  00  00  00  00  DE      24.8745
     0100      8   60  00  00  00  00  00  00  B1      24.8791
     0101      8   00  0F  00  00  00  00  01  D8      24.8843
     0102      8   60  00  00  00  00  00  00  B1      24.8845
     0100      8   80  00  00  00  00  00  00  A1      24.8871
     0101      8   20  10  00  00  00  00  01  66      24.8943
     0102      8   80  00  00  00  00  00  00  A1      24.8945
     0100      8   A0  00  00  00  00  00  00  CE      24.8950
     0100      8   C0  00  00  00  00  00  00  7F      24.9029
     0101      8   40  11  00  00  00  00  01  91      24.9043
     0102      8   C0  00  00  00  00  00  00  7F      24.9045
     0100      8   C0  00  00  00  00  00  00  7F      24.9080
     0101      8   60  11  00  00  00  00  01  FE      24.9143
     0102      8   C0  00  00  00  00  00  00  7F      24.9145
     0100      8   E0  00  00  00  00  00  00  10      24.9159
     0100      8   00  00  00  00  00  00  00  00      24.9238
     0101      8   80  12  00  00  00  00  01  24      24.9243
     0102      8   E0  00  00  00  00  00  00  10      24.9245
     0100      8   00  00  00  00  00  00  00  00      24.9289
     0101      8   A0  12  00  00  00  00  01  4B      24.9343
     0102      8   00  00  00  00  00  00  00  00      24.9345
     0100      8   20  00  00  00  00  00  00  6F      24.9368
     0101      8   C0  13  00  00  00  00  01  BC      24.9442
     0102      8   20  00  00  00  00  00  00  6F      24.9445
     0100      8   40  00  00  00  00  00  00  DE      24.9447
     0501      8   0D  00  00  00  00  00  00  E6      24.9450
     0100      8   60  00  00  00  00  00  00  B1      24.9526
     0101      8   E0  13  00  00  00  00  01  D3      24.9542
     0102      8   60  00  00  00  00  00  00  B1      24.9545
     0100      8   60  00  00  00  00  00  00  B1      24.9577
     0101      8   00  14  00  00  00  00  01  0C      24.9643
     0102      8   60  00  00  00  00  00  00  B1      24.9645
     0100      8   80  00  00  00  00  00  00  A1      24.9656
     0100      8   A0  00  00  00  00  00  00  CE      24.9735
     0101      8   20  14  00  00  00  00  01  63      24.9742
     0102      8   A0  00  00  00  00  00  00  CE      24.9745
     0100      8   A0  00  00  00  00  00  00  CE      24.9786
     0101      8   40  14  00  00  00  00  01  D2      24.9842
     0102      8   A0  00  00  00  00  00  00  CE      24.9845
     0100      8   C0  00  00  00  00  00  00  7F      24.9865
     0101      8   60  15  00  00  00  00  01  FB      24.9942
     0100      8   E0  00  00  00  00  00  00  10      24.9945
     0102      8   C0  00  00  00  00  00  00  7F      24.9947
     0100      8   00  00  00  00  00  00  00  00      25.0023
     0101      8   80  15  00  00  00  00  01  EB      25.0042
     0102      8   00  00  00  00  00  00  00  00      25.0045
     0100      8   00  00  00  00  00  00  00  00      25.0074
     0101      8   A0  15  00  00  00  00  01  84      25.0142
     0102      8   00  00  00  00  00  00  00  00      25.0145
     0100      8   20  00  00  00  00  00  00  6F      25.0153
     0100      8   40  00  00  00  00  00  00  DE      25.0232
     0101      8   C0  16  00  00  00  00  01  FF      25.0242
     0102      8   40  00  00  00  00  00  00  DE      25.0245
     0100      8   40  00  00  00  00  00  00  DE      25.0283
     0101      8   E0  16  00  00  00  00  01  90      25.0342
     0102      8   40  00  00  00  00  00  00  DE      25.0345
     0100      8   60  00  00  00  00  00  00  B1      25.0362
     0100      8   80  00  00  00  00  00  00  A1      25.0441
     0101      8   00  16  00  00  00  00  01  80      25.0444
     0102      8   60  00  00  00  00  00  00  B1      25.0446
     0501      8   0D  00  00  00  00  00  00  E6      25.0448
     0100      8   80  00  00  00  00  00  00  A1      25.0492
     0101      8   20  16  00  00  00  00  01  EF      25.0542
     0102      8   80  00  00  00  00  00  00  A1      25.0545
     0100      8   A0  00  00  00  00  00  00  CE      25.0571
     0101      8   40  17  00  00  00  00  01  18      25.0642
     0102      8   A0  00  00  00  00  00  00  CE      25.0645
     0100      8   C0  00  00  00  00  00  00  7F      25.0650
     0100      8   E0  00  00  00  00  00  00  10      25.0729
     0101      8   60  17  00  00  00  00  01  77      25.0742
     0102      8   E0  00  00  00  00  00  00  10      25.0745
     0100      8   E0  00  00  00  00  00  00  10      25.0780
     0101      8   80  17  00  00  00  00  01  67      25.0842
     0102      8   E0  00  00  00  00  00  00  10      25.0845
     0100      8   00  00  00  00  00  00  00  00      25.0859
     0100      8   20  00  00  00  00  00  00  6F      25.0938
     0101      8   A0  17  00  00  00  00  01  08      25.0942
     0102      8   00  00  00  00  00  00  00  00      25.0945
     0100      8   20  00  00  00  00  00  00  6F      25.0989
     0101      8   C0  17  00  00  00  00  01  B9      25.1042
     0102      8   20  00  00  00  00  00  00  6F      25.1045
     0100      8   40  00  00  00  00  00  00  DE      25.1068
     0101      8   E0  17  00  00  00  00  01  D6      25.1142
     0102      8   40  00  00  00  00  00  00  DE      25.1145
     0100      8   60  00  00  00  00  00  00  B1      25.1147
     0100      8   80  00  00  00  00  00  00  A1      25.1226
     0101      8   00  17  00  00  00  00  01  C6      25.1242
     0102      8   80  00  00  00  00  00  00  A1      25.1245
     0100      8   80  00  00  00  00  00  00  A1      25.1277
     0101      8   20  17  00  00  00  00  01  A9      25.1342
     0102      8   80  00  00  00  00  00  00  A1      25.1345
     0100      8   A0  00  00  00  00  00  00  CE      25.1356
     0100      8   C0  00  00  00  00  00  00  7F      25.1435
     0101      8   40  17  00  00  00  00  01  18      25.1442
     0102      8   C0  00  00  00  00  00  00  7F      25.1445
     0501      8   0D  00  00  00  00  00  00  E6      25.1447
     0100      8   C0  00  00  00  00  00  00  7F      25.1486
     0101      8   60  17  00  00  00  00  01  77      25.1542
     0102      8   C0  00  00  00  00  00  00  7F      25.1545
     0100      8   E0  00  00  00  00  00  00  10      25.1565
     0101      8   80  17  00  00  00  00  01  67      25.1642
     0100      8   00  00  00  00  00  00  00  00      25.1645
     0102      8   E0  00  00  00  00  00  00  10      25.1647
     0100      8   20  00  00  00  00  00  00  6F      25.1723
     0101      8   A0  17  00  00  00  00  01  08      25.1742
     0102      8   20  00  00  00  00  00  00  6F      25.1745
     0100      8   20  00  00  00  00  00  00  6F      25.1775
     0101      8   C0  17  00  00  00  00  01  B9      25.1842
     0102      8   20  00  00  00  00  00  00  6F      25.1845
     0100      8   40  00  00  00  00  00  00  DE      25.1853
     0100      8   60  00  00  00  00  00  00  B1      25.1933
     0101      8   E0  17  00  00  00  00  01  D6      25.1942
     0102      8   60  00  00  00  00  00  00  B1      25.1945
     0100      8   60  00  00  00  00  00  00  B1      25.1984
     0101      8   00  17  00  00  00  00  01  C6      25.2042
     0102      8   60  00  00  00  00  00  00  B1      25.2045
     0100      8   80  00  00  00  00  00  00  A1      25.2063
     0100      8   A0  00  00  00  00  00  00  CE      25.2142
     0101      8   20  17  00  00  00  00  01  A9      25.2144
     0102      8   80  00  00  00  00  00  00  A1      25.2146
     0100      8   A0  00  00  00  00  00  00  CE      25.2193
     0101      8   40  17  00  00  00  00  01  18      25.2242
     0102      8   A0  00  00  00  00  00  00  CE      25.2244
     0100      8   C0  00  00  00  00  00  00  7F      25.2272
     0101      8   60  17  00  00  00  00  01  77      25.2342
     0102      8   C0  00  00  00  00  00  00  7F      25.2345
     0100      8   E0  00  00  00  00  00  00  10      25.2351
     0100      8   00  00  00  00  00  00  00  00      25.2430
     0101      8   80  17  00  00  00  00  01  67      25.2442
     0102      8   00  00  00  00  00  00  00  00      25.2445
     0501      8   0D  00  00  00  00  00  00  E6      25.2447
     0100      8   00  00  00  00  00  00  00  00      25.2481
     0101      8   A0  17  00  00  00  00  01  08      25.2542
     0102      8   00  00  00  00  00  00  00  00      25.2545
     0100      8   20  00  00  00  00  00  00  6F      25.2560
     0100      8   40  00  00  00  00  00  00  DE      25.2639
     0101      8   C0  17  00  00  00  00  01  B9      25.2642
     0102      8   20  00  00  00  00  00  00  6F      25.2645
     0100      8   40  00  00  00  00  00  00  DE      25.2690
     0101      8   E0  17  00  00  00  00  01  D6      25.2742
     0102      8   40  00  00  00  00  00  00  DE      25.2744
     0100      8   60  00  00  00  00  00  00  B1      25.2769
     0101      8   00  17  00  00  00  00  01  C6      25.2842
     0102      8   60  00  00  00  00  00  00  B1      25.2844
     0100      8   80  00  00  00  00  00  00  A1      25.2848
     0100      8   A0  00  00  00  00  00  00  CE      25.2927
     0101      8   20  18  00  00  00  00  01  6C      25.2942
     0102      8   A0  00  00  00  00  00  00  CE      25.2944
     0100      8   A0  00  00  00  00  00  00  CE      25.2978
     0101      8   40  18  00  00  00  00  01  DD      25.3042
     0102      8   A0  00  00  00  00  00  00  CE      25.3044
     0100      8   C0  00  00  00  00  00  00  7F      25.3057
     0100      8   E0  00  00  00  00  00  00  10      25.3136
     0101      8   60  18  00  00  00  00  01  B2      25.3142
     0102      8   E0  00  00  00  00  00  00  10      25.3144
     0100      8   E0  00  00  00  00  00  00  10      25.3187
     0101      8   80  19  00  00  00  00  01  E4      25.3242
     0102      8   E0  00  00  00  00  00  00  10      25.3244
     0100      8   00  00  00  00  00  00  00  00      25.3266
     0101      8   A0  1A  00  00  00  00  01  41      25.3342
     0102      8   00  00  00  00  00  00  00  00      25.3344
     0100      8   20  00  00  00  00  00  00  6F      25.3347
     0100      8   40  00  00  00  00  00  00  DE      25.3424
     0101      8   C0  1A  00  00  00  00  01  F0      25.3442
     0102      8   40  00  00  00  00  00  00  DE      25.3444
     0501      8   0D  00  00  00  00  00  00  E6      25.3447
     0100      8   40  00  00  00  00  00  00  DE      25.3475
     0101      8   E0  1B  00  00  00  00  01  D9      25.3542
     0102      8   40  00  00  00  00  00  00  DE      25.3544
     0100      8   60  00  00  00  00  00  00  B1      25.3554
     0100      8   80  00  00  00  00  00  00  A1      25.3633
     0101      8   00  1C  00  00  00  00  01  06      25.3642
     0102      8   80  00  00  00  00  00  00  A1      25.3644
     0100      8   80  00  00  00  00  00  00  A1      25.3684
     0101      8   20  1D  00  00  00  00  01  2F      25.3742
     0102      8   80  00  00  00  00  00  00  A1      25.3744
     0100      8   A0  00  00  00  00  00  00  CE      25.3763
     0101      8   40  1E  00  00  00  00  01  54      25.3842
     0100      8   C0  00  00  00  00  00  00  7F      25.3844
     0102      8   A0  00  00  00  00  00  00  CE      25.3847
     0100      8   E0  00  00  00  00  00  00  10      25.3921
     0101      8   60  1F  00  00  00  00  01  7D      25.3942
     0102      8   E0  00  00  00  00  00  00  10      25.3944
     0100      8   E0  00  00  00  00  00  00  10      25.3972
     0101      8   80  20  00  00  00  00  01  94      25.4042
     0102      8   E0  00  00  00  00  00  00  10      25.4044
     0100      8   00  00  00  00  00  00  00  00      25.4051
     0100      8   20  00  00  00  00  00  00  6F      25.4130
     0101      8   A0  21  00  00  00  00  01  BD      25.4142
     0102      8   20  00  00  00  00  00  00  6F      25.4144
     0100      8   20  00  00  00  00  00  00  6F      25.4181
     0101      8   C0  22  00  00  00  00  01  C6      25.4242
     0102      8   20  00  00  00  00  00  00  6F      25.4244
     0100      8   40  00  00  00  00  00  00  DE      25.4260
     0100      8   60  00  00  00  00  00  00  B1      25.4339
     0101      8   E0  23  00  00  00  00  01  EF      25.4342
     0102      8   40  00  00  00  00  00  00  DE      25.4344
     0100      8   60  00  00  00  00  00  00  B1      25.4390
     0101      8   00  24  00  00  00  00  01  30      25.4442
     0102      8   60  00  00  00  00  00  00  B1      25.4444
     0501      8   0D  00  00  00  00  00  00  E6      25.4447
     0100      8   80  00  00  00  00  00  00  A1      25.4469
     0101      8   20  24  00  00  00  00  01  5F      25.4542
     0102      8   80  00  00  00  00  00  00  A1      25.4544
     0100      8   A0  00  00  00  00  00  00  CE      25.4548
     0100      8   C0  00  00  00  00  00  00  7F      25.4627
     0101      8   40  25  00  00  00  00  01  A8      25.4642
     0102      8   C0  00  00  00  00  00  00  7F      25.4644
     0100      8   C0  00  00  00  00  00  00  7F      25.4678
     0101      8   60  25  00  00  00  00  01  C7      25.4742
     0102      8   C0  00  00  00  00  00  00  7F      25.4744
     0100      8   E0  00  00  00  00  00  00  10      25.4757
     0100      8   00  00  00  00  00  00  00  00      25.4837
     0101      8   80  26  00  00  00  00  01  1D      25.4842
     0102      8   E0  00  00  00  00  00  00  10      25.4844
     0100      8   00  00  00  00  00  00  00  00      25.4888
     0101      8   A0  26  00  00  00  00  01  72      25.4942
     0102      8   00  00  00  00  00  00  00  00      25.4944
     0100      8   20  00  00  00  00  00  00  6F      25.4967
     0101      8   C0  26  00  00  00  00  01  C3      25.5042
     0102      8   20  00  00  00  00  00  00  6F      25.5044
     0100      8   40  00  00  00  00  00  00  DE      25.5047
     0100      8   60  00  00  00  00  00  00  B1      25.5125
     0101      8   E0  27  00  00  00  00  01  EA      25.5142
     0102      8   60  00  00  00  00  00  00  B1      25.5144
     0100      8   60  00  00  00  00  00  00  B1      25.5176
     0101      8   00  27  00  00  00  00  01  FA      25.5242
     0102      8   60  00  00  00  00  00  00  B1      25.5244
     0100      8   80  00  00  00  00  00  00  A1      25.5255
     0100      8   A0  00  00  00  00  00  00  CE      25.5334
     0101      8   20  27  00  00  00  00  01  95      25.5342
     0102      8   A0  00  00  00  00  00  00  CE      25.5344
     0100      8   A0  00  00  00  00  00  00  CE      25.5385
     0101      8   40  27  00  00  00  00  01  24      25.5442
     0102      8   A0  00  00  00  00  00  00  CE      25.5444
     0501      8   0D  00  00  00  00  00  00  E6      25.5447
     0100      8   C0  00  00  00  00  00  00  7F      25.5464
     0101      8   60  27  00  00  00  00  01  4B      25.5542
     0100      8   E0  00  00  00  00  00  00  10      25.5544
     0102      8   C0  00  00  00  00  00  00  7F      25.5547
     0100      8   00  00  00  00  00  00  00  00      25.5622
     0101      8   80  27  00  00  00  00  01  5B      25.5642
     0102      8   00  00  00  00  00  00  00  00      25.5644
     0100      8   00  00  00  00  00  00  00  00      25.5673
     0101      8   A0  27  00  00  00  00  01  34      25.5742
     0102      8   00  00  00  00  00  00  00  00      25.5744
     0100      8   20  00  00  00  00  00  00  6F      25.5752
     0100      8   40  00  00  00  00  00  00  DE      25.5831
     0101      8   C0  27  00  00  00  00  01  85      25.5842
     0102      8   40  00  00  00  00  00  00  DE      25.5844
     0100      8   40  00  00  00  00  00  00  DE      25.5882
     0101      8   E0  27  00  00  00  00  01  EA      25.5942
     0102      8   40  00  00  00  00  00  00  DE      25.5944
     0100      8   60  00  00  00  00  00  00  B1      25.5961
     0100      8   80  00  00  00  00  00  00  A1      25.6040
     0101      8   00  27  00  00  00  00  01  FA      25.6042
     0102      8   60  00  00  00  00  00  00  B1      25.6045
     0100      8   80  00  00  00  00  00  00  A1      25.6091
     0101      8   20  27  00  00  00  00  01  95      25.6142
     0102      8   80  00  00  00  00  00  00  A1      25.6144
     0100      8   A0  00  00  00  00  00  00  CE      25.6170
     0101      8   40  27  00  00  00  00  01  24      25.6242
     0102      8   A0  00  00  00  00  00  00  CE      25.6244
     0100      8   C0  00  00  00  00  00  00  7F      25.6249
     0100      8   E0  00  00  00  00  00  00  10      25.6328
     0101      8   60  27  00  00  00  00  01  4B      25.6342
     0102      8   E0  00  00  00  00  00  00  10      25.6344
     0100      8   E0  00  00  00  00  00  00  10      25.6379
     0101      8   80  27  00  00  00  00  01  5B      25.6442
     0102      8   E0  00  00  00  00  00  00  10      25.6444
     0501      8   0D  00  00  00  00  00  00  E6      25.6446
     0100      8   00  00  00  00  00  00  00  00      25.6458
     0100      8   20  00  00  00  00  00  00  6F      25.6537
     0101      8   A0  27  00  00  00  00  01  34      25.6541
     0102      8   00  00  00  00  00  00  00  00      25.6544
     0100      8   20  00  00  00  00  00  00  6F      25.6588
     0101      8   C0  27  00  00  00  00  01  85      25.6642
     0102      8   20  00  00  00  00  00  00  6F      25.6644
     0100      8   40  00  00  00  00  00  00  DE      25.6667
     0101      8   E0  27  00  00  00  00  01  EA      25.6741
     0102      8   40  00  00  00  00  00  00  DE      25.6744
     0100      8   60  00  00  00  00  00  00  B1      25.6746
     0100      8   80  00  00  00  00  00  00  A1      25.6825
     0101      8   00  27  00  00  00  00  01  FA      25.6841
     0102      8   80  00  00  00  00  00  00  A1      25.6844
     0100      8   80  00  00  00  00  00  00  A1      25.6876
     0101      8   20  27  00  00  00  00  01  95      25.6941
     0102      8   80  00  00  00  00  00  00  A1      25.6944
     0100      8   A0  00  00  00  00  00  00  CE      25.6955
     0100      8   C0  00  00  00  00  00  00  7F      25.7034
     0101      8   40  27  00  00  00  00  01  24      25.7041
     0102      8   C0  00  00  00  00  00  00  7F      25.7044
     0100      8   C0  00  00  00  00  00  00  7F      25.7085
     0101      8   60  28  00  00  00  00  01  8E      25.7141
     0102      8   C0  00  00  00  00  00  00  7F      25.7144
     0100      8   E0  00  00  00  00  00  00  10      25.7164
     0101      8   80  28  00  00  00  00  01  9E      25.7241
     0100      8   00  00  00  00  00  00  00  00      25.7244
     0102      8   E0  00  00  00  00  00  00  10      25.7246
     0100      8   20  00  00  00  00  00  00  6F      25.7322
     0101      8   A0  28  00  00  00  00  01  F1      25.7341
     0102      8   20  00  00  00  00  00  00  6F      25.7344
     0100      8   20  00  00  00  00  00  00  6F      25.7373
     0101      8   C0  28  00  00  00  00  01  40      25.7441
     0102      8   20  00  00  00  00  00  00  6F      25.7444
     0501      8   0D  00  00  00  00  00  00  E6      25.7446
     0100      8   40  00  00  00  00  00  00  DE      25.7452
     0100      8   60  00  00  00  00  00  00  B1      25.7531
     0101      8   E0  29  00  00  00  00  01  69      25.7541
     0102      8   60  00  00  00  00  00  00  B1      25.7544
     0100      8   60  00  00  00  00  00  00  B1      25.7582
     0101      8   00  2A  00  00  00  00  01  B3      25.7641
     0102      8   60  00  00  00  00  00  00  B1      25.7644
     0100      8   80  00  00  00  00  00  00  A1      25.7661
     0100      8   A0  00  00  00  00  00  00  CE      25.7740
     0101      8   20  2A  00  00  00  00  01  DC      25.7743
     0102      8   80  00  00  00  00  00  00  A1      25.7745
     0100      8   A0  00  00  00  00  00  00  CE      25.7791
     0101      8   40  2B  00  00  00  00  01  2B      25.7841
     0102      8   A0  00  00  00  00  00  00  CE      25.7844
     0100      8   C0  00  00  00  00  00  00  7F      25.7871
     0101      8   60  2C  00  00  00  00  01  8B      25.7941
     0102      8   C0  00  00  00  00  00  00  7F      25.7944
     0100      8   E0  00  00  00  00  00  00  10      25.7950
     0100      8   00  00  00  00  00  00  00  00      25.8029
     0101      8   80  2D  00  00  00  00  01  DD      25.8041
     0102      8   00  00  00  00  00  00  00  00      25.8044
     0100      8   00  00  00  00  00  00  00  00      25.8080
     0101      8   A0  2E  00  00  00  00  01  78      25.8141
     0102      8   00  00  00  00  00  00  00  00      25.8144
     0100      8   20  00  00  00  00  00  00  6F      25.8159
     0100      8   40  00  00  00  00  00  00  DE      25.8238
     0101      8   C0  2F  00  00  00  00  01  8F      25.8241
     0102      8   20  00  00  00  00  00  00  6F      25.8244
     0100      8   40  00  00  00  00  00  00  DE      25.8289
     0101      8   E0  30  00  00  00  00  01  31      25.8341
     0102      8   40  00  00  00  00  00  00  DE      25.8344
     0100      8   60  00  00  00  00  00  00  B1      25.8368
     0101      8   00  31  00  00  00  00  01  67      25.8441
     0102      8   60  00  00  00  00  00  00  B1      25.8444
     0501      8   0D  00  00  00  00  00  00  E6      25.8446
     0100      8   80  00  00  00  00  00  00  A1      25.8449
     0100      8   A0  00  00  00  00  00  00  CE      25.8526
     0101      8   20  32  00  00  00  00  01  C2      25.8541
     0102      8   A0  00  00  00  00  00  00  CE      25.8544
     0100      8   A0  00  00  00  00  00  00  CE      25.8577
     0101      8   40  32  00  00  00  00  01  73      25.8641
     0102      8   A0  00  00  00  00  00  00  CE      25.8644
     0100      8   C0  00  00  00  00  00  00  7F      25.8656
     0100      8   E0  00  00  00  00  00  00  10      25.8735
     0101      8   60  33  00  00  00  00  01  5A      25.8741
     0102      8   E0  00  00  00  00  00  00  10      25.8744
     0100      8   E0  00  00  00  00  00  00  10      25.8786
     0101      8   80  34  00  00  00  00  01  85      25.8841
     0102      8   E0  00  00  00  00  00  00  10      25.8844
     0100      8   00  00  00  00  00  00  00  00      25.8865
     0101      8   A0  34  00  00  00  00  01  EA      25.8941
     0102      8   00  00  00  00  00  00  00  00      25.8944
     0100      8   20  00  00  00  00  00  00  6F      25.8946
     0100      8   40  00  00  00  00  00  00  DE      25.9023
     0101      8   C0  35  00  00  00  00  01  1D      25.9041
     0102      8   40  00  00  00  00  00  00  DE      25.9044
     0100      8   40  00  00  00  00  00  00  DE      25.9074
     0101      8   E0  35  00  00  00  00  01  72      25.9141
     0102      8   40  00  00  00  00  00  00  DE      25.9144
     0100      8   60  00  00  00  00  00  00  B1      25.9153
     0100      8   80  00  00  00  00  00  00  A1      25.9232
     0101      8   00  35  00  00  00  00  01  62      25.9241
     0102      8   80  00  00  00  00  00  00  A1      25.9244
     0100      8   80  00  00  00  00  00  00  A1      25.9283
     0101      8   20  36  00  00  00  00  01  C7      25.9341
     0102      8   80  00  00  00  00  00  00  A1      25.9344
     0100      8   A0  00  00  00  00  00  00  CE      25.9362
     0100      8   C0  00  00  00  00  00  00  7F      25.9441
     0101      8   40  36  00  00  00  00  01  76      25.9443
     0102      8   A0  00  00  00  00  00  00  CE      25.9446
     0501      8   0D  00  00  00  00  00  00  E6      25.9448
     0100      8   C0  00  00  00  00  00  00  7F      25.9492
     0101      8   60  36  00  00  00  00  01  19      25.9541
     0102      8   C0  00  00  00  00  00  00  7F      25.9544
     0100      8   E0  00  00  00  00  00  00  10      25.9571
     0101      8   80  36  00  00  00  00  01  09      25.9641
     0102      8   E0  00  00  00  00  00  00  10      25.9644
     0100      8   00  00  00  00  00  00  00  00      25.9650
     0100      8   20  00  00  00  00  00  00  6F      25.9729
     0101      8   A0  36  00  00  00  00  01  66      25.9741
     0102      8   20  00  00  00  00  00  00  6F      25.9744
     0100      8   20  00  00  00  00  00  00  6F      25.9780
     0101      8   C0  36  00  00  00  00  01  D7      25.9841
     0102      8   20  00  00  00  00  00  00  6F      25.9844
     0100      8   40  00  00  00  00  00  00  DE      25.9859
     0100      8   60  00  00  00  00  00  00  B1      25.9938
     0101      8   E0  36  00  00  00  00  01  B8      25.9941
     0102      8   40  00  00  00  00  00  00  DE      25.9944
     0100      8   60  00  00  00  00  00  00  B1      25.9989
     0101      8   00  36  00  00  00  00  01  A8      26.0041
     0102      8   60  00  00  00  00  00  00  B1      26.0044
     0100      8   80  00  00  00  00  00  00  A1      26.0068
     0101      8   20  36  00  00  00  00  01  C7      26.0141
     0102      8   80  00  00  00  00  00  00  A1      26.0143
     0100      8   A0  00  00  00  00  00  00  CE      26.0147
     0100      8   C0  00  00  00  00  00  00  7F      26.0226
     0101      8   40  37  00  00  00  00  01  30      26.0241
     0102      8   C0  00  00  00  00  00  00  7F      26.0243
     0100      8   C0  00  00  00  00  00  00  7F      26.0277
     0101      8   60  37  00  00  00  00  01  5F      26.0341
     0102      8   C0  00  00  00  00  00  00  7F      26.0343
     0100      8   E0  00  00  00  00  00  00  10      26.0356
     0100      8   00  00  00  00  00  00  00  00      26.0435
     0101      8   80  37  00  00  00  00  01  4F      26.0441
     0102      8   00  00  00  00  00  00  00  00      26.0443
     0501      8   0D  00  00  00  00  00  00  E6      26.0446
     0100      8   00  00  00  00  00  00  00  00      26.0486
     0101      8   A0  37  00  00  00  00  01  20      26.0541
     0102      8   00  00  00  00  00  00  00  00      26.0543
     0100      8   20  00  00  00  00  00  00  6F      26.0565
     0101      8   C0  37  00  00  00  00  01  91      26.0641
     0102      8   20  00  00  00  00  00  00  6F      26.0643
     0100      8   40  00  00  00  00  00  00  DE      26.0646
     0100      8   60  00  00  00  00  00  00  B1      26.0723
     0101      8   E0  37  00  00  00  00  01  FE      26.0741
     0102      8   60  00  00  00  00  00  00  B1      26.0743
     0100      8   60  00  00  00  00  00  00  B1      26.0774
     0101      8   00  37  00  00  00  00  01  EE      26.0841
     0102      8   60  00  00  00  00  00  00  B1      26.0843
     0100      8   80  00  00  00  00  00  00  A1      26.0854
     0100      8   A0  00  00  00  00  00  00  CE      26.0933
     0101      8   20  37  00  00  00  00  01  81      26.0941
     0102      8   A0  00  00  00  00  00  00  CE      26.0943
     0100      8   A0  00  00  00  00  00  00  CE      26.0984
     0101      8   40  37  00  00  00  00  01  30      26.1041
     0102      8   A0  00  00  00  00  00  00  CE      26.1043
     0100      8   C0  00  00  00  00  00  00  7F      26.1063
     0101      8   60  37  00  00  00  00  01  5F      26.1141
     0100      8   E0  00  00  00  00  00  00  10      26.1143
     0102      8   C0  00  00  00  00  00  00  7F      26.1146
     0100      8   00  00  00  00  00  00  00  00      26.1221
     0101      8   80  37  00  00  00  00  01  4F      26.1241
     0102      8   00  00  00  00  00  00  00  00      26.1243
     0100      8   00  00  00  00  00  00  00  00      26.1272
     0101      8   A0  37  00  00  00  00  01  20      26.1341
     0102      8   00  00  00  00  00  00  00  00      26.1343
     0100      8   20  00  00  00  00  00  00  6F      26.1351
     0100      8   40  00  00  00  00  00  00  DE      26.1430
     0101      8   C0  37  00  00  00  00  01  91      26.1441
     0102      8   40  00  00  00  00  00  00  DE      26.1443
     0501      8   0D  00  00  00  00  00  00  E6      26.1446
     0100      8   40  00  00  00  00  00  00  DE      26.1481
     0101      8   E0  37  00  00  00  00  01  FE      26.1541
     0102      8   40  00  00  00  00  00  00  DE      26.1543
     0100      8   60  00  00  00  00  00  00  B1      26.1560
     0100      8   80  00  00  00  00  00  00  A1      26.1639
     0101      8   00  37  00  00  00  00  01  EE      26.1641
     0102      8   60  00  00  00  00  00  00  B1      26.1644
     0100      8   80  00  00  00  00  00  00  A1      26.1690
     0101      8   20  37  00  00  00  00  01  81      26.1741
     0102      8   80  00  00  00  00  00  00  A1      26.1743
     0100      8   A0  00  00  00  00  00  00  CE      26.1769
     0101      8   40  38  00  00  00  00  01  F5      26.1841
     0102      8   A0  00  00  00  00  00  00  CE      26.1843
     0100      8   C0  00  00  00  00  00  00  7F      26.1848
     0100      8   E0  00  00  00  00  00  00  10      26.1927
     0101      8   60  38  00  00  00  00  01  9A      26.1941
     0102      8   E0  00  00  00  00  00  00  10      26.1943
     0100      8   E0  00  00  00  00  00  00  10      26.1978
     0101      8   80  39  00  00  00  00  01  CC      26.2041
     0102      8   E0  00  00  00  00  00  00  10      26.2043
     0100      8   00  00  00  00  00  00  00  00      26.2057
     0100      8   20  00  00  00  00  00  00  6F      26.2136
     0101      8   A0  3A  00  00  00  00  01  69      26.2141
     0102      8   00  00  00  00  00  00  00  00      26.2143
     0100      8   20  00  00  00  00  00  00  6F      26.2187
     0101      8   C0  3A  00  00  00  00  01  D8      26.2241
     0102      8   20  00  00  00  00  00  00  6F      26.2243
     0100      8   40  00  00  00  00  00  00  DE      26.2266
     0101      8   E0  3B  00  00  00  00  01  F1      26.2341
     0102      8   40  00  00  00  00  00  00  DE      26.2343
     0100      8   60  00  00  00  00  00  00  B1      26.2346
     0100      8   80  00  00  00  00  00  00  A1      26.2424
     0101      8   00  3C  00  00  00  00  01  2E      26.2441
     0102      8   80  00  00  00  00  00  00  A1      26.2443
     0501      8   0D  00  00  00  00  00  00  E6      26.2446
     0100      8   80  00  00  00  00  00  00  A1      26.2475
     0101      8   20  3D  00  00  00  00  01  07      26.2541
     0102      8   80  00  00  00  00  00  00  A1      26.2543
     0100      8   A0  00  00  00  00  00  00  CE      26.2554
     0100      8   C0  00  00  00  00  00  00  7F      26.2633
     0101      8   40  3E  00  00  00  00  01  7C      26.2641
     0102      8   C0  00  00  00  00  00  00  7F      26.2643
     0100      8   C0  00  00  00  00  00  00  7F      26.2684
     0101      8   60  3E  00  00  00  00  01  13      26.2741
     0102      8   C0  00  00  00  00  00  00  7F      26.2743
     0100      8   E0  00  00  00  00  00  00  10      26.2763
     0101      8   80  3F  00  00  00  00  01  45      26.2841
     0100      8   00  00  00  00  00  00  00  00      26.2843
     0102      8   E0  00  00  00  00  00  00  10      26.2846
     0100      8   20  00  00  00  00  00  00  6F      26.2921
     0101      8   A0  40  00  00  00  00  01  83      26.2941
     0102      8   20  00  00  00  00  00  00  6F      26.2943
     0100      8   20  00  00  00  00  00  00  6F      26.2972
     0101      8   C0  40  00  00  00  00  01  32      26.3041
     0102      8   20  00  00  00  00  00  00  6F      26.3043
     0100      8   40  00  00  00  00  00  00  DE      26.3051
     0100      8   60  00  00  00  00  00  00  B1      26.3130
     0101      8   E0  41  00  00  00  00  01  1B      26.3141
     0102      8   60  00  00  00  00  00  00  B1      26.3143
     0100      8   60  00  00  00  00  00  00  B1      26.3181
     0101      8   00  41  00  00  00  00  01  0B      26.3241
     0102      8   60  00  00  00  00  00  00  B1      26.3243
     0100      8   80  00  00  00  00  00  00  A1      26.3260
     0100      8   A0  00  00  00  00  00  00  CE      26.3339
     0101      8   20  41  00  00  00  00  01  64      26.3342
     0102      8   80  00  00  00  00  00  00  A1      26.3344
     0100      8   A0  00  00  00  00  00  00  CE      26.3390
     0101      8   40  41  00  00  00  00  01  D5      26.3441
     0102      8   A0  00  00  00  00  00  00  CE      26.3443
     0501      8   0D  00  00  00  00  00  00  E6      26.3445
     0100      8   C0  00  00  00  00  00  00  7F      26.3469
     0101      8   60  42  00  00  00  00  01  70      26.3541
     0102      8   C0  00  00  00  00  00  00  7F      26.3543
     0100      8   E0  00  00  00  00  00  00  10      26.3548
     0100      8   00  00  00  00  00  00  00  00      26.3627
     0101      8   80  42  00  00  00  00  01  60      26.3641
     0102      8   00  00  00  00  00  00  00  00      26.3643
     0100      8   00  00  00  00  00  00  00  00      26.3678
     0101      8   A0  42  00  00  00  00  01  0F      26.3740
     0102      8   00  00  00  00  00  00  00  00      26.3743
     0100      8   20  00  00  00  00  00  00  6F      26.3758
     0100      8   40  00  00  00  00  00  00  DE      26.3836
     0101      8   C0  42  00  00  00  00  01  BE      26.3841
     0102      8   20  00  00  00  00  00  00  6F      26.3843
     0100      8   40  00  00  00  00  00  00  DE      26.3887
     0101      8   E0  42  00  00  00  00  01  D1      26.3940
     0102      8   40  00  00  00  00  00  00  DE      26.3943
     0100      8   60  00  00  00  00  00  00  B1      26.3967
     0101      8   00  42  00  00  00  00  01  C1      26.4041
     0102      8   60  00  00  00  00  00  00  B1      26.4043
     0100      8   80  00  00  00  00  00  00  A1      26.4046
     0100      8   A0  00  00  00  00  00  00  CE      26.4125
     0101      8   20  42  00  00  00  00  01  AE      26.4140
     0102      8   A0  00  00  00  00  00  00  CE      26.4143
     0100      8   A0  00  00  00  00  00  00  CE      26.4176
     0101      8   40  42  00  00  00  00  01  1F      26.4240
     0102      8   A0  00  00  00  00  00  00  CE      26.4243
     0100      8   C0  00  00  00  00  00  00  7F      26.4255
     0100      8   E0  00  00  00  00  00  00  10      26.4334
     0101      8   60  42  00  00  00  00  01  70      26.4340
     0102      8   E0  00  00  00  00  00  00  10      26.4343
     0100      8   E0  00  00  00  00  00  00  10      26.4385
     0101      8   80  42  00  00  00  00  01  60      26.4440
     0102      8   E0  00  00  00  00  00  00  10      26.4443
     0501      8   0D  00  00  00  00  00  00  E6      26.4445
     0100      8   00  00  00  00  00  00  00  00      26.4464
     0101      8   A0  42  00  00  00  00  01  0F      26.4540
     0100      8   20  00  00  00  00  00  00  6F      26.4543
     0102      8   00  00  00  00  00  00  00  00      26.4545
     0100      8   40  00  00  00  00  00  00  DE      26.4622
     0101      8   C0  42  00  00  00  00  01  BE      26.4640
     0102      8   40  00  00  00  00  00  00  DE      26.4643
     0100      8   40  00  00  00  00  00  00  DE      26.4673
     0101      8   E0  42  00  00  00  00  01  D1      26.4740
     0102      8   40  00  00  00  00  00  00  DE      26.4743
     0100      8   60  00  00  00  00  00  00  B1      26.4752
     0100      8   80  00  00  00  00  00  00  A1      26.4831
     0101      8   00  42  00  00  00  00  01  C1      26.4840
     0102      8   80  00  00  00  00  00  00  A1      26.4843
     0100      8   80  00  00  00  00  00  00  A1      26.4882
     0101      8   20  42  00  00  00  00  01  AE      26.4940
     0102      8   80  00  00  00  00  00  00  A1      26.4943
     0100      8   A0  00  00  00  00  00  00  CE      26.4961
     0100      8   C0  00  00  00  00  00  00  7F      26.5040
     0101      8   40  42  00  00  00  00  01  1F      26.5042
     0102      8   A0  00  00  00  00  00  00  CE      26.5045
     0100      8   C0  00  00  00  00  00  00  7F      26.5091
     0101      8   60  42  00  00  00  00  01  70      26.5140
     0102      8   C0  00  00  00  00  00  00  7F      26.5143
     0100      8   E0  00  00  00  00  00  00  10      26.5170
     0101      8   80  42  00  00  00  00  01  60      26.5240
     0102      8   E0  00  00  00  00  00  00  10      26.5243
     0100      8   00  00  00  00  00  00  00  00      26.5249
     0100      8   20  00  00  00  00  00  00  6F      26.5328
     0101      8   A0  42  00  00  00  00  01  0F      26.5340
     0102      8   20  00  00  00  00  00  00  6F      26.5343
     0100      8   20  00  00  00  00  00  00  6F      26.5379
     0101      8   C0  42  00  00  00  00  01  BE      26.5440
     0102      8   20  00  00  00  00  00  00  6F      26.5443
     0501      8   0D  00  00  00  00  00  00  E6      26.5445
     0100      8   40  00  00  00  00  00  00  DE      26.5458
     0100      8   60  00  00  00  00  00  00  B1      26.5537
     0101      8   E0  43  00  00  00  00  01  97      26.5540
     0102      8   40  00  00  00  00  00  00  DE      26.5543
     0100      8   60  00  00  00  00  00  00  B1      26.5588
     0101      8   00  43  00  00  00  00  01  87      26.5640
     0102      8   60  00  00  00  00  00  00  B1      26.5643
     0100      8   80  00  00  00  00  00  00  A1      26.5667
     0101      8   20  43  00  00  00  00  01  E8      26.5740
     0102      8   80  00  00  00  00  00  00  A1      26.5743
     0100      8   A0  00  00  00  00  00  00  CE      26.5746
     0100      8   C0  00  00  00  00  00  00  7F      26.5825
     0101      8   40  43  00  00  00  00  01  59      26.5840
     0102      8   C0  00  00  00  00  00  00  7F      26.5843
     0100      8   C0  00  00  00  00  00  00  7F      26.5876
     0101      8   60  43  00  00  00  00  01  36      26.5940
     0102      8   C0  00  00  00  00  00  00  7F      26.5943
     0100      8   E0  00  00  00  00  00  00  10      26.5955
     0100      8   00  00  00  00  00  00  00  00      26.6034
     0101      8   80  44  00  00  00  00  01  E9      26.6040
     0102      8   00  00  00  00  00  00  00  00      26.6043
     0100      8   00  00  00  00  00  00  00  00      26.6085
     0101      8   A0  44  00  00  00  00  01  86      26.6140
     0102      8   00  00  00  00  00  00  00  00      26.6143
     0100      8   20  00  00  00  00  00  00  6F      26.6164
     0101      8   C0  44  00  00  00  00  01  37      26.6240
     0102      8   20  00  00  00  00  00  00  6F      26.6243
     0100      8   40  00  00  00  00  00  00  DE      26.6245
     0100      8   60  00  00  00  00  00  00  B1      26.6322
     0101      8   E0  45  00  00  00  00  01  1E      26.6340
     0102      8   60  00  00  00  00  00  00  B1      26.6343
     0100      8   60  00  00  00  00  00  00  B1      26.6373
     0101      8   00  46  00  00  00  00  01  C4      26.6440
     0102      8   60  00  00  00  00  00  00  B1      26.6443
     0501      8   0D  00  00  00  00  00  00  E6      26.6445
     0100      8   80  00  00  00  00  00  00  A1      26.6452
     0100      8   A0  00  00  00  00  00  00  CE      26.6531
     0101      8   20  46  00  00  00  00  01  AB      26.6540
     0102      8   A0  00  00  00  00  00  00  CE      26.6543
     0100      8   A0  00  00  00  00  00  00  CE      26.6582
     0101      8   40  47  00  00  00  00  01  5C      26.6640
     0102      8   A0  00  00  00  00  00  00  CE      26.6643
     0100      8   C0  00  00  00  00  00  00  7F      26.6661
     0101      8   60  47  00  00  00  00  01  33      26.6740
     0100      8   E0  00  00  00  00  00  00  10      26.6743
     0102      8   C0  00  00  00  00  00  00  7F      26.6745
     0100      8   00  00  00  00  00  00  00  00      26.6820
     0101      8   80  48  00  00  00  00  01  E6      26.6840
     0102      8   00  00  00  00  00  00  00  00      26.6843
     0100      8   00  00  00  00  00  00  00  00      26.6871
     0101      8   A0  48  00  00  00  00  01  89      26.6940
     0102      8   00  00  00  00  00  00  00  00      26.6943
     0100      8   20  00  00  00  00  00  00  6F      26.6950
     0100      8   40  00  00  00  00  00  00  DE      26.7029
     0101      8   C0  49  00  00  00  00  01  7E      26.7040
     0102      8   40  00  00  00  00  00  00  DE      26.7043
     0100      8   40  00  00  00  00  00  00  DE      26.7080
     0101      8   E0  49  00  00  00  00  01  11      26.7140
     0102      8   40  00  00  00  00  00  00  DE      26.7142
     0100      8   60  00  00  00  00  00  00  B1      26.7159
     0100      8   80  00  00  00  00  00  00  A1      26.7238
     0101      8   00  49  00  00  00  00  01  01      26.7240
     0102      8   60  00  00  00  00  00  00  B1      26.7243
     0100      8   80  00  00  00  00  00  00  A1      26.7289
     0101      8   20  49  00  00  00  00  01  6E      26.7340
     0102      8   80  00  00  00  00  00  00  A1      26.7342
     0100      8   A0  00  00  00  00  00  00  CE      26.7368
     0101      8   40  49  00  00  00  00  01  DF      26.7440
     0102      8   A0  00  00  00  00  00  00  CE      26.7442
     0501      8   0D  00  00  00  00  00  00  E6      26.7445
     0100      8   C0  00  00  00  00  00  00  7F      26.7447
     0100      8   E0  00  00  00  00  00  00  10      26.7526
     0101      8   60  4A  00  00  00  00  01  7A      26.7540
     0102      8   E0  00  00  00  00  00  00  10      26.7543
     0100      8   E0  00  00  00  00  00  00  10      26.7577
     0101      8   80  4A  00  00  00  00  01  6A      26.7640
     0102      8   E0  00  00  00  00  00  00  10      26.7643
     0100      8   00  00  00  00  00  00  00  00      26.7656
     0100      8   20  00  00  00  00  00  00  6F      26.7735
     0101      8   A0  4A  00  00  00  00  01  05      26.7740
     0102      8   00  00  00  00  00  00  00  00      26.7742
     0100      8   20  00  00  00  00  00  00  6F      26.7786
     0101      8   C0  4A  00  00  00  00  01  B4      26.7840
     0102      8   20  00  00  00  00  00  00  6F      26.7842
     0100      8   40  00  00  00  00  00  00  DE      26.7865
     0101      8   E0  4A  00  00  00  00  01  DB      26.7940
     0102      8   40  00  00  00  00  00  00  DE      26.7942
     0100      8   60  00  00  00  00  00  00  B1      26.7945
     0100      8   80  00  00  00  00  00  00  A1      26.8023
     0101      8   00  4A  00  00  00  00  01  CB      26.8040
     0102      8   80  00  00  00  00  00  00  A1      26.8042
     0100      8   80  00  00  00  00  00  00  A1      26.8074
     0101      8   20  4A  00  00  00  00  01  A4      26.8140
     0102      8   80  00  00  00  00  00  00  A1      26.8142
     0100      8   A0  00  00  00  00  00  00  CE      26.8153
     0100      8   C0  00  00  00  00  00  00  7F      26.8232
     0101      8   40  4A  00  00  00  00  01  15      26.8240
     0102      8   C0  00  00  00  00  00  00  7F      26.8242
     0100      8   C0  00  00  00  00  00  00  7F      26.8283
     0101      8   60  4A  00  00  00  00  01  7A      26.8340
     0102      8   C0  00  00  00  00  00  00  7F      26.8342
     0100      8   E0  00  00  00  00  00  00  10      26.8362
     0101      8   80  4A  00  00  00  00  01  6A      26.8440
     0100      8   00  00  00  00  00  00  00  00      26.8442
     0102      8   E0  00  00  00  00  00  00  10      26.8445
     0501      8   0D  00  00  00  00  00  00  E6      26.8447
     0100      8   20  00  00  00  00  00  00  6F      26.8520
     0101      8   A0  4A  00  00  00  00  01  05      26.8540
     0102      8   20  00  00  00  00  00  00  6F      26.8542
     0100      8   20  00  00  00  00  00  00  6F      26.8571
     0101      8   C0  4A  00  00  00  00  01  B4      26.8640
     0102      8   20  00  00  00  00  00  00  6F      26.8642
     0100      8   40  00  00  00  00  00  00  DE      26.8650
     0100      8   60  00  00  00  00  00  00  B1      26.8729
     0101      8   E0  4A  00  00  00  00  01  DB      26.8740
     0102      8   60  00  00  00  00  00  00  B1      26.8742
     0100      8   60  00  00  00  00  00  00  B1      26.8780
     0101      8   00  4A  00  00  00  00  01  CB      26.8840
     0102      8   60  00  00  00  00  00  00  B1      26.8842
     0100      8   80  00  00  00  00  00  00  A1      26.8859
     0100      8   A0  00  00  00  00  00  00  CE      26.8938
     0101      8   20  4A  00  00  00  00  01  A4      26.8941
     0102      8   80  00  00  00  00  00  00  A1      26.8943
     0100      8   A0  00  00  00  00  00  00  CE      26.8989
     0101      8   40  4A  00  00  00  00  01  15      26.9040
     0102      8   A0  00  00  00  00  00  00  CE      26.9042
     0100      8   C0  00  00  00  00  00  00  7F      26.9068
     0101      8   60  4A  00  00  00  00  01  7A      26.9140
     0102      8   C0  00  00  00  00  00  00  7F      26.9142
     0100      8   E0  00  00  00  00  00  00  10      26.9147
     0100      8   00  00  00  00  00  00  00  00      26.9226
     0101      8   80  4A  00  00  00  00  01  6A      26.9240
     0102      8   00  00  00  00  00  00  00  00      26.9242
     0100      8   00  00  00  00  00  00  00  00      26.9277
     0101      8   A0  4A  00  00  00  00  01  05      26.9340
     0102      8   00  00  00  00  00  00  00  00      26.9342
     0100      8   20  00  00  00  00  00  00  6F      26.9356
     0100      8   40  00  00  00  00  00  00  DE      26.9435
     0101      8   C0  4B  00  00  00  00  01  F2      26.9440
     0102      8   20  00  00  00  00  00  00  6F      26.9442
     0501      8   0D  00  00  00  00  00  00  E6      26.9445
     0100      8   40  00  00  00  00  00  00  DE      26.9486
     0101      8   E0  4B  00  00  00  00  01  9D      26.9540
     0102      8   40  00  00  00  00  00  00  DE      26.9542
     0100      8   60  00  00  00  00  00  00  B1      26.9565
     0101      8   00  4B  00  00  00  00  01  8D      26.9640
     0102      8   60  00  00  00  00  00  00  B1      26.9642
     0100      8   80  00  00  00  00  00  00  A1      26.9645
     0100      8   A0  00  00  00  00  00  00  CE      26.9723
     0101      8   20  4B  00  00  00  00  01  E2      26.9740
     0102      8   A0  00  00  00  00  00  00  CE      26.9742
     0100      8   A0  00  00  00  00  00  00  CE      26.9774
     0101      8   40  4C  00  00  00  00  01  9C      26.9840
     0102      8   A0  00  00  00  00  00  00  CE      26.9842
     0100      8   C0  00  00  00  00  00  00  7F      26.9854
     0100      8   E0  00  00  00  00  00  00  10      26.9933
     0101      8   60  4C  00  00  00  00  01  F3      26.9940
     0102      8   E0  00  00  00  00  00  00  10      26.9942
     0100      8   E0  00  00  00  00  00  00  10      26.9984
     0101      8   80  4D  00  00  00  00  01  A5      27.0040
     0102      8   E0  00  00  00  00  00  00  10      27.0042
     0100      8   00  00  00  00  00  00  00  00      27.0063
     0101      8   A0  4D  00  00  00  00  01  CA      27.0140
     0100      8   20  00  00  00  00  00  00  6F      27.0142
     0102      8   00  00  00  00  00  00  00  00      27.0145
     0100      8   40  00  00  00  00  00  00  DE      27.0221
     0101      8   C0  4D  00  00  00  00  01  7B      27.0240
     0102      8   40  00  00  00  00  00  00  DE      27.0242
     0100      8   40  00  00  00  00  00  00  DE      27.0272
     0101      8   E0  4E  00  00  00  00  01  DE      27.0340
     0102      8   40  00  00  00  00  00  00  DE      27.0342
     0100      8   60  00  00  00  00  00  00  B1      27.0351
     0100      8   80  00  00  00  00  00  00  A1      27.0430
     0101      8   00  4E  00  00  00  00  01  CE      27.0440
     0102      8   80  00  00  00  00  00  00  A1      27.0442
     0501      8   0D  00  00  00  00  00  00  E6      27.0445
     0100      8   80  00  00  00  00  00  00  A1      27.0481
     0101      8   20  4F  00  00  00  00  01  E7      27.0540
     0102      8   80  00  00  00  00  00  00  A1      27.0542
     0100      8   A0  00  00  00  00  00  00  CE      27.0560
     0100      8   C0  00  00  00  00  00  00  7F      27.0639
     0101      8   40  4F  00  00  00  00  01  56      27.0641
     0102      8   A0  00  00  00  00  00  00  CE      27.0644
     0100      8   C0  00  00  00  00  00  00  7F      27.0690
     0101      8   60  50  00  00  00  00  01  E8      27.0740
     0102      8   C0  00  00  00  00  00  00  7F      27.0742
     0100      8   E0  00  00  00  00  00  00  10      27.0769
     0101      8   80  50  00  00  00  00  01  F8      27.0840
     0102      8   E0  00  00  00  00  00  00  10      27.0842
     0100      8   00  00  00  00  00  00  00  00      27.0848
     0100      8   20  00  00  00  00  00  00  6F      27.0927
     0101      8   A0  50  00  00  00  00  01  97      27.0939
     0102      8   20  00  00  00  00  00  00  6F      27.0942
     0100      8   20  00  00  00  00  00  00  6F      27.0978
     0101      8   C0  50  00  00  00  00  01  26      27.1039
     0102      8   20  00  00  00  00  00  00  6F      27.1042
     0100      8   40  00  00  00  00  00  00  DE      27.1057
     0100      8   60  00  00  00  00  00  00  B1      27.1136
     0101      8   E0  51  00  00  00  00  01  0F      27.1139
     0102      8   40  00  00  00  00  00  00  DE      27.1142
     0100      8   60  00  00  00  00  00  00  B1      27.1187
     0101      8   00  51  00  00  00  00  01  1F      27.1239
     0102      8   60  00  00  00  00  00  00  B1      27.1242
     0100      8   80  00  00  00  00  00  00  A1      27.1266
     0101      8   20  51  00  00  00  00  01  70      27.1339
     0102      8   80  00  00  00  00  00  00  A1      27.1342
     0100      8   A0  00  00  00  00  00  00  CE      27.1345
     0100      8   C0  00  00  00  00  00  00  7F      27.1424
     0101      8   40  51  00  00  00  00  01  C1      27.1439
     0102      8   C0  00  00  00  00  00  00  7F      27.1442
     0501      8   0D  00  00  00  00  00  00  E6      27.1444
     0100      8   C0  00  00  00  00  00  00  7F      27.1475
     0101      8   60  51  00  00  00  00  01  AE      27.1539
     0102      8   C0  00  00  00  00  00  00  7F      27.1542
     0100      8   E0  00  00  00  00  00  00  10      27.1554
     0100      8   00  00  00  00  00  00  00  00      27.1633
     0101      8   80  51  00  00  00  00  01  BE      27.1639
     0102      8   00  00  00  00  00  00  00  00      27.1642
     0100      8   00  00  00  00  00  00  00  00      27.1684
     0101      8   A0  51  00  00  00  00  01  D1      27.1739
     0102      8   00  00  00  00  00  00  00  00      27.1742
     0100      8   20  00  00  00  00  00  00  6F      27.1763
     0101      8   C0  51  00  00  00  00  01  60      27.1839
     0102      8   20  00  00  00  00  00  00  6F      27.1842
     0100      8   40  00  00  00  00  00  00  DE      27.1844
     0100      8   60  00  00  00  00  00  00  B1      27.1921
     0101      8   E0  51  00  00  00  00  01  0F      27.1939
     0102      8   60  00  00  00  00  00  00  B1      27.1942
     0100      8   60  00  00  00  00  00  00  B1      27.1972
     0101      8   00  51  00  00  00  00  01  1F      27.2039
     0102      8   60  00  00  00  00  00  00  B1      27.2042
     0100      8   80  00  00  00  00  00  00  A1      27.2051
     0100      8   A0  00  00  00  00  00  00  CE      27.2130
     0101      8   20  51  00  00  00  00  01  70      27.2139
     0102      8   A0  00  00  00  00  00  00  CE      27.2142
     0100      8   A0  00  00  00  00  00  00  CE      27.2181
     0101      8   40  51  00  00  00  00  01  C1      27.2239
     0102      8   A0  00  00  00  00  00  00  CE      27.2242
     0100      8   C0  00  00  00  00  00  00  7F      27.2260
     0100      8   E0  00  00  00  00  00  00  10      27.2339
     0101      8   60  51  00  00  00  00  01  AE      27.2342
     0102      8   C0  00  00  00  00  00  00  7F      27.2344
     0100      8   E0  00  00  00  00  00  00  10      27.2390
     0101      8   80  51  00  00  00  00  01  BE      27.2439
     0102      8   E0  00  00  00  00  00  00  10      27.2442
     0501      8   0D  00  00  00  00  00  00  E6      27.2444
     0100      8   00  00  00  00  00  00  00  00      27.2469
     0101      8   A0  51  00  00  00  00  01  D1      27.2539
     0102      8   00  00  00  00  00  00  00  00      27.2542
     0100      8   20  00  00  00  00  00  00  6F      27.2548
     0100      8   40  00  00  00  00  00  00  DE      27.2627
     0101      8   C0  51  00  00  00  00  01  60      27.2639
     0102      8   40  00  00  00  00  00  00  DE      27.2642
     0100      8   40  00  00  00  00  00  00  DE      27.2678
     0101      8   E0  51  00  00  00  00  01  0F      27.2739
     0102      8   40  00  00  00  00  00  00  DE      27.2742
     0100      8   60  00  00  00  00  00  00  B1      27.2758
     0100      8   80  00  00  00  00  00  00  A1      27.2836
     0101      8   00  52  00  00  00  00  01  D5      27.2839
     0102      8   60  00  00  00  00  00  00  B1      27.2842
     0100      8   80  00  00  00  00  00  00  A1      27.2887
     0101      8   20  52  00  00  00  00  01  BA      27.2939
     0102      8   80  00  00  00  00  00  00  A1      27.2942
     0100      8   A0  00  00  00  00  00  00  CE      27.2966
     0101      8   40  52  00  00  00  00  01  0B      27.3039
     0102      8   A0  00  00  00  00  00  00  CE      27.3042
     0100      8   C0  00  00  00  00  00  00  7F      27.3046
     0100      8   E0  00  00  00  00  00  00  10      27.3125
     0101      8   60  53  00  00  00  00  01  22      27.3139
     0102      8   E0  00  00  00  00  00  00  10      27.3142
     0100      8   E0  00  00  00  00  00  00  10      27.3176
     0101      8   80  53  00  00  00  00  01  32      27.3239
     0102      8   E0  00  00  00  00  00  00  10      27.3242
     0100      8   00  00  00  00  00  00  00  00      27.3255
     0100      8   20  00  00  00  00  00  00  6F      27.3334
     0101      8   A0  54  00  00  00  00  01  92      27.3339
     0102      8   20  00  00  00  00  00  00  6F      27.3342
     0100      8   20  00  00  00  00  00  00  6F      27.3385
     0101      8   C0  54  00  00  00  00  01  23      27.3439
     0102      8   20  00  00  00  00  00  00  6F      27.3442
     0501      8   0D  00  00  00  00  00  00  E6      27.3444
     0100      8   40  00  00  00  00  00  00  DE      27.3464
     0101      8   E0  55  00  00  00  00  01  0A      27.3539
     0102      8   40  00  00  00  00  00  00  DE      27.3542
     0100      8   60  00  00  00  00  00  00  B1      27.3544
     0100      8   80  00  00  00  00  00  00  A1      27.3622
     0101      8   00  56  00  00  00  00  01  D0      27.3639
     0102      8   80  00  00  00  00  00  00  A1      27.3642
     0100      8   80  00  00  00  00  00  00  A1      27.3673
     0101      8   20  56  00  00  00  00  01  BF      27.3739
     0102      8   80  00  00  00  00  00  00  A1      27.3742
     0100      8   A0  00  00  00  00  00  00  CE      27.3752
     0100      8   C0  00  00  00  00  00  00  7F      27.3831
     0101      8   40  57  00  00  00  00  01  48      27.3839
     0102      8   C0  00  00  00  00  00  00  7F      27.3842
     0100      8   C0  00  00  00  00  00  00  7F      27.3882
     0101      8   60  58  00  00  00  00  01  E2      27.3939
     0102      8   C0  00  00  00  00  00  00  7F      27.3942
     0100      8   E0  00  00  00  00  00  00  10      27.3961
     0101      8   80  58  00  00  00  00  01  F2      27.4039
     0100      8   00  00  00  00  00  00  00  00      27.4042
     0102      8   E0  00  00  00  00  00  00  10      27.4044
     0100      8   20  00  00  00  00  00  00  6F      27.4119
     0101      8   A0  59  00  00  00  00  01  DB      27.4139
     0102      8   20  00  00  00  00  00  00  6F      27.4142
     0100      8   20  00  00  00  00  00  00  6F      27.4170
     0101      8   C0  59  00  00  00  00  01  6A      27.4239
     0102      8   20  00  00  00  00  00  00  6F      27.4241
     0100      8   40  00  00  00  00  00  00  DE      27.4249
     0100      8   60  00  00  00  00  00  00  B1      27.4328
     0101      8   E0  5A  00  00  00  00  01  CF      27.4339
     0102      8   60  00  00  00  00  00  00  B1      27.4342
     0100      8   60  00  00  00  00  00  00  B1      27.4379
     0101      8   00  5A  00  00  00  00  01  DF      27.4439
     0102      8   60  00  00  00  00  00  00  B1      27.4442
     0501      8   0D  00  00  00  00  00  00  E6      27.4444
     0100      8   80  00  00  00  00  00  00  A1      27.4458
     0100      8   A0  00  00  00  00  00  00  CE      27.4537
     0101      8   20  5A  00  00  00  00  01  B0      27.4540
     0102      8   80  00  00  00  00  00  00  A1      27.4542
     0100      8   A0  00  00  00  00  00  00  CE      27.4588
     0101      8   40  5A  00  00  00  00  01  01      27.4639
     0102      8   A0  00  00  00  00  00  00  CE      27.4641
     0100      8   C0  00  00  00  00  00  00  7F      27.4667
     0101      8   60  5A  00  00  00  00  01  6E      27.4739
     0102      8   C0  00  00  00  00  00  00  7F      27.4741
     0100      8   E0  00  00  00  00  00  00  10      27.4746
     0100      8   00  00  00  00  00  00  00  00      27.4825
     0101      8   80  5B  00  00  00  00  01  38      27.4839
     0102      8   00  00  00  00  00  00  00  00      27.4841
     0100      8   00  00  00  00  00  00  00  00      27.4876
     0101      8   A0  5B  00  00  00  00  01  57      27.4939
     0102      8   00  00  00  00  00  00  00  00      27.4941
     0100      8   20  00  00  00  00  00  00  6F      27.4955
     0100      8   40  00  00  00  00  00  00  DE      27.5034
     0101      8   C0  5B  00  00  00  00  01  E6      27.5039
     0102      8   20  00  00  00  00  00  00  6F      27.5041
     0100      8   40  00  00  00  00  00  00  DE      27.5085
     0101      8   E0  5B  00  00  00  00  01  89      27.5139
     0102      8   40  00  00  00  00  00  00  DE      27.5141
     0100      8   60  00  00  00  00  00  00  B1      27.5164
     0101      8   00  5B  00  00  00  00  01  99      27.5239
     0102      8   60  00  00  00  00  00  00  B1      27.5241
     0100      8   80  00  00  00  00  00  00  A1      27.5244
     0100      8   A0  00  00  00  00  00  00  CE      27.5322
     0101      8   20  5B  00  00  00  00  01  F6      27.5339
     0102      8   A0  00  00  00  00  00  00  CE      27.5341
     0100      8   A0  00  00  00  00  00  00  CE      27.5373
     0101      8   40  5B  00  00  00  00  01  47      27.5439
     0102      8   A0  00  00  00  00  00  00  CE      27.5441
     0501      8   0D  00  00  00  00  00  00  E6      27.5444
     0100      8   C0  00  00  00  00  00  00  7F      27.5452
     0100      8   E0  00  00  00  00  00  00  10      27.5531
     0101      8   60  5B  00  00  00  00  01  28      27.5539
     0102      8   E0  00  00  00  00  00  00  10      27.5541
     0100      8   E0  00  00  00  00  00  00  10      27.5582
     0101      8   80  5B  00  00  00  00  01  38      27.5639
     0102      8   E0  00  00  00  00  00  00  10      27.5641
     0100      8   00  00  00  00  00  00  00  00      27.5661
     0101      8   A0  5B  00  00  00  00  01  57      27.5739
     0100      8   20  00  00  00  00  00  00  6F      27.5741
     0102      8   00  00  00  00  00  00  00  00      27.5744
     0100      8   40  00  00  00  00  00  00  DE      27.5820
     0101      8   C0  5B  00  00  00  00  01  E6      27.5839
     0102      8   40  00  00  00  00  00  00  DE      27.5841
     0100      8   40  00  00  00  00  00  00  DE      27.5871
     0101      8   E0  5B  00  00  00  00  01  89      27.5939
     0102      8   40  00  00  00  00  00  00  DE      27.5941
     0100      8   60  00  00  00  00  00  00  B1      27.5950
     0100      8   80  00  00  00  00  00  00  A1      27.6029
     0101      8   00  5B  00  00  00  00  01  99      27.6039
     0102      8   80  00  00  00  00  00  00  A1      27.6041
     0100      8   80  00  00  00  00  00  00  A1      27.6080
     0101      8   20  5B  00  00  00  00  01  F6      27.6139
     0102      8   80  00  00  00  00  00  00  A1      27.6141
     0100      8   A0  00  00  00  00  00  00  CE      27.6159
     0100      8   C0  00  00  00  00  00  00  7F      27.6238
     0101      8   40  5C  00  00  00  00  01  88      27.6240
     0102      8   A0  00  00  00  00  00  00  CE      27.6243
     0100      8   C0  00  00  00  00  00  00  7F      27.6289
     0101      8   60  5C  00  00  00  00  01  E7      27.6339
     0102      8   C0  00  00  00  00  00  00  7F      27.6341
     0100      8   E0  00  00  00  00  00  00  10      27.6368
     0101      8   80  5D  00  00  00  00  01  B1      27.6439
     0102      8   E0  00  00  00  00  00  00  10      27.6441
     0501      8   0D  00  00  00  00  00  00  E6      27.6444
     0100      8   00  00  00  00  00  00  00  00      27.6447
     0100      8   20  00  00  00  00  00  00  6F      27.6526
     0101      8   A0  5D  00  00  00  00  01  DE      27.6539
     0102      8   20  00  00  00  00  00  00  6F      27.6541
     0100      8   20  00  00  00  00  00  00  6F      27.6577
     0101      8   C0  5E  00  00  00  00  01  A5      27.6639
     0102      8   20  00  00  00  00  00  00  6F      27.6641
     0100      8   40  00  00  00  00  00  00  DE      27.6656
     0100      8   60  00  00  00  00  00  00  B1      27.6735
     0101      8   E0  5F  00  00  00  00  01  8C      27.6739
     0102      8   40  00  00  00  00  00  00  DE      27.6741
     0100      8   60  00  00  00  00  00  00  B1      27.6786
     0101      8   00  60  00  00  00  00  01  65      27.6839
     0102      8   60  00  00  00  00  00  00  B1      27.6841
     0100      8   80  00  00  00  00  00  00  A1      27.6865
     0101      8   20  60  00  00  00  00  01  0A      27.6939
     0102      8   80  00  00  00  00  00  00  A1      27.6941
     0100      8   A0  00  00  00  00  00  00  CE      27.6944
     0100      8   C0  00  00  00  00  00  00  7F      27.7023
     0101      8   40  61  00  00  00  00  01  FD      27.7039
     0102      8   C0  00  00  00  00  00  00  7F      27.7041
     0100      8   C0  00  00  00  00  00  00  7F      27.7074
     0101      8   60  62  00  00  00  00  01  58      27.7139
     0102      8   C0  00  00  00  00  00  00  7F      27.7141
     0100      8   E0  00  00  00  00  00  00  10      27.7153
     0100      8   00  00  00  00  00  00  00  00      27.7232
     0101      8   80  63  00  00  00  00  01  0E      27.7239
     0102      8   00  00  00  00  00  00  00  00      27.7241
     0100      8   00  00  00  00  00  00  00  00      27.7283
     0101      8   A0  63  00  00  00  00  01  61      27.7339
     0102      8   00  00  00  00  00  00  00  00      27.7341
     0100      8   20  00  00  00  00  00  00  6F      27.7362
     0101      8   C0  64  00  00  00  00  01  1F      27.7439
     0100      8   40  00  00  00  00  00  00  DE      27.7441
     0102      8   20  00  00  00  00  00  00  6F      27.7444
     0501      8   0D  00  00  00  00  00  00  E6      27.7446
     0100      8   60  00  00  00  00  00  00  B1      27.7521
     0101      8   E0  64  00  00  00  00  01  70      27.7539
     0102      8   60  00  00  00  00  00  00  B1      27.7541
     0100      8   60  00  00  00  00  00  00  B1      27.7572
     0101      8   00  64  00  00  00  00  01  60      27.7639
     0102      8   60  00  00  00  00  00  00  B1      27.7641
     0100      8   80  00  00  00  00  00  00  A1      27.7652
     0100      8   A0  00  00  00  00  00  00  CE      27.7732
     0101      8   20  65  00  00  00  00  01  49      27.7739
     0102      8   A0  00  00  00  00  00  00  CE      27.7741
     0100      8   A0  00  00  00  00  00  00  CE      27.7783
     0101      8   40  65  00  00  00  00  01  F8      27.7839
     0102      8   A0  00  00  00  00  00  00  CE      27.7841
     0100      8   C0  00  00  00  00  00  00  7F      27.7863
     0101      8   60  65  00  00  00  00  01  97      27.7938
     0102      8   C0  00  00  00  00  00  00  7F      27.7941
     0100      8   E0  00  00  00  00  00  00  10      27.7943
     0100      8   00  00  00  00  00  00  00  00      27.8022
     0101      8   80  65  00  00  00  00  01  87      27.8039
     0102      8   00  00  00  00  00  00  00  00      27.8041
     0100      8   00  00  00  00  00  00  00  00      27.8073
     0101      8   A0  65  00  00  00  00  01  E8      27.8138
     0102      8   00  00  00  00  00  00  00  00      27.8141
     0100      8   20  00  00  00  00  00  00  6F      27.8153
     0100      8   40  00  00  00  00  00  00  DE      27.8233
     0101      8   C0  66  00  00  00  00  01  93      27.8239
     0102      8   40  00  00  00  00  00  00  DE      27.8241
     0100      8   40  00  00  00  00  00  00  DE      27.8284
     0101      8   E0  66  00  00  00  00  01  FC      27.8339
     0102      8   40  00  00  00  00  00  00  DE      27.8341
     0100      8   60  00  00  00  00  00  00  B1      27.8364
     0101      8   00  66  00  00  00  00  01  EC      27.8439
     0102      8   60  00  00  00  00  00  00  B1      27.8441
     0501      8   0D  00  00  00  00  00  00  E6      27.8443
     0100      8   80  00  00  00  00  00  00  A1      27.8446
     0100      8   A0  00  00  00  00  00  00  CE      27.8524
     0101      8   20  66  00  00  00  00  01  83      27.8539
     0102      8   A0  00  00  00  00  00  00  CE      27.8541
     0100      8   A0  00  00  00  00  00  00  CE      27.8575
     0101      8   40  66  00  00  00  00  01  32      27.8638
     0102      8   A0  00  00  00  00  00  00  CE      27.8641
     0100      8   C0  00  00  00  00  00  00  7F      27.8655
     0100      8   E0  00  00  00  00  00  00  10      27.8735
     0101      8   60  66  00  00  00  00  01  5D      27.8738
     0102      8   C0  00  00  00  00  00  00  7F      27.8741
     0100      8   E0  00  00  00  00  00  00  10      27.8786
     0101      8   80  66  00  00  00  00  01  4D      27.8838
     0102      8   E0  00  00  00  00  00  00  10      27.8841
     0100      8   00  00  00  00  00  00  00  00      27.8865
     0101      8   A0  66  00  00  00  00  01  22      27.8938
     0102      8   00  00  00  00  00  00  00  00      27.8941
     0100      8   20  00  00  00  00  00  00  6F      27.8945
     0100      8   40  00  00  00  00  00  00  DE      27.9025
     0101      8   C0  66  00  00  00  00  01  93      27.9038
     0102      8   40  00  00  00  00  00  00  DE      27.9041
     0100      8   40  00  00  00  00  00  00  DE      27.9076
     0101      8   E0  66  00  00  00  00  01  FC      27.9138
     0102      8   40  00  00  00  00  00  00  DE      27.9141
     0100      8   60  00  00  00  00  00  00  B1      27.9156
     0100      8   80  00  00  00  00  00  00  A1      27.9236
     0101      8   00  66  00  00  00  00  01  EC      27.9238
     0102      8   60  00  00  00  00  00  00  B1      27.9241
     0100      8   80  00  00  00  00  00  00  A1      27.9287
     0101      8   20  66  00  00  00  00  01  83      27.9338
     0102      8   80  00  00  00  00  00  00  A1      27.9341
     0100      8   A0  00  00  00  00  00  00  CE      27.9367
     0101      8   40  66  00  00  00  00  01  32      27.9438
     0102      8   A0  00  00  00  00  00  00  CE      27.9441
     0501      8   0D  00  00  00  00  00  00  E6      27.9443
     0100      8   C0  00  00  00  00  00  00  7F      27.9447
     0100      8   E0  00  00  00  00  00  00  10      27.9527
     0101      8   60  67  00  00  00  00  01  1B      27.9538
     0102      8   E0  00  00  00  00  00  00  10      27.9541
     0100      8   E0  00  00  00  00  00  00  10      27.9578
     0101      8   80  67  00  00  00  00  01  0B      27.9638
     0102      8   E0  00  00  00  00  00  00  10      27.9641
     0100      8   00  00  00  00  00  00  00  00      27.9658
     0100      8   20  00  00  00  00  00  00  6F      27.9737
     0101      8   A0  68  00  00  00  00  01  A1      27.9740
     0102      8   00  00  00  00  00  00  00  00      27.9742
     0100      8   20  00  00  00  00  00  00  6F      27.9788
     0101      8   C0  68  00  00  00  00  01  10      27.9838
     0102      8   20  00  00  00  00  00  00  6F      27.9841
     0100      8   40  00  00  00  00  00  00  DE      27.9868
     0101      8   E0  69  00  00  00  00  01  39      27.9938
     0102      8   40  00  00  00  00  00  00  DE      27.9941
     0100      8   60  00  00  00  00  00  00  B1      27.9948
     0100      8   80  00  00  00  00  00  00  A1      28.0028
     0101      8   00  6A  00  00  00  00  01  E3      28.0038
     0102      8   80  00  00  00  00  00  00  A1      28.0041
     0100      8   80  00  00  00  00  00  00  A1      28.0079
     0101      8   20  6A  00  00  00  00  01  8C      28.0138
     0102      8   80  00  00  00  00  00  00  A1      28.0141
     0100      8   A0  00  00  00  00  00  00  CE      28.0159
     0101      8   40  6B  00  00  00  00  01  7B      28.0238
     0100      8   C0  00  00  00  00  00  00  7F      28.0241
     0102      8   A0  00  00  00  00  00  00  CE      28.0243
     0100      8   E0  00  00  00  00  00  00  10      28.0319
     0101      8   60  6C  00  00  00  00  01  DB      28.0338
     0102      8   E0  00  00  00  00  00  00  10      28.0341
     0100      8   E0  00  00  00  00  00  00  10      28.0370
     0101      8   80  6D  00  00  00  00  01  8D      28.0438
     0102      8   E0  00  00  00  00  00  00  10      28.0441
     0501      8   0D  00  00  00  00  00  00  E6      28.0443
     0100      8   00  00  00  00  00  00  00  00      28.0450
     0100      8   20  00  00  00  00  00  00  6F      28.0529
     0101      8   A0  6D  00  00  00  00  01  E2      28.0538
     0102      8   20  00  00  00  00  00  00  6F      28.0541
     0100      8   20  00  00  00  00  00  00  6F      28.0580
     0101      8   C0  6E  00  00  00  00  01  99      28.0638
     0102      8   20  00  00  00  00  00  00  6F      28.0641
     0100      8   40  00  00  00  00  00  00  DE      28.0660
     0101      8   E0  6E  00  00  00  00  01  F6      28.0738
     0100      8   60  00  00  00  00  00  00  B1      28.0741
     0102      8   40  00  00  00  00  00  00  DE      28.0743
     0100      8   80  00  00  00  00  00  00  A1      28.0820
     0101      8   00  6F  00  00  00  00  01  A0      28.0838
     0102      8   80  00  00  00  00  00  00  A1      28.0841
     0100      8   80  00  00  00  00  00  00  A1      28.0871
     0101      8   20  6F  00  00  00  00  01  CF      28.0938
     0102      8   80  00  00  00  00  00  00  A1      28.0941
     0100      8   A0  00  00  00  00  00  00  CE      28.0951
     0100      8   C0  00  00  00  00  00  00  7F      28.1031
     0101      8   40  6F  00  00  00  00  01  7E      28.1038
     0102      8   C0  00  00  00  00  00  00  7F      28.1041
     0100      8   C0  00  00  00  00  00  00  7F      28.1082
     0101      8   60  6F  00  00  00  00  01  11      28.1138
     0102      8   C0  00  00  00  00  00  00  7F      28.1141
     0100      8   E0  00  00  00  00  00  00  10      28.1162
     0101      8   80  70  00  00  00  00  01  D0      28.1238
     0102      8   E0  00  00  00  00  00  00  10      28.1241
     0100      8   00  00  00  00  00  00  00  00      28.1243
     0100      8   20  00  00  00  00  00  00  6F      28.1321
     0101      8   A0  70  00  00  00  00  01  BF      28.1338
     0102      8   20  00  00  00  00  00  00  6F      28.1341
     0100      8   20  00  00  00  00  00  00  6F      28.1372
     0101      8   C0  70  00  00  00  00  01  0E      28.1438
     0102      8   20  00  00  00  00  00  00  6F      28.1441
     0501      8   0D  00  00  00  00  00  00  E6      28.1443
     0100      8   40  00  00  00  00  00  00  DE      28.1452
     0100      8   60  00  00  00  00  00  00  B1      28.1532
     0101      8   E0  70  00  00  00  00  01  61      28.1538
     0102      8   60  00  00  00  00  00  00  B1      28.1540
     0100      8   60  00  00  00  00  00  00  B1      28.1583
     0101      8   00  70  00  00  00  00  01  71      28.1638
     0102      8   60  00  00  00  00  00  00  B1      28.1640
     0100      8   80  00  00  00  00  00  00  A1      28.1663
     0101      8   20  70  00  00  00  00  01  1E      28.1738
     0102      8   80  00  00  00  00  00  00  A1      28.1740
     0100      8   A0  00  00  00  00  00  00  CE      28.1743
     0100      8   C0  00  00  00  00  00  00  7F      28.1823
     0101      8   40  70  00  00  00  00  01  AF      28.1838
     0102      8   C0  00  00  00  00  00  00  7F      28.1841
     0100      8   C0  00  00  00  00  00  00  7F      28.1874
     0101      8   60  70  00  00  00  00  01  C0      28.1938
     0102      8   C0  00  00  00  00  00  00  7F      28.1940
     0100      8   E0  00  00  00  00  00  00  10      28.1954
     0100      8   00  00  00  00  00  00  00  00      28.2034
     0101      8   80  70  00  00  00  00  01  D0      28.2038
     0102      8   E0  00  00  00  00  00  00  10      28.2041
     0100      8   00  00  00  00  00  00  00  00      28.2085
     0101      8   A0  70  00  00  00  00  01  BF      28.2138
     0102      8   00  00  00  00  00  00  00  00      28.2140
     0100      8   20  00  00  00  00  00  00  6F      28.2165
     0101      8   C0  70  00  00  00  00  01  0E      28.2238
     0102      8   20  00  00  00  00  00  00  6F      28.2240
     0100      8   40  00  00  00  00  00  00  DE      28.2244
     0100      8   60  00  00  00  00  00  00  B1      28.2324
     0101      8   E0  70  00  00  00  00  01  61      28.2338
     0102      8   60  00  00  00  00  00  00  B1      28.2340
     0100      8   60  00  00  00  00  00  00  B1      28.2375
     0101      8   00  70  00  00  00  00  01  71      28.2438
     0102      8   60  00  00  00  00  00  00  B1      28.2440
     0501      8   0D  00  00  00  00  00  00  E6      28.2443
     0100      8   80  00  00  00  00  00  00  A1      28.2455
     0100      8   A0  00  00  00  00  00  00  CE      28.2535
     0101      8   20  70  00  00  00  00  01  1E      28.2538
     0102      8   80  00  00  00  00  00  00  A1      28.2540
     0100      8   A0  00  00  00  00  00  00  CE      28.2586
     0101      8   40  71  00  00  00  00  01  E9      28.2638
     0102      8   A0  00  00  00  00  00  00  CE      28.2640
     0100      8   C0  00  00  00  00  00  00  7F      28.2666
     0101      8   60  71  00  00  00  00  01  86      28.2738
     0102      8   C0  00  00  00  00  00  00  7F      28.2740
     0100      8   E0  00  00  00  00  00  00  10      28.2746
     0100      8   00  00  00  00  00  00  00  00      28.2826
     0101      8   80  72  00  00  00  00  01  5C      28.2838
     0102      8   00  00  00  00  00  00  00  00      28.2840
     0100      8   00  00  00  00  00  00  00  00      28.2877
     0101      8   A0  72  00  00  00  00  01  33      28.2938
     0102      8   00  00  00  00  00  00  00  00      28.2940
     0100      8   20  00  00  00  00  00  00  6F      28.2957
     0100      8   40  00  00  00  00  00  00  DE      28.3037
     0101      8   C0  73  00  00  00  00  01  C4      28.3039
     0102      8   20  00  00  00  00  00  00  6F      28.3041
     0100      8   40  00  00  00  00  00  00  DE      28.3088
     0101      8   E0  74  00  00  00  00  01  64      28.3138
     0102      8   40  00  00  00  00  00  00  DE      28.3140
     0100      8   60  00  00  00  00  00  00  B1      28.3167
     0101      8   00  74  00  00  00  00  01  74      28.3238
     0102      8   60  00  00  00  00  00  00  B1      28.3240
     0100      8   80  00  00  00  00  00  00  A1      28.3247
     0100      8   A0  00  00  00  00  00  00  CE      28.3327
     0101      8   20  75  00  00  00  00  01  5D      28.3338
     0102      8   A0  00  00  00  00  00  00  CE      28.3340
     0100      8   A0  00  00  00  00  00  00  CE      28.3378
     0101      8   40  76  00  00  00  00  01  26      28.3438
     0102      8   A0  00  00  00  00  00  00  CE      28.3440
     0501      8   0D  00  00  00  00  00  00  E6      28.3443
     0100      8   C0  00  00  00  00  00  00  7F      28.3458
     0101      8   60  77  00  00  00  00  01  0F      28.3538
     0100      8   E0  00  00  00  00  00  00  10      28.3540
     0102      8   C0  00  00  00  00  00  00  7F      28.3543
     0100      8   00  00  00  00  00  00  00  00      28.3618
     0101      8   80  77  00  00  00  00  01  1F      28.3638
     0102      8   00  00  00  00  00  00  00  00      28.3640
     0100      8   00  00  00  00  00  00  00  00      28.3669
     0101      8   A0  78  00  00  00  00  01  B5      28.3738
     0102      8   00  00  00  00  00  00  00  00      28.3740
     0100      8   20  00  00  00  00  00  00  6F      28.3749
     0100      8   40  00  00  00  00  00  00  DE      28.3829
     0101      8   C0  79  00  00  00  00  01  42      28.3838
     0102      8   40  00  00  00  00  00  00  DE      28.3840
     0100      8   40  00  00  00  00  00  00  DE      28.3880
     0101      8   E0  79  00  00  00  00  01  2D      28.3938
     0102      8   40  00  00  00  00  00  00  DE      28.3940
     0100      8   60  00  00  00  00  00  00  B1      28.3959
     0101      8   00  7A  00  00  00  00  01  F7      28.4038
     0100      8   80  00  00  00  00  00  00  A1      28.4040
     0102      8   60  00  00  00  00  00  00  B1      28.4043
     0100      8   A0  00  00  00  00  00  00  CE      28.4119
     0101      8   20  7A  00  00  00  00  01  98      28.4138
     0102      8   A0  00  00  00  00  00  00  CE      28.4140
     0100      8   A0  00  00  00  00  00  00  CE      28.4170
     0101      8   40  7B  00  00  00  00  01  6F      28.4238
     0102      8   A0  00  00  00  00  00  00  CE      28.4240
     0100      8   C0  00  00  00  00  00  00  7F      28.4250
     0100      8   E0  00  00  00  00  00  00  10      28.4330
     0101      8   60  7B  00  00  00  00  01  00      28.4338
     0102      8   E0  00  00  00  00  00  00  10      28.4340
     0100      8   E0  00  00  00  00  00  00  10      28.4381
     0101      8   80  7B  00  00  00  00  01  10      28.4438
     0102      8   E0  00  00  00  00  00  00  10      28.4440
     0501      8   0D  00  00  00  00  00  00  E6      28.4443
     0100      8   00  00  00  00  00  00  00  00      28.4461
     0101      8   A0  7B  00  00  00  00  01  7F      28.4538
     0102      8   00  00  00  00  00  00  00  00      28.4540
     0100      8   20  00  00  00  00  00  00  6F      28.4543
     0100      8   40  00  00  00  00  00  00  DE      28.4621
     0101      8   C0  7B  00  00  00  00  01  CE      28.4638
     0102      8   40  00  00  00  00  00  00  DE      28.4640
     0100      8   40  00  00  00  00  00  00  DE      28.4672
     0101      8   E0  7B  00  00  00  00  01  A1      28.4738
     0102      8   40  00  00  00  00  00  00  DE      28.4740
     0100      8   60  00  00  00  00  00  00  B1      28.4751
     0100      8   80  00  00  00  00  00  00  A1      28.4831
     0101      8   00  7B  00  00  00  00  01  B1      28.4838
     0102      8   80  00  00  00  00  00  00  A1      28.4840
     0100      8   80  00  00  00  00  00  00  A1      28.4882
     0101      8   20  7C  00  00  00  00  01  11      28.4938
     0102      8   80  00  00  00  00  00  00  A1      28.4940
     0100      8   A0  00  00  00  00  00  00  CE      28.4962
     0101      8   40  7C  00  00  00  00  01  A0      28.5038
     0102      8   A0  00  00  00  00  00  00  CE      28.5040
     0100      8   C0  00  00  00  00  00  00  7F      28.5043
     0100      8   E0  00  00  00  00  00  00  10      28.5122
     0101      8   60  7C  00  00  00  00  01  CF      28.5138
     0102      8   E0  00  00  00  00  00  00  10      28.5140
     0100      8   E0  00  00  00  00  00  00  10      28.5173
     0101      8   80  7C  00  00  00  00  01  DF      28.5238
     0102      8   E0  00  00  00  00  00  00  10      28.5240
     0100      8   00  00  00  00  00  00  00  00      28.5253
     0100      8   20  00  00  00  00  00  00  6F      28.5333
     0101      8   A0  7C  00  00  00  00  01  B0      28.5337
     0102      8   00  00  00  00  00  00  00  00      28.5340
     0100      8   20  00  00  00  00  00  00  6F      28.5384
     0101      8   C0  7C  00  00  00  00  01  01      28.5438
     0102      8   20  00  00  00  00  00  00  6F      28.5440
     0501      8   0D  00  00  00  00  00  00  E6      28.5442
     0100      8   40  00  00  00  00  00  00  DE      28.5464
     0101      8   E0  7C  00  00  00  00  01  6E      28.5537
     0102      8   40  00  00  00  00  00  00  DE      28.5540
     0100      8   60  00  00  00  00  00  00  B1      28.5544
     0100      8   80  00  00  00  00  00  00  A1      28.5623
     0101      8   00  7C  00  00  00  00  01  7E      28.5637
     0102      8   80  00  00  00  00  00  00  A1      28.5640
     0100      8   80  00  00  00  00  00  00  A1      28.5674
     0101      8   20  7C  00  00  00  00  01  11      28.5738
     0102      8   80  00  00  00  00  00  00  A1      28.5740
     0100      8   A0  00  00  00  00  00  00  CE      28.5754
     0100      8   C0  00  00  00  00  00  00  7F      28.5834
     0101      8   40  7D  00  00  00  00  01  E6      28.5837
     0102      8   A0  00  00  00  00  00  00  CE      28.5840
     0100      8   C0  00  00  00  00  00  00  7F      28.5885
     0101      8   60  7D  00  00  00  00  01  89      28.5937
     0102      8   C0  00  00  00  00  00  00  7F      28.5940
     0100      8   E0  00  00  00  00  00  00  10      28.5965
     0101      8   80  7E  00  00  00  00  01  53      28.6037
     0102      8   E0  00  00  00  00  00  00  10      28.6040
     0100      8   00  00  00  00  00  00  00  00      28.6045
     0100      8   20  00  00  00  00  00  00  6F      28.6125
     0101      8   A0  7F  00  00  00  00  01  7A      28.6137
     0102      8   20  00  00  00  00  00  00  6F      28.6140
     0100      8   20  00  00  00  00  00  00  6F      28.6176
     0101      8   C0  7F  00  00  00  00  01  CB      28.6237
     0102      8   20  00  00  00  00  00  00  6F      28.6240
     0100      8   40  00  00  00  00  00  00  DE      28.6256
     0100      8   60  00  00  00  00  00  00  B1      28.6336
     0101      8   E0  80  00  00  00  00  01  AD      28.6338
     0102      8   40  00  00  00  00  00  00  DE      28.6340
     0100      8   60  00  00  00  00  00  00  B1      28.6387
     0101      8   00  81  00  00  00  00  01  FB      28.6437
     0102      8   60  00  00  00  00  00  00  B1      28.6440
     0501      8   0D  00  00  00  00  00  00  E6      28.6442
     0100      8   80  00  00  00  00  00  00  A1      28.6467
     0101      8   20  82  00  00  00  00  01  5E      28.6537
     0102      8   80  00  00  00  00  00  00  A1      28.6540
     0100      8   A0  00  00  00  00  00  00  CE      28.6546
     0100      8   C0  00  00  00  00  00  00  7F      28.6626
     0101      8   40  83  00  00  00  00  01  A9      28.6637
     0102      8   C0  00  00  00  00  00  00  7F      28.6640
     0100      8   C0  00  00  00  00  00  00  7F      28.6677
     0101      8   60  84  00  00  00  00  01  09      28.6737
     0102      8   C0  00  00  00  00  00  00  7F      28.6740
     0100      8   E0  00  00  00  00  00  00  10      28.6757
     0100      8   00  00  00  00  00  00  00  00      28.6837
     0101      8   80  84  00  00  00  00  01  19      28.6839
     0102      8   E0  00  00  00  00  00  00  10      28.6842
     0100      8   00  00  00  00  00  00  00  00      28.6888
     0101      8   A0  85  00  00  00  00  01  30      28.6937
     0102      8   00  00  00  00  00  00  00  00      28.6940
     0100      8   20  00  00  00  00  00  00  6F      28.6968
     0101      8   C0  85  00  00  00  00  01  81      28.7037
     0102      8   20  00  00  00  00  00  00  6F      28.7040
     0100      8   40  00  00  00  00  00  00  DE      28.7048
     0100      8   60  00  00  00  00  00  00  B1      28.7128
     0101      8   E0  86  00  00  00  00  01  24      28.7137
     0102      8   60  00  00  00  00  00  00  B1      28.7140
     0100      8   60  00  00  00  00  00  00  B1      28.7179
     0101      8   00  86  00  00  00  00  01  34      28.7237
     0102      8   60  00  00  00  00  00  00  B1      28.7240
     0100      8   80  00  00  00  00  00  00  A1      28.7259
     0101      8   20  86  00  00  00  00  01  5B      28.7337
     0100      8   A0  00  00  00  00  00  00  CE      28.7340
     0102      8   80  00  00  00  00  00  00  A1      28.7342
     0100      8   C0  00  00  00  00  00  00  7F      28.7418
     0101      8   40  86  00  00  00  00  01  EA      28.7437
     0102      8   C0  00  00  00  00  00  00  7F      28.7440
     0501      8   0D  00  00  00  00  00  00  E6      28.7442
     0100      8   C0  00  00  00  00  00  00  7F      28.7469
     0101      8   60  87  00  00  00  00  01  C3      28.7537
     0102      8   C0  00  00  00  00  00  00  7F      28.7540
     0100      8   E0  00  00  00  00  00  00  10      28.7549
     0100      8   00  00  00  00  00  00  00  00      28.7629
     0101      8   80  87  00  00  00  00  01  D3      28.7637
     0102      8   00  00  00  00  00  00  00  00      28.7640
     0100      8   00  00  00  00  00  00  00  00      28.7680
     0101      8   A0  87  00  00  00  00  01  BC      28.7737
     0102      8   00  00  00  00  00  00  00  00      28.7740
     0100      8   20  00  00  00  00  00  00  6F      28.7760
     0101      8   C0  87  00  00  00  00  01  0D      28.7837
     0102      8   20  00  00  00  00  00  00  6F      28.7840
     0100      8   40  00  00  00  00  00  00  DE      28.7842
     0100      8   60  00  00  00  00  00  00  B1      28.7920
     0101      8   E0  87  00  00  00  00  01  62      28.7937
     0102      8   60  00  00  00  00  00  00  B1      28.7940
     0100      8   60  00  00  00  00  00  00  B1      28.7971
     0101      8   00  87  00  00  00  00  01  72      28.8037
     0102      8   60  00  00  00  00  00  00  B1      28.8040
     0100      8   80  00  00  00  00  00  00  A1      28.8051
     0100      8   A0  00  00  00  00  00  00  CE      28.8131
     0101      8   20  87  00  00  00  00  01  1D      28.8137
     0102      8   A0  00  00  00  00  00  00  CE      28.8140
     0100      8   A0  00  00  00  00  00  00  CE      28.8181
     0101      8   40  87  00  00  00  00  01  AC      28.8237
     0102      8   A0  00  00  00  00  00  00  CE      28.8240
     0100      8   C0  00  00  00  00  00  00  7F      28.8261
     0101      8   60  87  00  00  00  00  01  C3      28.8337
     0102      8   C0  00  00  00  00  00  00  7F      28.8340
     0100      8   E0  00  00  00  00  00  00  10      28.8342
     0100      8   00  00  00  00  00  00  00  00      28.8421
     0101      8   80  87  00  00  00  00  01  D3      28.8437
     0102      8   00  00  00  00  00  00  00  00      28.8440
     0501      8   0D  00  00  00  00  00  00  E6      28.8442
     0100      8   00  00  00  00  00  00  00  00      28.8472
     0101      8   A0  87  00  00  00  00  01  BC      28.8537
     0102      8   00  00  00  00  00  00  00  00      28.8540
     0100      8   20  00  00  00  00  00  00  6F      28.8552
     0100      8   40  00  00  00  00  00  00  DE      28.8632
     0101      8   C0  88  00  00  00  00  01  C8      28.8637
     0102      8   20  00  00  00  00  00  00  6F      28.8640
     0100      8   40  00  00  00  00  00  00  DE      28.8683
     0101      8   E0  88  00  00  00  00  01  A7      28.8737
     0102      8   40  00  00  00  00  00  00  DE      28.8739
     0100      8   60  00  00  00  00  00  00  B1      28.8763
     0101      8   00  88  00  00  00  00  01  B7      28.8837
     0102      8   60  00  00  00  00  00  00  B1      28.8839
     0100      8   80  00  00  00  00  00  00  A1      28.8843
     0100      8   A0  00  00  00  00  00  00  CE      28.8923
     0101      8   20  89  00  00  00  00  01  9E      28.8937
     0102      8   A0  00  00  00  00  00  00  CE      28.8939
     0100      8   A0  00  00  00  00  00  00  CE      28.8974
     0101      8   40  8A  00  00  00  00  01  E5      28.9037
     0102      8   A0  00  00  00  00  00  00  CE      28.9039
     0100      8   C0  00  00  00  00  00  00  7F      28.9054
     0100      8   E0  00  00  00  00  00  00  10      28.9133
     0101      8   60  8B  00  00  00  00  01  CC      28.9137
     0102      8   C0  00  00  00  00  00  00  7F      28.9139
     0100      8   E0  00  00  00  00  00  00  10      28.9184
     0101      8   80  8C  00  00  00  00  01  13      28.9237
     0102      8   E0  00  00  00  00  00  00  10      28.9239
     0100      8   00  00  00  00  00  00  00  00      28.9264
     0101      8   A0  8D  00  00  00  00  01  3A      28.9337
     0102      8   00  00  00  00  00  00  00  00      28.9339
     0100      8   20  00  00  00  00  00  00  6F      28.9344
     0100      8   40  00  00  00  00  00  00  DE      28.9424
     0101      8   C0  8E  00  00  00  00  01  41      28.9437
     0102      8   40  00  00  00  00  00  00  DE      28.9439
     0501      8   0D  00  00  00  00  00  00  E6      28.9442
     0100      8   40  00  00  00  00  00  00  DE      28.9475
     0101      8   E0  8F  00  00  00  00  01  68      28.9537
     0102      8   40  00  00  00  00  00  00  DE      28.9539
     0100      8   60  00  00  00  00  00  00  B1      28.9555
     0100      8   80  00  00  00  00  00  00  A1      28.9635
     0101      8   00  8F  00  00  00  00  01  78      28.9637
     0102      8   60  00  00  00  00  00  00  B1      28.9640
     0100      8   80  00  00  00  00  00  00  A1      28.9686
     0101      8   20  90  00  00  00  00  01  C6      28.9737
     0102      8   80  00  00  00  00  00  00  A1      28.9739
     0100      8   A0  00  00  00  00  00  00  CE      28.9766
     0101      8   40  91  00  00  00  00  01  31      28.9837
     0102      8   A0  00  00  00  00  00  00  CE      28.9839
     0100      8   C0  00  00  00  00  00  00  7F      28.9846
     0100      8   E0  00  00  00  00  00  00  10      28.9925
     0101      8   60  92  00  00  00  00  01  94      28.9937
     0102      8   E0  00  00  00  00  00  00  10      28.9939
     0100      8   E0  00  00  00  00  00  00  10      28.9976
     0101      8   80  93  00  00  00  00  01  C2      29.0037
     0102      8   E0  00  00  00  00  00  00  10      29.0039
     0100      8   00  00  00  00  00  00  00  00      29.0056
     0100      8   20  00  00  00  00  00  00  6F      29.0136
     0101      8   A0  93  00  00  00  00  01  AD      29.0139
     0102      8   00  00  00  00  00  00  00  00      29.0141
     0100      8   20  00  00  00  00  00  00  6F      29.0187
     0101      8   C0  93  00  00  00  00  01  1C      29.0237
     0102      8   20  00  00  00  00  00  00  6F      29.0239
     0100      8   40  00  00  00  00  00  00  DE      29.0267
     0101      8   E0  94  00  00  00  00  01  BC      29.0337
     0102      8   40  00  00  00  00  00  00  DE      29.0339
     0100      8   60  00  00  00  00  00  00  B1      29.0347
     0100      8   80  00  00  00  00  00  00  A1      29.0427
     0101      8   00  94  00  00  00  00  01  AC      29.0437
     0102      8   80  00  00  00  00  00  00  A1      29.0439
     0501      8   0D  00  00  00  00  00  00  E6      29.0442
     0100      8   80  00  00  00  00  00  00  A1      29.0478
     0101      8   20  94  00  00  00  00  01  C3      29.0537
     0102      8   80  00  00  00  00  00  00  A1      29.0539
     0100      8   A0  00  00  00  00  00  00  CE      29.0558
     0101      8   40  94  00  00  00  00  01  72      29.0637
     0100      8   C0  00  00  00  00  00  00  7F      29.0639
     0102      8   A0  00  00  00  00  00  00  CE      29.0642
     0100      8   E0  00  00  00  00  00  00  10      29.0718
     0101      8   60  94  00  00  00  00  01  1D      29.0737
     0102      8   E0  00  00  00  00  00  00  10      29.0739
     0100      8   E0  00  00  00  00  00  00  10      29.0769
     0101      8   80  95  00  00  00  00  01  4B      29.0837
     0102      8   E0  00  00  00  00  00  00  10      29.0839
     0100      8   00  00  00  00  00  00  00  00      29.0848
     0100      8   20  00  00  00  00  00  00  6F      29.0928
     0101      8   A0  95  00  00  00  00  01  24      29.0937
     0102      8   20  00  00  00  00  00  00  6F      29.0939
     0100      8   20  00  00  00  00  00  00  6F      29.0979
     0101      8   C0  95  00  00  00  00  01  95      29.1037
     0102      8   20  00  00  00  00  00  00  6F      29.1039
     0100      8   40  00  00  00  00  00  00  DE      29.1059
     0101      8   E0  95  00  00  00  00  01  FA      29.1137
     0100      8   60  00  00  00  00  00  00  B1      29.1139
     0102      8   40  00  00  00  00  00  00  DE      29.1142
     0100      8   80  00  00  00  00  00  00  A1      29.1219
     0101      8   00  95  00  00  00  00  01  EA      29.1237
     0102      8   80  00  00  00  00  00  00  A1      29.1239
     0100      8   80  00  00  00  00  00  00  A1      29.1270
     0101      8   20  95  00  00  00  00  01  85      29.1337
     0102      8   80  00  00  00  00  00  00  A1      29.1339
     0100      8   A0  00  00  00  00  00  00  CE      29.1350
     0100      8   C0  00  00  00  00  00  00  7F      29.1430
     0101      8   40  95  00  00  00  00  01  34      29.1437
     0102      8   C0  00  00  00  00  00  00  7F      29.1439
     0501      8   0D  00  00  00  00  00  00  E6      29.1442
     0100      8   C0  00  00  00  00  00  00  7F      29.1481
     0101      8   60  95  00  00  00  00  01  5B      29.1537
     0102      8   C0  00  00  00  00  00  00  7F      29.1539
     0100      8   E0  00  00  00  00  00  00  10      29.1561
     0101      8   80  95  00  00  00  00  01  4B      29.1637
     0102      8   E0  00  00  00  00  00  00  10      29.1639
     0100      8   00  00  00  00  00  00  00  00      29.1642
     0100      8   20  00  00  00  00  00  00  6F      29.1720
     0101      8   A0  95  00  00  00  00  01  24      29.1737
     0102      8   20  00  00  00  00  00  00  6F      29.1739
     0100      8   20  00  00  00  00  00  00  6F      29.1771
     0101      8   C0  96  00  00  00  00  01  5F      29.1837
     0102      8   20  00  00  00  00  00  00  6F      29.1839
     0100      8   40  00  00  00  00  00  00  DE      29.1851
     0100      8   60  00  00  00  00  00  00  B1      29.1931
     0101      8   E0  97  00  00  00  00  01  76      29.1937
     0102      8   60  00  00  00  00  00  00  B1      29.1939
     0100      8   60  00  00  00  00  00  00  B1      29.1982
     0101      8   00  98  00  00  00  00  01  A3      29.2037
     0102      8   60  00  00  00  00  00  00  B1      29.2039
     0100      8   80  00  00  00  00  00  00  A1      29.2062
     0101      8   20  98  00  00  00  00  01  CC      29.2137
     0102      8   80  00  00  00  00  00  00  A1      29.2139
     0100      8   A0  00  00  00  00  00  00  CE      29.2142
     0100      8   C0  00  00  00  00  00  00  7F      29.2222
     0101      8   40  99  00  00  00  00  01  3B      29.2237
     0102      8   C0  00  00  00  00  00  00  7F      29.2239
     0100      8   C0  00  00  00  00  00  00  7F      29.2273
     0101      8   60  9A  00  00  00  00  01  9E      29.2336
     0102      8   C0  00  00  00  00  00  00  7F      29.2339
     0100      8   E0  00  00  00  00  00  00  10      29.2353
     0100      8   00  00  00  00  00  00  00  00      29.2433
     0101      8   80  9C  00  00  00  00  01  07      29.2437
     0102      8   E0  00  00  00  00  00  00  10      29.2439
     0501      8   0D  00  00  00  00  00  00  E6      29.2442
     0100      8   00  00  00  00  00  00  00  00      29.2484
     0101      8   A0  9D  00  00  00  00  01  2E      29.2536
     0102      8   00  00  00  00  00  00  00  00      29.2539
     0100      8   20  00  00  00  00  00  00  6F      29.2563
     0101      8   C0  9E  00  00  00  00  01  55      29.2636
     0102      8   20  00  00  00  00  00  00  6F      29.2639
     0100      8   40  00  00  00  00  00  00  DE      29.2643
     0100      8   60  00  00  00  00  00  00  B1      29.2723
     0101      8   E0  9E  00  00  00  00  01  3A      29.2736
     0102      8   60  00  00  00  00  00  00  B1      29.2739
     0100      8   60  00  00  00  00  00  00  B1      29.2774
     0101      8   00  9F  00  00  00  00  01  6C      29.2836
     0102      8   60  00  00  00  00  00  00  B1      29.2839
     0100      8   80  00  00  00  00  00  00  A1      29.2854
     0100      8   A0  00  00  00  00  00  00  CE      29.2934
     0101      8   20  A0  00  00  00  00  01  FA      29.2936
     0102      8   80  00  00  00  00  00  00  A1      29.2939
     0100      8   A0  00  00  00  00  00  00  CE      29.2985
     0101      8   40  A0  00  00  00  00  01  4B      29.3036
     0102      8   A0  00  00  00  00  00  00  CE      29.3039
     0100      8   C0  00  00  00  00  00  00  7F      29.3065
     0101      8   60  A0  00  00  00  00  01  24      29.3136
     0102      8   C0  00  00  00  00  00  00  7F      29.3139
     0100      8   E0  00  00  00  00  00  00  10      29.3145
     0100      8   00  00  00  00  00  00  00  00      29.3225
     0101      8   80  A0  00  00  00  00  01  34      29.3236
     0102      8   00  00  00  00  00  00  00  00      29.3239
     0100      8   00  00  00  00  00  00  00  00      29.3276
     0101      8   A0  A1  00  00  00  00  01  1D      29.3336
     0102      8   00  00  00  00  00  00  00  00      29.3339
     0100      8   20  00  00  00  00  00  00  6F      29.3355
     0100      8   40  00  00  00  00  00  00  DE      29.3435
     0101      8   C0  A1  00  00  00  00  01  AC      29.3438
     0102      8   20  00  00  00  00  00  00  6F      29.3440
     0501      8   0D  00  00  00  00  00  00  E6      29.3443
     0100      8   40  00  00  00  00  00  00  DE      29.3486
     0101      8   E0  A1  00  00  00  00  01  C3      29.3536
     0102      8   40  00  00  00  00  00  00  DE      29.3539
     0100      8   60  00  00  00  00  00  00  B1      29.3566
     0101      8   00  A1  00  00  00  00  01  D3      29.3636
     0102      8   60  00  00  00  00  00  00  B1      29.3639
     0100      8   80  00  00  00  00  00  00  A1      29.3646
     0100      8   A0  00  00  00  00  00  00  CE      29.3726
     0101      8   20  A1  00  00  00  00  01  BC      29.3736
     0102      8   A0  00  00  00  00  00  00  CE      29.3739
     0100      8   A0  00  00  00  00  00  00  CE      29.3777
     0101      8   40  A1  00  00  00  00  01  0D      29.3836
     0102      8   A0  00  00  00  00  00  00  CE      29.3839
     0100      8   C0  00  00  00  00  00  00  7F      29.3857
     0101      8   60  A2  00  00  00  00  01  A8      29.3936
     0100      8   E0  00  00  00  00  00  00  10      29.3939
     0102      8   C0  00  00  00  00  00  00  7F      29.3941
     0100      8   00  00  00  00  00  00  00  00      29.4017
     0101      8   80  A2  00  00  00  00  01  B8      29.4036
     0102      8   00  00  00  00  00  00  00  00      29.4039
     0100      8   00  00  00  00  00  00  00  00      29.4068
     0101      8   A0  A2  00  00  00  00  01  D7      29.4136
     0102      8   00  00  00  00  00  00  00  00      29.4139
     0100      8   20  00  00  00  00  00  00  6F      29.4148
     0100      8   40  00  00  00  00  00  00  DE      29.4227
     0101      8   C0  A2  00  00  00  00  01  66      29.4236
     0102      8   40  00  00  00  00  00  00  DE      29.4239
     0100      8   40  00  00  00  00  00  00  DE      29.4278
     0101      8   E0  A2  00  00  00  00  01  09      29.4336
     0102      8   40  00  00  00  00  00  00  DE      29.4339
     0100      8   60  00  00  00  00  00  00  B1      29.4358
     0101      8   00  A2  00  00  00  00  01  19      29.4436
     0100      8   80  00  00  00  00  00  00  A1      29.4439
     0102      8   60  00  00  00  00  00  00  B1      29.4441
     0501      8   0D  00  00  00  00  00  00  E6      29.4444
     0100      8   A0  00  00  00  00  00  00  CE      29.4518
     0101      8   20  A2  00  00  00  00  01  76      29.4536
     0102      8   A0  00  00  00  00  00  00  CE      29.4539
     0100      8   A0  00  00  00  00  00  00  CE      29.4569
     0101      8   40  A2  00  00  00  00  01  C7      29.4636
     0102      8   A0  00  00  00  00  00  00  CE      29.4639
     0100      8   C0  00  00  00  00  00  00  7F      29.4649
     0100      8   E0  00  00  00  00  00  00  10      29.4729
     0101      8   60  A3  00  00  00  00  01  EE      29.4736
     0102      8   E0  00  00  00  00  00  00  10      29.4739
     0100      8   E0  00  00  00  00  00  00  10      29.4780
     0101      8   80  A3  00  00  00  00  01  FE      29.4836
     0102      8   E0  00  00  00  00  00  00  10      29.4839
     0100      8   00  00  00  00  00  00  00  00      29.4860
     0101      8   A0  A4  00  00  00  00  01  5E      29.4936
     0102      8   00  00  00  00  00  00  00  00      29.4939
     0100      8   20  00  00  00  00  00  00  6F      29.4941
     0100      8   40  00  00  00  00  00  00  DE      29.5019
     0101      8   C0  A5  00  00  00  00  01  A9      29.5036
     0102      8   40  00  00  00  00  00  00  DE      29.5039
     0100      8   40  00  00  00  00  00  00  DE      29.5070
     0101      8   E0  A6  00  00  00  00  01  0C      29.5136
     0102      8   40  00  00  00  00  00  00  DE      29.5139
     0100      8   60  00  00  00  00  00  00  B1      29.5150
     0100      8   80  00  00  00  00  00  00  A1      29.5230
     0101      8   00  A7  00  00  00  00  01  5A      29.5236
     0102      8   80  00  00  00  00  00  00  A1      29.5239
     0100      8   80  00  00  00  00  00  00  A1      29.5281
     0101      8   20  A8  00  00  00  00  01  F0      29.5336
     0102      8   80  00  00  00  00  00  00  A1      29.5339
     0100      8   A0  00  00  00  00  00  00  CE      29.5361
     0101      8   40  A9  00  00  00  00  01  07      29.5436
     0102      8   A0  00  00  00  00  00  00  CE      29.5439
     0100      8   C0  00  00  00  00  00  00  7F      29.5441
     0501      8   0D  00  00  00  00  00  00  E6      29.5444
     0100      8   E0  00  00  00  00  00  00  10      29.5521
     0101      8   60  AA  00  00  00  00  01  A2      29.5536
     0102      8   E0  00  00  00  00  00  00  10      29.5539
     0100      8   E0  00  00  00  00  00  00  10      29.5572
     0101      8   80  AB  00  00  00  00  01  F4      29.5636
     0102      8   E0  00  00  00  00  00  00  10      29.5639
     0100      8   00  00  00  00  00  00  00  00      29.5652
     0100      8   20  00  00  00  00  00  00  6F      29.5732
     0101      8   A0  AB  00  00  00  00  01  9B      29.5736
     0102      8   00  00  00  00  00  00  00  00      29.5739
     0100      8   20  00  00  00  00  00  00  6F      29.5783
     0101      8   C0  AC  00  00  00  00  01  E5      29.5836
     0102      8   20  00  00  00  00  00  00  6F      29.5838
     0100      8   40  00  00  00  00  00  00  DE      29.5863
     0101      8   E0  AC  00  00  00  00  01  8A      29.5936
     0102      8   40  00  00  00  00  00  00  DE      29.5938
     0100      8   60  00  00  00  00  00  00  B1      29.5942
     0100      8   80  00  00  00  00  00  00  A1      29.6022
     0101      8   00  AD  00  00  00  00  01  DC      29.6036
     0102      8   80  00  00  00  00  00  00  A1      29.6038
     0100      8   80  00  00  00  00  00  00  A1      29.6073
     0101      8   20  AD  00  00  00  00  01  B3      29.6136
     0102      8   80  00  00  00  00  00  00  A1      29.6138
     0100      8   A0  00  00  00  00  00  00  CE      29.6153
     0100      8   C0  00  00  00  00  00  00  7F      29.6233
     0101      8   40  AD  00  00  00  00  01  02      29.6236
     0102      8   A0  00  00  00  00  00  00  CE      29.6238
     0100      8   C0  00  00  00  00  00  00  7F      29.6284
     0101      8   60  AD  00  00  00  00  01  6D      29.6336
     0102      8   C0  00  00  00  00  00  00  7F      29.6338
     0100      8   E0  00  00  00  00  00  00  10      29.6364
     0101      8   80  AE  00  00  00  00  01  B7      29.6436
     0102      8   E0  00  00  00  00  00  00  10      29.6438
     0501      8   0D  00  00  00  00  00  00  E6      29.6441
     0100      8   00  00  00  00  00  00  00  00      29.6444
     0100      8   20  00  00  00  00  00  00  6F      29.6524
     0101      8   A0  AE  00  00  00  00  01  D8      29.6536
     0102      8   20  00  00  00  00  00  00  6F      29.6538
     0100      8   20  00  00  00  00  00  00  6F      29.6575
     0101      8   C0  AE  00  00  00  00  01  69      29.6636
     0102      8   20  00  00  00  00  00  00  6F      29.6638
     0100      8   40  00  00  00  00  00  00  DE      29.6655
     0100      8   60  00  00  00  00  00  00  B1      29.6734
     0101      8   E0  AE  00  00  00  00  01  06      29.6737
     0102      8   40  00  00  00  00  00  00  DE      29.6739
     0100      8   60  00  00  00  00  00  00  B1      29.6785
     0101      8   00  AE  00  00  00  00  01  16      29.6836
     0102      8   60  00  00  00  00  00  00  B1      29.6838
     0100      8   80  00  00  00  00  00  00  A1      29.6865
     0101      8   20  AE  00  00  00  00  01  79      29.6936
     0102      8   80  00  00  00  00  00  00  A1      29.6938
     0100      8   A0  00  00  00  00  00  00  CE      29.6945
     0100      8   C0  00  00  00  00  00  00  7F      29.7025
     0101      8   40  AE  00  00  00  00  01  C8      29.7036
     0102      8   C0  00  00  00  00  00  00  7F      29.7038
     0100      8   C0  00  00  00  00  00  00  7F      29.7076
     0101      8   60  AE  00  00  00  00  01  A7      29.7136
     0102      8   C0  00  00  00  00  00  00  7F      29.7138
     0100      8   E0  00  00  00  00  00  00  10      29.7156
     0100      8   00  00  00  00  00  00  00  00      29.7236
     0101      8   80  AE  00  00  00  00  01  B7      29.7238
     0102      8   E0  00  00  00  00  00  00  10      29.7241
     0100      8   00  00  00  00  00  00  00  00      29.7287
     0101      8   A0  AE  00  00  00  00  01  D8      29.7336
     0102      8   00  00  00  00  00  00  00  00      29.7338
     0100      8   20  00  00  00  00  00  00  6F      29.7367
     0101      8   C0  AE  00  00  00  00  01  69      29.7436
     0102      8   20  00  00  00  00  00  00  6F      29.7438
     0501      8   0D  00  00  00  00  00  00  E6      29.7441
     0100      8   40  00  00  00  00  00  00  DE      29.7447
     0100      8   60  00  00  00  00  00  00  B1      29.7527
     0101      8   E0  AF  00  00  00  00  01  40      29.7536
     0102      8   60  00  00  00  00  00  00  B1      29.7538
     0100      8   60  00  00  00  00  00  00  B1      29.7578
     0101      8   00  B0  00  00  00  00  01  81      29.7636
     0102      8   60  00  00  00  00  00  00  B1      29.7638
     0100      8   80  00  00  00  00  00  00  A1      29.7658
     0101      8   20  B0  00  00  00  00  01  EE      29.7736
     0100      8   A0  00  00  00  00  00  00  CE      29.7738
     0102      8   80  00  00  00  00  00  00  A1      29.7741
     0100      8   C0  00  00  00  00  00  00  7F      29.7817
     0101      8   40  B1  00  00  00  00  01  19      29.7836
     0102      8   C0  00  00  00  00  00  00  7F      29.7838
     0100      8   C0  00  00  00  00  00  00  7F      29.7868
     0101      8   60  B2  00  00  00  00  01  BC      29.7936
     0102      8   C0  00  00  00  00  00  00  7F      29.7938
     0100      8   E0  00  00  00  00  00  00  10      29.7948
     0100      8   00  00  00  00  00  00  00  00      29.8028
     0101      8   80  B3  00  00  00  00  01  EA      29.8036
     0102      8   00  00  00  00  00  00  00  00      29.8038
     0100      8   00  00  00  00  00  00  00  00      29.8079
     0101      8   A0  B4  00  00  00  00  01  4A      29.8136
     0102      8   00  00  00  00  00  00  00  00      29.8138
     0100      8   20  00  00  00  00  00  00  6F      29.8159
     0101      8   C0  B5  00  00  00  00  01  BD      29.8236
     0102      8   20  00  00  00  00  00  00  6F      29.8238
     0100      8   40  00  00  00  00  00  00  DE      29.8241
     0100      8   60  00  00  00  00  00  00  B1      29.8319
     0101      8   E0  B6  00  00  00  00  01  18      29.8336
     0102      8   60  00  00  00  00  00  00  B1      29.8338
     0100      8   60  00  00  00  00  00  00  B1      29.8370
     0101      8   00  B6  00  00  00  00  01  08      29.8436
     0102      8   60  00  00  00  00  00  00  B1      29.8438
     0501      8   0D  00  00  00  00  00  00  E6      29.8441
     0100      8   80  00  00  00  00  00  00  A1      29.8449
     0100      8   A0  00  00  00  00  00  00  CE      29.8529
     0101      8   20  B7  00  00  00  00  01  21      29.8536
     0102      8   A0  00  00  00  00  00  00  CE      29.8538
     0100      8   A0  00  00  00  00  00  00  CE      29.8580
     0101      8   40  B8  00  00  00  00  01  55      29.8636
     0102      8   A0  00  00  00  00  00  00  CE      29.8638
     0100      8   C0  00  00  00  00  00  00  7F      29.8660
     0101      8   60  B8  00  00  00  00  01  3A      29.8736
     0102      8   C0  00  00  00  00  00  00  7F      29.8738
     0100      8   E0  00  00  00  00  00  00  10      29.8741
     0100      8   00  00  00  00  00  00  00  00      29.8820
     0101      8   80  B8  00  00  00  00  01  2A      29.8836
     0102      8   00  00  00  00  00  00  00  00      29.8838
     0100      8   00  00  00  00  00  00  00  00      29.8871
     0101      8   A0  B9  00  00  00  00  01  03      29.8936
     0102      8   00  00  00  00  00  00  00  00      29.8938
     0100      8   20  00  00  00  00  00  00  6F      29.8951
     0100      8   40  00  00  00  00  00  00  DE      29.9031
     0101      8   C0  B9  00  00  00  00  01  B2      29.9036
     0102      8   20  00  00  00  00  00  00  6F      29.9038
     0100      8   40  00  00  00  00  00  00  DE      29.9082
     0101      8   E0  B9  00  00  00  00  01  DD      29.9136
     0102      8   40  00  00  00  00  00  00  DE      29.9138
     0100      8   60  00  00  00  00  00  00  B1      29.9162
     0101      8   00  B9  00  00  00  00  01  CD      29.9236
     0102      8   60  00  00  00  00  00  00  B1      29.9238
     0100      8   80  00  00  00  00  00  00  A1      29.9242
     0100      8   A0  00  00  00  00  00  00  CE      29.9321
     0101      8   20  B9  00  00  00  00  01  A2      29.9336
     0102      8   A0  00  00  00  00  00  00  CE      29.9338
     0100      8   A0  00  00  00  00  00  00  CE      29.9372
     0101      8   40  B9  00  00  00  00  01  13      29.9436
     0102      8   A0  00  00  00  00  00  00  CE      29.9438
     0501      8   0D  00  00  00  00  00  00  E6      29.9440
     0100      8   C0  00  00  00  00  00  00  7F      29.9452
     0100      8   E0  00  00  00  00  00  00  10      29.9532
     0101      8   60  BA  00  00  00  00  01  B6      29.9536
     0102      8   C0  00  00  00  00  00  00  7F      29.9538
     0100      8   E0  00  00  00  00  00  00  10      29.9583
     0101      8   80  BA  00  00  00  00  01  A6      29.9636
     0102      8   E0  00  00  00  00  00  00  10      29.9638
     0100      8   00  00  00  00  00  00  00  00      29.9663
     0101      8   A0  BA  00  00  00  00  01  C9      29.9735
     0102      8   00  00  00  00  00  00  00  00      29.9738
     0100      8   20  00  00  00  00  00  00  6F      29.9743
     0100      8   40  00  00  00  00  00  00  DE      29.9823
     0101      8   C0  BA  00  00  00  00  01  78      29.9835
     0102      8   40  00  00  00  00  00  00  DE      29.9838
     0100      8   40  00  00  00  00  00  00  DE      29.9874
     0101      8   E0  BA  00  00  00  00  01  17      29.9935
     0102      8   40  00  00  00  00  00  00  DE      29.9938
     0100      8   60  00  00  00  00  00  00  B1      29.9954
     0100      8   80  00  00  00  00  00  00  A1      30.0034
     0101      8   00  BA  00  00  00  00  01  07      30.0036
     0102      8   60  00  00  00  00  00  00  B1      30.0039
     0100      8   80  00  00  00  00  00  00  A1      30.0085
     0101      8   20  BA  00  00  00  00  01  68      30.0135
     0102      8   80  00  00  00  00  00  00  A1      30.0138
     0100      8   A0  00  00  00  00  00  00  CE      30.0164
     0101      8   40  BA  00  00  00  00  01  D9      30.0235
     0102      8   A0  00  00  00  00  00  00  CE      30.0238
     0100      8   C0  00  00  00  00  00  00  7F      30.0244
     0100      8   E0  00  00  00  00  00  00  10      30.0324
     0101      8   60  BB  00  00  00  00  01  F0      30.0335
     0102      8   E0  00  00  00  00  00  00  10      30.0338
     0100      8   E0  00  00  00  00  00  00  10      30.0375
     0101      8   80  BB  00  00  00  00  01  E0      30.0435
     0102      8   E0  00  00  00  00  00  00  10      30.0438
     0501      8   0D  00  00  00  00  00  00  E6      30.0440
     0100      8   00  00  00  00  00  00  00  00      30.0455
     0100      8   20  00  00  00  00  00  00  6F      30.0535
     0101      8   A0  BC  00  00  00  00  01  40      30.0538
     0102      8   00  00  00  00  00  00  00  00      30.0540
     0100      8   20  00  00  00  00  00  00  6F      30.0586
     0101      8   C0  BD  00  00  00  00  01  B7      30.0635
     0102      8   20  00  00  00  00  00  00  6F      30.0638
     0100      8   40  00  00  00  00  00  00  DE      30.0666
     0101      8   E0  BE  00  00  00  00  01  12      30.0735
     0102      8   40  00  00  00  00  00  00  DE      30.0738
     0100      8   60  00  00  00  00  00  00  B1      30.0746
     0100      8   80  00  00  00  00  00  00  A1      30.0826
     0101      8   00  BF  00  00  00  00  01  44      30.0835
     0102      8   80  00  00  00  00  00  00  A1      30.0838
     0100      8   80  00  00  00  00  00  00  A1      30.0877
     0101      8   20  C0  00  00  00  00  01  82      30.0935
     0102      8   80  00  00  00  00  00  00  A1      30.0938
     0100      8   A0  00  00  00  00  00  00  CE      30.0957
     0101      8   40  C0  00  00  00  00  01  33      30.1035
     0100      8   C0  00  00  00  00  00  00  7F      30.1038
     0102      8   A0  00  00  00  00  00  00  CE      30.1040
     0100      8   E0  00  00  00  00  00  00  10      30.1116
     0101      8   60  C1  00  00  00  00  01  1A      30.1135
     0102      8   E0  00  00  00  00  00  00  10      30.1138
     0100      8   E0  00  00  00  00  00  00  10      30.1167
     0101      8   80  C2  00  00  00  00  01  C0      30.1235
     0102      8   E0  00  00  00  00  00  00  10      30.1238
     0100      8   00  00  00  00  00  00  00  00      30.1247
     0100      8   20  00  00  00  00  00  00  6F      30.1327
     0101      8   A0  C2  00  00  00  00  01  AF      30.1335
     0102      8   20  00  00  00  00  00  00  6F      30.1338
     0100      8   20  00  00  00  00  00  00  6F      30.1378
     0101      8   C0  C2  00  00  00  00  01  1E      30.1435
     0102      8   20  00  00  00  00  00  00  6F      30.1438
     0501      8   0D  00  00  00  00  00  00  E6      30.1440
     0100      8   40  00  00  00  00  00  00  DE      30.1458
     0101      8   E0  C2  00  00  00  00  01  71      30.1535
     0102      8   40  00  00  00  00  00  00  DE      30.1538
     0100      8   60  00  00  00  00  00  00  B1      30.1540
     0100      8   80  00  00  00  00  00  00  A1      30.1618
     0101      8   00  C3  00  00  00  00  01  27      30.1635
     0102      8   80  00  00  00  00  00  00  A1      30.1638
     0100      8   80  00  00  00  00  00  00  A1      30.1669
     0101      8   20  C3  00  00  00  00  01  48      30.1735
     0102      8   80  00  00  00  00  00  00  A1      30.1738
     0100      8   A0  00  00  00  00  00  00  CE      30.1749
     0100      8   C0  00  00  00  00  00  00  7F      30.1829
     0101      8   40  C3  00  00  00  00  01  F9      30.1835
     0102      8   C0  00  00  00  00  00  00  7F      30.1838
     0100      8   C0  00  00  00  00  00  00  7F      30.1880
     0101      8   60  C3  00  00  00  00  01  96      30.1935
     0102      8   C0  00  00  00  00  00  00  7F      30.1938
     0100      8   E0  00  00  00  00  00  00  10      30.1959
     0101      8   80  C3  00  00  00  00  01  86      30.2035
     0102      8   E0  00  00  00  00  00  00  10      30.2038
     0100      8   00  00  00  00  00  00  00  00      30.2040
     0100      8   20  00  00  00  00  00  00  6F      30.2119
     0101      8   A0  C3  00  00  00  00  01  E9      30.2135
     0102      8   20  00  00  00  00  00  00  6F      30.2138
     0100      8   20  00  00  00  00  00  00  6F      30.2170
     0101      8   C0  C3  00  00  00  00  01  58      30.2235
     0102      8   20  00  00  00  00  00  00  6F      30.2238
     0100      8   40  00  00  00  00  00  00  DE      30.2250
     0100      8   60  00  00  00  00  00  00  B1      30.2330
     0101      8   E0  C3  00  00  00  00  01  37      30.2335
     0102      8   40  00  00  00  00  00  00  DE      30.2338
     0100      8   60  00  00  00  00  00  00  B1      30.2381
     0101      8   00  C3  00  00  00  00  01  27      30.2435
     0102      8   60  00  00  00  00  00  00  B1      30.2438
     0501      8   0D  00  00  00  00  00  00  E6      30.2440
     0100      8   80  00  00  00  00  00  00  A1      30.2461
     0101      8   20  C3  00  00  00  00  01  48      30.2535
     0102      8   80  00  00  00  00  00  00  A1      30.2538
     0100      8   A0  00  00  00  00  00  00  CE      30.2541
     0100      8   C0  00  00  00  00  00  00  7F      30.2621
     0101      8   40  C4  00  00  00  00  01  36      30.2635
     0102      8   C0  00  00  00  00  00  00  7F      30.2638
     0100      8   C0  00  00  00  00  00  00  7F      30.2672
     0101      8   60  C4  00  00  00  00  01  59      30.2735
     0102      8   C0  00  00  00  00  00  00  7F      30.2738
     0100      8   E0  00  00  00  00  00  00  10      30.2751
     0100      8   00  00  00  00  00  00  00  00      30.2831
     0101      8   80  C4  00  00  00  00  01  49      30.2835
     0102      8   E0  00  00  00  00  00  00  10      30.2838
     0100      8   00  00  00  00  00  00  00  00      30.2882
     0101      8   A0  C4  00  00  00  00  01  26      30.2935
     0102      8   00  00  00  00  00  00  00  00      30.2938
     0100      8   20  00  00  00  00  00  00  6F      30.2962
     0101      8   C0  C4  00  00  00  00  01  97      30.3035
     0102      8   20  00  00  00  00  00  00  6F      30.3038
     0100      8   40  00  00  00  00  00  00  DE      30.3042
     0100      8   60  00  00  00  00  00  00  B1      30.3122
     0101      8   E0  C5  00  00  00  00  01  BE      30.3135
     0102      8   60  00  00  00  00  00  00  B1      30.3137
     0100      8   60  00  00  00  00  00  00  B1      30.3173
     0101      8   00  C6  00  00  00  00  01  64      30.3235
     0102      8   60  00  00  00  00  00  00  B1      30.3237
     0100      8   80  00  00  00  00  00  00  A1      30.3253
     0100      8   A0  00  00  00  00  00  00  CE      30.3333
     0101      8   20  C7  00  00  00  00  01  4D      30.3335
     0102      8   80  00  00  00  00  00  00  A1      30.3338
     0100      8   A0  00  00  00  00  00  00  CE      30.3384
     0101      8   40  C7  00  00  00  00  01  FC      30.3435
     0102      8   A0  00  00  00  00  00  00  CE      30.3437
     0501      8   0D  00  00  00  00  00  00  E6      30.3440
     0100      8   C0  00  00  00  00  00  00  7F      30.3464
     0101      8   60  C8  00  00  00  00  01  56      30.3535
     0102      8   C0  00  00  00  00  00  00  7F      30.3537
     0100      8   E0  00  00  00  00  00  00  10      30.3544
     0100      8   00  00  00  00  00  00  00  00      30.3623
     0101      8   80  C9  00  00  00  00  01  00      30.3635
     0102      8   00  00  00  00  00  00  00  00      30.3637
     0100      8   00  00  00  00  00  00  00  00      30.3674
     0101      8   A0  CA  00  00  00  00  01  A5      30.3735
     0102      8   00  00  00  00  00  00  00  00      30.3737
     0100      8   20  00  00  00  00  00  00  6F      30.3754
     0100      8   40  00  00  00  00  00  00  DE      30.3834
     0101      8   C0  CA  00  00  00  00  01  14      30.3837
     0102      8   20  00  00  00  00  00  00  6F      30.3839
     0100      8   40  00  00  00  00  00  00  DE      30.3885
     0101      8   E0  CB  00  00  00  00  01  3D      30.3935
     0102      8   40  00  00  00  00  00  00  DE      30.3937
     0100      8   60  00  00  00  00  00  00  B1      30.3965
     0101      8   00  CB  00  00  00  00  01  2D      30.4035
     0102      8   60  00  00  00  00  00  00  B1      30.4037
     0100      8   80  00  00  00  00  00  00  A1      30.4045
     0100      8   A0  00  00  00  00  00  00  CE      30.4125
     0101      8   20  CB  00  00  00  00  01  42      30.4135
     0102      8   A0  00  00  00  00  00  00  CE      30.4137
     0100      8   A0  00  00  00  00  00  00  CE      30.4176
     0101      8   40  CC  00  00  00  00  01  3C      30.4235
     0102      8   A0  00  00  00  00  00  00  CE      30.4237
     0100      8   C0  00  00  00  00  00  00  7F      30.4256
     0101      8   60  CC  00  00  00  00  01  53      30.4335
     0100      8   E0  00  00  00  00  00  00  10      30.4337
     0102      8   C0  00  00  00  00  00  00  7F      30.4340
     0100      8   00  00  00  00  00  00  00  00      30.4416
     0101      8   80  CC  00  00  00  00  01  43      30.4435
     0102      8   00  00  00  00  00  00  00  00      30.4437
     0501      8   0D  00  00  00  00  00  00  E6      30.4440
     0100      8   00  00  00  00  00  00  00  00      30.4467
     0101      8   A0  CC  00  00  00  00  01  2C      30.4535
     0102      8   00  00  00  00  00  00  00  00      30.4537
     0100      8   20  00  00  00  00  00  00  6F      30.4546
     0100      8   40  00  00  00  00  00  00  DE      30.4626
     0101      8   C0  CC  00  00  00  00  01  9D      30.4635
     0102      8   40  00  00  00  00  00  00  DE      30.4637
     0100      8   40  00  00  00  00  00  00  DE      30.4677
     0101      8   E0  CC  00  00  00  00  01  F2      30.4735
     0102      8   40  00  00  00  00  00  00  DE      30.4737
     0100      8   60  00  00  00  00  00  00  B1      30.4757
     0101      8   00  CC  00  00  00  00  01  E2      30.4835
     0100      8   80  00  00  00  00  00  00  A1      30.4837
     0102      8   60  00  00  00  00  00  00  B1      30.4840
     0100      8   A0  00  00  00  00  00  00  CE      30.4917
     0101      8   20  CC  00  00  00  00  01  8D      30.4935
     0102      8   A0  00  00  00  00  00  00  CE      30.4937
     0100      8   A0  00  00  00  00  00  00  CE      30.4968
     0101      8   40  CC  00  00  00  00  01  3C      30.5035
     0102      8   A0  00  00  00  00  00  00  CE      30.5037
     0100      8   C0  00  00  00  00  00  00  7F      30.5048
     0100      8   E0  00  00  00  00  00  00  10      30.5128
     0101      8   60  CC  00  00  00  00  01  53      30.5135
     0102      8   E0  00  00  00  00  00  00  10      30.5137
     0100      8   E0  00  00  00  00  00  00  10      30.5179
     0101      8   80  CD  00  00  00  00  01  05      30.5235
     0102      8   E0  00  00  00  00  00  00  10      30.5237
     0100      8   00  00  00  00  00  00  00  00      30.5259
     0101      8   A0  CD  00  00  00  00  01  6A      30.5335
     0102      8   00  00  00  00  00  00  00  00      30.5337
     0100      8   20  00  00  00  00  00  00  6F      30.5340
     0100      8   40  00  00  00  00  00  00  DE      30.5418
     0101      8   C0  CD  00  00  00  00  01  DB      30.5435
     0102      8   40  00  00  00  00  00  00  DE      30.5437
     0501      8   0D  00  00  00  00  00  00  E6      30.5440
     0100      8   40  00  00  00  00  00  00  DE      30.5469
     0101      8   E0  CD  00  00  00  00  01  B4      30.5535
     0102      8   40  00  00  00  00  00  00  DE      30.5537
     0100      8   60  00  00  00  00  00  00  B1      30.5549
     0100      8   80  00  00  00  00  00  00  A1      30.5629
     0101      8   00  CD  00  00  00  00  01  A4      30.5635
     0102      8   80  00  00  00  00  00  00  A1      30.5637
     0100      8   80  00  00  00  00  00  00  A1      30.5680
     0101      8   20  CE  00  00  00  00  01  01      30.5735
     0102      8   80  00  00  00  00  00  00  A1      30.5737
     0100      8   A0  00  00  00  00  00  00  CE      30.5760
     0101      8   40  CF  00  00  00  00  01  F6      30.5835
     0102      8   A0  00  00  00  00  00  00  CE      30.5837
     0100      8   C0  00  00  00  00  00  00  7F      30.5840
     0100      8   E0  00  00  00  00  00  00  10      30.5920
     0101      8   60  CF  00  00  00  00  01  99      30.5935
     0102      8   E0  00  00  00  00  00  00  10      30.5937
     0100      8   E0  00  00  00  00  00  00  10      30.5971
     0101      8   80  D0  00  00  00  00  01  58      30.6035
     0102      8   E0  00  00  00  00  00  00  10      30.6037
     0100      8   00  00  00  00  00  00  00  00      30.6051
     0100      8   20  00  00  00  00  00  00  6F      30.6131
     0101      8   A0  D1  00  00  00  00  01  71      30.6135
     0102      8   00  00  00  00  00  00  00  00      30.6137
     0100      8   20  00  00  00  00  00  00  6F      30.6182
     0101      8   C0  D2  00  00  00  00  01  0A      30.6235
     0102      8   20  00  00  00  00  00  00  6F      30.6237
     0100      8   40  00  00  00  00  00  00  DE      30.6261
     0101      8   E0  D3  00  00  00  00  01  23      30.6335
     0102      8   40  00  00  00  00  00  00  DE      30.6337
     0100      8   60  00  00  00  00  00  00  B1      30.6341
     0100      8   80  00  00  00  00  00  00  A1      30.6421
     0101      8   00  D4  00  00  00  00  01  FC      30.6435
     0102      8   80  00  00  00  00  00  00  A1      30.6437
     0501      8   0D  00  00  00  00  00  00  E6      30.6440
     0100      8   80  00  00  00  00  00  00  A1      30.6472
     0101      8   20  D4  00  00  00  00  01  93      30.6535
     0102      8   80  00  00  00  00  00  00  A1      30.6537
     0100      8   A0  00  00  00  00  00  00  CE      30.6552
     0100      8   C0  00  00  00  00  00  00  7F      30.6632
     0101      8   40  D5  00  00  00  00  01  64      30.6635
     0102      8   A0  00  00  00  00  00  00  CE      30.6637
     0100      8   C0  00  00  00  00  00  00  7F      30.6683
     0101      8   60  D6  00  00  00  00  01  C1      30.6734
     0102      8   C0  00  00  00  00  00  00  7F      30.6737
     0100      8   E0  00  00  00  00  00  00  10      30.6763
     0101      8   80  D6  00  00  00  00  01  D1      30.6835
     0102      8   E0  00  00  00  00  00  00  10      30.6837
     0100      8   00  00  00  00  00  00  00  00      30.6843
     0100      8   20  00  00  00  00  00  00  6F      30.6923
     0101      8   A0  D7  00  00  00  00  01  F8      30.6934
     0102      8   20  00  00  00  00  00  00  6F      30.6937
     0100      8   20  00  00  00  00  00  00  6F      30.6974
     0101      8   C0  D7  00  00  00  00  01  49      30.7034
     0102      8   20  00  00  00  00  00  00  6F      30.7037
     0100      8   40  00  00  00  00  00  00  DE      30.7053
     0100      8   60  00  00  00  00  00  00  B1      30.7133
     0101      8   E0  D7  00  00  00  00  01  26      30.7136
     0102      8   40  00  00  00  00  00  00  DE      30.7138
     0100      8   60  00  00  00  00  00  00  B1      30.7184
     0101      8   00  D7  00  00  00  00  01  36      30.7234
     0102      8   60  00  00  00  00  00  00  B1      30.7237
     0100      8   80  00  00  00  00  00  00  A1      30.7264
     0101      8   20  D8  00  00  00  00  01  9C      30.7334
     0102      8   80  00  00  00  00  00  00  A1      30.7337
     0100      8   A0  00  00  00  00  00  00  CE      30.7344
     0100      8   C0  00  00  00  00  00  00  7F      30.7424
     0101      8   40  D8  00  00  00  00  01  2D      30.7434
     0102      8   C0  00  00  00  00  00  00  7F      30.7437
     0501      8   0D  00  00  00  00  00  00  E6      30.7439
     0100      8   C0  00  00  00  00  00  00  7F      30.7475
     0101      8   60  D8  00  00  00  00  01  42      30.7534
     0102      8   C0  00  00  00  00  00  00  7F      30.7537
     0100      8   E0  00  00  00  00  00  00  10      30.7555
     0101      8   80  D8  00  00  00  00  01  52      30.7634
     0100      8   00  00  00  00  00  00  00  00      30.7637
     0102      8   E0  00  00  00  00  00  00  10      30.7639
     0100      8   20  00  00  00  00  00  00  6F      30.7715
     0101      8   A0  D8  00  00  00  00  01  3D      30.7734
     0102      8   20  00  00  00  00  00  00  6F      30.7737
     0100      8   20  00  00  00  00  00  00  6F      30.7766
     0101      8   C0  D8  00  00  00  00  01  8C      30.7834
     0102      8   20  00  00  00  00  00  00  6F      30.7837
     0100      8   40  00  00  00  00  00  00  DE      30.7845
     0100      8   60  00  00  00  00  00  00  B1      30.7925
     0101      8   E0  D8  00  00  00  00  01  E3      30.7934
     0102      8   60  00  00  00  00  00  00  B1      30.7937
     0100      8   60  00  00  00  00  00  00  B1      30.7976
     0101      8   00  D8  00  00  00  00  01  F3      30.8034
     0102      8   60  00  00  00  00  00  00  B1      30.8037
     0100      8   80  00  00  00  00  00  00  A1      30.8056
     0101      8   20  D8  00  00  00  00  01  9C      30.8134
     0100      8   A0  00  00  00  00  00  00  CE      30.8137
     0102      8   80  00  00  00  00  00  00  A1      30.8139
     0100      8   C0  00  00  00  00  00  00  7F      30.8216
     0101      8   40  D8  00  00  00  00  01  2D      30.8234
     0102      8   C0  00  00  00  00  00  00  7F      30.8237
     0100      8   C0  00  00  00  00  00  00  7F      30.8267
     0101      8   60  D8  00  00  00  00  01  42      30.8334
     0102      8   C0  00  00  00  00  00  00  7F      30.8337
     0100      8   E0  00  00  00  00  00  00  10      30.8347
     0100      8   00  00  00  00  00  00  00  00      30.8427
     0101      8   80  D9  00  00  00  00  01  14      30.8434
     0102      8   00  00  00  00  00  00  00  00      30.8437
     0501      8   0D  00  00  00  00  00  00  E6      30.8439
     0100      8   00  00  00  00  00  00  00  00      30.8478
     0101      8   A0  D9  00  00  00  00  01  7B      30.8534
     0102      8   00  00  00  00  00  00  00  00      30.8537
     0100      8   20  00  00  00  00  00  00  6F      30.8558
     0101      8   C0  DA  00  00  00  00  01  00      30.8634
     0102      8   20  00  00  00  00  00  00  6F      30.8637
     0100      8   40  00  00  00  00  00  00  DE      30.8639
     0100      8   60  00  00  00  00  00  00  B1      30.8717
     0101      8   E0  DA  00  00  00  00  01  6F      30.8734
     0102      8   60  00  00  00  00  00  00  B1      30.8737
     0100      8   60  00  00  00  00  00  00  B1      30.8768
     0101      8   00  DC  00  00  00  00  01  F6      30.8834
     0102      8   60  00  00  00  00  00  00  B1      30.8837
     0100      8   80  00  00  00  00  00  00  A1      30.8848
     0100      8   A0  00  00  00  00  00  00  CE      30.8928
     0101      8   20  DD  00  00  00  00  01  DF      30.8934
     0102      8   A0  00  00  00  00  00  00  CE      30.8937
     0100      8   A0  00  00  00  00  00  00  CE      30.8979
     0101      8   40  DD  00  00  00  00  01  6E      30.9034
     0102      8   A0  00  00  00  00  00  00  CE      30.9037
     0100      8   C0  00  00  00  00  00  00  7F      30.9059
     0101      8   60  DE  00  00  00  00  01  CB      30.9134
     0102      8   C0  00  00  00  00  00  00  7F      30.9137
     0100      8   E0  00  00  00  00  00  00  10      30.9139
     0100      8   00  00  00  00  00  00  00  00      30.9219
     0101      8   80  DF  00  00  00  00  01  9D      30.9234
     0102      8   00  00  00  00  00  00  00  00      30.9237
     0100      8   00  00  00  00  00  00  00  00      30.9270
     0101      8   A0  E0  00  00  00  00  01  0B      30.9334
     0102      8   00  00  00  00  00  00  00  00      30.9337
     0100      8   20  00  00  00  00  00  00  6F      30.9350
     0100      8   40  00  00  00  00  00  00  DE      30.9430
     0101      8   C0  E1  00  00  00  00  01  FC      30.9434
     0102      8   20  00  00  00  00  00  00  6F      30.9437
     0501      8   0D  00  00  00  00  00  00  E6      30.9439
     0100      8   40  00  00  00  00  00  00  DE      30.9481
     0101      8   E0  E1  00  00  00  00  01  93      30.9534
     0102      8   40  00  00  00  00  00  00  DE      30.9537
     0100      8   60  00  00  00  00  00  00  B1      30.9561
     0101      8   00  E2  00  00  00  00  01  49      30.9634
     0102      8   60  00  00  00  00  00  00  B1      30.9637
     0100      8   80  00  00  00  00  00  00  A1      30.9640
     0100      8   A0  00  00  00  00  00  00  CE      30.9720
     0101      8   20  E2  00  00  00  00  01  26      30.9734
     0102      8   A0  00  00  00  00  00  00  CE      30.9737
     0100      8   A0  00  00  00  00  00  00  CE      30.9771
     0101      8   40  E3  00  00  00  00  01  D1      30.9834
     0102      8   A0  00  00  00  00  00  00  CE      30.9837
     0100      8   C0  00  00  00  00  00  00  7F      30.9851
     0100      8   E0  00  00  00  00  00  00  10      30.9931
     0101      8   60  E3  00  00  00  00  01  BE      30.9934
     0102      8   C0  00  00  00  00  00  00  7F      30.9937
     0100      8   E0  00  00  00  00  00  00  10      30.9982
     0101      8   80  E3  00  00  00  00  01  AE      31.0034
     0102      8   E0  00  00  00  00  00  00  10      31.0037
     0100      8   00  00  00  00  00  00  00  00      31.0062
     0101      8   A0  E4  00  00  00  00  01  0E      31.0134
     0102      8   00  00  00  00  00  00  00  00      31.0137
     0100      8   20  00  00  00  00  00  00  6F      31.0142
     0100      8   40  00  00  00  00  00  00  DE      31.0222
     0101      8   C0  E4  00  00  00  00  01  BF      31.0234
     0102      8   40  00  00  00  00  00  00  DE      31.0236
     0100      8   40  00  00  00  00  00  00  DE      31.0273
     0101      8   E0  E4  00  00  00  00  01  D0      31.0334
     0102      8   40  00  00  00  00  00  00  DE      31.0336
     0100      8   60  00  00  00  00  00  00  B1      31.0353
     0100      8   80  00  00  00  00  00  00  A1      31.0432
     0101      8   00  E4  00  00  00  00  01  C0      31.0435
     0102      8   60  00  00  00  00  00  00  B1      31.0437
     0501      8   0D  00  00  00  00  00  00  E6      31.0440
     0100      8   80  00  00  00  00  00  00  A1      31.0483
     0101      8   20  E4  00  00  00  00  01  AF      31.0534
     0102      8   80  00  00  00  00  00  00  A1      31.0536
     0100      8   A0  00  00  00  00  00  00  CE      31.0563
     0101      8   40  E4  00  00  00  00  01  1E      31.0634
     0102      8   A0  00  00  00  00  00  00  CE      31.0636
     0100      8   C0  00  00  00  00  00  00  7F      31.0643
     0100      8   E0  00  00  00  00  00  00  10      31.0723
     0101      8   60  E4  00  00  00  00  01  71      31.0734
     0102      8   E0  00  00  00  00  00  00  10      31.0736
     0100      8   E0  00  00  00  00  00  00  10      31.0774
     0101      8   80  E4  00  00  00  00  01  61      31.0834
     0102      8   E0  00  00  00  00  00  00  10      31.0836
     0100      8   00  00  00  00  00  00  00  00      31.0854
     0100      8   20  00  00  00  00  00  00  6F      31.0934
     0101      8   A0  E4  00  00  00  00  01  0E      31.0936
     0102      8   00  00  00  00  00  00  00  00      31.0939
     0100      8   20  00  00  00  00  00  00  6F      31.0985
     0101      8   C0  E4  00  00  00  00  01  BF      31.1034
     0102      8   20  00  00  00  00  00  00  6F      31.1036
     0100      8   40  00  00  00  00  00  00  DE      31.1065
     0101      8   E0  E4  00  00  00  00  01  D0      31.1134
     0102      8   40  00  00  00  00  00  00  DE      31.1136
     0100      8   60  00  00  00  00  00  00  B1      31.1145
     0100      8   80  00  00  00  00  00  00  A1      31.1225
     0101      8   00  E4  00  00  00  00  01  C0      31.1234
     0102      8   80  00  00  00  00  00  00  A1      31.1236
     0100      8   80  00  00  00  00  00  00  A1      31.1276
     0101      8   20  E5  00  00  00  00  01  E9      31.1334
     0102      8   80  00  00  00  00  00  00  A1      31.1336
     0100      8   A0  00  00  00  00  00  00  CE      31.1355
     0101      8   40  E5  00  00  00  00  01  58      31.1434
     0100      8   C0  00  00  00  00  00  00  7F      31.1436
     0102      8   A0  00  00  00  00  00  00  CE      31.1439
     0501      8   0D  00  00  00  00  00  00  E6      31.1441
     0100      8   E0  00  00  00  00  00  00  10      31.1515
     0101      8   60  E6  00  00  00  00  01  FD      31.1534
     0102      8   E0  00  00  00  00  00  00  10      31.1536
     0100      8   E0  00  00  00  00  00  00  10      31.1566
     0101      8   80  E7  00  00  00  00  01  AB      31.1634
     0102      8   E0  00  00  00  00  00  00  10      31.1636
     0100      8   00  00  00  00  00  00  00  00      31.1646
     0100      8   20  00  00  00  00  00  00  6F      31.1726
     0101      8   A0  E7  00  00  00  00  01  C4      31.1734
     0102      8   20  00  00  00  00  00  00  6F      31.1736
     0100      8   20  00  00  00  00  00  00  6F      31.1777
     0101      8   C0  E8  00  00  00  00  01  B0      31.1834
     0102      8   20  00  00  00  00  00  00  6F      31.1836
     0100      8   40  00  00  00  00  00  00  DE      31.1857
     0101      8   E0  E9  00  00  00  00  01  99      31.1934
     0102      8   40  00  00  00  00  00  00  DE      31.1936
     0100      8   60  00  00  00  00  00  00  B1      31.1939
     0100      8   80  00  00  00  00  00  00  A1      31.2017
     0101      8   00  EA  00  00  00  00  01  43      31.2034
     0102      8   80  00  00  00  00  00  00  A1      31.2036
     0100      8   80  00  00  00  00  00  00  A1      31.2068
     0101      8   20  EB  00  00  00  00  01  6A      31.2134
     0102      8   80  00  00  00  00  00  00  A1      31.2136
     0100      8   A0  00  00  00  00  00  00  CE      31.2147
     0100      8   C0  00  00  00  00  00  00  7F      31.2227
     0101      8   40  EB  00  00  00  00  01  DB      31.2234
     0102      8   C0  00  00  00  00  00  00  7F      31.2236
     0100      8   C0  00  00  00  00  00  00  7F      31.2278
     0101      8   60  EC  00  00  00  00  01  7B      31.2334
     0102      8   C0  00  00  00  00  00  00  7F      31.2336
     0100      8   E0  00  00  00  00  00  00  10      31.2358
     0101      8   80  EC  00  00  00  00  01  6B      31.2434
     0102      8   E0  00  00  00  00  00  00  10      31.2436
     0100      8   00  00  00  00  00  00  00  00      31.2439
     0501      8   0D  00  00  00  00  00  00  E6      31.2441
     0100      8   20  00  00  00  00  00  00  6F      31.2518
     0101      8   A0  EC  00  00  00  00  01  04      31.2534
     0102      8   20  00  00  00  00  00  00  6F      31.2536
     0100      8   20  00  00  00  00  00  00  6F      31.2569
     0101      8   C0  ED  00  00  00  00  01  F3      31.2634
     0102      8   20  00  00  00  00  00  00  6F      31.2636
     0100      8   40  00  00  00  00  00  00  DE      31.2649
     0100      8   60  00  00  00  00  00  00  B1      31.2729
     0101      8   E0  ED  00  00  00  00  01  9C      31.2734
     0102      8   40  00  00  00  00  00  00  DE      31.2736
     0100      8   60  00  00  00  00  00  00  B1      31.2780
     0101      8   00  ED  00  00  00  00  01  8C      31.2834
     0102      8   60  00  00  00  00  00  00  B1      31.2836
     0100      8   80  00  00  00  00  00  00  A1      31.2860
     0101      8   20  ED  00  00  00  00  01  E3      31.2934
     0102      8   80  00  00  00  00  00  00  A1      31.2936
     0100      8   A0  00  00  00  00  00  00  CE      31.2940
     0100      8   C0  00  00  00  00  00  00  7F      31.3019
     0101      8   40  EE  00  00  00  00  01  98      31.3034
     0102      8   C0  00  00  00  00  00  00  7F      31.3036
     0100      8   C0  00  00  00  00  00  00  7F      31.3070
     0101      8   60  EE  00  00  00  00  01  F7      31.3134
     0102      8   C0  00  00  00  00  00  00  7F      31.3136
     0100      8   E0  00  00  00  00  00  00  10      31.3150
     0100      8   00  00  00  00  00  00  00  00      31.3230
     0101      8   80  EE  00  00  00  00  01  E7      31.3234
     0102      8   E0  00  00  00  00  00  00  10      31.3236
     0100      8   00  00  00  00  00  00  00  00      31.3281
     0101      8   A0  EE  00  00  00  00  01  88      31.3334
     0102      8   00  00  00  00  00  00  00  00      31.3336
     0100      8   20  00  00  00  00  00  00  6F      31.3361
     0101      8   C0  EE  00  00  00  00  01  39      31.3434
     0102      8   20  00  00  00  00  00  00  6F      31.3436
     0501      8   0D  00  00  00  00  00  00  E6      31.3438
     0100      8   40  00  00  00  00  00  00  DE      31.3441
     0100      8   60  00  00  00  00  00  00  B1      31.3521
     0101      8   E0  EE  00  00  00  00  01  56      31.3534
     0102      8   60  00  00  00  00  00  00  B1      31.3536
     0100      8   60  00  00  00  00  00  00  B1      31.3572
     0101      8   00  EE  00  00  00  00  01  46      31.3634
     0102      8   60  00  00  00  00  00  00  B1      31.3636
     0100      8   80  00  00  00  00  00  00  A1      31.3652
     0100      8   A0  00  00  00  00  00  00  CE      31.3732
     0101      8   20  EE  00  00  00  00  01  29      31.3734
     0102      8   80  00  00  00  00  00  00  A1      31.3737
     0100      8   A0  00  00  00  00  00  00  CE      31.3783
     0101      8   40  EE  00  00  00  00  01  98      31.3834
     0102      8   A0  00  00  00  00  00  00  CE      31.3836
     0100      8   C0  00  00  00  00  00  00  7F      31.3863
     0101      8   60  EE  00  00  00  00  01  F7      31.3934
     0102      8   C0  00  00  00  00  00  00  7F      31.3936
     0100      8   E0  00  00  00  00  00  00  10      31.3942
     0100      8   00  00  00  00  00  00  00  00      31.4022
     0101      8   80  EE  00  00  00  00  01  E7      31.4033
     0102      8   00  00  00  00  00  00  00  00      31.4036
     0100      8   00  00  00  00  00  00  00  00      31.4073
     0101      8   A0  EE  00  00  00  00  01  88      31.4133
     0102      8   00  00  00  00  00  00  00  00      31.4136
     0100      8   20  00  00  00  00  00  00  6F      31.4153
     0100      8   40  00  00  00  00  00  00  DE      31.4233
     0101      8   C0  EE  00  00  00  00  01  39      31.4236
     0102      8   20  00  00  00  00  00  00  6F      31.4238
     0100      8   40  00  00  00  00  00  00  DE      31.4284
     0101      8   E0  EF  00  00  00  00  01  10      31.4333
     0102      8   40  00  00  00  00  00  00  DE      31.4336
     0100      8   60  00  00  00  00  00  00  B1      31.4364
     0101      8   00  EF  00  00  00  00  01  00      31.4433
     0102      8   60  00  00  00  00  00  00  B1      31.4436
     0501      8   0D  00  00  00  00  00  00  E6      31.4438
     0100      8   80  00  00  00  00  00  00  A1      31.4444
     0100      8   A0  00  00  00  00  00  00  CE      31.4524
     0101      8   20  F1  00  00  00  00  01  F8      31.4533
     0102      8   A0  00  00  00  00  00  00  CE      31.4536
     0100      8   A0  00  00  00  00  00  00  CE      31.4575
     0101      8   40  F2  00  00  00  00  01  83      31.4633
     0102      8   A0  00  00  00  00  00  00  CE      31.4636
     0100      8   C0  00  00  00  00  00  00  7F      31.4655
     0101      8   60  F2  00  00  00  00  01  EC      31.4733
     0100      8   E0  00  00  00  00  00  00  10      31.4736
     0102      8   C0  00  00  00  00  00  00  7F      31.4738
     0100      8   00  00  00  00  00  00  00  00      31.4814
     0101      8   80  F3  00  00  00  00  01  BA      31.4833
     0102      8   00  00  00  00  00  00  00  00      31.4836
     0100      8   00  00  00  00  00  00  00  00      31.4865
     0101      8   A0  F4  00  00  00  00  01  1A      31.4933
     0102      8   00  00  00  00  00  00  00  00      31.4936
     0100      8   20  00  00  00  00  00  00  6F      31.4945
     0100      8   40  00  00  00  00  00  00  DE      31.5025
     0101      8   C0  F5  00  00  00  00  01  ED      31.5033
     0102      8   40  00  00  00  00  00  00  DE      31.5036
     0100      8   40  00  00  00  00  00  00  DE      31.5076
     0101      8   E0  F6  00  00  00  00  01  48      31.5133
     0102      8   40  00  00  00  00  00  00  DE      31.5136
     0100      8   60  00  00  00  00  00  00  B1      31.5156
     0101      8   00  F7  00  00  00  00  01  1E      31.5233
     0102      8   60  00  00  00  00  00  00  B1      31.5236
     0100      8   80  00  00  00  00  00  00  A1      31.5238
     0100      8   A0  00  00  00  00  00  00  CE      31.5316
     0101      8   20  F7  00  00  00  00  01  71      31.5333
     0102      8   A0  00  00  00  00  00  00  CE      31.5336
     0100      8   A0  00  00  00  00  00  00  CE      31.5367
     0101      8   40  F8  00  00  00  00  01  05      31.5433
     0102      8   A0  00  00  00  00  00  00  CE      31.5436
     0501      8   0D  00  00  00  00  00  00  E6      31.5438
     0100      8   C0  00  00  00  00  00  00  7F      31.5447
     0100      8   E0  00  00  00  00  00  00  10      31.5527
     0101      8   60  F8  00  00  00  00  01  6A      31.5533
     0102      8   E0  00  00  00  00  00  00  10      31.5536
     0100      8   E0  00  00  00  00  00  00  10      31.5578
     0101      8   80  F9  00  00  00  00  01  3C      31.5633
     0102      8   E0  00  00  00  00  00  00  10      31.5636
     0100      8   00  00  00  00  00  00  00  00      31.5657
     0101      8   A0  F9  00  00  00  00  01  53      31.5733
     0102      8   00  00  00  00  00  00  00  00      31.5736
     0100      8   20  00  00  00  00  00  00  6F      31.5738
     0100      8   40  00  00  00  00  00  00  DE      31.5817
     0101      8   C0  F9  00  00  00  00  01  E2      31.5833
     0102      8   40  00  00  00  00  00  00  DE      31.5836
     0100      8   40  00  00  00  00  00  00  DE      31.5868
     0101      8   E0  F9  00  00  00  00  01  8D      31.5933
     0102      8   40  00  00  00  00  00  00  DE      31.5936
     0100      8   60  00  00  00  00  00  00  B1      31.5948
     0100      8   80  00  00  00  00  00  00  A1      31.6028
     0101      8   00  F9  00  00  00  00  01  9D      31.6033
     0102      8   80  00  00  00  00  00  00  A1      31.6036
     0100      8   80  00  00  00  00  00  00  A1      31.6079
     0101      8   20  F9  00  00  00  00  01  F2      31.6133
     0102      8   80  00  00  00  00  00  00  A1      31.6136
     0100      8   A0  00  00  00  00  00  00  CE      31.6159
     0101      8   40  FA  00  00  00  00  01  89      31.6233
     0102      8   A0  00  00  00  00  00  00  CE      31.6236
     0100      8   C0  00  00  00  00  00  00  7F      31.6239
     0100      8   E0  00  00  00  00  00  00  10      31.6319
     0101      8   60  FA  00  00  00  00  01  E6      31.6333
     0102      8   E0  00  00  00  00  00  00  10      31.6336
     0100      8   E0  00  00  00  00  00  00  10      31.6370
     0101      8   80  FA  00  00  00  00  01  F6      31.6433
     0102      8   E0  00  00  00  00  00  00  10      31.6436
     0501      8   0D  00  00  00  00  00  00  E6      31.6438
     0100      8   00  00  00  00  00  00  00  00      31.6450
     0100      8   20  00  00  00  00  00  00  6F      31.6529
     0101      8   A0  FA  00  00  00  00  01  99      31.6533
     0102      8   00  00  00  00  00  00  00  00      31.6536
     0100      8   20  00  00  00  00  00  00  6F      31.6580
     0101      8   C0  FA  00  00  00  00  01  28      31.6633
     0102      8   20  00  00  00  00  00  00  6F      31.6636
     0100      8   40  00  00  00  00  00  00  DE      31.6660
     0101      8   E0  FA  00  00  00  00  01  47      31.6733
     0102      8   40  00  00  00  00  00  00  DE      31.6736
     0100      8   60  00  00  00  00  00  00  B1      31.6740
     0100      8   80  00  00  00  00  00  00  A1      31.6820
     0101      8   00  FA  00  00  00  00  01  57      31.6833
     0102      8   80  00  00  00  00  00  00  A1      31.6836
     0100      8   80  00  00  00  00  00  00  A1      31.6871
     0101      8   20  FA  00  00  00  00  01  38      31.6933
     0102      8   80  00  00  00  00  00  00  A1      31.6936
     0100      8   A0  00  00  00  00  00  00  CE      31.6951
     0100      8   C0  00  00  00  00  00  00  7F      31.7031
     0101      8   40  FA  00  00  00  00  01  89      31.7033
     0102      8   A0  00  00  00  00  00  00  CE      31.7036
     0100      8   C0  00  00  00  00  00  00  7F      31.7082
     0101      8   60  FA  00  00  00  00  01  E6      31.7133
     0102      8   C0  00  00  00  00  00  00  7F      31.7136
     0100      8   E0  00  00  00  00  00  00  10      31.7162
     0101      8   80  FA  00  00  00  00  01  F6      31.7233
     0102      8   E0  00  00  00  00  00  00  10      31.7236
     0100      8   00  00  00  00  00  00  00  00      31.7242
     0100      8   20  00  00  00  00  00  00  6F      31.7321
     0101      8   A0  FB  00  00  00  00  01  DF      31.7333
     0102      8   20  00  00  00  00  00  00  6F      31.7336
     0100      8   20  00  00  00  00  00  00  6F      31.7372
     0101      8   C0  FB  00  00  00  00  01  6E      31.7433
     0102      8   20  00  00  00  00  00  00  6F      31.7435
     0501      8   0D  00  00  00  00  00  00  E6      31.7438
     0100      8   40  00  00  00  00  00  00  DE      31.7452
     0100      8   60  00  00  00  00  00  00  B1      31.7532
     0101      8   E0  FC  00  00  00  00  01  CE      31.7535
     0102      8   40  00  00  00  00  00  00  DE      31.7537
     0100      8   60  00  00  00  00  00  00  B1      31.7583
     0101      8   00  FD  00  00  00  00  01  98      31.7633
     0102      8   60  00  00  00  00  00  00  B1      31.7635
     0100      8   80  00  00  00  00  00  00  A1      31.7663
     0101      8   20  FE  00  00  00  00  01  3D      31.7733
     0102      8   80  00  00  00  00  00  00  A1      31.7735
     0100      8   A0  00  00  00  00  00  00  CE      31.7743
     0100      8   C0  00  00  00  00  00  00  7F      31.7823
     0101      8   40  FF  00  00  00  00  01  CA      31.7833
     0102      8   C0  00  00  00  00  00  00  7F      31.7835
     0100      8   C0  00  00  00  00  00  00  7F      31.7874
     0101      8   61  00  00  00  00  00  01  F1      31.7933
     0102      8   C0  00  00  00  00  00  00  7F      31.7935
     0100      8   E0  00  00  00  00  00  00  10      31.7954
     0101      8   81  01  00  00  00  00  01  A7      31.8033
     0100      8   00  00  00  00  00  00  00  00      31.8035
     0102      8   E0  00  00  00  00  00  00  10      31.8038
     0100      8   20  00  00  00  00  00  00  6F      31.8114
     0101      8   A1  02  00  00  00  00  01  02      31.8133
     0102      8   20  00  00  00  00  00  00  6F      31.8135
     0100      8   20  00  00  00  00  00  00  6F      31.8165
     0101      8   C1  02  00  00  00  00  01  B3      31.8233
     0102      8   20  00  00  00  00  00  00  6F      31.8235
     0100      8   40  00  00  00  00  00  00  DE      31.8244
     0100      8   60  00  00  00  00  00  00  B1      31.8324
     0101      8   E1  03  00  00  00  00  01  9A      31.8333
     0102      8   60  00  00  00  00  00  00  B1      31.8335
     0100      8   60  00  00  00  00  00  00  B1      31.8375
     0101      8   01  04  00  00  00  00  01  45      31.8433
     0102      8   60  00  00  00  00  00  00  B1      31.8435
     0501      8   0D  00  00  00  00  00  00  E6      31.8438
     0100      8   80  00  00  00  00  00  00  A1      31.8455
     0101      8   21  04  00  00  00  00  01  2A      31.8533
     0100      8   A0  00  00  00  00  00  00  CE      31.8535
     0102      8   80  00  00  00  00  00  00  A1      31.8538
     0100      8   C0  00  00  00  00  00  00  7F      31.8615
     0101      8   41  05  00  00  00  00  01  DD      31.8633
     0102      8   C0  00  00  00  00  00  00  7F      31.8635
     0100      8   C0  00  00  00  00  00  00  7F      31.8666
     0101      8   61  05  00  00  00  00  01  B2      31.8733
     0102      8   C0  00  00  00  00  00  00  7F      31.8735
     0100      8   E0  00  00  00  00  00  00  10      31.8746
     0100      8   00  00  00  00  00  00  00  00      31.8826
     0101      8   81  05  00  00  00  00  01  A2      31.8833
     0102      8   00  00  00  00  00  00  00  00      31.8835
     0100      8   00  00  00  00  00  00  00  00      31.8877
     0101      8   A1  05  00  00  00  00  01  CD      31.8933
     0102      8   00  00  00  00  00  00  00  00      31.8935
     0100      8   20  00  00  00  00  00  00  6F      31.8957
     0101      8   C1  05  00  00  00  00  01  7C      31.9033
     0102      8   20  00  00  00  00  00  00  6F      31.9035
     0100      8   40  00  00  00  00  00  00  DE      31.9038
     0100      8   60  00  00  00  00  00  00  B1      31.9116
     0101      8   E1  06  00  00  00  00  01  D9      31.9133
     0102      8   60  00  00  00  00  00  00  B1      31.9135
     0100      8   60  00  00  00  00  00  00  B1      31.9167
     0101      8   01  06  00  00  00  00  01  C9      31.9233
     0102      8   60  00  00  00  00  00  00  B1      31.9235
     0100      8   80  00  00  00  00  00  00  A1      31.9247
     0100      8   A0  00  00  00  00  00  00  CE      31.9327
     0101      8   21  06  00  00  00  00  01  A6      31.9333
     0102      8   A0  00  00  00  00  00  00  CE      31.9335
     0100      8   A0  00  00  00  00  00  00  CE      31.9378
     0101      8   41  06  00  00  00  00  01  17      31.9433
     0102      8   A0  00  00  00  00  00  00  CE      31.9435
     0501      8   0D  00  00  00  00  00  00  E6      31.9438
     0100      8   C0  00  00  00  00  00  00  7F      31.9458
     0101      8   61  06  00  00  00  00  01  78      31.9533
     0102      8   C0  00  00  00  00  00  00  7F      31.9535
     0100      8   E0  00  00  00  00  00  00  10      31.9538
     0100      8   00  00  00  00  00  00  00  00      31.9618
     0101      8   81  06  00  00  00  00  01  68      31.9633
     0102      8   00  00  00  00  00  00  00  00      31.9635
     0100      8   00  00  00  00  00  00  00  00      31.9669
     0101      8   A1  06  00  00  00  00  01  07      31.9733
     0102      8   00  00  00  00  00  00  00  00      31.9735
     0100      8   20  00  00  00  00  00  00  6F      31.9749
     0100      8   40  00  00  00  00  00  00  DE      31.9828
     0101      8   C1  06  00  00  00  00  01  B6      31.9833
     0102      8   20  00  00  00  00  00  00  6F      31.9835
     0100      8   40  00  00  00  00  00  00  DE      31.9879
     0101      8   E1  06  00  00  00  00  01  D9      31.9933
     0102      8   40  00  00  00  00  00  00  DE      31.9935
     0100      8   60  00  00  00  00  00  00  B1      31.9959
     0101      8   01  06  00  00  00  00  01  C9      32.0033
     0102      8   60  00  00  00  00  00  00  B1      32.0035
     0100      8   80  00  00  00  00  00  00  A1      32.0039
     0100      8   A0  00  00  00  00  00  00  CE      32.0119
     0101      8   21  06  00  00  00  00  01  A6      32.0133
     0102      8   A0  00  00  00  00  00  00  CE      32.0135
     0100      8   A0  00  00  00  00  00  00  CE      32.0170
     0101      8   41  06  00  00  00  00  01  17      32.0233
     0102      8   A0  00  00  00  00  00  00  CE      32.0235
     0100      8   C0  00  00  00  00  00  00  7F      32.0250
     0100      8   E0  00  00  00  00  00  00  10      32.0330
     0101      8   61  07  00  00  00  00  01  3E      32.0333
     0102      8   C0  00  00  00  00  00  00  7F      32.0335
     0100      8   E0  00  00  00  00  00  00  10      32.0381
     0101      8   81  07  00  00  00  00  01  2E      32.0433
     0102      8   E0  00  00  00  00  00  00  10      32.0435
     0501      8   0D  00  00  00  00  00  00  E6      32.0438
     0100      8   00  00  00  00  00  00  00  00      32.0461
     0101      8   A1  08  00  00  00  00  01  84      32.0533
     0102      8   00  00  00  00  00  00  00  00      32.0535
     0100      8   20  00  00  00  00  00  00  6F      32.0541
     0100      8   40  00  00  00  00  00  00  DE      32.0621
     0101      8   C1  09  00  00  00  00  01  73      32.0633
     0102      8   40  00  00  00  00  00  00  DE      32.0635
     0100      8   40  00  00  00  00  00  00  DE      32.0672
     0101      8   E1  0A  00  00  00  00  01  D6      32.0733
     0102      8   40  00  00  00  00  00  00  DE      32.0735
     0100      8   60  00  00  00  00  00  00  B1      32.0751
     0100      8   80  00  00  00  00  00  00  A1      32.0831
     0101      8   01  0B  00  00  00  00  01  80      32.0834
     0102      8   60  00  00  00  00  00  00  B1      32.0836
     0100      8   80  00  00  00  00  00  00  A1      32.0882
     0101      8   21  0C  00  00  00  00  01  20      32.0933
     0102      8   80  00  00  00  00  00  00  A1      32.0935
     0100      8   A0  00  00  00  00  00  00  CE      32.0962
     0101      8   41  0D  00  00  00  00  01  D7      32.1033
     0102      8   A0  00  00  00  00  00  00  CE      32.1035
     0100      8   C0  00  00  00  00  00  00  7F      32.1042
     0100      8   E0  00  00  00  00  00  00  10      32.1122
     0101      8   61  0E  00  00  00  00  01  72      32.1132
     0102      8   E0  00  00  00  00  00  00  10      32.1135
     0100      8   E0  00  00  00  00  00  00  10      32.1173
     0101      8   81  0F  00  00  00  00  01  24      32.1232
     0102      8   E0  00  00  00  00  00  00  10      32.1235
     0100      8   00  00  00  00  00  00  00  00      32.1253
     0101      8   A1  0F  00  00  00  00  01  4B      32.1332
     0100      8   20  00  00  00  00  00  00  6F      32.1335
     0102      8   00  00  00  00  00  00  00  00      32.1337
     0100      8   40  00  00  00  00  00  00  DE      32.1413
     0101      8   C1  0F  00  00  00  00  01  FA      32.1432
     0102      8   40  00  00  00  00  00  00  DE      32.1435
     0501      8   0D  00  00  00  00  00  00  E6      32.1437
     0100      8   40  00  00  00  00  00  00  DE      32.1464
     0101      8   E1  10  00  00  00  00  01  44      32.1532
     0102      8   40  00  00  00  00  00  00  DE      32.1535
     0100      8   60  00  00  00  00  00  00  B1      32.1544
     0100      8   80  00  00  00  00  00  00  A1      32.1623
     0101      8   01  10  00  00  00  00  01  54      32.1632
     0102      8   80  00  00  00  00  00  00  A1      32.1635
     0100      8   80  00  00  00  00  00  00  A1      32.1674
     0101      8   21  10  00  00  00  00  01  3B      32.1732
     0102      8   80  00  00  00  00  00  00  A1      32.1735
     0100      8   A0  00  00  00  00  00  00  CE      32.1754
     0101      8   41  11  00  00  00  00  01  CC      32.1832
     0100      8   C0  00  00  00  00  00  00  7F      32.1835
     0102      8   A0  00  00  00  00  00  00  CE      32.1837
     0100      8   E0  00  00  00  00  00  00  10      32.1914
     0101      8   61  11  00  00  00  00  01  A3      32.1932
     0102      8   E0  00  00  00  00  00  00  10      32.1935
     0100      8   E0  00  00  00  00  00  00  10      32.1965
     0101      8   81  11  00  00  00  00  01  B3      32.2032
     0102      8   E0  00  00  00  00  00  00  10      32.2035
     0100      8   00  00  00  00  00  00  00  00      32.2045
     0100      8   20  00  00  00  00  00  00  6F      32.2125
     0101      8   A1  11  00  00  00  00  01  DC      32.2132
     0102      8   20  00  00  00  00  00  00  6F      32.2135
     0100      8   20  00  00  00  00  00  00  6F      32.2176
     0101      8   C1  11  00  00  00  00  01  6D      32.2232
     0102      8   20  00  00  00  00  00  00  6F      32.2235
     0100      8   40  00  00  00  00  00  00  DE      32.2256
     0101      8   E1  11  00  00  00  00  01  02      32.2332
     0102      8   40  00  00  00  00  00  00  DE      32.2335
     0100      8   60  00  00  00  00  00  00  B1      32.2337
     0100      8   80  00  00  00  00  00  00  A1      32.2415
     0101      8   01  11  00  00  00  00  01  12      32.2432
     0102      8   80  00  00  00  00  00  00  A1      32.2435
     0501      8   0D  00  00  00  00  00  00  E6      32.2437
     0100      8   80  00  00  00  00  00  00  A1      32.2466
     0101      8   21  11  00  00  00  00  01  7D      32.2532
     0102      8   80  00  00  00  00  00  00  A1      32.2535
     0100      8   A0  00  00  00  00  00  00  CE      32.2546
     0100      8   C0  00  00  00  00  00  00  7F      32.2626
     0101      8   41  11  00  00  00  00  01  CC      32.2632
     0102      8   C0  00  00  00  00  00  00  7F      32.2635
     0100      8   C0  00  00  00  00  00  00  7F      32.2677
     0101      8   61  11  00  00  00  00  01  A3      32.2732
     0102      8   C0  00  00  00  00  00  00  7F      32.2735
     0100      8   E0  00  00  00  00  00  00  10      32.2757
     0101      8   81  11  00  00  00  00  01  B3      32.2832
     0102      8   E0  00  00  00  00  00  00  10      32.2835
     0100      8   00  00  00  00  00  00  00  00      32.2837
     0100      8   20  00  00  00  00  00  00  6F      32.2917
     0101      8   A1  11  00  00  00  00  01  DC      32.2932
     0102      8   20  00  00  00  00  00  00  6F      32.2935
     0100      8   20  00  00  00  00  00  00  6F      32.2968
     0101      8   C1  11  00  00  00  00  01  6D      32.3032
     0102      8   20  00  00  00  00  00  00  6F      32.3035
     0100      8   40  00  00  00  00  00  00  DE      32.3048
     0100      8   60  00  00  00  00  00  00  B1      32.3128
     0101      8   E1  11  00  00  00  00  01  02      32.3132
     0102      8   40  00  00  00  00  00  00  DE      32.3135
     0100      8   60  00  00  00  00  00  00  B1      32.3179
     0101      8   01  12  00  00  00  00  01  D8      32.3232
     0102      8   60  00  00  00  00  00  00  B1      32.3235
     0100      8   80  00  00  00  00  00  00  A1      32.3259
     0101      8   21  12  00  00  00  00  01  B7      32.3332
     0102      8   80  00  00  00  00  00  00  A1      32.3335
     0100      8   A0  00  00  00  00  00  00  CE      32.3338
     0100      8   C0  00  00  00  00  00  00  7F      32.3418
     0101      8   41  12  00  00  00  00  01  06      32.3432
     0102      8   C0  00  00  00  00  00  00  7F      32.3435
     0501      8   0D  00  00  00  00  00  00  E6      32.3437
     0100      8   C0  00  00  00  00  00  00  7F      32.3469
     0101      8   61  13  00  00  00  00  01  2F      32.3532
     0102      8   C0  00  00  00  00  00  00  7F      32.3535
     0100      8   E0  00  00  00  00  00  00  10      32.3549
     0100      8   00  00  00  00  00  00  00  00      32.3629
     0101      8   81  13  00  00  00  00  01  3F      32.3632
     0102      8   E0  00  00  00  00  00  00  10      32.3635
     0100      8   00  00  00  00  00  00  00  00      32.3680
     0101      8   A1  14  00  00  00  00  01  9F      32.3732
     0102      8   00  00  00  00  00  00  00  00      32.3735
     0100      8   20  00  00  00  00  00  00  6F      32.3760
     0101      8   C1  15  00  00  00  00  01  68      32.3832
     0102      8   20  00  00  00  00  00  00  6F      32.3835
     0100      8   40  00  00  00  00  00  00  DE      32.3840
     0100      8   60  00  00  00  00  00  00  B1      32.3920
     0101      8   E1  15  00  00  00  00  01  07      32.3932
     0102      8   60  00  00  00  00  00  00  B1      32.3935
     0100      8   60  00  00  00  00  00  00  B1      32.3971
     0101      8   01  16  00  00  00  00  01  DD      32.4032
     0102      8   60  00  00  00  00  00  00  B1      32.4035
     0100      8   80  00  00  00  00  00  00  A1      32.4051
     0100      8   A0  00  00  00  00  00  00  CE      32.4130
     0101      8   21  17  00  00  00  00  01  F4      32.4133
     0102      8   80  00  00  00  00  00  00  A1      32.4135
     0100      8   A0  00  00  00  00  00  00  CE      32.4181
     0101      8   41  18  00  00  00  00  01  80      32.4232
     0102      8   A0  00  00  00  00  00  00  CE      32.4235
     0100      8   C0  00  00  00  00  00  00  7F      32.4261
     0101      8   61  19  00  00  00  00  01  A9      32.4332
     0102      8   C0  00  00  00  00  00  00  7F      32.4335
     0100      8   E0  00  00  00  00  00  00  10      32.4341
     0100      8   00  00  00  00  00  00  00  00      32.4421
     0101      8   81  19  00  00  00  00  01  B9      32.4432
     0102      8   00  00  00  00  00  00  00  00      32.4434
     0501      8   0D  00  00  00  00  00  00  E6      32.4437
     0100      8   00  00  00  00  00  00  00  00      32.4472
     0101      8   A1  1A  00  00  00  00  01  1C      32.4532
     0102      8   00  00  00  00  00  00  00  00      32.4534
     0100      8   20  00  00  00  00  00  00  6F      32.4552
     0100      8   40  00  00  00  00  00  00  DE      32.4632
     0101      8   C1  1A  00  00  00  00  01  AD      32.4634
     0102      8   20  00  00  00  00  00  00  6F      32.4637
     0100      8   40  00  00  00  00  00  00  DE      32.4683
     0101      8   E1  1A  00  00  00  00  01  C2      32.4732
     0102      8   40  00  00  00  00  00  00  DE      32.4734
     0100      8   60  00  00  00  00  00  00  B1      32.4763
     0101      8   01  1B  00  00  00  00  01  94      32.4832
     0102      8   60  00  00  00  00  00  00  B1      32.4834
     0100      8   80  00  00  00  00  00  00  A1      32.4843
     0100      8   A0  00  00  00  00  00  00  CE      32.4923
     0101      8   21  1B  00  00  00  00  01  FB      32.4932
     0102      8   A0  00  00  00  00  00  00  CE      32.4934
     0100      8   A0  00  00  00  00  00  00  CE      32.4974
     0101      8   41  1B  00  00  00  00  01  4A      32.5032
     0102      8   A0  00  00  00  00  00  00  CE      32.5034
     0100      8   C0  00  00  00  00  00  00  7F      32.5053
     0101      8   61  1B  00  00  00  00  01  25      32.5132
     0100      8   E0  00  00  00  00  00  00  10      32.5134
     0102      8   C0  00  00  00  00  00  00  7F      32.5137
     0100      8   00  00  00  00  00  00  00  00      32.5213
     0101      8   81  1B  00  00  00  00  01  35      32.5232
     0102      8   00  00  00  00  00  00  00  00      32.5234
     0100      8   00  00  00  00  00  00  00  00      32.5264
     0101      8   A1  1B  00  00  00  00  01  5A      32.5332
     0102      8   00  00  00  00  00  00  00  00      32.5334
     0100      8   20  00  00  00  00  00  00  6F      32.5344
     0100      8   40  00  00  00  00  00  00  DE      32.5424
     0101      8   C1  1B  00  00  00  00  01  EB      32.5432
     0102      8   40  00  00  00  00  00  00  DE      32.5434
     0501      8   0D  00  00  00  00  00  00  E6      32.5437
     0100      8   40  00  00  00  00  00  00  DE      32.5475
     0101      8   E1  1B  00  00  00  00  01  84      32.5532
     0102      8   40  00  00  00  00  00  00  DE      32.5534
     0100      8   60  00  00  00  00  00  00  B1      32.5555
     0101      8   01  1C  00  00  00  00  01  5B      32.5632
     0102      8   60  00  00  00  00  00  00  B1      32.5634
     0100      8   80  00  00  00  00  00  00  A1      32.5637
     0100      8   A0  00  00  00  00  00  00  CE      32.5715
     0101      8   21  1C  00  00  00  00  01  34      32.5732
     0102      8   A0  00  00  00  00  00  00  CE      32.5734
     0100      8   A0  00  00  00  00  00  00  CE      32.5766
     0101      8   41  1C  00  00  00  00  01  85      32.5832
     0102      8   A0  00  00  00  00  00  00  CE      32.5834
     0100      8   C0  00  00  00  00  00  00  7F      32.5846
     0100      8   E0  00  00  00  00  00  00  10      32.5925
     0101      8   61  1C  00  00  00  00  01  EA      32.5932
     0102      8   E0  00  00  00  00  00  00  10      32.5934
     0100      8   E0  00  00  00  00  00  00  10      32.5976
     0101      8   81  1C  00  00  00  00  01  FA      32.6032
     0102      8   E0  00  00  00  00  00  00  10      32.6034
     0100      8   00  00  00  00  00  00  00  00      32.6056
     0101      8   A1  1C  00  00  00  00  01  95      32.6132
     0102      8   00  00  00  00  00  00  00  00      32.6134
     0100      8   20  00  00  00  00  00  00  6F      32.6137
     0100      8   40  00  00  00  00  00  00  DE      32.6216
     0101      8   C1  1C  00  00  00  00  01  24      32.6232
     0102      8   40  00  00  00  00  00  00  DE      32.6234
     0100      8   40  00  00  00  00  00  00  DE      32.6267
     0101      8   E1  1C  00  00  00  00  01  4B      32.6332
     0102      8   40  00  00  00  00  00  00  DE      32.6334
     0100      8   60  00  00  00  00  00  00  B1      32.6347
     0100      8   80  00  00  00  00  00  00  A1      32.6427
     0101      8   01  1C  00  00  00  00  01  5B      32.6432
     0102      8   60  00  00  00  00  00  00  B1      32.6434
     0501      8   0D  00  00  00  00  00  00  E6      32.6437
     0100      8   80  00  00  00  00  00  00  A1      32.6478
     0101      8   21  1C  00  00  00  00  01  34      32.6532
     0102      8   80  00  00  00  00  00  00  A1      32.6534
     0100      8   A0  00  00  00  00  00  00  CE      32.6558
     0101      8   41  1C  00  00  00  00  01  85      32.6632
     0102      8   A0  00  00  00  00  00  00  CE      32.6634
     0100      8   C0  00  00  00  00  00  00  7F      32.6638
     0100      8   E0  00  00  00  00  00  00  10      32.6717
     0101      8   61  1D  00  00  00  00  01  AC      32.6732
     0102      8   E0  00  00  00  00  00  00  10      32.6734
     0100      8   E0  00  00  00  00  00  00  10      32.6768
     0101      8   81  1D  00  00  00  00  01  BC      32.6832
     0102      8   E0  00  00  00  00  00  00  10      32.6834
     0100      8   00  00  00  00  00  00  00  00      32.6848
     0100      8   20  00  00  00  00  00  00  6F      32.6928
     0101      8   A1  1E  00  00  00  00  01  19      32.6932
     0102      8   00  00  00  00  00  00  00  00      32.6934
     0100      8   20  00  00  00  00  00  00  6F      32.6979
     0101      8   C1  1E  00  00  00  00  01  A8      32.7032
     0102      8   20  00  00  00  00  00  00  6F      32.7034
     0100      8   40  00  00  00  00  00  00  DE      32.7059
     0101      8   E1  1F  00  00  00  00  01  81      32.7132
     0102      8   40  00  00  00  00  00  00  DE      32.7134
     0100      8   60  00  00  00  00  00  00  B1      32.7139
     0100      8   80  00  00  00  00  00  00  A1      32.7219
     0101      8   01  1F  00  00  00  00  01  91      32.7232
     0102      8   80  00  00  00  00  00  00  A1      32.7234
     0100      8   80  00  00  00  00  00  00  A1      32.7270
     0101      8   21  20  00  00  00  00  01  07      32.7332
     0102      8   80  00  00  00  00  00  00  A1      32.7334
     0100      8   A0  00  00  00  00  00  00  CE      32.7350
     0100      8   C0  00  00  00  00  00  00  7F      32.7430
     0101      8   41  20  00  00  00  00  01  B6      32.7432
     0102      8   A0  00  00  00  00  00  00  CE      32.7435
     0501      8   0D  00  00  00  00  00  00  E6      32.7437
     0100      8   C0  00  00  00  00  00  00  7F      32.7481
     0101      8   61  20  00  00  00  00  01  D9      32.7532
     0102      8   C0  00  00  00  00  00  00  7F      32.7534
     0100      8   E0  00  00  00  00  00  00  10      32.7561
     0101      8   81  21  00  00  00  00  01  8F      32.7632
     0102      8   E0  00  00  00  00  00  00  10      32.7634
     0100      8   00  00  00  00  00  00  00  00      32.7640
     0100      8   20  00  00  00  00  00  00  6F      32.7720
     0101      8   A1  21  00  00  00  00  01  E0      32.7732
     0102      8   20  00  00  00  00  00  00  6F      32.7734
     0100      8   20  00  00  00  00  00  00  6F      32.7771
     0101      8   C1  21  00  00  00  00  01  51      32.7832
     0102      8   20  00  00  00  00  00  00  6F      32.7834
     0100      8   40  00  00  00  00  00  00  DE      32.7851
     0100      8   60  00  00  00  00  00  00  B1      32.7931
     0101      8   E1  21  00  00  00  00  01  3E      32.7934
     0102      8   40  00  00  00  00  00  00  DE      32.7936
     0100      8   60  00  00  00  00  00  00  B1      32.7982
     0101      8   01  22  00  00  00  00  01  E4      32.8032
     0102      8   60  00  00  00  00  00  00  B1      32.8034
     0100      8   80  00  00  00  00  00  00  A1      32.8062
     0101      8   21  22  00  00  00  00  01  8B      32.8131
     0102      8   80  00  00  00  00  00  00  A1      32.8134
     0100      8   A0  00  00  00  00  00  00  CE      32.8142
     0100      8   C0  00  00  00  00  00  00  7F      32.8222
     0101      8   41  22  00  00  00  00  01  3A      32.8232
     0102      8   C0  00  00  00  00  00  00  7F      32.8234
     0100      8   C0  00  00  00  00  00  00  7F      32.8273
     0101      8   61  22  00  00  00  00  01  55      32.8331
     0102      8   C0  00  00  00  00  00  00  7F      32.8334
     0100      8   E0  00  00  00  00  00  00  10      32.8353
     0101      8   81  22  00  00  00  00  01  45      32.8431
     0100      8   00  00  00  00  00  00  00  00      32.8434
     0102      8   E0  00  00  00  00  00  00  10      32.8436
     0501      8   0D  00  00  00  00  00  00  E6      32.8439
     0100      8   20  00  00  00  00  00  00  6F      32.8512
     0101      8   A1  22  00  00  00  00  01  2A      32.8531
     0102      8   20  00  00  00  00  00  00  6F      32.8534
     0100      8   20  00  00  00  00  00  00  6F      32.8563
     0101      8   C1  22  00  00  00  00  01  9B      32.8631
     0102      8   20  00  00  00  00  00  00  6F      32.8634
     0100      8   40  00  00  00  00  00  00  DE      32.8643
     0100      8   60  00  00  00  00  00  00  B1      32.8723
     0101      8   E1  22  00  00  00  00  01  F4      32.8731
     0102      8   60  00  00  00  00  00  00  B1      32.8734
     0100      8   60  00  00  00  00  00  00  B1      32.8774
     0101      8   01  22  00  00  00  00  01  E4      32.8831
     0102      8   60  00  00  00  00  00  00  B1      32.8834
     0100      8   80  00  00  00  00  00  00  A1      32.8854
     0101      8   21  22  00  00  00  00  01  8B      32.8931
     0102      8   80  00  00  00  00  00  00  A1      32.8934
     0100      8   A0  00  00  00  00  00  00  CE      32.8936
     0100      8   C0  00  00  00  00  00  00  7F      32.9014
     0101      8   41  22  00  00  00  00  01  3A      32.9031
     0102      8   C0  00  00  00  00  00  00  7F      32.9034
     0100      8   C0  00  00  00  00  00  00  7F      32.9065
     0101      8   61  22  00  00  00  00  01  55      32.9131
     0102      8   C0  00  00  00  00  00  00  7F      32.9134
     0100      8   E0  00  00  00  00  00  00  10      32.9145
     0100      8   00  00  00  00  00  00  00  00      32.9225
     0101      8   81  22  00  00  00  00  01  45      32.9231
     0102      8   00  00  00  00  00  00  00  00      32.9234
     0100      8   00  00  00  00  00  00  00  00      32.9276
     0101      8   A1  22  00  00  00  00  01  2A      32.9331
     0102      8   00  00  00  00  00  00  00  00      32.9334
     0100      8   20  00  00  00  00  00  00  6F      32.9356
     0101      8   C1  22  00  00  00  00  01  9B      32.9431
     0102      8   20  00  00  00  00  00  00  6F      32.9434
     0100      8   40  00  00  00  00  00  00  DE      32.9436
     0501      8   0D  00  00  00  00  00  00  E6      32.9439
     0100      8   60  00  00  00  00  00  00  B1      32.9515
     0101      8   E1  23  00  00  00  00  01  B2      32.9531
     0102      8   60  00  00  00  00  00  00  B1      32.9534
     0100      8   60  00  00  00  00  00  00  B1      32.9566
     0101      8   01  23  00  00  00  00  01  A2      32.9631
     0102      8   60  00  00  00  00  00  00  B1      32.9634
     0100      8   80  00  00  00  00  00  00  A1      32.9646
     0100      8   A0  00  00  00  00  00  00  CE      32.9726
     0101      8   21  23  00  00  00  00  01  CD      32.9731
     0102      8   A0  00  00  00  00  00  00  CE      32.9734
     0100      8   A0  00  00  00  00  00  00  CE      32.9777
     0101      8   41  23  00  00  00  00  01  7C      32.9831
     0102      8   A0  00  00  00  00  00  00  CE      32.9834
     0100      8   C0  00  00  00  00  00  00  7F      32.9857
     0101      8   61  24  00  00  00  00  01  DC      32.9931
     0102      8   C0  00  00  00  00  00  00  7F      32.9934
     0100      8   E0  00  00  00  00  00  00  10      32.9937
     0100      8   00  00  00  00  00  00  00  00      33.0017
     0101      8   81  24  00  00  00  00  01  CC      33.0031
     0102      8   00  00  00  00  00  00  00  00      33.0034
     0100      8   00  00  00  00  00  00  00  00      33.0068
     0101      8   A1  24  00  00  00  00  01  A3      33.0131
     0102      8   00  00  00  00  00  00  00  00      33.0134
     0100      8   20  00  00  00  00  00  00  6F      33.0148
     0100      8   40  00  00  00  00  00  00  DE      33.0227
     0101      8   C1  25  00  00  00  00  01  54      33.0231
     0102      8   20  00  00  00  00  00  00  6F      33.0234
     0100      8   40  00  00  00  00  00  00  DE      33.0278
     0101      8   E1  26  00  00  00  00  01  F1      33.0331
     0102      8   40  00  00  00  00  00  00  DE      33.0334
     0100      8   60  00  00  00  00  00  00  B1      33.0358
     0101      8   01  27  00  00  00  00  01  A7      33.0431
     0102      8   60  00  00  00  00  00  00  B1      33.0434
     0501      8   0D  00  00  00  00  00  00  E6      33.0436
     0100      8   80  00  00  00  00  00  00  A1      33.0439
     0100      8   A0  00  00  00  00  00  00  CE      33.0518
     0101      8   21  27  00  00  00  00  01  C8      33.0531
     0102      8   A0  00  00  00  00  00  00  CE      33.0534
     0100      8   A0  00  00  00  00  00  00  CE      33.0569
     0101      8   41  28  00  00  00  00  01  BC      33.0631
     0102      8   A0  00  00  00  00  00  00  CE      33.0634
     0100      8   C0  00  00  00  00  00  00  7F      33.0649
     0100      8   E0  00  00  00  00  00  00  10      33.0729
     0101      8   61  28  00  00  00  00  01  D3      33.0731
     0102      8   C0  00  00  00  00  00  00  7F      33.0734
     0100      8   E0  00  00  00  00  00  00  10      33.0780
     0101      8   81  29  00  00  00  00  01  85      33.0831
     0102      8   E0  00  00  00  00  00  00  10      33.0834
     0100      8   00  00  00  00  00  00  00  00      33.0860
     0101      8   A1  29  00  00  00  00  01  EA      33.0931
     0102      8   00  00  00  00  00  00  00  00      33.0934
     0100      8   20  00  00  00  00  00  00  6F      33.0940
     0100      8   40  00  00  00  00  00  00  DE      33.1019
     0101      8   C1  2A  00  00  00  00  01  91      33.1031
     0102      8   40  00  00  00  00  00  00  DE      33.1034
     0100      8   40  00  00  00  00  00  00  DE      33.1070
     0101      8   E1  2A  00  00  00  00  01  FE      33.1131
     0102      8   40  00  00  00  00  00  00  DE      33.1134
     0100      8   60  00  00  00  00  00  00  B1      33.1150
     0100      8   80  00  00  00  00  00  00  A1      33.1230
     0101      8   01  2A  00  00  00  00  01  EE      33.1233
     0102      8   60  00  00  00  00  00  00  B1      33.1235
     0100      8   80  00  00  00  00  00  00  A1      33.1281
     0101      8   21  2A  00  00  00  00  01  81      33.1331
     0102      8   80  00  00  00  00  00  00  A1      33.1334
     0100      8   A0  00  00  00  00  00  00  CE      33.1361
     0101      8   41  2B  00  00  00  00  01  76      33.1431
     0102      8   A0  00  00  00  00  00  00  CE      33.1434
     0501      8   0D  00  00  00  00  00  00  E6      33.1436
     0100      8   C0  00  00  00  00  00  00  7F      33.1441
     0100      8   E0  00  00  00  00  00  00  10      33.1521
     0101      8   61  2B  00  00  00  00  01  19      33.1531
     0102      8   E0  00  00  00  00  00  00  10      33.1534
     0100      8   E0  00  00  00  00  00  00  10      33.1572
     0101      8   81  2B  00  00  00  00  01  09      33.1631
     0102      8   E0  00  00  00  00  00  00  10      33.1633
     0100      8   00  00  00  00  00  00  00  00      33.1652
     0101      8   A1  2B  00  00  00  00  01  66      33.1731
     0100      8   20  00  00  00  00  00  00  6F      33.1733
     0102      8   00  00  00  00  00  00  00  00      33.1736
     0100      8   40  00  00  00  00  00  00  DE      33.1812
     0101      8   C1  2B  00  00  00  00  01  D7      33.1831
     0102      8   40  00  00  00  00  00  00  DE      33.1833
     0100      8   40  00  00  00  00  00  00  DE      33.1863
     0101      8   E1  2B  00  00  00  00  01  B8      33.1931
     0102      8   40  00  00  00  00  00  00  DE      33.1933
     0100      8   60  00  00  00  00  00  00  B1      33.1942
     0100      8   80  00  00  00  00  00  00  A1      33.2022
     0101      8   01  2B  00  00  00  00  01  A8      33.2031
     0102      8   80  00  00  00  00  00  00  A1      33.2033
     0100      8   80  00  00  00  00  00  00  A1      33.2073
     0101      8   21  2B  00  00  00  00  01  C7      33.2131
     0102      8   80  00  00  00  00  00  00  A1      33.2133
     0100      8   A0  00  00  00  00  00  00  CE      33.2153
     0101      8   41  2B  00  00  00  00  01  76      33.2231
     0100      8   C0  00  00  00  00  00  00  7F      33.2233
     0102      8   A0  00  00  00  00  00  00  CE      33.2236
     0100      8   E0  00  00  00  00  00  00  10      33.2313
     0101      8   61  2B  00  00  00  00  01  19      33.2331
     0102      8   E0  00  00  00  00  00  00  10      33.2333
     0100      8   E0  00  00  00  00  00  00  10      33.2364
     0101      8   81  2B  00  00  00  00  01  09      33.2431
     0102      8   E0  00  00  00  00  00  00  10      33.2433
     0501      8   0D  00  00  00  00  00  00  E6      33.2436
     0100      8   00  00  00  00  00  00  00  00      33.2444
     0100      8   20  00  00  00  00  00  00  6F      33.2524
     0101      8   A1  2B  00  00  00  00  01  66      33.2531
     0102      8   20  00  00  00  00  00  00  6F      33.2533
     0100      8   20  00  00  00  00  00  00  6F      33.2575
     0101      8   C1  2B  00  00  00  00  01  D7      33.2631
     0102      8   20  00  00  00  00  00  00  6F      33.2633
     0100      8   40  00  00  00  00  00  00  DE      33.2655
     0101      8   E1  2B  00  00  00  00  01  B8      33.2731
     0102      8   40  00  00  00  00  00  00  DE      33.2733
     0100      8   60  00  00  00  00  00  00  B1      33.2736
     0100      8   80  00  00  00  00  00  00  A1      33.2814
     0101      8   01  2B  00  00  00  00  01  A8      33.2831
     0102      8   80  00  00  00  00  00  00  A1      33.2833
     0100      8   80  00  00  00  00  00  00  A1      33.2865
     0101      8   21  2C  00  00  00  00  01  08      33.2931
     0102      8   80  00  00  00  00  00  00  A1      33.2933
     0100      8   A0  00  00  00  00  00  00  CE      33.2945
     0100      8   C0  00  00  00  00  00  00  7F      33.3025
     0101      8   41  2C  00  00  00  00  01  B9      33.3031
     0102      8   C0  00  00  00  00  00  00  7F      33.3033
     0100      8   C0  00  00  00  00  00  00  7F      33.3076
     0101      8   61  2D  00  00  00  00  01  90      33.3131
     0102      8   C0  00  00  00  00  00  00  7F      33.3133
     0100      8   E0  00  00  00  00  00  00  10      33.3156
     0101      8   81  2D  00  00  00  00  01  80      33.3231
     0102      8   E0  00  00  00  00  00  00  10      33.3233
     0100      8   00  00  00  00  00  00  00  00      33.3236
     0100      8   20  00  00  00  00  00  00  6F      33.3316
     0101      8   A1  2E  00  00  00  00  01  25      33.3331
     0102      8   20  00  00  00  00  00  00  6F      33.3333
     0100      8   20  00  00  00  00  00  00  6F      33.3367
     0101      8   C1  2E  00  00  00  00  01  94      33.3431
     0102      8   20  00  00  00  00  00  00  6F      33.3433
     0501      8   0D  00  00  00  00  00  00  E6      33.3436
     0100      8   40  00  00  00  00  00  00  DE      33.3447
     0100      8   60  00  00  00  00  00  00  B1      33.3527
     0101      8   E1  2F  00  00  00  00  01  BD      33.3531
     0102      8   40  00  00  00  00  00  00  DE      33.3533
     0100      8   60  00  00  00  00  00  00  B1      33.3577
     0101      8   01  30  00  00  00  00  01  7C      33.3631
     0102      8   60  00  00  00  00  00  00  B1      33.3633
     0100      8   80  00  00  00  00  00  00  A1      33.3657
     0101      8   21  30  00  00  00  00  01  13      33.3731
     0102      8   80  00  00  00  00  00  00  A1      33.3733
     0100      8   A0  00  00  00  00  00  00  CE      33.3737
     0100      8   C0  00  00  00  00  00  00  7F      33.3817
     0101      8   41  31  00  00  00  00  01  E4      33.3831
     0102      8   C0  00  00  00  00  00  00  7F      33.3833
     0100      8   C0  00  00  00  00  00  00  7F      33.3868
     0101      8   61  31  00  00  00  00  01  8B      33.3931
     0102      8   C0  00  00  00  00  00  00  7F      33.3933
     0100      8   E0  00  00  00  00  00  00  10      33.3948
     0100      8   00  00  00  00  00  00  00  00      33.4028
     0101      8   81  32  00  00  00  00  01  51      33.4031
     0102      8   E0  00  00  00  00  00  00  10      33.4033
     0100      8   00  00  00  00  00  00  00  00      33.4079
     0101      8   A1  32  00  00  00  00  01  3E      33.4131
     0102      8   00  00  00  00  00  00  00  00      33.4133
     0100      8   20  00  00  00  00  00  00  6F      33.4159
     0101      8   C1  33  00  00  00  00  01  C9      33.4231
     0102      8   20  00  00  00  00  00  00  6F      33.4233
     0100      8   40  00  00  00  00  00  00  DE      33.4239
     0100      8   60  00  00  00  00  00  00  B1      33.4319
     0101      8   E1  33  00  00  00  00  01  A6      33.4331
     0102      8   60  00  00  00  00  00  00  B1      33.4333
     0100      8   60  00  00  00  00  00  00  B1      33.4370
     0101      8   01  33  00  00  00  00  01  B6      33.4431
     0102      8   60  00  00  00  00  00  00  B1      33.4433
     0501      8   0D  00  00  00  00  00  00  E6      33.4436
     0100      8   80  00  00  00  00  00  00  A1      33.4449
     0100      8   A0  00  00  00  00  00  00  CE      33.4529
     0101      8   21  34  00  00  00  00  01  16      33.4532
     0102      8   80  00  00  00  00  00  00  A1      33.4534
     0100      8   A0  00  00  00  00  00  00  CE      33.4580
     0101      8   41  34  00  00  00  00  01  A7      33.4631
     0102      8   A0  00  00  00  00  00  00  CE      33.4633
     0100      8   C0  00  00  00  00  00  00  7F      33.4660
     0101      8   61  34  00  00  00  00  01  C8      33.4731
     0102      8   C0  00  00  00  00  00  00  7F      33.4733
     0100      8   E0  00  00  00  00  00  00  10      33.4740
     0100      8   00  00  00  00  00  00  00  00      33.4820
     0101      8   81  34  00  00  00  00  01  D8      33.4831
     0102      8   00  00  00  00  00  00  00  00      33.4833
     0100      8   00  00  00  00  00  00  00  00      33.4871
     0101      8   A1  34  00  00  00  00  01  B7      33.4931
     0102      8   00  00  00  00  00  00  00  00      33.4933
     0100      8   20  00  00  00  00  00  00  6F      33.4951
     0101      8   C1  34  00  00  00  00  01  06      33.5031
     0100      8   40  00  00  00  00  00  00  DE      33.5033
     0102      8   20  00  00  00  00  00  00  6F      33.5035
     0100      8   60  00  00  00  00  00  00  B1      33.5111
     0101      8   E1  34  00  00  00  00  01  69      33.5130
     0102      8   60  00  00  00  00  00  00  B1      33.5133
     0100      8   60  00  00  00  00  00  00  B1      33.5162
     0101      8   01  34  00  00  00  00  01  79      33.5231
     0102      8   60  00  00  00  00  00  00  B1      33.5233
     0100      8   80  00  00  00  00  00  00  A1      33.5242
     0100      8   A0  00  00  00  00  00  00  CE      33.5321
     0101      8   21  34  00  00  00  00  01  16      33.5330
     0102      8   A0  00  00  00  00  00  00  CE      33.5333
     0100      8   A0  00  00  00  00  00  00  CE      33.5372
     0101      8   41  34  00  00  00  00  01  A7      33.5430
     0102      8   A0  00  00  00  00  00  00  CE      33.5433
     0501      8   0D  00  00  00  00  00  00  E6      33.5435
     0100      8   C0  00  00  00  00  00  00  7F      33.5452
     0101      8   61  34  00  00  00  00  01  C8      33.5530
     0100      8   E0  00  00  00  00  00  00  10      33.5533
     0102      8   C0  00  00  00  00  00  00  7F      33.5535
     0100      8   00  00  00  00  00  00  00  00      33.5612
     0101      8   81  34  00  00  00  00  01  D8      33.5630
     0102      8   00  00  00  00  00  00  00  00      33.5633
     0100      8   00  00  00  00  00  00  00  00      33.5663
     0101      8   A1  34  00  00  00  00  01  B7      33.5730
     0102      8   00  00  00  00  00  00  00  00      33.5733
     0100      8   20  00  00  00  00  00  00  6F      33.5743
     0100      8   40  00  00  00  00  00  00  DE      33.5823
     0101      8   C1  34  00  00  00  00  01  06      33.5830
     0102      8   40  00  00  00  00  00  00  DE      33.5833
     0100      8   40  00  00  00  00  00  00  DE      33.5874
     0101      8   E1  34  00  00  00  00  01  69      33.5930
     0102      8   40  00  00  00  00  00  00  DE      33.5933
     0100      8   60  00  00  00  00  00  00  B1      33.5954
     0101      8   01  34  00  00  00  00  01  79      33.6030
     0102      8   60  00  00  00  00  00  00  B1      33.6033
     0100      8   80  00  00  00  00  00  00  A1      33.6035
     0100      8   A0  00  00  00  00  00  00  CE      33.6113
     0101      8   21  34  00  00  00  00  01  16      33.6130
     0102      8   A0  00  00  00  00  00  00  CE      33.6133
     0100      8   A0  00  00  00  00  00  00  CE      33.6164
     0101      8   41  34  00  00  00  00  01  A7      33.6230
     0102      8   A0  00  00  00  00  00  00  CE      33.6233
     0100      8   C0  00  00  00  00  00  00  7F      33.6244
     0100      8   E0  00  00  00  00  00  00  10      33.6324
     0101      8   61  34  00  00  00  00  01  C8      33.6330
     0102      8   E0  00  00  00  00  00  00  10      33.6333
     0100      8   E0  00  00  00  00  00  00  10      33.6375
     0101      8   81  34  00  00  00  00  01  D8      33.6430
     0102      8   E0  00  00  00  00  00  00  10      33.6433
     0501      8   0D  00  00  00  00  00  00  E6      33.6435
     0100      8   00  00  00  00  00  00  00  00      33.6455
     0101      8   A1  34  00  00  00  00  01  B7      33.6530
     0102      8   00  00  00  00  00  00  00  00      33.6533
     0100      8   20  00  00  00  00  00  00  6F      33.6535
     0100      8   40  00  00  00  00  00  00  DE      33.6615
     0101      8   C1  34  00  00  00  00  01  06      33.6630
     0102      8   40  00  00  00  00  00  00  DE      33.6633
     0100      8   40  00  00  00  00  00  00  DE      33.6666
     0101      8   E1  34  00  00  00  00  01  69      33.6730
     0102      8   40  00  00  00  00  00  00  DE      33.6733
     0100      8   60  00  00  00  00  00  00  B1      33.6746
     0100      8   80  00  00  00  00  00  00  A1      33.6826
     0101      8   01  34  00  00  00  00  01  79      33.6830
     0102      8   60  00  00  00  00  00  00  B1      33.6833
     0100      8   80  00  00  00  00  00  00  A1      33.6877
     0101      8   21  35  00  00  00  00  01  50      33.6930
     0102      8   80  00  00  00  00  00  00  A1      33.6933
     0100      8   A0  00  00  00  00  00  00  CE      33.6957
     0101      8   41  35  00  00  00  00  01  E1      33.7030
     0102      8   A0  00  00  00  00  00  00  CE      33.7033
     0100      8   C0  00  00  00  00  00  00  7F      33.7036
     0100      8   E0  00  00  00  00  00  00  10      33.7116
     0101      8   61  35  00  00  00  00  01  8E      33.7130
     0102      8   E0  00  00  00  00  00  00  10      33.7133
     0100      8   E0  00  00  00  00  00  00  10      33.7167
     0101      8   81  35  00  00  00  00  01  9E      33.7230
     0102      8   E0  00  00  00  00  00  00  10      33.7233
     0100      8   00  00  00  00  00  00  00  00      33.7247
     0100      8   20  00  00  00  00  00  00  6F      33.7327
     0101      8   A1  36  00  00  00  00  01  3B      33.7330
     0102      8   00  00  00  00  00  00  00  00      33.7333
     0100      8   20  00  00  00  00  00  00  6F      33.7378
     0101      8   C1  36  00  00  00  00  01  8A      33.7430
     0102      8   20  00  00  00  00  00  00  6F      33.7433
     0501      8   0D  00  00  00  00  00  00  E6      33.7435
     0100      8   40  00  00  00  00  00  00  DE      33.7458
     0101      8   E1  36  00  00  00  00  01  E5      33.7530
     0102      8   40  00  00  00  00  00  00  DE      33.7533
     0100      8   60  00  00  00  00  00  00  B1      33.7538
     0100      8   80  00  00  00  00  00  00  A1      33.7618
     0101      8   01  37  00  00  00  00  01  B3      33.7630
     0102      8   80  00  00  00  00  00  00  A1      33.7633
     0100      8   80  00  00  00  00  00  00  A1      33.7669
     0101      8   21  37  00  00  00  00  01  DC      33.7730
     0102      8   80  00  00  00  00  00  00  A1      33.7733
     0100      8   A0  00  00  00  00  00  00  CE      33.7749
     0100      8   C0  00  00  00  00  00  00  7F      33.7829
     0101      8   41  37  00  00  00  00  01  6D      33.7831
     0102      8   A0  00  00  00  00  00  00  CE      33.7833
     0100      8   C0  00  00  00  00  00  00  7F      33.7880
     0101      8   61  38  00  00  00  00  01  C7      33.7930
     0102      8   C0  00  00  00  00  00  00  7F      33.7933
     0100      8   E0  00  00  00  00  00  00  10      33.7959
     0101      8   81  38  00  00  00  00  01  D7      33.8030
     0102      8   E0  00  00  00  00  00  00  10      33.8033
     0100      8   00  00  00  00  00  00  00  00      33.8039
     0100      8   20  00  00  00  00  00  00  6F      33.8119
     0101      8   A1  38  00  00  00  00  01  B8      33.8130
     0102      8   20  00  00  00  00  00  00  6F      33.8133
     0100      8   20  00  00  00  00  00  00  6F      33.8170
     0101      8   C1  39  00  00  00  00  01  4F      33.8230
     0102      8   20  00  00  00  00  00  00  6F      33.8233
     0100      8   40  00  00  00  00  00  00  DE      33.8250
     0100      8   60  00  00  00  00  00  00  B1      33.8330
     0101      8   E1  39  00  00  00  00  01  20      33.8332
     0102      8   40  00  00  00  00  00  00  DE      33.8335
     0100      8   60  00  00  00  00  00  00  B1      33.8381
     0101      8   01  39  00  00  00  00  01  30      33.8430
     0102      8   60  00  00  00  00  00  00  B1      33.8433
     0501      8   0D  00  00  00  00  00  00  E6      33.8435
     0100      8   80  00  00  00  00  00  00  A1      33.8461
     0101      8   21  39  00  00  00  00  01  5F      33.8530
     0102      8   80  00  00  00  00  00  00  A1      33.8533
     0100      8   A0  00  00  00  00  00  00  CE      33.8541
     0100      8   C0  00  00  00  00  00  00  7F      33.8621
     0101      8   41  39  00  00  00  00  01  EE      33.8630
     0102      8   C0  00  00  00  00  00  00  7F      33.8633
     0100      8   C0  00  00  00  00  00  00  7F      33.8672
     0101      8   61  3A  00  00  00  00  01  4B      33.8730
     0102      8   C0  00  00  00  00  00  00  7F      33.8733
     0100      8   E0  00  00  00  00  00  00  10      33.8751
     0101      8   81  3A  00  00  00  00  01  5B      33.8830
     0100      8   00  00  00  00  00  00  00  00      33.8833
     0102      8   E0  00  00  00  00  00  00  10      33.8835
     0100      8   20  00  00  00  00  00  00  6F      33.8911
     0101      8   A1  3A  00  00  00  00  01  34      33.8930
     0102      8   20  00  00  00  00  00  00  6F      33.8932
     0100      8   20  00  00  00  00  00  00  6F      33.8962
     0101      8   C1  3A  00  00  00  00  01  85      33.9030
     0102      8   20  00  00  00  00  00  00  6F      33.9032
     0100      8   40  00  00  00  00  00  00  DE      33.9042
     0100      8   60  00  00  00  00  00  00  B1      33.9122
     0101      8   E1  3A  00  00  00  00  01  EA      33.9130
     0102      8   60  00  00  00  00  00  00  B1      33.9132
     0100      8   60  00  00  00  00  00  00  B1      33.9173
     0101      8   01  3A  00  00  00  00  01  FA      33.9230
     0102      8   60  00  00  00  00  00  00  B1      33.9232
     0100      8   80  00  00  00  00  00  00  A1      33.9253
     0101      8   21  3A  00  00  00  00  01  95      33.9330
     0102      8   80  00  00  00  00  00  00  A1      33.9332
     0100      8   A0  00  00  00  00  00  00  CE      33.9335
     0100      8   C0  00  00  00  00  00  00  7F      33.9413
     0101      8   41  3A  00  00  00  00  01  24      33.9430
     0102      8   C0  00  00  00  00  00  00  7F      33.9432
     0501      8   0D  00  00  00  00  00  00  E6      33.9435
     0100      8   C0  00  00  00  00  00  00  7F      33.9464
     0101      8   61  3A  00  00  00  00  01  4B      33.9530
     0102      8   C0  00  00  00  00  00  00  7F      33.9532
     0100      8   E0  00  00  00  00  00  00  10      33.9544
     0100      8   00  00  00  00  00  00  00  00      33.9623
     0101      8   81  3A  00  00  00  00  01  5B      33.9630
     0102      8   00  00  00  00  00  00  00  00      33.9632
     0100      8   00  00  00  00  00  00  00  00      33.9674
     0101      8   A1  3A  00  00  00  00  01  34      33.9730
     0102      8   00  00  00  00  00  00  00  00      33.9732
     0100      8   20  00  00  00  00  00  00  6F      33.9754
     0101      8   C1  3A  00  00  00  00  01  85      33.9830
     0102      8   20  00  00  00  00  00  00  6F      33.9832
     0100      8   40  00  00  00  00  00  00  DE      33.9835
     0100      8   60  00  00  00  00  00  00  B1      33.9914
     0101      8   E1  3A  00  00  00  00  01  EA      33.9930
     0102      8   60  00  00  00  00  00  00  B1      33.9932
     0100      8   60  00  00  00  00  00  00  B1      33.9965
     0101      8   01  3A  00  00  00  00  01  FA      34.0030
     0102      8   60  00  00  00  00  00  00  B1      34.0032
     0100      8   80  00  00  00  00  00  00  A1      34.0045
     0100      8   A0  00  00  00  00  00  00  CE      34.0125
     0101      8   21  3A  00  00  00  00  01  95      34.0130
     0102      8   80  00  00  00  00  00  00  A1      34.0132
     0100      8   A0  00  00  00  00  00  00  CE      34.0176
     0101      8   41  3B  00  00  00  00  01  62      34.0230
     0102      8   A0  00  00  00  00  00  00  CE      34.0232
     0100      8   C0  00  00  00  00  00  00  7F      34.0256
     0101      8   61  3B  00  00  00  00  01  0D      34.0330
     0102      8   C0  00  00  00  00  00  00  7F      34.0332
     0100      8   E0  00  00  00  00  00  00  10      34.0336
     0100      8   00  00  00  00  00  00  00  00      34.0415
     0101      8   81  3B  00  00  00  00  01  1D      34.0430
     0102      8   00  00  00  00  00  00  00  00      34.0432
     0501      8   0D  00  00  00  00  00  00  E6      34.0435
     0100      8   00  00  00  00  00  00  00  00      34.0466
     0101      8   A1  3C  00  00  00  00  01  BD      34.0530
     0102      8   00  00  00  00  00  00  00  00      34.0532
     0100      8   20  00  00  00  00  00  00  6F      34.0546
     0100      8   40  00  00  00  00  00  00  DE      34.0626
     0101      8   C1  3D  00  00  00  00  01  4A      34.0630
     0102      8   20  00  00  00  00  00  00  6F      34.0632
     0100      8   40  00  00  00  00  00  00  DE      34.0677
     0101      8   E1  3D  00  00  00  00  01  25      34.0730
     0102      8   40  00  00  00  00  00  00  DE      34.0732
     0100      8   60  00  00  00  00  00  00  B1      34.0757
     0101      8   01  3E  00  00  00  00  01  FF      34.0830
     0102      8   60  00  00  00  00  00  00  B1      34.0832
     0100      8   80  00  00  00  00  00  00  A1      34.0837
     0100      8   A0  00  00  00  00  00  00  CE      34.0917
     0101      8   21  3E  00  00  00  00  01  90      34.0930
     0102      8   A0  00  00  00  00  00  00  CE      34.0932
     0100      8   A0  00  00  00  00  00  00  CE      34.0968
     0101      8   41  3F  00  00  00  00  01  67      34.1030
     0102      8   A0  00  00  00  00  00  00  CE      34.1032
     0100      8   C0  00  00  00  00  00  00  7F      34.1048
     0100      8   E0  00  00  00  00  00  00  10      34.1128
     0101      8   61  40  00  00  00  00  01  A1      34.1130
     0102      8   C0  00  00  00  00  00  00  7F      34.1133
     0100      8   E0  00  00  00  00  00  00  10      34.1179
     0101      8   81  40  00  00  00  00  01  B1      34.1230
     0102      8   E0  00  00  00  00  00  00  10      34.1232
     0100      8   00  00  00  00  00  00  00  00      34.1259
     0101      8   A1  41  00  00  00  00  01  98      34.1330
     0102      8   00  00  00  00  00  00  00  00      34.1332
     0100      8   20  00  00  00  00  00  00  6F      34.1338
     0100      8   40  00  00  00  00  00  00  DE      34.1418
     0101      8   C1  41  00  00  00  00  01  29      34.1430
     0102      8   40  00  00  00  00  00  00  DE      34.1432
     0501      8   0D  00  00  00  00  00  00  E6      34.1435
     0100      8   40  00  00  00  00  00  00  DE      34.1469
     0101      8   E1  41  00  00  00  00  01  46      34.1530
     0102      8   40  00  00  00  00  00  00  DE      34.1532
     0100      8   60  00  00  00  00  00  00  B1      34.1549
     0100      8   80  00  00  00  00  00  00  A1      34.1629
     0101      8   01  41  00  00  00  00  01  56      34.1632
     0102      8   60  00  00  00  00  00  00  B1      34.1634
     0100      8   80  00  00  00  00  00  00  A1      34.1680
     0101      8   21  41  00  00  00  00  01  39      34.1730
     0102      8   80  00  00  00  00  00  00  A1      34.1732
     0100      8   A0  00  00  00  00  00  00  CE      34.1760
     0101      8   41  42  00  00  00  00  01  42      34.1830
     0102      8   A0  00  00  00  00  00  00  CE      34.1832
     0100      8   C0  00  00  00  00  00  00  7F      34.1840
     0100      8   E0  00  00  00  00  00  00  10      34.1920
     0101      8   61  42  00  00  00  00  01  2D      34.1930
     0102      8   E0  00  00  00  00  00  00  10      34.1932
     0100      8   E0  00  00  00  00  00  00  10      34.1971
     0101      8   81  42  00  00  00  00  01  3D      34.2030
     0102      8   E0  00  00  00  00  00  00  10      34.2032
     0100      8   00  00  00  00  00  00  00  00      34.2051
     0101      8   A1  42  00  00  00  00  01  52      34.2130
     0100      8   20  00  00  00  00  00  00  6F      34.2132
     0102      8   00  00  00  00  00  00  00  00      34.2135
     0100      8   40  00  00  00  00  00  00  DE      34.2210
     0101      8   C1  42  00  00  00  00  01  E3      34.2230
     0102      8   40  00  00  00  00  00  00  DE      34.2232
     0100      8   40  00  00  00  00  00  00  DE      34.2261
     0101      8   E1  42  00  00  00  00  01  8C      34.2329
     0102      8   40  00  00  00  00  00  00  DE      34.2332
     0100      8   60  00  00  00  00  00  00  B1      34.2341
     0100      8   80  00  00  00  00  00  00  A1      34.2421
     0101      8   01  42  00  00  00  00  01  9C      34.2430
     0102      8   80  00  00  00  00  00  00  A1      34.2432
     0501      8   0D  00  00  00  00  00  00  E6      34.2434
     0100      8   80  00  00  00  00  00  00  A1      34.2472
     0101      8   21  42  00  00  00  00  01  F3      34.2529
     0102      8   80  00  00  00  00  00  00  A1      34.2532
     0100      8   A0  00  00  00  00  00  00  CE      34.2552
     0101      8   41  42  00  00  00  00  01  42      34.2630
     0100      8   C0  00  00  00  00  00  00  7F      34.2632
     0102      8   A0  00  00  00  00  00  00  CE      34.2634
     0100      8   E0  00  00  00  00  00  00  10      34.2712
     0101      8   61  42  00  00  00  00  01  2D      34.2729
     0102      8   E0  00  00  00  00  00  00  10      34.2732
     0100      8   E0  00  00  00  00  00  00  10      34.2763
     0101      8   81  42  00  00  00  00  01  3D      34.2829
     0102      8   E0  00  00  00  00  00  00  10      34.2832
     0100      8   00  00  00  00  00  00  00  00      34.2843
     0100      8   20  00  00  00  00  00  00  6F      34.2923
     0101      8   A1  42  00  00  00  00  01  52      34.2929
     0102      8   20  00  00  00  00  00  00  6F      34.2932
     0100      8   20  00  00  00  00  00  00  6F      34.2974
     0101      8   C1  42  00  00  00  00  01  E3      34.3029
     0102      8   20  00  00  00  00  00  00  6F      34.3032
     0100      8   40  00  00  00  00  00  00  DE      34.3053
     0101      8   E1  42  00  00  00  00  01  8C      34.3129
     0102      8   40  00  00  00  00  00  00  DE      34.3132
     0100      8   60  00  00  00  00  00  00  B1      34.3134
     0100      8   80  00  00  00  00  00  00  A1      34.3213
     0101      8   01  42  00  00  00  00  01  9C      34.3229
     0102      8   80  00  00  00  00  00  00  A1      34.3232
     0100      8   80  00  00  00  00  00  00  A1      34.3264
     0101      8   21  43  00  00  00  00  01  B5      34.3329
     0102      8   80  00  00  00  00  00  00  A1      34.3332
     0100      8   A0  00  00  00  00  00  00  CE      34.3344
     0100      8   C0  00  00  00  00  00  00  7F      34.3424
     0101      8   41  43  00  00  00  00  01  04      34.3429
     0102      8   C0  00  00  00  00  00  00  7F      34.3432
     0501      8   0D  00  00  00  00  00  00  E6      34.3434
     0100      8   C0  00  00  00  00  00  00  7F      34.3475
     0101      8   61  43  00  00  00  00  01  6B      34.3529
     0102      8   C0  00  00  00  00  00  00  7F      34.3532
     0100      8   E0  00  00  00  00  00  00  10      34.3555
     0101      8   81  43  00  00  00  00  01  7B      34.3629
     0102      8   E0  00  00  00  00  00  00  10      34.3632
     0100      8   00  00  00  00  00  00  00  00      34.3635
     0100      8   20  00  00  00  00  00  00  6F      34.3715
     0101      8   A1  43  00  00  00  00  01  14      34.3729
     0102      8   20  00  00  00  00  00  00  6F      34.3732
     0100      8   20  00  00  00  00  00  00  6F      34.3766
     0101      8   C1  44  00  00  00  00  01  6A      34.3829
     0102      8   20  00  00  00  00  00  00  6F      34.3832
     0100      8   40  00  00  00  00  00  00  DE      34.3845
     0100      8   60  00  00  00  00  00  00  B1      34.3925
     0101      8   E1  44  00  00  00  00  01  05      34.3929
     0102      8   40  00  00  00  00  00  00  DE      34.3932
     0100      8   60  00  00  00  00  00  00  B1      34.3976
     0101      8   01  44  00  00  00  00  01  15      34.4029
     0102      8   60  00  00  00  00  00  00  B1      34.4032
     0100      8   80  00  00  00  00  00  00  A1      34.4056
     0101      8   21  45  00  00  00  00  01  3C      34.4129
     0102      8   80  00  00  00  00  00  00  A1      34.4132
     0100      8   A0  00  00  00  00  00  00  CE      34.4136
     0100      8   C0  00  00  00  00  00  00  7F      34.4216
     0101      8   41  45  00  00  00  00  01  8D      34.4229
     0102      8   C0  00  00  00  00  00  00  7F      34.4232
     0100      8   C0  00  00  00  00  00  00  7F      34.4267
     0101      8   61  45  00  00  00  00  01  E2      34.4329
     0102      8   C0  00  00  00  00  00  00  7F      34.4332
     0100      8   E0  00  00  00  00  00  00  10      34.4347
     0100      8   00  00  00  00  00  00  00  00      34.4427
     0101      8   81  45  00  00  00  00  01  F2      34.4429
     0102      8   E0  00  00  00  00  00  00  10      34.4432
     0501      8   0D  00  00  00  00  00  00  E6      34.4434
     0100      8   00  00  00  00  00  00  00  00      34.4478
     0101      8   A1  45  00  00  00  00  01  9D      34.4529
     0102      8   00  00  00  00  00  00  00  00      34.4532
     0100      8   20  00  00  00  00  00  00  6F      34.4558
     0101      8   C1  46  00  00  00  00  01  E6      34.4629
     0102      8   20  00  00  00  00  00  00  6F      34.4632
     0100      8   40  00  00  00  00  00  00  DE      34.4638
     0100      8   60  00  00  00  00  00  00  B1      34.4717
     0101      8   E1  46  00  00  00  00  01  89      34.4729
     0102      8   60  00  00  00  00  00  00  B1      34.4732
     0100      8   60  00  00  00  00  00  00  B1      34.4768
     0101      8   01  46  00  00  00  00  01  99      34.4829
     0102      8   60  00  00  00  00  00  00  B1      34.4832
     0100      8   80  00  00  00  00  00  00  A1      34.4848
     0100      8   A0  00  00  00  00  00  00  CE      34.4928
     0101      8   21  46  00  00  00  00  01  F6      34.4931
     0102      8   80  00  00  00  00  00  00  A1      34.4933
     0100      8   A0  00  00  00  00  00  00  CE      34.4979
     0101      8   41  46  00  00  00  00  01  47      34.5029
     0102      8   A0  00  00  00  00  00  00  CE      34.5032
     0100      8   C0  00  00  00  00  00  00  7F      34.5059
     0101      8   61  46  00  00  00  00  01  28      34.5129
     0102      8   C0  00  00  00  00  00  00  7F      34.5132
     0100      8   E0  00  00  00  00  00  00  10      34.5139
     0100      8   00  00  00  00  00  00  00  00      34.5219
     0101      8   81  46  00  00  00  00  01  38      34.5229
     0102      8   00  00  00  00  00  00  00  00      34.5232
     0100      8   00  00  00  00  00  00  00  00      34.5270
     0101      8   A1  46  00  00  00  00  01  57      34.5329
     0102      8   00  00  00  00  00  00  00  00      34.5332
     0100      8   20  00  00  00  00  00  00  6F      34.5350
     0101      8   C1  46  00  00  00  00  01  E6      34.5429
     0100      8   40  00  00  00  00  00  00  DE      34.5432
     0102      8   20  00  00  00  00  00  00  6F      34.5434
     0501      8   0D  00  00  00  00  00  00  E6      34.5437
     0100      8   60  00  00  00  00  00  00  B1      34.5509
     0101      8   E1  46  00  00  00  00  01  89      34.5529
     0102      8   60  00  00  00  00  00  00  B1      34.5531
     0100      8   60  00  00  00  00  00  00  B1      34.5560
     0101      8   01  46  00  00  00  00  01  99      34.5629
     0102      8   60  00  00  00  00  00  00  B1      34.5632
     0100      8   80  00  00  00  00  00  00  A1      34.5640
     0100      8   A0  00  00  00  00  00  00  CE      34.5720
     0101      8   21  46  00  00  00  00  01  F6      34.5729
     0102      8   A0  00  00  00  00  00  00  CE      34.5731
     0100      8   A0  00  00  00  00  00  00  CE      34.5771
     0101      8   41  46  00  00  00  00  01  47      34.5829
     0102      8   A0  00  00  00  00  00  00  CE      34.5831
     0100      8   C0  00  00  00  00  00  00  7F      34.5851
     0101      8   61  46  00  00  00  00  01  28      34.5929
     0100      8   E0  00  00  00  00  00  00  10      34.5932
     0102      8   C0  00  00  00  00  00  00  7F      34.5934
     0100      8   00  00  00  00  00  00  00  00      34.6011
     0101      8   81  46  00  00  00  00  01  38      34.6029
     0102      8   00  00  00  00  00  00  00  00      34.6032
     0100      8   00  00  00  00  00  00  00  00      34.6062
     0101      8   A1  46  00  00  00  00  01  57      34.6129
     0102      8   00  00  00  00  00  00  00  00      34.6131
     0100      8   20  00  00  00  00  00  00  6F      34.6142
     0100      8   40  00  00  00  00  00  00  DE      34.6222
     0101      8   C1  46  00  00  00  00  01  E6      34.6229
     0102      8   40  00  00  00  00  00  00  DE      34.6231
     0100      8   40  00  00  00  00  00  00  DE      34.6273
     0101      8   E1  46  00  00  00  00  01  89      34.6329
     0102      8   40  00  00  00  00  00  00  DE      34.6331
     0100      8   60  00  00  00  00  00  00  B1      34.6353
     0101      8   01  46  00  00  00  00  01  99      34.6429
     0102      8   60  00  00  00  00  00  00  B1      34.6431
     0100      8   80  00  00  00  00  00  00  A1      34.6434
     0501      8   0D  00  00  00  00  00  00  E6      34.6436
     0100      8   A0  00  00  00  00  00  00  CE      34.6512
     0101      8   21  46  00  00  00  00  01  F6      34.6529
     0102      8   A0  00  00  00  00  00  00  CE      34.6531
     0100      8   A0  00  00  00  00  00  00  CE      34.6563
     0101      8   41  47  00  00  00  00  01  01      34.6629
     0102      8   A0  00  00  00  00  00  00  CE      34.6631
     0100      8   C0  00  00  00  00  00  00  7F      34.6643
     0100      8   E0  00  00  00  00  00  00  10      34.6723
     0101      8   61  47  00  00  00  00  01  6E      34.6729
     0102      8   E0  00  00  00  00  00  00  10      34.6731
     0100      8   E0  00  00  00  00  00  00  10      34.6774
     0101      8   81  47  00  00  00  00  01  7E      34.6829
     0102      8   E0  00  00  00  00  00  00  10      34.6831
     0100      8   00  00  00  00  00  00  00  00      34.6854
     0101      8   A1  48  00  00  00  00  01  D4      34.6929
     0102      8   00  00  00  00  00  00  00  00      34.6931
     0100      8   20  00  00  00  00  00  00  6F      34.6934
     0100      8   40  00  00  00  00  00  00  DE      34.7014
     0101      8   C1  48  00  00  00  00  01  65      34.7029
     0102      8   40  00  00  00  00  00  00  DE      34.7031
     0100      8   40  00  00  00  00  00  00  DE      34.7065
     0101      8   E1  49  00  00  00  00  01  4C      34.7129
     0102      8   40  00  00  00  00  00  00  DE      34.7131
     0100      8   60  00  00  00  00  00  00  B1      34.7145
     0100      8   80  00  00  00  00  00  00  A1      34.7225
     0101      8   01  4A  00  00  00  00  01  96      34.7229
     0102      8   60  00  00  00  00  00  00  B1      34.7231
     0100      8   80  00  00  00  00  00  00  A1      34.7275
     0101      8   21  4A  00  00  00  00  01  F9      34.7329
     0102      8   80  00  00  00  00  00  00  A1      34.7331
     0100      8   A0  00  00  00  00  00  00  CE      34.7355
     0101      8   41  4B  00  00  00  00  01  0E      34.7429
     0102      8   A0  00  00  00  00  00  00  CE      34.7431
     0501      8   0D  00  00  00  00  00  00  E6      34.7434
     0100      8   C0  00  00  00  00  00  00  7F      34.7436
     0100      8   E0  00  00  00  00  00  00  10      34.7515
     0101      8   61  4B  00  00  00  00  01  61      34.7529
     0102      8   E0  00  00  00  00  00  00  10      34.7531
     0100      8   E0  00  00  00  00  00  00  10      34.7566
     0101      8   81  4C  00  00  00  00  01  BE      34.7629
     0102      8   E0  00  00  00  00  00  00  10      34.7631
     0100      8   00  00  00  00  00  00  00  00      34.7646
     0100      8   20  00  00  00  00  00  00  6F      34.7726
     0101      8   A1  4C  00  00  00  00  01  D1      34.7729
     0102      8   00  00  00  00  00  00  00  00      34.7731
     0100      8   20  00  00  00  00  00  00  6F      34.7777
     0101      8   C1  4C  00  00  00  00  01  60      34.7829
     0102      8   20  00  00  00  00  00  00  6F      34.7831
     0100      8   40  00  00  00  00  00  00  DE      34.7857
     0101      8   E1  4C  00  00  00  00  01  0F      34.7929
     0102      8   40  00  00  00  00  00  00  DE      34.7931
     0100      8   60  00  00  00  00  00  00  B1      34.7937
     0100      8   80  00  00  00  00  00  00  A1      34.8017
     0101      8   01  4D  00  00  00  00  01  59      34.8029
     0102      8   80  00  00  00  00  00  00  A1      34.8031
     0100      8   80  00  00  00  00  00  00  A1      34.8068
     0101      8   21  4D  00  00  00  00  01  36      34.8129
     0102      8   80  00  00  00  00  00  00  A1      34.8131
     0100      8   A0  00  00  00  00  00  00  CE      34.8147
     0100      8   C0  00  00  00  00  00  00  7F      34.8227
     0101      8   41  4D  00  00  00  00  01  87      34.8230
     0102      8   A0  00  00  00  00  00  00  CE      34.8232
     0100      8   C0  00  00  00  00  00  00  7F      34.8278
     0101      8   61  4D  00  00  00  00  01  E8      34.8329
     0102      8   C0  00  00  00  00  00  00  7F      34.8331
     0100      8   E0  00  00  00  00  00  00  10      34.8358
     0101      8   81  4D  00  00  00  00  01  F8      34.8429
     0102      8   E0  00  00  00  00  00  00  10      34.8431
     0501      8   0D  00  00  00  00  00  00  E6      34.8434
     0100      8   00  00  00  00  00  00  00  00      34.8438
     0100      8   20  00  00  00  00  00  00  6F      34.8518
     0101      8   A1  4D  00  00  00  00  01  97      34.8529
     0102      8   20  00  00  00  00  00  00  6F      34.8531
     0100      8   20  00  00  00  00  00  00  6F      34.8569
     0101      8   C1  4D  00  00  00  00  01  26      34.8629
     0102      8   20  00  00  00  00  00  00  6F      34.8631
     0100      8   40  00  00  00  00  00  00  DE      34.8649
     0101      8   E1  4D  00  00  00  00  01  49      34.8729
     0100      8   60  00  00  00  00  00  00  B1      34.8731
     0102      8   40  00  00  00  00  00  00  DE      34.8733
     0100      8   80  00  00  00  00  00  00  A1      34.8809
     0101      8   01  4D  00  00  00  00  01  59      34.8829
     0102      8   80  00  00  00  00  00  00  A1      34.8831
     0100      8   80  00  00  00  00  00  00  A1      34.8860
     0101      8   21  4D  00  00  00  00  01  36      34.8929
     0102      8   80  00  00  00  00  00  00  A1      34.8931
     0100      8   A0  00  00  00  00  00  00  CE      34.8940
     0100      8   C0  00  00  00  00  00  00  7F      34.9019
     0101      8   41  4D  00  00  00  00  01  87      34.9029
     0102      8   C0  00  00  00  00  00  00  7F      34.9031
     0100      8   C0  00  00  00  00  00  00  7F      34.9070
     0101      8   61  4D  00  00  00  00  01  E8      34.9129
     0102      8   C0  00  00  00  00  00  00  7F      34.9131
     0100      8   E0  00  00  00  00  00  00  10      34.9150
     0101      8   81  4D  00  00  00  00  01  F8      34.9229
     0100      8   00  00  00  00  00  00  00  00      34.9231
     0102      8   E0  00  00  00  00  00  00  10      34.9234
     0100      8   20  00  00  00  00  00  00  6F      34.9310
     0101      8   A1  4D  00  00  00  00  01  97      34.9329
     0102      8   20  00  00  00  00  00  00  6F      34.9331
     0100      8   20  00  00  00  00  00  00  6F      34.9361
     0101      8   C1  4D  00  00  00  00  01  26      34.9428
     0102      8   20  00  00  00  00  00  00  6F      34.9431
     0501      8   0D  00  00  00  00  00  00  E6      34.9433
     0100      8   40  00  00  00  00  00  00  DE      34.9441
     0100      8   60  00  00  00  00  00  00  B1      34.9521
     0101      8   E1  4D  00  00  00  00  01  49      34.9528
     0102      8   60  00  00  00  00  00  00  B1      34.9531
     0100      8   60  00  00  00  00  00  00  B1      34.9572
     0101      8   01  4E  00  00  00  00  01  93      34.9629
     0102      8   60  00  00  00  00  00  00  B1      34.9631
     0100      8   80  00  00  00  00  00  00  A1      34.9652
     0101      8   21  4E  00  00  00  00  01  FC      34.9729
     0102      8   80  00  00  00  00  00  00  A1      34.9731
     0100      8   A0  00  00  00  00  00  00  CE      34.9733
     0100      8   C0  00  00  00  00  00  00  7F      34.9812
     0101      8   41  4E  00  00  00  00  01  4D      34.9829
     0102      8   C0  00  00  00  00  00  00  7F      34.9831
     0100      8   C0  00  00  00  00  00  00  7F      34.9863
     0101      8   61  4F  00  00  00  00  01  64      34.9928
     0102      8   C0  00  00  00  00  00  00  7F      34.9931
     0100      8   E0  00  00  00  00  00  00  10      34.9942
     0100      8   00  00  00  00  00  00  00  00      35.0022
     0101      8   81  50  00  00  00  00  01  A5      35.0028
     0102      8   00  00  00  00  00  00  00  00      35.0031
     0100      8   00  00  00  00  00  00  00  00      35.0073
     0101      8   A1  50  00  00  00  00  01  CA      35.0128
     0102      8   00  00  00  00  00  00  00  00      35.0131
     0100      8   20  00  00  00  00  00  00  6F      35.0153
     0101      8   C1  50  00  00  00  00  01  7B      35.0228
     0102      8   20  00  00  00  00  00  00  6F      35.0231
     0100      8   40  00  00  00  00  00  00  DE      35.0233
     0100      8   60  00  00  00  00  00  00  B1      35.0313
     0101      8   E1  51  00  00  00  00  01  52      35.0328
     0102      8   60  00  00  00  00  00  00  B1      35.0331
     0100      8   60  00  00  00  00  00  00  B1      35.0364
     0101      8   01  52  00  00  00  00  01  88      35.0428
     0102      8   60  00  00  00  00  00  00  B1      35.0431
     0501      8   0D  00  00  00  00  00  00  E6      35.0433
     0100      8   80  00  00  00  00  00  00  A1      35.0444
     0100      8   A0  00  00  00  00  00  00  CE      35.0524
     0101      8   21  53  00  00  00  00  01  A1      35.0528
     0102      8   80  00  00  00  00  00  00  A1      35.0531
     0100      8   A0  00  00  00  00  00  00  CE      35.0575
     0101      8   41  53  00  00  00  00  01  10      35.0628
     0102      8   A0  00  00  00  00  00  00  CE      35.0631
     0100      8   C0  00  00  00  00  00  00  7F      35.0655
     0101      8   61  54  00  00  00  00  01  B0      35.0728
     0102      8   C0  00  00  00  00  00  00  7F      35.0731
     0100      8   E0  00  00  00  00  00  00  10      35.0734
     0100      8   00  00  00  00  00  00  00  00      35.0814
     0101      8   81  54  00  00  00  00  01  A0      35.0828
     0102      8   00  00  00  00  00  00  00  00      35.0831
     0100      8   00  00  00  00  00  00  00  00      35.0865
     0101      8   A1  54  00  00  00  00  01  CF      35.0928
     0102      8   00  00  00  00  00  00  00  00      35.0931
     0100      8   20  00  00  00  00  00  00  6F      35.0945
     0100      8   40  00  00  00  00  00  00  DE      35.1025
     0101      8   C1  55  00  00  00  00  01  38      35.1028
     0102      8   20  00  00  00  00  00  00  6F      35.1031
     0100      8   40  00  00  00  00  00  00  DE      35.1076
     0101      8   E1  55  00  00  00  00  01  57      35.1128
     0102      8   40  00  00  00  00  00  00  DE      35.1131
     0100      8   60  00  00  00  00  00  00  B1      35.1156
     0101      8   01  55  00  00  00  00  01  47      35.1228
     0102      8   60  00  00  00  00  00  00  B1      35.1231
     0100      8   80  00  00  00  00  00  00  A1      35.1236
     0100      8   A0  00  00  00  00  00  00  CE      35.1316
     0101      8   21  55  00  00  00  00  01  28      35.1328
     0102      8   A0  00  00  00  00  00  00  CE      35.1331
     0100      8   A0  00  00  00  00  00  00  CE      35.1367
     0101      8   41  55  00  00  00  00  01  99      35.1428
     0102      8   A0  00  00  00  00  00  00  CE      35.1431
     0501      8   0D  00  00  00  00  00  00  E6      35.1433
     0100      8   C0  00  00  00  00  00  00  7F      35.1447
     0100      8   E0  00  00  00  00  00  00  10      35.1527
     0101      8   61  55  00  00  00  00  01  F6      35.1529
     0102      8   C0  00  00  00  00  00  00  7F      35.1531
     0100      8   E0  00  00  00  00  00  00  10      35.1578
     0101      8   81  55  00  00  00  00  01  E6      35.1628
     0102      8   E0  00  00  00  00  00  00  10      35.1631
     0100      8   00  00  00  00  00  00  00  00      35.1657
     0101      8   A1  56  00  00  00  00  01  43      35.1728
     0102      8   00  00  00  00  00  00  00  00      35.1731
     0100      8   20  00  00  00  00  00  00  6F      35.1737
     0100      8   40  00  00  00  00  00  00  DE      35.1817
     0101      8   C1  56  00  00  00  00  01  F2      35.1828
     0102      8   40  00  00  00  00  00  00  DE      35.1831
     0100      8   40  00  00  00  00  00  00  DE      35.1868
     0101      8   E1  56  00  00  00  00  01  9D      35.1928
     0102      8   40  00  00  00  00  00  00  DE      35.1931
     0100      8   60  00  00  00  00  00  00  B1      35.1948
     0100      8   80  00  00  00  00  00  00  A1      35.2028
     0101      8   01  56  00  00  00  00  01  8D      35.2030
     0102      8   60  00  00  00  00  00  00  B1      35.2033
     0100      8   80  00  00  00  00  00  00  A1      35.2079
     0101      8   21  56  00  00  00  00  01  E2      35.2128
     0102      8   80  00  00  00  00  00  00  A1      35.2131
     0100      8   A0  00  00  00  00  00  00  CE      35.2159
     0101      8   41  56  00  00  00  00  01  53      35.2228
     0102      8   A0  00  00  00  00  00  00  CE      35.2231
     0100      8   C0  00  00  00  00  00  00  7F      35.2239
     0100      8   E0  00  00  00  00  00  00  10      35.2319
     0101      8   61  56  00  00  00  00  01  3C      35.2328
     0102      8   E0  00  00  00  00  00  00  10      35.2331
     0100      8   E0  00  00  00  00  00  00  10      35.2370
     0101      8   81  56  00  00  00  00  01  2C      35.2428
     0102      8   E0  00  00  00  00  00  00  10      35.2431
     0501      8   0D  00  00  00  00  00  00  E6      35.2433
     0100      8   00  00  00  00  00  00  00  00      35.2449
     0101      8   A1  56  00  00  00  00  01  43      35.2528
     0100      8   20  00  00  00  00  00  00  6F      35.2531
     0102      8   00  00  00  00  00  00  00  00      35.2533
     0100      8   40  00  00  00  00  00  00  DE      35.2609
     0101      8   C1  56  00  00  00  00  01  F2      35.2628
     0102      8   40  00  00  00  00  00  00  DE      35.2631
     0100      8   40  00  00  00  00  00  00  DE      35.2660
     0101      8   E1  56  00  00  00  00  01  9D      35.2728
     0102      8   40  00  00  00  00  00  00  DE      35.2730
     0100      8   60  00  00  00  00  00  00  B1      35.2740
     0100      8   80  00  00  00  00  00  00  A1      35.2820
     0101      8   01  56  00  00  00  00  01  8D      35.2828
     0102      8   80  00  00  00  00  00  00  A1      35.2831
     0100      8   80  00  00  00  00  00  00  A1      35.2871
     0101      8   21  57  00  00  00  00  01  A4      35.2928
     0102      8   80  00  00  00  00  00  00  A1      35.2930
     0100      8   A0  00  00  00  00  00  00  CE      35.2951
     0101      8   41  57  00  00  00  00  01  15      35.3028
     0102      8   A0  00  00  00  00  00  00  CE      35.3030
     0100      8   C0  00  00  00  00  00  00  7F      35.3033
     0100      8   E0  00  00  00  00  00  00  10      35.3111
     0101      8   61  58  00  00  00  00  01  BF      35.3128
     0102      8   E0  00  00  00  00  00  00  10      35.3131
     0100      8   E0  00  00  00  00  00  00  10      35.3162
     0101      8   81  58  00  00  00  00  01  AF      35.3228
     0102      8   E0  00  00  00  00  00  00  10      35.3230
     0100      8   00  00  00  00  00  00  00  00      35.3242
     0100      8   20  00  00  00  00  00  00  6F      35.3321
     0101      8   A1  58  00  00  00  00  01  C0      35.3328
     0102      8   20  00  00  00  00  00  00  6F      35.3330
     0100      8   20  00  00  00  00  00  00  6F      35.3372
     0101      8   C1  59  00  00  00  00  01  37      35.3428
     0102      8   20  00  00  00  00  00  00  6F      35.3430
     0501      8   0D  00  00  00  00  00  00  E6      35.3433
     0100      8   40  00  00  00  00  00  00  DE      35.3452
     0101      8   E1  5A  00  00  00  00  01  92      35.3528
     0102      8   40  00  00  00  00  00  00  DE      35.3530
     0100      8   60  00  00  00  00  00  00  B1      35.3533
     0100      8   80  00  00  00  00  00  00  A1      35.3612
     0101      8   01  5A  00  00  00  00  01  82      35.3628
     0102      8   80  00  00  00  00  00  00  A1      35.3630
     0100      8   80  00  00  00  00  00  00  A1      35.3663
     0101      8   21  5A  00  00  00  00  01  ED      35.3728
     0102      8   80  00  00  00  00  00  00  A1      35.3730
     0100      8   A0  00  00  00  00  00  00  CE      35.3743
     0100      8   C0  00  00  00  00  00  00  7F      35.3823
     0101      8   41  5B  00  00  00  00  01  1A      35.3828
     0102      8   A0  00  00  00  00  00  00  CE      35.3830
     0100      8   C0  00  00  00  00  00  00  7F      35.3874
     0101      8   61  5B  00  00  00  00  01  75      35.3928
     0102      8   C0  00  00  00  00  00  00  7F      35.3930
     0100      8   E0  00  00  00  00  00  00  10      35.3954
     0101      8   81  5C  00  00  00  00  01  AA      35.4028
     0102      8   E0  00  00  00  00  00  00  10      35.4030
     0100      8   00  00  00  00  00  00  00  00      35.4034
     0100      8   20  00  00  00  00  00  00  6F      35.4113
     0101      8   A1  5C  00  00  00  00  01  C5      35.4128
     0102      8   20  00  00  00  00  00  00  6F      35.4130
     0100      8   20  00  00  00  00  00  00  6F      35.4164
     0101      8   C1  5C  00  00  00  00  01  74      35.4228
     0102      8   20  00  00  00  00  00  00  6F      35.4230
     0100      8   40  00  00  00  00  00  00  DE      35.4244
     0100      8   60  00  00  00  00  00  00  B1      35.4324
     0101      8   E1  5C  00  00  00  00  01  1B      35.4328
     0102      8   40  00  00  00  00  00  00  DE      35.4330
     0100      8   60  00  00  00  00  00  00  B1      35.4375
     0101      8   01  5C  00  00  00  00  01  0B      35.4428
     0102      8   60  00  00  00  00  00  00  B1      35.4430
     0501      8   0D  00  00  00  00  00  00  E6      35.4433
     0100      8   80  00  00  00  00  00  00  A1      35.4455
     0101      8   21  5C  00  00  00  00  01  64      35.4528
     0102      8   80  00  00  00  00  00  00  A1      35.4530
     0100      8   A0  00  00  00  00  00  00  CE      35.4535
     0100      8   C0  00  00  00  00  00  00  7F      35.4615
     0101      8   41  5C  00  00  00  00  01  D5      35.4628
     0102      8   C0  00  00  00  00  00  00  7F      35.4630
     0100      8   C0  00  00  00  00  00  00  7F      35.4666
     0101      8   61  5C  00  00  00  00  01  BA      35.4728
     0102      8   C0  00  00  00  00  00  00  7F      35.4730
     0100      8   E0  00  00  00  00  00  00  10      35.4746
     0100      8   00  00  00  00  00  00  00  00      35.4826
     0101      8   81  5C  00  00  00  00  01  AA      35.4828
     0102      8   E0  00  00  00  00  00  00  10      35.4831
     0100      8   00  00  00  00  00  00  00  00      35.4877
     0101      8   A1  5C  00  00  00  00  01  C5      35.4928
     0102      8   00  00  00  00  00  00  00  00      35.4930
     0100      8   20  00  00  00  00  00  00  6F      35.4957
     0101      8   C1  5C  00  00  00  00  01  74      35.5028
     0102      8   20  00  00  00  00  00  00  6F      35.5030
     0100      8   40  00  00  00  00  00  00  DE      35.5036
     0100      8   60  00  00  00  00  00  00  B1      35.5116
     0101      8   E1  5C  00  00  00  00  01  1B      35.5128
     0102      8   60  00  00  00  00  00  00  B1      35.5130
     0100      8   60  00  00  00  00  00  00  B1      35.5167
     0101      8   01  5D  00  00  00  00  01  4D      35.5228
     0102      8   60  00  00  00  00  00  00  B1      35.5230
     0100      8   80  00  00  00  00  00  00  A1      35.5247
     0100      8   A0  00  00  00  00  00  00  CE      35.5327
     0101      8   21  5D  00  00  00  00  01  22      35.5329
     0102      8   80  00  00  00  00  00  00  A1      35.5332
     0100      8   A0  00  00  00  00  00  00  CE      35.5378
     0101      8   41  5D  00  00  00  00  01  93      35.5428
     0102      8   A0  00  00  00  00  00  00  CE      35.5430
     0501      8   0D  00  00  00  00  00  00  E6      35.5433
     0100      8   C0  00  00  00  00  00  00  7F      35.5458
     0101      8   61  5D  00  00  00  00  01  FC      35.5528
     0102      8   C0  00  00  00  00  00  00  7F      35.5530
     0100      8   E0  00  00  00  00  00  00  10      35.5538
     0100      8   00  00  00  00  00  00  00  00      35.5618
     0101      8   81  5D  00  00  00  00  01  EC      35.5628
     0102      8   00  00  00  00  00  00  00  00      35.5630
     0100      8   00  00  00  00  00  00  00  00      35.5669
     0101      8   A1  5D  00  00  00  00  01  83      35.5728
     0102      8   00  00  00  00  00  00  00  00      35.5730
     0100      8   20  00  00  00  00  00  00  6F      35.5749
     0101      8   C1  5D  00  00  00  00  01  32      35.5828
     0100      8   40  00  00  00  00  00  00  DE      35.5830
     0102      8   20  00  00  00  00  00  00  6F      35.5833
     0100      8   60  00  00  00  00  00  00  B1      35.5908
     0101      8   E1  5D  00  00  00  00  01  5D      35.5928
     0102      8   60  00  00  00  00  00  00  B1      35.5930
     0100      8   60  00  00  00  00  00  00  B1      35.5959
     0101      8   01  5D  00  00  00  00  01  4D      35.6028
     0102      8   60  00  00  00  00  00  00  B1      35.6030
     0100      8   80  00  00  00  00  00  00  A1      35.6039
     0100      8   A0  00  00  00  00  00  00  CE      35.6119
     0101      8   21  5D  00  00  00  00  01  22      35.6128
     0102      8   A0  00  00  00  00  00  00  CE      35.6130
     0100      8   A0  00  00  00  00  00  00  CE      35.6170
     0101      8   41  5E  00  00  00  00  01  59      35.6228
     0102      8   A0  00  00  00  00  00  00  CE      35.6230
     0100      8   C0  00  00  00  00  00  00  7F      35.6250
     0101      8   61  5E  00  00  00  00  01  36      35.6328
     0100      8   E0  00  00  00  00  00  00  10      35.6330
     0102      8   C0  00  00  00  00  00  00  7F      35.6333
     0100      8   00  00  00  00  00  00  00  00      35.6408
     0101      8   81  5E  00  00  00  00  01  26      35.6428
     0102      8   00  00  00  00  00  00  00  00      35.6430
     0501      8   0D  00  00  00  00  00  00  E6      35.6433
     0100      8   00  00  00  00  00  00  00  00      35.6458
     0101      8   A1  5F  00  00  00  00  01  0F      35.6528
     0102      8   00  00  00  00  00  00  00  00      35.6530
     0100      8   20  00  00  00  00  00  00  6F      35.6537
     0100      8   40  00  00  00  00  00  00  DE      35.6616
     0101      8   C1  5F  00  00  00  00  01  BE      35.6628
     0102      8   40  00  00  00  00  00  00  DE      35.6630
     0100      8   40  00  00  00  00  00  00  DE      35.6666
     0101      8   E1  60  00  00  00  00  01  28      35.6727
     0102      8   40  00  00  00  00  00  00  DE      35.6730
     0100      8   60  00  00  00  00  00  00  B1      35.6745
     0100      8   80  00  00  00  00  00  00  A1      35.6825
     0101      8   01  60  00  00  00  00  01  38      35.6828
     0102      8   60  00  00  00  00  00  00  B1      35.6830
     0100      8   80  00  00  00  00  00  00  A1      35.6875
     0101      8   21  60  00  00  00  00  01  57      35.6928
     0102      8   80  00  00  00  00  00  00  A1      35.6930
     0100      8   A0  00  00  00  00  00  00  CE      35.6954
     0101      8   41  61  00  00  00  00  01  A0      35.7027
     0102      8   A0  00  00  00  00  00  00  CE      35.7030
     0100      8   C0  00  00  00  00  00  00  7F      35.7033
     0100      8   E0  00  00  00  00  00  00  10      35.7112
     0101      8   61  61  00  00  00  00  01  CF      35.7127
     0102      8   E0  00  00  00  00  00  00  10      35.7130
     0100      8   E0  00  00  00  00  00  00  10      35.7162
     0101      8   81  61  00  00  00  00  01  DF      35.7227
     0102      8   E0  00  00  00  00  00  00  10      35.7230
     0100      8   00  00  00  00  00  00  00  00      35.7241
     0100      8   20  00  00  00  00  00  00  6F      35.7320
     0101      8   A1  62  00  00  00  00  01  7A      35.7327
     0102      8   20  00  00  00  00  00  00  6F      35.7330
     0100      8   20  00  00  00  00  00  00  6F      35.7370
     0101      8   C1  62  00  00  00  00  01  CB      35.7427
     0102      8   20  00  00  00  00  00  00  6F      35.7430
     0501      8   0D  00  00  00  00  00  00  E6      35.7432
     0100      8   40  00  00  00  00  00  00  DE      35.7449
     0101      8   E1  62  00  00  00  00  01  A4      35.7527
     0100      8   60  00  00  00  00  00  00  B1      35.7530
     0102      8   40  00  00  00  00  00  00  DE      35.7532
     0100      8   80  00  00  00  00  00  00  A1      35.7607
     0101      8   01  62  00  00  00  00  01  B4      35.7627
     0102      8   80  00  00  00  00  00  00  A1      35.7630
     0100      8   80  00  00  00  00  00  00  A1      35.7657
     0101      8   21  62  00  00  00  00  01  DB      35.7727
     0102      8   80  00  00  00  00  00  00  A1      35.7730
     0100      8   A0  00  00  00  00  00  00  CE      35.7736
     0100      8   C0  00  00  00  00  00  00  7F      35.7815
     0101      8   41  62  00  00  00  00  01  6A      35.7827
     0102      8   C0  00  00  00  00  00  00  7F      35.7830
     0100      8   C0  00  00  00  00  00  00  7F      35.7866
     0101      8   61  62  00  00  00  00  01  05      35.7927
     0102      8   C0  00  00  00  00  00  00  7F      35.7930
     0100      8   E0  00  00  00  00  00  00  10      35.7945
     0100      8   00  00  00  00  00  00  00  00      35.8024
     0101      8   81  62  00  00  00  00  01  15      35.8027
     0102      8   E0  00  00  00  00  00  00  10      35.8030
     0100      8   00  00  00  00  00  00  00  00      35.8074
     0101      8   A1  62  00  00  00  00  01  7A      35.8127
     0102      8   00  00  00  00  00  00  00  00      35.8130
     0100      8   20  00  00  00  00  00  00  6F      35.8153
     0101      8   C1  62  00  00  00  00  01  CB      35.8227
     0102      8   20  00  00  00  00  00  00  6F      35.8230
     0100      8   40  00  00  00  00  00  00  DE      35.8232
     0100      8   60  00  00  00  00  00  00  B1      35.8311
     0101      8   E1  62  00  00  00  00  01  A4      35.8327
     0102      8   60  00  00  00  00  00  00  B1      35.8330
     0100      8   60  00  00  00  00  00  00  B1      35.8361
     0101      8   01  62  00  00  00  00  01  B4      35.8427
     0102      8   60  00  00  00  00  00  00  B1      35.8430
     0501      8   0D  00  00  00  00  00  00  E6      35.8432
     0100      8   80  00  00  00  00  00  00  A1      35.8440
     0100      8   A0  00  00  00  00  00  00  CE      35.8519
     0101      8   21  62  00  00  00  00  01  DB      35.8527
     0102      8   A0  00  00  00  00  00  00  CE      35.8530
     0100      8   A0  00  00  00  00  00  00  CE      35.8569
     0101      8   41  62  00  00  00  00  01  6A      35.8627
     0102      8   A0  00  00  00  00  00  00  CE      35.8630
     0100      8   C0  00  00  00  00  00  00  7F      35.8648
     0101      8   61  62  00  00  00  00  01  05      35.8727
     0100      8   E0  00  00  00  00  00  00  10      35.8730
     0102      8   C0  00  00  00  00  00  00  7F      35.8732
     0100      8   00  00  00  00  00  00  00  00      35.8806
     0101      8   81  62  00  00  00  00  01  15      35.8827
     0102      8   00  00  00  00  00  00  00  00      35.8830
     0100      8   00  00  00  00  00  00  00  00      35.8857
     0101      8   A1  62  00  00  00  00  01  7A      35.8927
     0102      8   00  00  00  00  00  00  00  00      35.8930
     0100      8   20  00  00  00  00  00  00  6F      35.8936
     0100      8   40  00  00  00  00  00  00  DE      35.9015
     0101      8   C1  62  00  00  00  00  01  CB      35.9027
     0102      8   40  00  00  00  00  00  00  DE      35.9030
     0100      8   40  00  00  00  00  00  00  DE      35.9065
     0101      8   E1  63  00  00  00  00  01  E2      35.9127
     0102      8   40  00  00  00  00  00  00  DE      35.9130
     0100      8   60  00  00  00  00  00  00  B1      35.9144
     0100      8   80  00  00  00  00  00  00  A1      35.9223
     0101      8   01  63  00  00  00  00  01  F2      35.9227
     0102      8   60  00  00  00  00  00  00  B1      35.9230
     0100      8   80  00  00  00  00  00  00  A1      35.9273
     0101      8   21  63  00  00  00  00  01  9D      35.9327
     0102      8   80  00  00  00  00  00  00  A1      35.9330
     0100      8   A0  00  00  00  00  00  00  CE      35.9352
     0101      8   41  63  00  00  00  00  01  2C      35.9427
     0102      8   A0  00  00  00  00  00  00  CE      35.9430
     0100      8   C0  00  00  00  00  00  00  7F      35.9432
     0501      8   0D  00  00  00  00  00  00  E6      35.9435
     0100      8   E0  00  00  00  00  00  00  10      35.9510
     0101      8   61  64  00  00  00  00  01  8C      35.9527
     0102      8   E0  00  00  00  00  00  00  10      35.9530
     0100      8   E0  00  00  00  00  00  00  10      35.9560
     0101      8   81  64  00  00  00  00  01  9C      35.9627
     0102      8   E0  00  00  00  00  00  00  10      35.9630
     0100      8   00  00  00  00  00  00  00  00      35.9639
     0100      8   20  00  00  00  00  00  00  6F      35.9718
     0101      8   A1  65  00  00  00  00  01  B5      35.9727
     0102      8   20  00  00  00  00  00  00  6F      35.9730
     0100      8   20  00  00  00  00  00  00  6F      35.9768
     0101      8   C1  65  00  00  00  00  01  04      35.9827
     0102      8   20  00  00  00  00  00  00  6F      35.9830
     0100      8   40  00  00  00  00  00  00  DE      35.9847
     0100      8   60  00  00  00  00  00  00  B1      35.9927
     0101      8   E1  65  00  00  00  00  01  6B      35.9929
     0102      8   40  00  00  00  00  00  00  DE      35.9931
     0100      8   60  00  00  00  00  00  00  B1      35.9977
     0101      8   01  66  00  00  00  00  01  B1      36.0027
     0102      8   60  00  00  00  00  00  00  B1      36.0030
     0100      8   80  00  00  00  00  00  00  A1      36.0056
     0101      8   21  66  00  00  00  00  01  DE      36.0127
     0102      8   80  00  00  00  00  00  00  A1      36.0129
     0100      8   A0  00  00  00  00  00  00  CE      36.0135
     0100      8   C0  00  00  00  00  00  00  7F      36.0214
     0101      8   41  67  00  00  00  00  01  29      36.0227
     0102      8   C0  00  00  00  00  00  00  7F      36.0230
     0100      8   C0  00  00  00  00  00  00  7F      36.0264
     0101      8   61  67  00  00  00  00  01  46      36.0327
     0102      8   C0  00  00  00  00  00  00  7F      36.0329
     0100      8   E0  00  00  00  00  00  00  10      36.0343
     0100      8   00  00  00  00  00  00  00  00      36.0422
     0101      8   81  67  00  00  00  00  01  56      36.0427
     0102      8   E0  00  00  00  00  00  00  10      36.0430
     0501      8   0D  00  00  00  00  00  00  E6      36.0432
     0100      8   00  00  00  00  00  00  00  00      36.0472
     0101      8   A1  67  00  00  00  00  01  39      36.0527
     0102      8   00  00  00  00  00  00  00  00      36.0529
     0100      8   20  00  00  00  00  00  00  6F      36.0551
     0101      8   C1  67  00  00  00  00  01  88      36.0627
     0102      8   20  00  00  00  00  00  00  6F      36.0629
     0100      8   40  00  00  00  00  00  00  DE      36.0632
     0100      8   60  00  00  00  00  00  00  B1      36.0709
     0101      8   E1  67  00  00  00  00  01  E7      36.0727
     0102      8   60  00  00  00  00  00  00  B1      36.0729
     0100      8   60  00  00  00  00  00  00  B1      36.0759
     0101      8   01  68  00  00  00  00  01  32      36.0827
     0102      8   60  00  00  00  00  00  00  B1      36.0829
     0100      8   80  00  00  00  00  00  00  A1      36.0838
     0100      8   A0  00  00  00  00  00  00  CE      36.0917
     0101      8   21  68  00  00  00  00  01  5D      36.0927
     0102      8   A0  00  00  00  00  00  00  CE      36.0929
     0100      8   A0  00  00  00  00  00  00  CE      36.0968
     0101      8   41  68  00  00  00  00  01  EC      36.1027
     0102      8   A0  00  00  00  00  00  00  CE      36.1029
     0100      8   C0  00  00  00  00  00  00  7F      36.1047
     0100      8   E0  00  00  00  00  00  00  10      36.1126
     0101      8   61  68  00  00  00  00  01  83      36.1128
     0102      8   C0  00  00  00  00  00  00  7F      36.1131
     0100      8   E0  00  00  00  00  00  00  10      36.1176
     0101      8   81  68  00  00  00  00  01  93      36.1227
     0102      8   E0  00  00  00  00  00  00  10      36.1229
     0100      8   00  00  00  00  00  00  00  00      36.1255
     0101      8   A1  68  00  00  00  00  01  FC      36.1327
     0102      8   00  00  00  00  00  00  00  00      36.1329
     0100      8   20  00  00  00  00  00  00  6F      36.1334
     0100      8   40  00  00  00  00  00  00  DE      36.1413
     0101      8   C1  68  00  00  00  00  01  4D      36.1427
     0102      8   40  00  00  00  00  00  00  DE      36.1429
     0501      8   0D  00  00  00  00  00  00  E6      36.1432
     0100      8   40  00  00  00  00  00  00  DE      36.1463
     0101      8   E1  68  00  00  00  00  01  22      36.1527
     0102      8   40  00  00  00  00  00  00  DE      36.1529
     0100      8   60  00  00  00  00  00  00  B1      36.1542
     0100      8   80  00  00  00  00  00  00  A1      36.1621
     0101      8   01  68  00  00  00  00  01  32      36.1627
     0102      8   80  00  00  00  00  00  00  A1      36.1629
     0100      8   80  00  00  00  00  00  00  A1      36.1671
     0101      8   21  68  00  00  00  00  01  5D      36.1727
     0102      8   80  00  00  00  00  00  00  A1      36.1729
     0100      8   A0  00  00  00  00  00  00  CE      36.1750
     0101      8   41  68  00  00  00  00  01  EC      36.1827
     0102      8   A0  00  00  00  00  00  00  CE      36.1829
     0100      8   C0  00  00  00  00  00  00  7F      36.1832
     0100      8   E0  00  00  00  00  00  00  10      36.1908
     0101      8   61  68  00  00  00  00  01  83      36.1927
     0102      8   E0  00  00  00  00  00  00  10      36.1929
     0100      8   E0  00  00  00  00  00  00  10      36.1959
     0101      8   81  68  00  00  00  00  01  93      36.2027
     0102      8   E0  00  00  00  00  00  00  10      36.2029
     0100      8   00  00  00  00  00  00  00  00      36.2038
     0100      8   20  00  00  00  00  00  00  6F      36.2117
     0101      8   A1  68  00  00  00  00  01  FC      36.2127
     0102      8   20  00  00  00  00  00  00  6F      36.2129
     0100      8   20  00  00  00  00  00  00  6F      36.2167
     0101      8   C1  68  00  00  00  00  01  4D      36.2227
     0102      8   20  00  00  00  00  00  00  6F      36.2229
     0100      8   40  00  00  00  00  00  00  DE      36.2246
     0100      8   60  00  00  00  00  00  00  B1      36.2325
     0101      8   E1  68  00  00  00  00  01  22      36.2327
     0102      8   40  00  00  00  00  00  00  DE      36.2330
     0100      8   60  00  00  00  00  00  00  B1      36.2375
     0101      8   01  68  00  00  00  00  01  32      36.2427
     0102      8   60  00  00  00  00  00  00  B1      36.2429
     0501      8   0D  00  00  00  00  00  00  E6      36.2432
     0100      8   80  00  00  00  00  00  00  A1      36.2454
     0101      8   21  68  00  00  00  00  01  5D      36.2527
     0102      8   80  00  00  00  00  00  00  A1      36.2529
     0100      8   A0  00  00  00  00  00  00  CE      36.2533
     0100      8   C0  00  00  00  00  00  00  7F      36.2612
     0101      8   41  68  00  00  00  00  01  EC      36.2627
     0102      8   C0  00  00  00  00  00  00  7F      36.2629
     0100      8   C0  00  00  00  00  00  00  7F      36.2662
     0101      8   61  68  00  00  00  00  01  83      36.2727
     0102      8   C0  00  00  00  00  00  00  7F      36.2729
     0100      8   E0  00  00  00  00  00  00  10      36.2741
     0100      8   00  00  00  00  00  00  00  00      36.2820
     0101      8   81  68  00  00  00  00  01  93      36.2827
     0102      8   00  00  00  00  00  00  00  00      36.2829
     0100      8   00  00  00  00  00  00  00  00      36.2870
     0101      8   A1  68  00  00  00  00  01  FC      36.2927
     0102      8   00  00  00  00  00  00  00  00      36.2929
     0100      8   20  00  00  00  00  00  00  6F      36.2949
     0101      8   C1  68  00  00  00  00  01  4D      36.3027
     0100      8   40  00  00  00  00  00  00  DE      36.3029
     0102      8   20  00  00  00  00  00  00  6F      36.3032
     0100      8   60  00  00  00  00  00  00  B1      36.3107
     0101      8   E1  68  00  00  00  00  01  22      36.3127
     0102      8   60  00  00  00  00  00  00  B1      36.3129
     0100      8   60  00  00  00  00  00  00  B1      36.3158
     0101      8   01  68  00  00  00  00  01  32      36.3227
     0102      8   60  00  00  00  00  00  00  B1      36.3229
     0100      8   80  00  00  00  00  00  00  A1      36.3237
     0100      8   A0  00  00  00  00  00  00  CE      36.3316
     0101      8   21  69  00  00  00  00  01  1B      36.3327
     0102      8   A0  00  00  00  00  00  00  CE      36.3329
     0100      8   A0  00  00  00  00  00  00  CE      36.3366
     0101      8   41  69  00  00  00  00  01  AA      36.3427
     0102      8   A0  00  00  00  00  00  00  CE      36.3429
     0501      8   0D  00  00  00  00  00  00  E6      36.3431
     0100      8   C0  00  00  00  00  00  00  7F      36.3445
     0100      8   E0  00  00  00  00  00  00  10      36.3524
     0101      8   61  69  00  00  00  00  01  C5      36.3527
     0102      8   C0  00  00  00  00  00  00  7F      36.3529
     0100      8   E0  00  00  00  00  00  00  10      36.3574
     0101      8   81  69  00  00  00  00  01  D5      36.3627
     0102      8   E0  00  00  00  00  00  00  10      36.3629
     0100      8   00  00  00  00  00  00  00  00      36.3653
     0101      8   A1  6A  00  00  00  00  01  70      36.3727
     0102      8   00  00  00  00  00  00  00  00      36.3729
     0100      8   20  00  00  00  00  00  00  6F      36.3732
     0100      8   40  00  00  00  00  00  00  DE      36.3811
     0101      8   C1  6A  00  00  00  00  01  C1      36.3827
     0102      8   40  00  00  00  00  00  00  DE      36.3829
     0100      8   40  00  00  00  00  00  00  DE      36.3861
     0101      8   E1  6A  00  00  00  00  01  AE      36.3926
     0102      8   40  00  00  00  00  00  00  DE      36.3929
     0100      8   60  00  00  00  00  00  00  B1      36.3940
     0100      8   80  00  00  00  00  00  00  A1      36.4019
     0101      8   01  6A  00  00  00  00  01  BE      36.4027
     0102      8   80  00  00  00  00  00  00  A1      36.4029
     0100      8   80  00  00  00  00  00  00  A1      36.4070
     0101      8   21  6A  00  00  00  00  01  D1      36.4126
     0102      8   80  00  00  00  00  00  00  A1      36.4129
     0100      8   A0  00  00  00  00  00  00  CE      36.4149
     0101      8   41  6B  00  00  00  00  01  26      36.4226
     0100      8   C0  00  00  00  00  00  00  7F      36.4229
     0102      8   A0  00  00  00  00  00  00  CE      36.4231
     0100      8   E0  00  00  00  00  00  00  10      36.4307
     0101      8   61  6B  00  00  00  00  01  49      36.4326
     0102      8   E0  00  00  00  00  00  00  10      36.4329
     0100      8   E0  00  00  00  00  00  00  10      36.4357
     0101      8   81  6B  00  00  00  00  01  59      36.4426
     0102      8   E0  00  00  00  00  00  00  10      36.4429
     0501      8   0D  00  00  00  00  00  00  E6      36.4431
     0100      8   00  00  00  00  00  00  00  00      36.4436
     0100      8   20  00  00  00  00  00  00  6F      36.4515
     0101      8   A1  6B  00  00  00  00  01  36      36.4526
     0102      8   20  00  00  00  00  00  00  6F      36.4529
     0100      8   20  00  00  00  00  00  00  6F      36.4565
     0101      8   C1  6C  00  00  00  00  01  48      36.4626
     0102      8   20  00  00  00  00  00  00  6F      36.4629
     0100      8   40  00  00  00  00  00  00  DE      36.4644
     0100      8   60  00  00  00  00  00  00  B1      36.4723
     0101      8   E1  6C  00  00  00  00  01  27      36.4726
     0102      8   40  00  00  00  00  00  00  DE      36.4729
     0100      8   60  00  00  00  00  00  00  B1      36.4773
     0101      8   01  6C  00  00  00  00  01  37      36.4826
     0102      8   60  00  00  00  00  00  00  B1      36.4829
     0100      8   80  00  00  00  00  00  00  A1      36.4852
     0101      8   21  6C  00  00  00  00  01  58      36.4926
     0102      8   80  00  00  00  00  00  00  A1      36.4929
     0100      8   A0  00  00  00  00  00  00  CE      36.4931
     0100      8   C0  00  00  00  00  00  00  7F      36.5010
     0101      8   41  6C  00  00  00  00  01  E9      36.5026
     0102      8   C0  00  00  00  00  00  00  7F      36.5029
     0100      8   C0  00  00  00  00  00  00  7F      36.5061
     0101      8   61  6C  00  00  00  00  01  86      36.5126
     0102      8   C0  00  00  00  00  00  00  7F      36.5129
     0100      8   E0  00  00  00  00  00  00  10      36.5140
     0100      8   00  00  00  00  00  00  00  00      36.5219
     0101      8   81  6C  00  00  00  00  01  96      36.5226
     0102      8   00  00  00  00  00  00  00  00      36.5229
     0100      8   00  00  00  00  00  00  00  00      36.5269
     0101      8   A1  6C  00  00  00  00  01  F9      36.5326
     0102      8   00  00  00  00  00  00  00  00      36.5329
     0100      8   20  00  00  00  00  00  00  6F      36.5348
     0101      8   C1  6C  00  00  00  00  01  48      36.5426
     0100      8   40  00  00  00  00  00  00  DE      36.5429
     0102      8   20  00  00  00  00  00  00  6F      36.5431
     0501      8   0D  00  00  00  00  00  00  E6      36.5434
     0100      8   60  00  00  00  00  00  00  B1      36.5506
     0101      8   E1  6C  00  00  00  00  01  27      36.5526
     0102      8   60  00  00  00  00  00  00  B1      36.5529
     0100      8   60  00  00  00  00  00  00  B1      36.5556
     0101      8   01  6C  00  00  00  00  01  37      36.5626
     0102      8   60  00  00  00  00  00  00  B1      36.5629
     0100      8   80  00  00  00  00  00  00  A1      36.5635
     0100      8   A0  00  00  00  00  00  00  CE      36.5714
     0101      8   21  6C  00  00  00  00  01  58      36.5726
     0102      8   A0  00  00  00  00  00  00  CE      36.5729
     0100      8   A0  00  00  00  00  00  00  CE      36.5764
     0101      8   41  6C  00  00  00  00  01  E9      36.5826
     0102      8   A0  00  00  00  00  00  00  CE      36.5829
     0100      8   C0  00  00  00  00  00  00  7F      36.5843
     0100      8   E0  00  00  00  00  00  00  10      36.5922
     0101      8   61  6C  00  00  00  00  01  86      36.5926
     0102      8   C0  00  00  00  00  00  00  7F      36.5929
     0100      8   E0  00  00  00  00  00  00  10      36.5972
     0101      8   81  6C  00  00  00  00  01  96      36.6026
     0102      8   E0  00  00  00  00  00  00  10      36.6029
     0100      8   00  00  00  00  00  00  00  00      36.6051
     0101      8   A1  6C  00  00  00  00  01  F9      36.6126
     0102      8   00  00  00  00  00  00  00  00      36.6129
     0100      8   20  00  00  00  00  00  00  6F      36.6131
     0100      8   40  00  00  00  00  00  00  DE      36.6209
     0101      8   C1  6C  00  00  00  00  01  48      36.6226
     0102      8   40  00  00  00  00  00  00  DE      36.6229
     0100      8   40  00  00  00  00  00  00  DE      36.6260
     0101      8   E1  6C  00  00  00  00  01  27      36.6326
     0102      8   40  00  00  00  00  00  00  DE      36.6329
     0100      8   60  00  00  00  00  00  00  B1      36.6339
     0100      8   80  00  00  00  00  00  00  A1      36.6418
     0101      8   01  6C  00  00  00  00  01  37      36.6426
     0102      8   80  00  00  00  00  00  00  A1      36.6429
     0501      8   0D  00  00  00  00  00  00  E6      36.6431
     0100      8   80  00  00  00  00  00  00  A1      36.6468
     0101      8   21  6C  00  00  00  00  01  58      36.6526
     0102      8   80  00  00  00  00  00  00  A1      36.6529
     0100      8   A0  00  00  00  00  00  00  CE      36.6547
     0100      8   C0  00  00  00  00  00  00  7F      36.6626
     0101      8   41  6C  00  00  00  00  01  E9      36.6628
     0102      8   A0  00  00  00  00  00  00  CE      36.6631
     0100      8   C0  00  00  00  00  00  00  7F      36.6676
     0101      8   61  6C  00  00  00  00  01  86      36.6726
     0102      8   C0  00  00  00  00  00  00  7F      36.6729
     0100      8   E0  00  00  00  00  00  00  10      36.6755
     0101      8   81  6C  00  00  00  00  01  96      36.6826
     0102      8   E0  00  00  00  00  00  00  10      36.6829
     0100      8   00  00  00  00  00  00  00  00      36.6834
     0100      8   20  00  00  00  00  00  00  6F      36.6913
     0101      8   A1  6D  00  00  00  00  01  BF      36.6926
     0102      8   20  00  00  00  00  00  00  6F      36.6929
     0100      8   20  00  00  00  00  00  00  6F      36.6963
     0101      8   C1  6D  00  00  00  00  01  0E      36.7026
     0102      8   20  00  00  00  00  00  00  6F      36.7029
     0100      8   40  00  00  00  00  00  00  DE      36.7042
     0100      8   60  00  00  00  00  00  00  B1      36.7121
     0101      8   E1  6D  00  00  00  00  01  61      36.7126
     0102      8   40  00  00  00  00  00  00  DE      36.7128
     0100      8   60  00  00  00  00  00  00  B1      36.7172
     0101      8   01  6D  00  00  00  00  01  71      36.7226
     0102      8   60  00  00  00  00  00  00  B1      36.7229
     0100      8   80  00  00  00  00  00  00  A1      36.7251
     0101      8   21  6E  00  00  00  00  01  D4      36.7326
     0102      8   80  00  00  00  00  00  00  A1      36.7329
     0100      8   A0  00  00  00  00  00  00  CE      36.7331
     0100      8   C0  00  00  00  00  00  00  7F      36.7409
     0101      8   41  6E  00  00  00  00  01  65      36.7426
     0102      8   C0  00  00  00  00  00  00  7F      36.7428
     0501      8   0D  00  00  00  00  00  00  E6      36.7431
     0100      8   C0  00  00  00  00  00  00  7F      36.7459
     0101      8   61  6E  00  00  00  00  01  0A      36.7526
     0102      8   C0  00  00  00  00  00  00  7F      36.7529
     0100      8   E0  00  00  00  00  00  00  10      36.7538
     0100      8   00  00  00  00  00  00  00  00      36.7617
     0101      8   81  6E  00  00  00  00  01  1A      36.7626
     0102      8   00  00  00  00  00  00  00  00      36.7629
     0100      8   00  00  00  00  00  00  00  00      36.7667
     0101      8   A1  6F  00  00  00  00  01  33      36.7726
     0102      8   00  00  00  00  00  00  00  00      36.7728
     0100      8   20  00  00  00  00  00  00  6F      36.7746
     0100      8   40  00  00  00  00  00  00  DE      36.7825
     0101      8   C1  6F  00  00  00  00  01  82      36.7827
     0102      8   20  00  00  00  00  00  00  6F      36.7830
     0100      8   40  00  00  00  00  00  00  DE      36.7875
     0101      8   E1  6F  00  00  00  00  01  ED      36.7926
     0102      8   40  00  00  00  00  00  00  DE      36.7928
     0100      8   60  00  00  00  00  00  00  B1      36.7954
     0101      8   01  6F  00  00  00  00  01  FD      36.8026
     0102      8   60  00  00  00  00  00  00  B1      36.8028
     0100      8   80  00  00  00  00  00  00  A1      36.8033
     0100      8   A0  00  00  00  00  00  00  CE      36.8112
     0101      8   21  6F  00  00  00  00  01  92      36.8126
     0102      8   A0  00  00  00  00  00  00  CE      36.8128
     0100      8   A0  00  00  00  00  00  00  CE      36.8162
     0101      8   41  70  00  00  00  00  01  F2      36.8226
     0102      8   A0  00  00  00  00  00  00  CE      36.8228
     0100      8   C0  00  00  00  00  00  00  7F      36.8242
     0100      8   E0  00  00  00  00  00  00  10      36.8321
     0101      8   61  70  00  00  00  00  01  9D      36.8326
     0102      8   E0  00  00  00  00  00  00  10      36.8328
     0100      8   E0  00  00  00  00  00  00  10      36.8371
     0101      8   81  70  00  00  00  00  01  8D      36.8426
     0102      8   E0  00  00  00  00  00  00  10      36.8428
     0501      8   0D  00  00  00  00  00  00  E6      36.8431
     0100      8   00  00  00  00  00  00  00  00      36.8450
     0101      8   A1  70  00  00  00  00  01  E2      36.8526
     0102      8   00  00  00  00  00  00  00  00      36.8528
     0100      8   20  00  00  00  00  00  00  6F      36.8531
     0100      8   40  00  00  00  00  00  00  DE      36.8608
     0101      8   C1  70  00  00  00  00  01  53      36.8626
     0102      8   40  00  00  00  00  00  00  DE      36.8628
     0100      8   40  00  00  00  00  00  00  DE      36.8658
     0101      8   E1  70  00  00  00  00  01  3C      36.8726
     0102      8   40  00  00  00  00  00  00  DE      36.8728
     0100      8   60  00  00  00  00  00  00  B1      36.8737
     0100      8   80  00  00  00  00  00  00  A1      36.8816
     0101      8   01  70  00  00  00  00  01  2C      36.8826
     0102      8   80  00  00  00  00  00  00  A1      36.8828
     0100      8   80  00  00  00  00  00  00  A1      36.8866
     0101      8   21  70  00  00  00  00  01  43      36.8926
     0102      8   80  00  00  00  00  00  00  A1      36.8928
     0100      8   A0  00  00  00  00  00  00  CE      36.8945
     0100      8   C0  00  00  00  00  00  00  7F      36.9024
     0101      8   41  70  00  00  00  00  01  F2      36.9027
     0102      8   A0  00  00  00  00  00  00  CE      36.9029
     0100      8   C0  00  00  00  00  00  00  7F      36.9074
     0101      8   61  70  00  00  00  00  01  9D      36.9126
     0102      8   C0  00  00  00  00  00  00  7F      36.9128
     0100      8   E0  00  00  00  00  00  00  10      36.9153
     0101      8   81  70  00  00  00  00  01  8D      36.9226
     0102      8   E0  00  00  00  00  00  00  10      36.9228
     0100      8   00  00  00  00  00  00  00  00      36.9233
     0100      8   20  00  00  00  00  00  00  6F      36.9311
     0101      8   A1  70  00  00  00  00  01  E2      36.9326
     0102      8   20  00  00  00  00  00  00  6F      36.9328
     0100      8   20  00  00  00  00  00  00  6F      36.9362
     0101      8   C1  70  00  00  00  00  01  53      36.9426
     0102      8   20  00  00  00  00  00  00  6F      36.9428
     0501      8   0D  00  00  00  00  00  00  E6      36.9431
     0100      8   40  00  00  00  00  00  00  DE      36.9441
     0100      8   60  00  00  00  00  00  00  B1      36.9520
     0101      8   E1  70  00  00  00  00  01  3C      36.9526
     0102      8   60  00  00  00  00  00  00  B1      36.9528
     0100      8   60  00  00  00  00  00  00  B1      36.9570
     0101      8   01  70  00  00  00  00  01  2C      36.9626
     0102      8   60  00  00  00  00  00  00  B1      36.9628
     0100      8   80  00  00  00  00  00  00  A1      36.9649
     0101      8   21  70  00  00  00  00  01  43      36.9726
     0100      8   A0  00  00  00  00  00  00  CE      36.9728
     0102      8   80  00  00  00  00  00  00  A1      36.9731
     0100      8   C0  00  00  00  00  00  00  7F      36.9807
     0101      8   41  70  00  00  00  00  01  F2      36.9826
     0102      8   C0  00  00  00  00  00  00  7F      36.9828
     0100      8   C0  00  00  00  00  00  00  7F      36.9857
     0101      8   61  70  00  00  00  00  01  9D      36.9926
     0102      8   C0  00  00  00  00  00  00  7F      36.9928
     0100      8   E0  00  00  00  00  00  00  10      36.9936
     0100      8   00  00  00  00  00  00  00  00      37.0015
     0101      8   81  70  00  00  00  00  01  8D      37.0026
     0102      8   00  00  00  00  00  00  00  00      37.0028
     0100      8   00  00  00  00  00  00  00  00      37.0065
     0101      8   A1  70  00  00  00  00  01  E2      37.0126
     0102      8   00  00  00  00  00  00  00  00      37.0128
     0100      8   20  00  00  00  00  00  00  6F      37.0144
     0100      8   40  00  00  00  00  00  00  DE      37.0223
     0101      8   C1  70  00  00  00  00  01  53      37.0226
     0102      8   20  00  00  00  00  00  00  6F      37.0228
     0100      8   40  00  00  00  00  00  00  DE      37.0273
     0101      8   E1  71  00  00  00  00  01  7A      37.0326
     0102      8   40  00  00  00  00  00  00  DE      37.0328
     0100      8   60  00  00  00  00  00  00  B1      37.0353
     0101      8   01  71  00  00  00  00  01  6A      37.0426
     0102      8   60  00  00  00  00  00  00  B1      37.0428
     0501      8   0D  00  00  00  00  00  00  E6      37.0431
     0100      8   80  00  00  00  00  00  00  A1      37.0433
     0100      8   A0  00  00  00  00  00  00  CE      37.0511
     0101      8   21  71  00  00  00  00  01  05      37.0526
     0102      8   A0  00  00  00  00  00  00  CE      37.0528
     0100      8   A0  00  00  00  00  00  00  CE      37.0561
     0101      8   41  71  00  00  00  00  01  B4      37.0626
     0102      8   A0  00  00  00  00  00  00  CE      37.0628
     0100      8   C0  00  00  00  00  00  00  7F      37.0640
     0100      8   E0  00  00  00  00  00  00  10      37.0719
     0101      8   61  72  00  00  00  00  01  11      37.0726
     0102      8   E0  00  00  00  00  00  00  10      37.0728
     0100      8   E0  00  00  00  00  00  00  10      37.0769
     0101      8   81  72  00  00  00  00  01  01      37.0826
     0102      8   E0  00  00  00  00  00  00  10      37.0828
     0100      8   00  00  00  00  00  00  00  00      37.0848
     0101      8   A1  73  00  00  00  00  01  28      37.0926
     0100      8   20  00  00  00  00  00  00  6F      37.0928
     0102      8   00  00  00  00  00  00  00  00      37.0931
     0100      8   40  00  00  00  00  00  00  DE      37.1006
     0101      8   C1  73  00  00  00  00  01  99      37.1026
     0102      8   40  00  00  00  00  00  00  DE      37.1028
     0100      8   40  00  00  00  00  00  00  DE      37.1056
     0101      8   E1  74  00  00  00  00  01  39      37.1125
     0102      8   40  00  00  00  00  00  00  DE      37.1128
     0100      8   60  00  00  00  00  00  00  B1      37.1135
     0100      8   80  00  00  00  00  00  00  A1      37.1214
     0101      8   01  74  00  00  00  00  01  29      37.1226
     0102      8   80  00  00  00  00  00  00  A1      37.1228
     0100      8   80  00  00  00  00  00  00  A1      37.1264
     0101      8   21  75  00  00  00  00  01  00      37.1326
     0102      8   80  00  00  00  00  00  00  A1      37.1328
     0100      8   A0  00  00  00  00  00  00  CE      37.1343
     0100      8   C0  00  00  00  00  00  00  7F      37.1423
     0101      8   41  75  00  00  00  00  01  B1      37.1425
     0102      8   A0  00  00  00  00  00  00  CE      37.1428
     0501      8   0D  00  00  00  00  00  00  E6      37.1430
     0100      8   C0  00  00  00  00  00  00  7F      37.1473
     0101      8   61  75  00  00  00  00  01  DE      37.1525
     0102      8   C0  00  00  00  00  00  00  7F      37.1528
     0100      8   E0  00  00  00  00  00  00  10      37.1552
     0101      8   81  76  00  00  00  00  01  04      37.1625
     0102      8   E0  00  00  00  00  00  00  10      37.1628
     0100      8   00  00  00  00  00  00  00  00      37.1631
     0100      8   20  00  00  00  00  00  00  6F      37.1710
     0101      8   A1  76  00  00  00  00  01  6B      37.1725
     0102      8   20  00  00  00  00  00  00  6F      37.1728
     0100      8   20  00  00  00  00  00  00  6F      37.1760
     0101      8   C1  76  00  00  00  00  01  DA      37.1825
     0102      8   20  00  00  00  00  00  00  6F      37.1828
     0100      8   40  00  00  00  00  00  00  DE      37.1839
     0100      8   60  00  00  00  00  00  00  B1      37.1918
     0101      8   E1  77  00  00  00  00  01  F3      37.1925
     0102      8   60  00  00  00  00  00  00  B1      37.1928
     0100      8   60  00  00  00  00  00  00  B1      37.1968
     0101      8   01  77  00  00  00  00  01  E3      37.2025
     0102      8   60  00  00  00  00  00  00  B1      37.2028
     0100      8   80  00  00  00  00  00  00  A1      37.2047
     0101      8   21  77  00  00  00  00  01  8C      37.2125
     0100      8   A0  00  00  00  00  00  00  CE      37.2128
     0102      8   80  00  00  00  00  00  00  A1      37.2130
     0100      8   C0  00  00  00  00  00  00  7F      37.2205
     0101      8   41  77  00  00  00  00  01  3D      37.2225
     0102      8   C0  00  00  00  00  00  00  7F      37.2228
     0100      8   C0  00  00  00  00  00  00  7F      37.2255
     0101      8   61  77  00  00  00  00  01  52      37.2325
     0102      8   C0  00  00  00  00  00  00  7F      37.2328
     0100      8   E0  00  00  00  00  00  00  10      37.2334
     0100      8   00  00  00  00  00  00  00  00      37.2413
     0101      8   81  77  00  00  00  00  01  42      37.2425
     0102      8   00  00  00  00  00  00  00  00      37.2428
     0501      8   0D  00  00  00  00  00  00  E6      37.2430
     0100      8   00  00  00  00  00  00  00  00      37.2464
     0101      8   A1  77  00  00  00  00  01  2D      37.2525
     0102      8   00  00  00  00  00  00  00  00      37.2528
     0100      8   20  00  00  00  00  00  00  6F      37.2543
     0100      8   40  00  00  00  00  00  00  DE      37.2622
     0101      8   C1  77  00  00  00  00  01  9C      37.2625
     0102      8   20  00  00  00  00  00  00  6F      37.2628
     0100      8   40  00  00  00  00  00  00  DE      37.2672
     0101      8   E1  77  00  00  00  00  01  F3      37.2725
     0102      8   40  00  00  00  00  00  00  DE      37.2728
     0100      8   60  00  00  00  00  00  00  B1      37.2751
     0101      8   01  77  00  00  00  00  01  E3      37.2825
     0102      8   60  00  00  00  00  00  00  B1      37.2828
     0100      8   80  00  00  00  00  00  00  A1      37.2830
     0100      8   A0  00  00  00  00  00  00  CE      37.2909
     0101      8   21  77  00  00  00  00  01  8C      37.2925
     0102      8   A0  00  00  00  00  00  00  CE      37.2928
     0100      8   A0  00  00  00  00  00  00  CE      37.2959
     0101      8   41  77  00  00  00  00  01  3D      37.3025
     0102      8   A0  00  00  00  00  00  00  CE      37.3028
     0100      8   C0  00  00  00  00  00  00  7F      37.3038
     0100      8   E0  00  00  00  00  00  00  10      37.3117
     0101      8   61  77  00  00  00  00  01  52      37.3125
     0102      8   E0  00  00  00  00  00  00  10      37.3128
     0100      8   E0  00  00  00  00  00  00  10      37.3167
     0101      8   81  77  00  00  00  00  01  42      37.3225
     0102      8   E0  00  00  00  00  00  00  10      37.3228
     0100      8   00  00  00  00  00  00  00  00      37.3246
     0101      8   A1  77  00  00  00  00  01  2D      37.3325
     0100      8   20  00  00  00  00  00  00  6F      37.3328
     0102      8   00  00  00  00  00  00  00  00      37.3330
     0100      8   40  00  00  00  00  00  00  DE      37.3404
     0101      8   C1  77  00  00  00  00  01  9C      37.3425
     0102      8   40  00  00  00  00  00  00  DE      37.3428
     0501      8   0D  00  00  00  00  00  00  E6      37.3430
     0100      8   40  00  00  00  00  00  00  DE      37.3454
     0101      8   E1  77  00  00  00  00  01  F3      37.3525
     0102      8   40  00  00  00  00  00  00  DE      37.3528
     0100      8   60  00  00  00  00  00  00  B1      37.3534
     0100      8   80  00  00  00  00  00  00  A1      37.3613
     0101      8   01  77  00  00  00  00  01  E3      37.3625
     0102      8   80  00  00  00  00  00  00  A1      37.3628
     0100      8   80  00  00  00  00  00  00  A1      37.3663
     0101      8   21  77  00  00  00  00  01  8C      37.3725
     0102      8   80  00  00  00  00  00  00  A1      37.3728
     0100      8   A0  00  00  00  00  00  00  CE      37.3742
     0100      8   C0  00  00  00  00  00  00  7F      37.3821
     0101      8   41  77  00  00  00  00  01  3D      37.3825
     0102      8   A0  00  00  00  00  00  00  CE      37.3828
     0100      8   C0  00  00  00  00  00  00  7F      37.3871
     0101      8   61  78  00  00  00  00  01  97      37.3925
     0102      8   C0  00  00  00  00  00  00  7F      37.3928
     0100      8   E0  00  00  00  00  00  00  10      37.3950
     0101      8   81  78  00  00  00  00  01  87      37.4025
     0102      8   E0  00  00  00  00  00  00  10      37.4028
     0100      8   1F  00  00  00  00  00  00  E5      37.4030
     0100      8   3F  00  00  00  00  00  00  8A      37.4108
     0101      8   A1  78  00  00  00  00  02  CF      37.4125
     0102      8   3F  00  00  00  00  00  00  8A      37.4128
     0100      8   3F  00  00  00  00  00  00  8A      37.4158
     0101      8   C1  79  00  00  00  00  02  38      37.4226
     0102      8   3F  00  00  00  00  00  00  8A      37.4228
     0100      8   5F  00  00  09  10  00  00  22      37.4231
     0100      8   7F  00  00  09  10  00  00  4D      37.4301
     0101      8   E1  79  00  00  00  00  02  57      37.4326
     0102      8   7F  00  00  09  10  00  00  4D      37.4328
     0100      8   7F  00  00  09  10  00  00  4D      37.4351
     0100      8   9F  00  00  09  10  00  00  5D      37.4422
     0101      8   01  7A  00  00  00  00  02  8D      37.4425
     0102      8   7F  00  00  09  10  00  00  4D      37.4428
     0501      8   0D  00  00  00  00  00  00  E6      37.4430
     0100      8   9F  00  00  09  10  00  00  5D      37.4473
     0101      8   21  7A  00  00  00  00  02  E2      37.4525
     0102      8   9F  00  00  09  10  00  00  5D      37.4528
     0100      8   BF  00  00  09  10  00  00  32      37.4544
     0100      8   DF  00  00  09  10  00  00  83      37.4615
     0101      8   41  7B  00  00  00  00  02  15      37.4625
     0102      8   DF  00  00  09  10  00  00  83      37.4628
     0100      8   DF  00  00  09  10  00  00  83      37.4666
     0101      8   61  7B  00  00  00  00  02  7A      37.4725
     0102      8   DF  00  00  09  10  00  00  83      37.4728
     0100      8   FF  00  00  09  10  00  00  EC      37.4737
     0100      8   1F  00  00  09  10  00  00  FC      37.4808
     0101      8   81  7C  00  00  00  00  02  A5      37.4825
     0102      8   1F  00  00  09  10  00  00  FC      37.4828
     0100      8   1F  00  00  09  10  00  00  FC      37.4858
     0101      8   A1  7D  00  00  00  00  02  8C      37.4925
     0102      8   1F  00  00  09  10  00  00  FC      37.4928
     0100      8   3F  00  00  09  10  00  00  93      37.4930
     0100      8   5F  00  00  09  10  00  00  22      37.5002
     0101      8   C1  7D  00  00  00  00  02  3D      37.5025
     0102      8   5F  00  00  09  10  00  00  22      37.5028
     0100      8   5F  00  00  09  10  00  00  22      37.5052
     0100      8   7F  00  00  09  10  00  00  4D      37.5124
     0101      8   E1  7E  00  00  00  00  02  98      37.5127
     0102      8   5F  00  00  09  10  00  00  22      37.5129
     0100      8   7F  00  00  09  10  00  00  4D      37.5175
     0101      8   01  7E  00  00  00  00  02  88      37.5226
     0102      8   7F  00  00  09  10  00  00  4D      37.5228
     0100      8   9F  00  00  09  10  00  00  5D      37.5247
     0100      8   BF  00  00  09  10  00  00  32      37.5319
     0101      8   21  7E  00  00  00  00  02  E7      37.5325
     0102      8   BF  00  00  09  10  00  00  32      37.5328
     0100      8   BF  00  00  09  10  00  00  32      37.5369
     0101      8   41  7E  00  00  00  00  02  56      37.5425
     0102      8   BF  00  00  09  10  00  00  32      37.5428
     0501      8   0D  00  00  00  00  00  00  E6      37.5430
     0100      8   DF  00  00  09  10  00  00  83      37.5441
     0100      8   FF  00  00  09  10  00  00  EC      37.5514
     0101      8   61  7E  00  00  00  00  02  39      37.5525
     0102      8   FF  00  00  09  10  00  00  EC      37.5527
     0100      8   FF  00  00  09  10  00  00  EC      37.5564
     0101      8   81  7F  00  00  00  00  02  6F      37.5625
     0102      8   FF  00  00  09  10  00  00  EC      37.5628
     0100      8   1F  00  00  09  10  00  00  FC      37.5636
     0100      8   3F  00  00  09  10  00  00  93      37.5708
     0101      8   A1  7F  00  00  00  00  02  00      37.5725
     0102      8   3F  00  00  09  10  00  00  93      37.5728
     0100      8   3F  00  00  09  10  00  00  93      37.5758
     0101      8   C1  7F  00  00  00  00  02  B1      37.5825
     0102      8   3F  00  00  09  10  00  00  93      37.5827
     0100      8   5F  00  00  09  10  00  00  22      37.5831
     0100      8   7F  00  00  09  10  00  00  4D      37.5903
     0101      8   E1  7F  00  00  00  00  02  DE      37.5925
     0102      8   7F  00  00  09  10  00  00  4D      37.5928
     0100      8   7F  00  00  09  10  00  00  4D      37.5953
     0101      8   01  7F  00  00  00  00  02  CE      37.6025
     0100      8   9F  00  00  09  10  00  00  5D      37.6027
     0102      8   7F  00  00  09  10  00  00  4D      37.6030
     0100      8   BF  00  00  09  10  00  00  32      37.6098
     0101      8   21  7F  00  00  00  00  0F  20      37.6125
     0102      8   BF  00  00  09  10  00  00  32      37.6127
     0100      8   BF  00  00  09  10  00  00  32      37.6148
     0100      8   C0  00  00  00  00  00  00  7F      37.6207
     0101      8   41  7F  00  00  00  00  0F  91      37.6225
     0102      8   C0  00  00  00  00  00  00  7F      37.6228
     0100      8   C0  00  00  00  00  00  00  7F      37.6257
     0100      8   E0  00  00  00  00  00  00  10      37.6317
     0101      8   61  7F  00  00  00  00  0F  FE      37.6325
     0102      8   E0  00  00  00  00  00  00  10      37.6328
     0100      8   E0  00  00  00  00  00  00  10      37.6367
     0101      8   81  7F  00  00  00  00  0F  EE      37.6425
     0100      8   00  00  00  00  00  00  00  00      37.6428
     0102      8   E0  00  00  00  00  00  00  10      37.6430
     0501      8   0D  12  00  00  00  00  00  7E      37.6432
     0100      8   20  00  00  00  00  00  00  6F      37.6486
     0101      8   A1  7F  00  00  00  00  0F  81      37.6525
     0102      8   20  00  00  00  00  00  00  6F      37.6527
     0100      8   20  00  00  00  00  00  00  6F      37.6536
     0100      8   40  00  00  00  00  00  00  DE      37.6596
     0101      8   C1  7F  00  00  00  00  0F  30      37.6625
     0102      8   40  00  00  00  00  00  00  DE      37.6628
     0100      8   40  00  00  00  00  00  00  DE      37.6646
     0100      8   60  00  00  00  00  00  00  B1      37.6705
     0101      8   E1  7F  00  00  00  00  0F  5F      37.6725
     0102      8   60  00  00  00  00  00  00  B1      37.6727
     0100      8   60  00  00  00  00  00  00  B1      37.6755
     0100      8   80  00  00  00  00  00  00  A1      37.6815
     0101      8   01  7F  00  00  00  00  0F  4F      37.6825
     0102      8   80  00  00  00  00  00  00  A1      37.6827
     0100      8   80  00  00  00  00  00  00  A1      37.6865
     0100      8   A0  00  00  00  00  00  00  CE      37.6924
     0101      8   21  7F  00  00  00  00  0F  20      37.6927
     0102      8   80  00  00  00  00  00  00  A1      37.6929
     0100      8   A0  00  00  00  00  00  00  CE      37.6975
     0101      8   41  7F  00  00  00  00  0F  91      37.7025
     0102      8   A0  00  00  00  00  00  00  CE      37.7028
     0100      8   C0  00  00  00  00  00  00  7F      37.7034
     0100      8   E0  00  00  00  00  00  00  10      37.7094
     0101      8   61  7F  00  00  00  00  0F  FE      37.7125
     0102      8   E0  00  00  00  00  00  00  10      37.7127
     0100      8   E0  00  00  00  00  00  00  10      37.7144
     0100      8   00  00  00  00  00  00  00  00      37.7203
     0101      8   81  7F  00  00  00  00  0F  EE      37.7225
     0102      8   00  00  00  00  00  00  00  00      37.7228
     0100      8   00  00  00  00  00  00  00  00      37.7253
     0100      8   20  00  00  00  00  00  00  6F      37.7313
     0101      8   A1  7F  00  00  00  00  0F  81      37.7325
     0102      8   20  00  00  00  00  00  00  6F      37.7327
     0100      8   20  00  00  00  00  00  00  6F      37.7363
     0100      8   40  00  00  00  00  00  00  DE      37.7422
     0101      8   C1  7F  00  00  00  00  0F  30      37.7425
     0102      8   20  00  00  00  00  00  00  6F      37.7427
     0501      8   0D  12  00  00  00  00  00  7E      37.7430
     0100      8   40  00  00  00  00  00  00  DE      37.7473
     0101      8   E1  80  00  00  00  00  0F  56      37.7525
     0102      8   40  00  00  00  00  00  00  DE      37.7527
     0100      8   60  00  00  00  00  00  00  B1      37.7532
     0100      8   80  00  00  00  00  00  00  A1      37.7592
     0101      8   01  80  00  00  00  00  0F  46      37.7625
     0102      8   80  00  00  00  00  00  00  A1      37.7628
     0100      8   80  00  00  00  00  00  00  A1      37.7642
     0100      8   A0  00  00  00  00  00  00  CE      37.7701
     0101      8   21  80  00  00  00  00  0F  29      37.7725
     0102      8   A0  00  00  00  00  00  00  CE      37.7727
     0100      8   A0  00  00  00  00  00  00  CE      37.7751
     0100      8   C0  00  00  00  00  00  00  7F      37.7811
     0101      8   41  80  00  00  00  00  0F  98      37.7825
     0102      8   C0  00  00  00  00  00  00  7F      37.7827
     0100      8   C0  00  00  00  00  00  00  7F      37.7861
     0100      8   E0  00  00  00  00  00  00  10      37.7921
     0101      8   61  80  00  00  00  00  0F  F7      37.7925
     0102      8   C0  00  00  00  00  00  00  7F      37.7927
     0100      8   E0  00  00  00  00  00  00  10      37.7971
     0101      8   81  80  00  00  00  00  0F  E7      37.8025
     0102      8   E0  00  00  00  00  00  00  10      37.8028
     0100      8   00  00  00  00  00  00  00  00      37.8030
     0100      8   20  00  00  00  00  00  00  6F      37.8090
     0101      8   A1  80  00  00  00  00  0F  88      37.8125
     0102      8   20  00  00  00  00  00  00  6F      37.8127
     0100      8   20  00  00  00  00  00  00  6F      37.8140
     0100      8   40  00  00  00  00  00  00  DE      37.8199
     0101      8   C1  80  00  00  00  00  0F  39      37.8225
     0102      8   40  00  00  00  00  00  00  DE      37.8227
     0100      8   40  00  00  00  00  00  00  DE      37.8249
     0100      8   60  00  00  00  00  00  00  B1      37.8309
     0101      8   E1  80  00  00  00  00  0F  56      37.8325
     0102      8   60  00  00  00  00  00  00  B1      37.8327
     0100      8   60  00  00  00  00  00  00  B1      37.8359
     0100      8   80  00  00  00  00  00  00  A1      37.8419
     0101      8   01  80  00  00  00  00  0F  46      37.8425
     0102      8   80  00  00  00  00  00  00  A1      37.8427
     0501      8   0D  12  00  00  00  00  00  7E      37.8430
     0100      8   80  00  00  00  00  00  00  A1      37.8469
     0101      8   21  80  00  00  00  00  0F  29      37.8525
     0102      8   80  00  00  00  00  00  00  A1      37.8527
     0100      8   A0  00  00  00  00  00  00  CE      37.8530
     0100      8   C0  00  00  00  00  00  00  7F      37.8588
     0101      8   41  81  00  00  00  00  0F  DE      37.8625
     0102      8   C0  00  00  00  00  00  00  7F      37.8627
     0100      8   C0  00  00  00  00  00  00  7F      37.8638
     0100      8   E0  00  00  00  00  00  00  10      37.8697
     0101      8   61  81  00  00  00  00  0F  B1      37.8725
     0102      8   E0  00  00  00  00  00  00  10      37.8727
     0100      8   E0  00  00  00  00  00  00  10      37.8747
     0100      8   00  00  00  00  00  00  00  00      37.8807
     0101      8   81  81  00  00  00  00  0F  A1      37.8825
     0102      8   00  00  00  00  00  00  00  00      37.8827
     0100      8   00  00  00  00  00  00  00  00      37.8857
     0100      8   20  00  00  00  00  00  00  6F      37.8917
     0101      8   A1  81  00  00  00  00  0F  CE      37.8925
     0102      8   20  00  00  00  00  00  00  6F      37.8927
     0100      8   20  00  00  00  00  00  00  6F      37.8967
     0101      8   C1  81  00  00  00  00  0F  7F      37.9025
     0100      8   40  00  00  00  00  00  00  DE      37.9027
     0102      8   20  00  00  00  00  00  00  6F      37.9030
     0100      8   60  00  00  00  00  00  00  B1      37.9086
     0101      8   E1  81  00  00  00  00  0F  10      37.9125
     0102      8   60  00  00  00  00  00  00  B1      37.9127
     0100      8   60  00  00  00  00  00  00  B1      37.9136
     0100      8   80  00  00  00  00  00  00  A1      37.9195
     0101      8   01  81  00  00  00  00  0F  00      37.9225
     0102      8   80  00  00  00  00  00  00  A1      37.9227
     0100      8   80  00  00  00  00  00  00  A1      37.9246
     0100      8   A0  00  00  00  00  00  00  CE      37.9305
     0101      8   21  81  00  00  00  00  0F  6F      37.9325
     0102      8   A0  00  00  00  00  00  00  CE      37.9327
     0100      8   A0  00  00  00  00  00  00  CE      37.9355
     0100      8   C0  00  00  00  00  00  00  7F      37.9415
     0101      8   41  81  00  00  00  00  0F  DE      37.9425
     0102      8   C0  00  00  00  00  00  00  7F      37.9427
     0501      8   0D  12  00  00  00  00  00  7E      37.9430
     0100      8   C0  00  00  00  00  00  00  7F      37.9465
     0100      8   E0  00  00  00  00  00  00  10      37.9524
     0101      8   61  81  00  00  00  00  0F  B1      37.9527
     0102      8   C0  00  00  00  00  00  00  7F      37.9529
     0100      8   E0  00  00  00  00  00  00  10      37.9574
     0101      8   81  81  00  00  00  00  0F  A1      37.9625
     0102      8   E0  00  00  00  00  00  00  10      37.9627
     0100      8   00  00  00  00  00  00  00  00      37.9634
     0100      8   20  00  00  00  00  00  00  6F      37.9693
     0101      8   A1  81  00  00  00  00  0F  CE      37.9725
     0102      8   20  00  00  00  00  00  00  6F      37.9727
     0100      8   20  00  00  00  00  00  00  6F      37.9743
     0100      8   40  00  00  00  00  00  00  DE      37.9803
     0101      8   C1  81  00  00  00  00  0F  7F      37.9824
     0102      8   40  00  00  00  00  00  00  DE      37.9827
     0100      8   40  00  00  00  00  00  00  DE      37.9853
     0100      8   60  00  00  00  00  00  00  B1      37.9913
     0101      8   E1  81  00  00  00  00  0F  10      37.9924
     0102      8   60  00  00  00  00  00  00  B1      37.9927
     0100      8   60  00  00  00  00  00  00  B1      37.9963
     0100      8   80  00  00  00  00  00  00  A1      38.0022
     0101      8   01  81  00  00  00  00  0F  00      38.0025
     0102      8   60  00  00  00  00  00  00  B1      38.0027
     0100      8   80  00  00  00  00  00  00  A1      38.0072
     0101      8   21  81  00  00  00  00  0F  6F      38.0125
     0102      8   80  00  00  00  00  00  00  A1      38.0127
     0100      8   A0  00  00  00  00  00  00  CE      38.0132
     0100      8   C0  00  00  00  00  00  00  7F      38.0191
     0101      8   41  81  00  00  00  00  0F  DE      38.0224
     0102      8   C0  00  00  00  00  00  00  7F      38.0227
     0100      8   C0  00  00  00  00  00  00  7F      38.0242
     0100      8   E0  00  00  00  00  00  00  10      38.0301
     0101      8   61  81  00  00  00  00  0F  B1      38.0324
     0102      8   E0  00  00  00  00  00  00  10      38.0327
     0100      8   E0  00  00  00  00  00  00  10      38.0351
     0100      8   00  00  00  00  00  00  00  00      38.0411
     0101      8   81  81  00  00  00  00  0F  A1      38.0424
     0102      8   00  00  00  00  00  00  00  00      38.0427
     0501      8   0D  12  00  00  00  00  00  7E      38.0429
     0100      8   00  00  00  00  00  00  00  00      38.0461
     0100      8   20  00  00  00  00  00  00  6F      38.0520
     0101      8   A1  81  00  00  00  00  0F  CE      38.0524
     0102      8   00  00  00  00  00  00  00  00      38.0527
     0100      8   20  00  00  00  00  00  00  6F      38.0570
     0101      8   C1  81  00  00  00  00  0F  7F      38.0625
     0102      8   20  00  00  00  00  00  00  6F      38.0627
     0100      8   40  00  00  00  00  00  00  DE      38.0630
     0100      8   60  00  00  00  00  00  00  B1      38.0689
     0101      8   E1  81  00  00  00  00  0F  10      38.0724
     0102      8   60  00  00  00  00  00  00  B1      38.0727
     0100      8   60  00  00  00  00  00  00  B1      38.0739
     0100      8   80  00  00  00  00  00  00  A1      38.0799
     0101      8   01  81  00  00  00  00  0F  00      38.0824
     0102      8   80  00  00  00  00  00  00  A1      38.0827
     0100      8   80  00  00  00  00  00  00  A1      38.0849
     0100      8   A0  00  00  00  00  00  00  CE      38.0909
     0101      8   21  81  00  00  00  00  0F  6F      38.0924
     0102      8   A0  00  00  00  00  00  00  CE      38.0927
     0100      8   A0  00  00  00  00  00  00  CE      38.0959
     0100      8   C0  00  00  00  00  00  00  7F      38.1018
     0101      8   41  81  00  00  00  00  0F  DE      38.1025
     0102      8   C0  00  00  00  00  00  00  7F      38.1027
     0100      8   C0  00  00  00  00  00  00  7F      38.1068
     0101      8   61  81  00  00  00  00  0F  B1      38.1124
     0102      8   C0  00  00  00  00  00  00  7F      38.1127
     0100      8   E0  00  00  00  00  00  00  10      38.1129
     0100      8   00  00  00  00  00  00  00  00      38.1187
     0101      8   81  81  00  00  00  00  0F  A1      38.1224
     0102      8   00  00  00  00  00  00  00  00      38.1227
     0100      8   00  00  00  00  00  00  00  00      38.1238
     0100      8   20  00  00  00  00  00  00  6F      38.1297
     0101      8   A1  81  00  00  00  00  0F  CE      38.1324
     0102      8   20  00  00  00  00  00  00  6F      38.1327
     0100      8   20  00  00  00  00  00  00  6F      38.1347
     0100      8   40  00  00  00  00  00  00  DE      38.1407
     0101      8   C1  81  00  00  00  00  0F  7F      38.1425
     0102      8   40  00  00  00  00  00  00  DE      38.1427
     0501      8   0D  12  00  00  00  00  00  7E      38.1430
     0100      8   40  00  00  00  00  00  00  DE      38.1457
     0100      8   60  00  00  00  00  00  00  B1      38.1516
     0101      8   E1  81  00  00  00  00  0F  10      38.1524
     0102      8   60  00  00  00  00  00  00  B1      38.1527
     0100      8   60  00  00  00  00  00  00  B1      38.1566
     0101      8   01  81  00  00  00  00  0F  00      38.1624
     0100      8   80  00  00  00  00  00  00  A1      38.1627
     0102      8   60  00  00  00  00  00  00  B1      38.1629
     0100      8   A0  00  00  00  00  00  00  CE      38.1685
     0101      8   21  81  00  00  00  00  0F  6F      38.1724
     0102      8   A0  00  00  00  00  00  00  CE      38.1727
     0100      8   A0  00  00  00  00  00  00  CE      38.1735
     0100      8   C0  00  00  00  00  00  00  7F      38.1795
     0101      8   41  81  00  00  00  00  0F  DE      38.1824
     0102      8   C0  00  00  00  00  00  00  7F      38.1827
     0100      8   C0  00  00  00  00  00  00  7F      38.1845
     0100      8   E0  00  00  00  00  00  00  10      38.1905
     0101      8   61  81  00  00  00  00  0F  B1      38.1924
     0102      8   E0  00  00  00  00  00  00  10      38.1927
     0100      8   E0  00  00  00  00  00  00  10      38.1955
     0100      8   00  00  00  00  00  00  00  00      38.2014
     0101      8   81  81  00  00  00  00  0F  A1      38.2024
     0102      8   00  00  00  00  00  00  00  00      38.2027
     0100      8   00  00  00  00  00  00  00  00      38.2064
     0100      8   20  00  00  00  00  00  00  6F      38.2124
     0101      8   A1  81  00  00  00  00  0F  CE      38.2126
     0102      8   00  00  00  00  00  00  00  00      38.2129
     0100      8   20  00  00  00  00  00  00  6F      38.2174
     0101      8   C1  81  00  00  00  00  0F  7F      38.2224
     0102      8   20  00  00  00  00  00  00  6F      38.2227
     0100      8   40  00  00  00  00  00  00  DE      38.2234
     0100      8   60  00  00  00  00  00  00  B1      38.2293
     0101      8   E1  81  00  00  00  00  0F  10      38.2324
     0102      8   60  00  00  00  00  00  00  B1      38.2327
     0100      8   60  00  00  00  00  00  00  B1      38.2343
     0100      8   80  00  00  00  00  00  00  A1      38.2403
     0101      8   01  81  00  00  00  00  0F  00      38.2425
     0102      8   80  00  00  00  00  00  00  A1      38.2427
     0501      8   0D  12  00  00  00  00  00  7E      38.2430
     0100      8   80  00  00  00  00  00  00  A1      38.2453
     0100      8   A0  00  00  00  00  00  00  CE      38.2512
     0101      8   21  81  00  00  00  00  0F  6F      38.2524
     0102      8   A0  00  00  00  00  00  00  CE      38.2527
     0100      8   A0  00  00  00  00  00  00  CE      38.2562
     0100      8   C0  00  00  00  00  00  00  7F      38.2622
     0101      8   41  81  00  00  00  00  0F  DE      38.2625
     0102      8   A0  00  00  00  00  00  00  CE      38.2627
     0100      8   C0  00  00  00  00  00  00  7F      38.2672
     0101      8   61  81  00  00  00  00  0F  B1      38.2724
     0102      8   C0  00  00  00  00  00  00  7F      38.2727
     0100      8   E0  00  00  00  00  00  00  10      38.2732
     0100      8   00  00  00  00  00  00  00  00      38.2791
     0101      8   81  81  00  00  00  00  0F  A1      38.2824
     0102      8   00  00  00  00  00  00  00  00      38.2827
     0100      8   00  00  00  00  00  00  00  00      38.2841
     0100      8   20  00  00  00  00  00  00  6F      38.2901
     0101      8   A1  81  00  00  00  00  0F  CE      38.2924
     0102      8   20  00  00  00  00  00  00  6F      38.2927
     0100      8   20  00  00  00  00  00  00  6F      38.2951
     0100      8   40  00  00  00  00  00  00  DE      38.3010
     0101      8   C1  81  00  00  00  00  0F  7F      38.3024
     0102      8   40  00  00  00  00  00  00  DE      38.3027
     0100      8   40  00  00  00  00  00  00  DE      38.3060
     0100      8   60  00  00  00  00  00  00  B1      38.3120
     0101      8   E1  81  00  00  00  00  0F  10      38.3124
     0102      8   40  00  00  00  00  00  00  DE      38.3126
     0100      8   60  00  00  00  00  00  00  B1      38.3170
     0101      8   01  81  00  00  00  00  0F  00      38.3224
     0102      8   60  00  00  00  00  00  00  B1      38.3226
     0100      8   80  00  00  00  00  00  00  A1      38.3230
     0100      8   A0  00  00  00  00  00  00  CE      38.3289
     0101      8   21  81  00  00  00  00  0F  6F      38.3324
     0102      8   A0  00  00  00  00  00  00  CE      38.3326
     0100      8   A0  00  00  00  00  00  00  CE      38.3339
     0100      8   C0  00  00  00  00  00  00  7F      38.3399
     0101      8   41  81  00  00  00  00  0F  DE      38.3424
     0102      8   C0  00  00  00  00  00  00  7F      38.3427
     0501      8   0D  12  00  00  00  00  00  7E      38.3429
     0100      8   C0  00  00  00  00  00  00  7F      38.3449
     0100      8   E0  00  00  00  00  00  00  10      38.3508
     0101      8   61  81  00  00  00  00  0F  B1      38.3524
     0102      8   E0  00  00  00  00  00  00  10      38.3526
     0100      8   E0  00  00  00  00  00  00  10      38.3558
     0100      8   00  00  00  00  00  00  00  00      38.3618
     0101      8   81  81  00  00  00  00  0F  A1      38.3624
     0102      8   00  00  00  00  00  00  00  00      38.3626
     0100      8   00  00  00  00  00  00  00  00      38.3668
     0101      8   A1  81  00  00  00  00  0F  CE      38.3724
     0102      8   00  00  00  00  00  00  00  00      38.3726
     0100      8   20  00  00  00  00  00  00  6F      38.3729
     0100      8   40  00  00  00  00  00  00  DE      38.3787
     0101      8   C1  81  00  00  00  00  0F  7F      38.3824
     0102      8   40  00  00  00  00  00  00  DE      38.3827
     0100      8   40  00  00  00  00  00  00  DE      38.3837
     0100      8   60  00  00  00  00  00  00  B1      38.3897
     0101      8   E1  81  00  00  00  00  0F  10      38.3924
     0102      8   60  00  00  00  00  00  00  B1      38.3927
     0100      8   60  00  00  00  00  00  00  B1      38.3947
     0100      8   80  00  00  00  00  00  00  A1      38.4006
     0101      8   01  81  00  00  00  00  0F  00      38.4024
     0102      8   80  00  00  00  00  00  00  A1      38.4027
     0100      8   80  00  00  00  00  00  00  A1      38.4056
     0100      8   A0  00  00  00  00  00  00  CE      38.4116
     0101      8   21  81  00  00  00  00  0F  6F      38.4124
     0102      8   A0  00  00  00  00  00  00  CE      38.4127
     0100      8   A0  00  00  00  00  00  00  CE      38.4166
     0101      8   41  81  00  00  00  00  0F  DE      38.4224
     0100      8   C0  00  00  00  00  00  00  7F      38.4226
     0102      8   A0  00  00  00  00  00  00  CE      38.4229
     0100      8   E0  00  00  00  00  00  00  10      38.4285
     0101      8   61  81  00  00  00  00  0F  B1      38.4324
     0102      8   E0  00  00  00  00  00  00  10      38.4326
     0100      8   E0  00  00  00  00  00  00  10      38.4335
     0100      8   00  00  00  00  00  00  00  00      38.4395
     0101      8   81  81  00  00  00  00  0F  A1      38.4424
     0102      8   00  00  00  00  00  00  00  00      38.4427
     0501      8   0D  12  00  00  00  00  00  7E      38.4429
     0100      8   00  00  00  00  00  00  00  00      38.4445
     0100      8   20  00  00  00  00  00  00  6F      38.4504
     0101      8   A1  81  00  00  00  00  0F  CE      38.4524
     0102      8   20  00  00  00  00  00  00  6F      38.4526
     0100      8   20  00  00  00  00  00  00  6F      38.4555
     0100      8   40  00  00  00  00  00  00  DE      38.4614
     0101      8   C1  81  00  00  00  00  0F  7F      38.4624
     0102      8   40  00  00  00  00  00  00  DE      38.4626
     0100      8   40  00  00  00  00  00  00  DE      38.4664
     0100      8   60  00  00  00  00  00  00  B1      38.4724
     0101      8   E1  81  00  00  00  00  0F  10      38.4726
     0102      8   40  00  00  00  00  00  00  DE      38.4729
     0100      8   60  00  00  00  00  00  00  B1      38.4774
     0101      8   01  81  00  00  00  00  0F  00      38.4824
     0102      8   60  00  00  00  00  00  00  B1      38.4827
     0100      8   80  00  00  00  00  00  00  A1      38.4833
     0100      8   A0  00  00  00  00  00  00  CE      38.4893
     0101      8   21  81  00  00  00  00  0F  6F      38.4924
     0102      8   A0  00  00  00  00  00  00  CE      38.4926
     0100      8   A0  00  00  00  00  00  00  CE      38.4943
     0100      8   C0  00  00  00  00  00  00  7F      38.5002
     0101      8   41  81  00  00  00  00  0F  DE      38.5024
     0102      8   C0  00  00  00  00  00  00  7F      38.5026
     0100      8   C0  00  00  00  00  00  00  7F      38.5053
     0100      8   E0  00  00  00  00  00  00  10      38.5112
     0101      8   61  81  00  00  00  00  0F  B1      38.5124
     0102      8   E0  00  00  00  00  00  00  10      38.5126
     0100      8   E0  00  00  00  00  00  00  10      38.5162
     0100      8   00  00  00  00  00  00  00  00      38.5222
     0101      8   81  81  00  00  00  00  0F  A1      38.5224
     0102      8   E0  00  00  00  00  00  00  10      38.5227
     0100      8   00  00  00  00  00  00  00  00      38.5272
     0101      8   A1  81  00  00  00  00  0F  CE      38.5324
     0102      8   00  00  00  00  00  00  00  00      38.5326
     0100      8   20  00  00  00  00  00  00  6F      38.5331
     0100      8   40  00  00  00  00  00  00  DE      38.5391
     0101      8   C1  81  00  00  00  00  0F  7F      38.5424
     0102      8   40  00  00  00  00  00  00  DE      38.5427
     0501      8   0D  12  00  00  00  00  00  7E      38.5429
     0100      8   40  00  00  00  00  00  00  DE      38.5441
     0100      8   60  00  00  00  00  00  00  B1      38.5500
     0101      8   E1  81  00  00  00  00  0F  10      38.5524
     0102      8   60  00  00  00  00  00  00  B1      38.5526
     0100      8   60  00  00  00  00  00  00  B1      38.5551
     0100      8   80  00  00  00  00  00  00  A1      38.5610
     0101      8   01  81  00  00  00  00  0F  00      38.5624
     0102      8   80  00  00  00  00  00  00  A1      38.5626
     0100      8   80  00  00  00  00  00  00  A1      38.5660
     0100      8   A0  00  00  00  00  00  00  CE      38.5720
     0101      8   21  81  00  00  00  00  0F  6F      38.5724
     0102      8   80  00  00  00  00  00  00  A1      38.5726
     0100      8   A0  00  00  00  00  00  00  CE      38.5770
     0101      8   41  81  00  00  00  00  0F  DE      38.5824
     0102      8   A0  00  00  00  00  00  00  CE      38.5826
     0100      8   C0  00  00  00  00  00  00  7F      38.5829
     0100      8   E0  00  00  00  00  00  00  10      38.5889
     0101      8   61  81  00  00  00  00  0F  B1      38.5924
     0102      8   E0  00  00  00  00  00  00  10      38.5926
     0100      8   E0  00  00  00  00  00  00  10      38.5939
     0100      8   00  00  00  00  00  00  00  00      38.5998
     0101      8   81  81  00  00  00  00  0F  A1      38.6024
     0102      8   00  00  00  00  00  00  00  00      38.6027
     0100      8   00  00  00  00  00  00  00  00      38.6049
     0100      8   20  00  00  00  00  00  00  6F      38.6108
     0101      8   A1  81  00  00  00  00  0F  CE      38.6124
     0102      8   20  00  00  00  00  00  00  6F      38.6126
     0100      8   20  00  00  00  00  00  00  6F      38.6158
     0100      8   40  00  00  00  00  00  00  DE      38.6218
     0101      8   C1  81  00  00  00  00  0F  7F      38.6224
     0102      8   40  00  00  00  00  00  00  DE      38.6226
     0100      8   40  00  00  00  00  00  00  DE      38.6268
     0101      8   E1  81  00  00  00  00  0F  10      38.6324
     0102      8   40  00  00  00  00  00  00  DE      38.6326
     0100      8   60  00  00  00  00  00  00  B1      38.6329
     0100      8   80  00  00  00  00  00  00  A1      38.6387
     0101      8   01  81  00  00  00  00  0F  00      38.6424
     0102      8   80  00  00  00  00  00  00  A1      38.6427
     0501      8   0D  12  00  00  00  00  00  7E      38.6429
     0100      8   80  00  00  00  00  00  00  A1      38.6437
     0100      8   A0  00  00  00  00  00  00  CE      38.6496
     0101      8   21  81  00  00  00  00  0F  6F      38.6524
     0102      8   A0  00  00  00  00  00  00  CE      38.6526
     0100      8   A0  00  00  00  00  00  00  CE      38.6547
     0100      8   C0  00  00  00  00  00  00  7F      38.6606
     0101      8   41  81  00  00  00  00  0F  DE      38.6624
     0102      8   C0  00  00  00  00  00  00  7F      38.6626
     0100      8   C0  00  00  00  00  00  00  7F      38.6656
     0100      8   E0  00  00  00  00  00  00  10      38.6716
     0101      8   61  81  00  00  00  00  0F  B1      38.6724
     0102      8   E0  00  00  00  00  00  00  10      38.6726
     0100      8   E0  00  00  00  00  00  00  10      38.6766
     0101      8   81  81  00  00  00  00  0F  A1      38.6824
     0100      8   00  00  00  00  00  00  00  00      38.6826
     0102      8   E0  00  00  00  00  00  00  10      38.6829
     0100      8   20  00  00  00  00  00  00  6F      38.6885
     0101      8   A1  81  00  00  00  00  0F  CE      38.6923
     0102      8   20  00  00  00  00  00  00  6F      38.6926
     0100      8   20  00  00  00  00  00  00  6F      38.6935
     0100      8   40  00  00  00  00  00  00  DE      38.6994
     0101      8   C1  81  00  00  00  00  0F  7F      38.7024
     0102      8   40  00  00  00  00  00  00  DE      38.7026
     0100      8   40  00  00  00  00  00  00  DE      38.7045
     0100      8   60  00  00  00  00  00  00  B1      38.7104
     0101      8   E1  81  00  00  00  00  0F  10      38.7124
     0102      8   60  00  00  00  00  00  00  B1      38.7126
     0100      8   60  00  00  00  00  00  00  B1      38.7154
     0100      8   80  00  00  00  00  00  00  A1      38.7214
     0101      8   01  81  00  00  00  00  0F  00      38.7224
     0102      8   80  00  00  00  00  00  00  A1      38.7226
     0100      8   80  00  00  00  00  00  00  A1      38.7264
     0100      8   A0  00  00  00  00  00  00  CE      38.7323
     0101      8   21  81  00  00  00  00  0F  6F      38.7326
     0102      8   80  00  00  00  00  00  00  A1      38.7328
     0100      8   A0  00  00  00  00  00  00  CE      38.7373
     0101      8   41  81  00  00  00  00  0F  DE      38.7424
     0102      8   A0  00  00  00  00  00  00  CE      38.7426
     0501      8   0D  12  00  00  00  00  00  7E      38.7429
     0100      8   C0  00  00  00  00  00  00  7F      38.7433
     0100      8   E0  00  00  00  00  00  00  10      38.7492
     0101      8   61  81  00  00  00  00  0F  B1      38.7523
     0102      8   E0  00  00  00  00  00  00  10      38.7526
     0100      8   E0  00  00  00  00  00  00  10      38.7543
     0100      8   00  00  00  00  00  00  00  00      38.7602
     0101      8   81  81  00  00  00  00  0F  A1      38.7623
     0102      8   00  00  00  00  00  00  00  00      38.7626
     0100      8   00  00  00  00  00  00  00  00      38.7652
     0100      8   20  00  00  00  00  00  00  6F      38.7712
     0101      8   A1  81  00  00  00  00  0F  CE      38.7723
     0102      8   20  00  00  00  00  00  00  6F      38.7726
     0100      8   20  00  00  00  00  00  00  6F      38.7762
     0100      8   40  00  00  00  00  00  00  DE      38.7821
     0101      8   C1  81  00  00  00  00  0F  7F      38.7824
     0102      8   20  00  00  00  00  00  00  6F      38.7826
     0100      8   40  00  00  00  00  00  00  DE      38.7871
     0101      8   E1  81  00  00  00  00  0F  10      38.7923
     0102      8   40  00  00  00  00  00  00  DE      38.7926
     0100      8   60  00  00  00  00  00  00  B1      38.7931
     0100      8   80  00  00  00  00  00  00  A1      38.7990
     0101      8   01  81  00  00  00  00  0F  00      38.8023
     0102      8   80  00  00  00  00  00  00  A1      38.8026
     0100      8   80  00  00  00  00  00  00  A1      38.8041
     0100      8   A0  00  00  00  00  00  00  CE      38.8100
     0101      8   21  81  00  00  00  00  0F  6F      38.8123
     0102      8   A0  00  00  00  00  00  00  CE      38.8126
     0100      8   A0  00  00  00  00  00  00  CE      38.8150
     0100      8   C0  00  00  00  00  00  00  7F      38.8210
     0101      8   41  81  00  00  00  00  0F  DE      38.8223
     0102      8   C0  00  00  00  00  00  00  7F      38.8226
     0100      8   C0  00  00  00  00  00  00  7F      38.8260
     0100      8   E0  00  00  00  00  00  00  10      38.8319
     0101      8   61  81  00  00  00  00  0F  B1      38.8324
     0102      8   C0  00  00  00  00  00  00  7F      38.8326
     0100      8   E0  00  00  00  00  00  00  10      38.8370
     0101      8   81  81  00  00  00  00  0F  A1      38.8423
     0102      8   E0  00  00  00  00  00  00  10      38.8426
     0501      8   0D  12  00  00  00  00  00  7E      38.8428
     0100      8   00  00  00  00  00  00  00  00      38.8431
     0100      8   20  00  00  00  00  00  00  6F      38.8488
     0101      8   A1  81  00  00  00  00  0F  CE      38.8523
     0102      8   20  00  00  00  00  00  00  6F      38.8526
     0100      8   20  00  00  00  00  00  00  6F      38.8539
     0100      8   40  00  00  00  00  00  00  DE      38.8598
     0101      8   C1  81  00  00  00  00  0F  7F      38.8624
     0102      8   40  00  00  00  00  00  00  DE      38.8626
     0100      8   40  00  00  00  00  00  00  DE      38.8648
     0100      8   60  00  00  00  00  00  00  B1      38.8708
     0101      8   E1  81  00  00  00  00  0F  10      38.8723
     0102      8   60  00  00  00  00  00  00  B1      38.8726
     0100      8   60  00  00  00  00  00  00  B1      38.8758
     0100      8   80  00  00  00  00  00  00  A1      38.8817
     0101      8   01  81  00  00  00  00  0F  00      38.8824
     0102      8   80  00  00  00  00  00  00  A1      38.8826
     0100      8   80  00  00  00  00  00  00  A1      38.8868
     0101      8   21  81  00  00  00  00  0F  6F      38.8923
     0102      8   80  00  00  00  00  00  00  A1      38.8926
     0100      8   A0  00  00  00  00  00  00  CE      38.8928
     0100      8   C0  00  00  00  00  00  00  7F      38.8987
     0101      8   41  81  00  00  00  00  0F  DE      38.9023
     0102      8   C0  00  00  00  00  00  00  7F      38.9026
     0100      8   C0  00  00  00  00  00  00  7F      38.9037
     0100      8   E0  00  00  00  00  00  00  10      38.9096
     0101      8   61  81  00  00  00  00  0F  B1      38.9123
     0102      8   E0  00  00  00  00  00  00  10      38.9126
     0100      8   E0  00  00  00  00  00  00  10      38.9146
     0100      8   00  00  00  00  00  00  00  00      38.9206
     0101      8   81  81  00  00  00  00  0F  A1      38.9223
     0102      8   00  00  00  00  00  00  00  00      38.9226
     0100      8   00  00  00  00  00  00  00  00      38.9256
     0100      8   20  00  00  00  00  00  00  6F      38.9315
     0101      8   A1  81  00  00  00  00  0F  CE      38.9323
     0102      8   20  00  00  00  00  00  00  6F      38.9326
     0100      8   20  00  00  00  00  00  00  6F      38.9366
     0101      8   C1  81  00  00  00  00  0F  7F      38.9424
     0100      8   40  00  00  00  00  00  00  DE      38.9426
     0102      8   20  00  00  00  00  00  00  6F      38.9429
     0501      8   0D  12  00  00  00  00  00  7E      38.9431
     0100      8   60  00  00  00  00  00  00  B1      38.9485
     0101      8   E1  81  00  00  00  00  0F  10      38.9523
     0102      8   60  00  00  00  00  00  00  B1      38.9526
     0100      8   60  00  00  00  00  00  00  B1      38.9535
     0100      8   80  00  00  00  00  00  00  A1      38.9594
     0101      8   01  81  00  00  00  00  0F  00      38.9624
     0102      8   80  00  00  00  00  00  00  A1      38.9626
     0100      8   80  00  00  00  00  00  00  A1      38.9644
     0100      8   A0  00  00  00  00  00  00  CE      38.9704
     0101      8   21  81  00  00  00  00  0F  6F      38.9724
     0102      8   A0  00  00  00  00  00  00  CE      38.9726
     0100      8   A0  00  00  00  00  00  00  CE      38.9754
     0100      8   C0  00  00  00  00  00  00  7F      38.9813
     0101      8   41  81  00  00  00  00  0F  DE      38.9823
     0102      8   C0  00  00  00  00  00  00  7F      38.9826
     0100      8   C0  00  00  00  00  00  00  7F      38.9864
     0100      8   E0  00  00  00  00  00  00  10      38.9923
     0101      8   61  81  00  00  00  00  0F  B1      38.9925
     0102      8   C0  00  00  00  00  00  00  7F      38.9928
     0100      8   E0  00  00  00  00  00  00  10      38.9973
     0101      8   81  81  00  00  00  00  0F  A1      39.0023
     0102      8   E0  00  00  00  00  00  00  10      39.0026
     0100      8   00  00  00  00  00  00  00  00      39.0033
     0100      8   20  00  00  00  00  00  00  6F      39.0092
     0101      8   A1  81  00  00  00  00  0F  CE      39.0123
     0102      8   20  00  00  00  00  00  00  6F      39.0126
     0100      8   20  00  00  00  00  00  00  6F      39.0142
     0100      8   40  00  00  00  00  00  00  DE      39.0202
     0101      8   C1  81  00  00  00  00  0F  7F      39.0223
     0102      8   40  00  00  00  00  00  00  DE      39.0225
     0100      8   40  00  00  00  00  00  00  DE      39.0252
     0100      8   60  00  00  00  00  00  00  B1      39.0311
     0101      8   E1  81  00  00  00  00  0F  10      39.0323
     0102      8   60  00  00  00  00  00  00  B1      39.0325
     0100      8   60  00  00  00  00  00  00  B1      39.0362
     0100      8   80  00  00  00  00  00  00  A1      39.0421
     0101      8   01  81  00  00  00  00  0F  00      39.0424
     0102      8   60  00  00  00  00  00  00  B1      39.0426
     0501      8   0D  12  00  00  00  00  00  7E      39.0428
     0100      8   80  00  00  00  00  00  00  A1      39.0471
     0101      8   21  81  00  00  00  00  0F  6F      39.0523
     0102      8   80  00  00  00  00  00  00  A1      39.0525
     0100      8   A0  00  00  00  00  00  00  CE      39.0531
     0100      8   C0  00  00  00  00  00  00  7F      39.0590
     0101      8   41  81  00  00  00  00  0F  DE      39.0623
     0102      8   C0  00  00  00  00  00  00  7F      39.0626
     0100      8   C0  00  00  00  00  00  00  7F      39.0640
     0100      8   E0  00  00  00  00  00  00  10      39.0700
     0101      8   61  81  00  00  00  00  0F  B1      39.0723
     0102      8   E0  00  00  00  00  00  00  10      39.0726
     0100      8   E0  00  00  00  00  00  00  10      39.0750
     0100      8   00  00  00  00  00  00  00  00      39.0809
     0101      8   81  81  00  00  00  00  0F  A1      39.0823
     0102      8   00  00  00  00  00  00  00  00      39.0825
     0100      8   00  00  00  00  00  00  00  00      39.0860
     0100      8   20  00  00  00  00  00  00  6F      39.0919
     0101      8   A1  81  00  00  00  00  0F  CE      39.0923
     0102      8   00  00  00  00  00  00  00  00      39.0925
     0100      8   20  00  00  00  00  00  00  6F      39.0969
     0101      8   C1  81  00  00  00  00  0F  7F      39.1023
     0102      8   20  00  00  00  00  00  00  6F      39.1026
     0100      8   40  00  00  00  00  00  00  DE      39.1029
     0100      8   60  00  00  00  00  00  00  B1      39.1088
     0101      8   E1  81  00  00  00  00  0F  10      39.1123
     0102      8   60  00  00  00  00  00  00  B1      39.1125
     0100      8   60  00  00  00  00  00  00  B1      39.1138
     0100      8   80  00  00  00  00  00  00  A1      39.1198
     0101      8   01  81  00  00  00  00  0F  00      39.1223
     0102      8   80  00  00  00  00  00  00  A1      39.1225
     0100      8   80  00  00  00  00  00  00  A1      39.1248
     0100      8   A0  00  00  00  00  00  00  CE      39.1308
     0101      8   21  81  00  00  00  00  0F  6F      39.1323
     0102      8   A0  00  00  00  00  00  00  CE      39.1326
     0100      8   A0  00  00  00  00  00  00  CE      39.1358
     0100      8   C0  00  00  00  00  00  00  7F      39.1417
     0101      8   41  81  00  00  00  00  0F  DE      39.1423
     0102      8   C0  00  00  00  00  00  00  7F      39.1425
     0501      8   0D  12  00  00  00  00  00  7E      39.1428
     0100      8   C0  00  00  00  00  00  00  7F      39.1467
     0101      8   61  81  00  00  00  00  0F  B1      39.1523
     0102      8   C0  00  00  00  00  00  00  7F      39.1525
     0100      8   E0  00  00  00  00  00  00  10      39.1528
     0100      8   00  00  00  00  00  00  00  00      39.1586
     0101      8   81  81  00  00  00  00  0F  A1      39.1623
     0102      8   00  00  00  00  00  00  00  00      39.1626
     0100      8   00  00  00  00  00  00  00  00      39.1636
     0100      8   20  00  00  00  00  00  00  6F      39.1696
     0101      8   A1  81  00  00  00  00  0F  CE      39.1723
     0102      8   20  00  00  00  00  00  00  6F      39.1725
     0100      8   20  00  00  00  00  00  00  6F      39.1746
     0100      8   40  00  00  00  00  00  00  DE      39.1805
     0101      8   C1  81  00  00  00  00  0F  7F      39.1823
     0102      8   40  00  00  00  00  00  00  DE      39.1826
     0100      8   40  00  00  00  00  00  00  DE      39.1856
     0100      8   60  00  00  00  00  00  00  B1      39.1915
     0101      8   E1  81  00  00  00  00  0F  10      39.1923
     0102      8   60  00  00  00  00  00  00  B1      39.1925
     0100      8   60  00  00  00  00  00  00  B1      39.1965
     0101      8   01  81  00  00  00  00  0F  00      39.2023
     0100      8   80  00  00  00  00  00  00  A1      39.2025
     0102      8   60  00  00  00  00  00  00  B1      39.2028
     0100      8   A0  00  00  00  00  00  00  CE      39.2084
     0101      8   21  81  00  00  00  00  0F  6F      39.2123
     0102      8   A0  00  00  00  00  00  00  CE      39.2125
     0100      8   A0  00  00  00  00  00  00  CE      39.2134
     0100      8   C0  00  00  00  00  00  00  7F      39.2194
     0101      8   41  81  00  00  00  00  0F  DE      39.2223
     0102      8   C0  00  00  00  00  00  00  7F      39.2225
     0100      8   C0  00  00  00  00  00  00  7F      39.2244
     0100      8   E0  00  00  00  00  00  00  10      39.2304
     0101      8   61  81  00  00  00  00  0F  B1      39.2323
     0102      8   E0  00  00  00  00  00  00  10      39.2325
     0100      8   E0  00  00  00  00  00  00  10      39.2354
     0100      8   00  00  00  00  00  00  00  00      39.2413
     0101      8   81  81  00  00  00  00  0F  A1      39.2423
     0102      8   00  00  00  00  00  00  00  00      39.2426
     0501      8   0D  12  00  00  00  00  00  7E      39.2428
     0100      8   00  00  00  00  00  00  00  00      39.2463
     0100      8   20  00  00  00  00  00  00  6F      39.2523
     0101      8   A1  81  00  00  00  00  0F  CE      39.2525
     0102      8   00  00  00  00  00  00  00  00      39.2528
     0100      8   20  00  00  00  00  00  00  6F      39.2573
     0101      8   C1  81  00  00  00  00  0F  7F      39.2623
     0102      8   20  00  00  00  00  00  00  6F      39.2626
     0100      8   40  00  00  00  00  00  00  DE      39.2632
     0100      8   60  00  00  00  00  00  00  B1      39.2692
     0101      8   E1  81  00  00  00  00  0F  10      39.2723
     0102      8   60  00  00  00  00  00  00  B1      39.2725
     0100      8   60  00  00  00  00  00  00  B1      39.2742
     0100      8   80  00  00  00  00  00  00  A1      39.2802
     0101      8   01  81  00  00  00  00  0F  00      39.2823
     0102      8   80  00  00  00  00  00  00  A1      39.2826
     0100      8   80  00  00  00  00  00  00  A1      39.2852
     0100      8   A0  00  00  00  00  00  00  CE      39.2911
     0101      8   21  81  00  00  00  00  0F  6F      39.2923
     0102      8   A0  00  00  00  00  00  00  CE      39.2925
     0100      8   A0  00  00  00  00  00  00  CE      39.2961
     0100      8   C0  00  00  00  00  00  00  7F      39.3021
     0101      8   41  81  00  00  00  00  0F  DE      39.3023
     0102      8   A0  00  00  00  00  00  00  CE      39.3026
     0100      8   C0  00  00  00  00  00  00  7F      39.3071
     0101      8   61  81  00  00  00  00  0F  B1      39.3123
     0102      8   C0  00  00  00  00  00  00  7F      39.3125
     0100      8   E0  00  00  00  00  00  00  10      39.3130
     0100      8   00  00  00  00  00  00  00  00      39.3190
     0101      8   81  81  00  00  00  00  0F  A1      39.3223
     0102      8   00  00  00  00  00  00  00  00      39.3225
     0100      8   00  00  00  00  00  00  00  00      39.3240
     0100      8   20  00  00  00  00  00  00  6F      39.3300
     0101      8   A1  80  00  00  00  00  0F  88      39.3323
     0102      8   20  00  00  00  00  00  00  6F      39.3325
     0100      8   20  00  00  00  00  00  00  6F      39.3350
     0100      8   40  00  00  00  00  00  00  DE      39.3409
     0101      8   C1  7F  00  00  00  00  0F  30      39.3423
     0102      8   40  00  00  00  00  00  00  DE      39.3425
     0501      8   0D  12  00  00  00  00  00  7E      39.3428
     0100      8   40  00  00  00  00  00  00  DE      39.3459
     0100      8   60  00  00  00  00  00  00  B1      39.3519
     0101      8   E1  7E  00  00  00  00  0F  19      39.3523
     0102      8   40  00  00  00  00  00  00  DE      39.3525
     0100      8   60  00  00  00  00  00  00  B1      39.3569
     0101      8   01  7D  00  00  00  00  0F  C3      39.3623
     0102      8   60  00  00  00  00  00  00  B1      39.3625
     0100      8   80  00  00  00  00  00  00  A1      39.3628
     0100      8   A0  00  00  00  00  00  00  CE      39.3688
     0101      8   21  7C  00  00  00  00  0F  EA      39.3723
     0102      8   A0  00  00  00  00  00  00  CE      39.3725
     0100      8   A0  00  00  00  00  00  00  CE      39.3738
     0100      8   C0  00  00  00  00  00  00  7F      39.3798
     0101      8   41  7B  00  00  00  00  0F  94      39.3823
     0102      8   C0  00  00  00  00  00  00  7F      39.3825
     0100      8   C0  00  00  00  00  00  00  7F      39.3848
     0100      8   E0  00  00  00  00  00  00  10      39.3907
     0101      8   61  7A  00  00  00  00  0F  BD      39.3922
     0102      8   E0  00  00  00  00  00  00  10      39.3925
     0100      8   E0  00  00  00  00  00  00  10      39.3957
     0100      8   00  00  00  00  00  00  00  00      39.4017
     0101      8   81  79  00  00  00  00  0F  67      39.4023
     0102      8   00  00  00  00  00  00  00  00      39.4025
     0100      8   00  00  00  00  00  00  00  00      39.4067
     0101      8   A1  78  00  00  00  00  0F  4E      39.4122
     0102      8   00  00  00  00  00  00  00  00      39.4125
     0100      8   20  00  00  00  00  00  00  6F      39.4127
     0100      8   40  00  00  00  00  00  00  DE      39.4186
     0101      8   C1  77  00  00  00  00  0F  3A      39.4222
     0102      8   40  00  00  00  00  00  00  DE      39.4225
     0100      8   40  00  00  00  00  00  00  DE      39.4236
     0100      8   60  00  00  00  00  00  00  B1      39.4296
     0101      8   E1  76  00  00  00  00  0F  13      39.4323
     0102      8   60  00  00  00  00  00  00  B1      39.4325
     0100      8   60  00  00  00  00  00  00  B1      39.4346
     0100      8   80  00  00  00  00  00  00  A1      39.4405
     0101      8   01  75  00  00  00  00  0F  C9      39.4423
     0102      8   80  00  00  00  00  00  00  A1      39.4425
     0501      8   0D  12  00  00  00  00  00  7E      39.4428
     0100      8   80  00  00  00  00  00  00  A1      39.4455
     0100      8   A0  00  00  00  00  00  00  CE      39.4515
     0101      8   21  73  00  00  00  00  0F  2F      39.4522
     0102      8   A0  00  00  00  00  00  00  CE      39.4525
     0100      8   A0  00  00  00  00  00  00  CE      39.4565
     0101      8   41  73  00  00  00  00  0F  9E      39.4622
     0100      8   C0  00  00  00  00  00  00  7F      39.4625
     0102      8   A0  00  00  00  00  00  00  CE      39.4627
     0100      8   E0  00  00  00  00  00  00  10      39.4684
     0101      8   61  72  00  00  00  00  0F  B7      39.4722
     0102      8   E0  00  00  00  00  00  00  10      39.4725
     0100      8   E0  00  00  00  00  00  00  10      39.4734
     0100      8   00  00  00  00  00  00  00  00      39.4794
     0101      8   81  71  00  00  00  00  0F  6D      39.4822
     0102      8   00  00  00  00  00  00  00  00      39.4825
     0100      8   00  00  00  00  00  00  00  00      39.4844
     0100      8   20  00  00  00  00  00  00  6F      39.4903
     0101      8   A1  70  00  00  00  00  0F  44      39.4922
     0102      8   20  00  00  00  00  00  00  6F      39.4925
     0100      8   20  00  00  00  00  00  00  6F      39.4953
     0100      8   40  00  00  00  00  00  00  DE      39.5013
     0101      8   C1  6E  00  00  00  00  0F  62      39.5022
     0102      8   40  00  00  00  00  00  00  DE      39.5025
     0100      8   40  00  00  00  00  00  00  DE      39.5063
     0101      8   E1  6D  00  00  00  00  0F  C7      39.5122
     0100      8   60  00  00  00  00  00  00  B1      39.5125
     0102      8   40  00  00  00  00  00  00  DE      39.5127
     0100      8   80  00  00  00  00  00  00  A1      39.5182
     0101      8   01  6D  00  00  00  00  0F  D7      39.5222
     0102      8   80  00  00  00  00  00  00  A1      39.5225
     0100      8   80  00  00  00  00  00  00  A1      39.5232
     0100      8   A0  00  00  00  00  00  00  CE      39.5292
     0101      8   21  6B  00  00  00  00  0F  31      39.5323
     0102      8   A0  00  00  00  00  00  00  CE      39.5325
     0100      8   A0  00  00  00  00  00  00  CE      39.5342
     0100      8   C0  00  00  00  00  00  00  7F      39.5401
     0101      8   41  6A  00  00  00  00  0F  C6      39.5422
     0102      8   C0  00  00  00  00  00  00  7F      39.5425
     0501      8   0D  12  00  00  00  00  00  7E      39.5427
     0100      8   C0  00  00  00  00  00  00  7F      39.5451
     0100      8   E0  00  00  00  00  00  00  10      39.5511
     0101      8   61  69  00  00  00  00  0F  63      39.5522
     0102      8   E0  00  00  00  00  00  00  10      39.5525
     0100      8   E0  00  00  00  00  00  00  10      39.5561
     0100      8   00  00  00  00  00  00  00  00      39.5621
     0101      8   81  68  00  00  00  00  0F  35      39.5623
     0102      8   E0  00  00  00  00  00  00  10      39.5625
     0100      8   00  00  00  00  00  00  00  00      39.5671
     0101      8   A1  67  00  00  00  00  0F  9F      39.5722
     0102      8   00  00  00  00  00  00  00  00      39.5725
     0100      8   20  00  00  00  00  00  00  6F      39.5730
     0100      8   40  00  00  00  00  00  00  DE      39.5790
     0101      8   C1  66  00  00  00  00  0F  68      39.5823
     0102      8   40  00  00  00  00  00  00  DE      39.5825
     0100      8   40  00  00  00  00  00  00  DE      39.5840
     0100      8   60  00  00  00  00  00  00  B1      39.5899
     0101      8   E1  65  00  00  00  00  0F  CD      39.5922
     0102      8   60  00  00  00  00  00  00  B1      39.5925
     0100      8   60  00  00  00  00  00  00  B1      39.5949
     0100      8   80  00  00  00  00  00  00  A1      39.6009
     0101      8   01  64  00  00  00  00  0F  9B      39.6023
     0102      8   80  00  00  00  00  00  00  A1      39.6025
     0100      8   80  00  00  00  00  00  00  A1      39.6059
     0100      8   A0  00  00  00  00  00  00  CE      39.6119
     0101      8   21  63  00  00  00  00  0F  3B      39.6122
     0102      8   80  00  00  00  00  00  00  A1      39.6125
     0100      8   A0  00  00  00  00  00  00  CE      39.6169
     0101      8   41  62  00  00  00  00  0F  CC      39.6222
     0102      8   A0  00  00  00  00  00  00  CE      39.6225
     0100      8   C0  00  00  00  00  00  00  7F      39.6228
     0100      8   E0  00  00  00  00  00  00  10      39.6288
     0101      8   61  61  00  00  00  00  0F  69      39.6322
     0102      8   E0  00  00  00  00  00  00  10      39.6325
     0100      8   E0  00  00  00  00  00  00  10      39.6338
     0100      8   00  00  00  00  00  00  00  00      39.6397
     0101      8   81  60  00  00  00  00  0F  3F      39.6423
     0102      8   00  00  00  00  00  00  00  00      39.6425
     0501      8   0D  12  00  00  00  00  00  7E      39.6428
     0100      8   00  00  00  00  00  00  00  00      39.6447
     0100      8   20  00  00  00  00  00  00  6F      39.6507
     0101      8   A1  5E  00  00  00  00  0F  EF      39.6523
     0102      8   20  00  00  00  00  00  00  6F      39.6525
     0100      8   20  00  00  00  00  00  00  6F      39.6557
     0100      8   40  00  00  00  00  00  00  DE      39.6616
     0101      8   C1  5D  00  00  00  00  0F  94      39.6623
     0102      8   40  00  00  00  00  00  00  DE      39.6625
     0100      8   40  00  00  00  00  00  00  DE      39.6667
     0101      8   E1  5D  00  00  00  00  0F  FB      39.6722
     0102      8   40  00  00  00  00  00  00  DE      39.6725
     0100      8   60  00  00  00  00  00  00  B1      39.6727
     0100      8   80  00  00  00  00  00  00  A1      39.6787
     0101      8   01  5B  00  00  00  00  0F  62      39.6823
     0102      8   80  00  00  00  00  00  00  A1      39.6825
     0100      8   80  00  00  00  00  00  00  A1      39.6838
     0100      8   A0  00  00  00  00  00  00  CE      39.6899
     0101      8   21  5A  00  00  00  00  0F  4B      39.6922
     0102      8   A0  00  00  00  00  00  00  CE      39.6925
     0100      8   A0  00  00  00  00  00  00  CE      39.6950
     0100      8   C0  00  00  00  00  00  00  7F      39.7010
     0101      8   41  59  00  00  00  00  0F  30      39.7022
     0102      8   C0  00  00  00  00  00  00  7F      39.7025
     0100      8   C0  00  00  00  00  00  00  7F      39.7061
     0100      8   E0  00  00  00  00  00  00  10      39.7121
     0101      8   61  58  00  00  00  00  0F  19      39.7124
     0102      8   C0  00  00  00  00  00  00  7F      39.7126
     0100      8   E0  00  00  00  00  00  00  10      39.7172
     0101      8   81  58  00  00  00  00  0F  09      39.7222
     0102      8   E0  00  00  00  00  00  00  10      39.7225
     0100      8   00  00  00  00  00  00  00  00      39.7233
     0100      8   20  00  00  00  00  00  00  6F      39.7293
     0101      8   A1  57  00  00  00  00  0F  A3      39.7322
     0102      8   20  00  00  00  00  00  00  6F      39.7325
     0100      8   20  00  00  00  00  00  00  6F      39.7344
     0100      8   40  00  00  00  00  00  00  DE      39.7404
     0101      8   C1  55  00  00  00  00  0F  9E      39.7422
     0102      8   40  00  00  00  00  00  00  DE      39.7425
     0501      8   0D  12  00  00  00  00  00  7E      39.7427
     0100      8   40  00  00  00  00  00  00  DE      39.7455
     0100      8   60  00  00  00  00  00  00  B1      39.7516
     0101      8   E1  54  00  00  00  00  0F  B7      39.7522
     0102      8   60  00  00  00  00  00  00  B1      39.7525
     0100      8   60  00  00  00  00  00  00  B1      39.7567
     0101      8   01  53  00  00  00  00  0F  68      39.7622
     0102      8   60  00  00  00  00  00  00  B1      39.7624
     0100      8   80  00  00  00  00  00  00  A1      39.7627
     0100      8   A0  00  00  00  00  00  00  CE      39.7687
     0101      8   21  52  00  00  00  00  0F  41      39.7722
     0102      8   A0  00  00  00  00  00  00  CE      39.7724
     0100      8   A0  00  00  00  00  00  00  CE      39.7738
     0100      8   C0  00  00  00  00  00  00  7F      39.7799
     0101      8   41  51  00  00  00  00  0F  3A      39.7822
     0102      8   C0  00  00  00  00  00  00  7F      39.7825
     0100      8   C0  00  00  00  00  00  00  7F      39.7850
     0100      8   E0  00  00  00  00  00  00  10      39.7910
     0101      8   61  50  00  00  00  00  0F  13      39.7922
     0102      8   E0  00  00  00  00  00  00  10      39.7924
     0100      8   E0  00  00  00  00  00  00  10      39.7961
     0100      8   00  00  00  00  00  00  00  00      39.8021
     0101      8   81  4F  00  00  00  00  0F  D2      39.8024
     0102      8   E0  00  00  00  00  00  00  10      39.8026
     0100      8   00  00  00  00  00  00  00  00      39.8072
     0101      8   A1  4E  00  00  00  00  0F  FB      39.8122
     0102      8   00  00  00  00  00  00  00  00      39.8124
     0100      8   20  00  00  00  00  00  00  6F      39.8133
     0100      8   40  00  00  00  00  00  00  DE      39.8193
     0101      8   C1  4D  00  00  00  00  0F  80      39.8222
     0102      8   40  00  00  00  00  00  00  DE      39.8224
     0100      8   40  00  00  00  00  00  00  DE      39.8244
     0100      8   60  00  00  00  00  00  00  B1      39.8304
     0101      8   E1  4C  00  00  00  00  0F  A9      39.8322
     0102      8   60  00  00  00  00  00  00  B1      39.8325
     0100      8   60  00  00  00  00  00  00  B1      39.8355
     0100      8   80  00  00  00  00  00  00  A1      39.8416
     0101      8   01  4B  00  00  00  00  0F  76      39.8422
     0102      8   80  00  00  00  00  00  00  A1      39.8425
     0501      8   0D  12  00  00  00  00  00  7E      39.8427
     0100      8   80  00  00  00  00  00  00  A1      39.8467
     0101      8   21  49  00  00  00  00  0F  95      39.8522
     0102      8   80  00  00  00  00  00  00  A1      39.8524
     0100      8   A0  00  00  00  00  00  00  CE      39.8527
     0100      8   C0  00  00  00  00  00  00  7F      39.8587
     0101      8   41  48  00  00  00  00  0F  62      39.8622
     0102      8   C0  00  00  00  00  00  00  7F      39.8625
     0100      8   C0  00  00  00  00  00  00  7F      39.8638
     0100      8   E0  00  00  00  00  00  00  10      39.8699
     0101      8   61  48  00  00  00  00  0F  0D      39.8722
     0102      8   E0  00  00  00  00  00  00  10      39.8724
     0100      8   E0  00  00  00  00  00  00  10      39.8750
     0100      8   00  00  00  00  00  00  00  00      39.8810
     0101      8   81  47  00  00  00  00  0F  D8      39.8822
     0102      8   00  00  00  00  00  00  00  00      39.8825
     0100      8   00  00  00  00  00  00  00  00      39.8861
     0100      8   20  00  00  00  00  00  00  6F      39.8921
     0101      8   A1  46  00  00  00  00  0F  F1      39.8924
     0102      8   00  00  00  00  00  00  00  00      39.8926
     0100      8   20  00  00  00  00  00  00  6F      39.8972
     0101      8   C1  44  00  00  00  00  0F  CC      39.9022
     0102      8   20  00  00  00  00  00  00  6F      39.9025
     0100      8   40  00  00  00  00  00  00  DE      39.9033
     0100      8   60  00  00  00  00  00  00  B1      39.9093
     0101      8   E1  43  00  00  00  00  0F  6C      39.9122
     0102      8   60  00  00  00  00  00  00  B1      39.9124
     0100      8   60  00  00  00  00  00  00  B1      39.9144
     0100      8   80  00  00  00  00  00  00  A1      39.9204
     0101      8   01  43  00  00  00  00  0F  7C      39.9222
     0102      8   80  00  00  00  00  00  00  A1      39.9224
     0100      8   80  00  00  00  00  00  00  A1      39.9255
     0100      8   A0  00  00  00  00  00  00  CE      39.9316
     0101      8   21  42  00  00  00  00  0F  55      39.9322
     0102      8   A0  00  00  00  00  00  00  CE      39.9324
     0100      8   A0  00  00  00  00  00  00  CE      39.9367
     0101      8   41  41  00  00  00  00  0F  2E      39.9422
     0102      8   A0  00  00  00  00  00  00  CE      39.9424
     0501      8   0D  12  00  00  00  00  00  7E      39.9427
     0100      8   C0  00  00  00  00  00  00  7F      39.9429
     0100      8   E0  00  00  00  00  00  00  10      39.9487
     0101      8   61  3F  00  00  00  00  0F  AE      39.9522
     0102      8   E0  00  00  00  00  00  00  10      39.9525
     0100      8   E0  00  00  00  00  00  00  10      39.9538
     0100      8   00  00  00  00  00  00  00  00      39.9599
     0101      8   81  3E  00  00  00  00  0F  F8      39.9622
     0102      8   00  00  00  00  00  00  00  00      39.9625
     0100      8   00  00  00  00  00  00  00  00      39.9650
     0100      8   20  00  00  00  00  00  00  6F      39.9710
     0101      8   A1  3D  00  00  00  00  0F  5D      39.9722
     0102      8   20  00  00  00  00  00  00  6F      39.9724
     0100      8   20  00  00  00  00  00  00  6F      39.9761
     0100      8   40  00  00  00  00  00  00  DE      39.9821
     0101      8   C1  3C  00  00  00  00  0F  AA      39.9824
     0102      8   20  00  00  00  00  00  00  6F      39.9826
     0100      8   40  00  00  00  00  00  00  DE      39.9872
     0101      8   E1  3C  00  00  00  00  0F  C5      39.9922
     0102      8   40  00  00  00  00  00  00  DE      39.9924
     0100      8   60  00  00  00  00  00  00  B1      39.9933
     0100      8   80  00  00  00  00  00  00  A1      39.9993
     0101      8   01  3A  00  00  00  00  0F  5C      40.0022
     0102      8   80  00  00  00  00  00  00  A1      40.0025
     0100      8   80  00  00  00  00  00  00  A1      40.0044
     0100      8   A0  00  00  00  00  00  00  CE      40.0104
     0101      8   21  39  00  00  00  00  0F  F9      40.0122
     0102      8   A0  00  00  00  00  00  00  CE      40.0124
     0100      8   A0  00  00  00  00  00  00  CE      40.0155
     0100      8   C0  00  00  00  00  00  00  7F      40.0216
     0101      8   41  38  00  00  00  00  0F  0E      40.0222
     0102      8   C0  00  00  00  00  00  00  7F      40.0224
     0100      8   C0  00  00  00  00  00  00  7F      40.0267
     0101      8   61  37  00  00  00  00  0F  A4      40.0322
     0102      8   C0  00  00  00  00  00  00  7F      40.0324
     0100      8   E0  00  00  00  00  00  00  10      40.0327
     0100      8   00  00  00  00  00  00  00  00      40.0387
     0101      8   81  36  00  00  00  00  0F  F2      40.0422
     0102      8   00  00  00  00  00  00  00  00      40.0425
     0501      8   0D  12  00  00  00  00  00  7E      40.0427
     0100      8   00  00  00  00  00  00  00  00      40.0438
     0100      8   20  00  00  00  00  00  00  6F      40.0499
     0101      8   A1  35  00  00  00  00  0F  57      40.0522
     0102      8   20  00  00  00  00  00  00  6F      40.0524
     0100      8   20  00  00  00  00  00  00  6F      40.0550
     0100      8   40  00  00  00  00  00  00  DE      40.0610
     0101      8   C1  34  00  00  00  00  0F  A0      40.0622
     0102      8   40  00  00  00  00  00  00  DE      40.0624
     0100      8   40  00  00  00  00  00  00  DE      40.0661
     0100      8   60  00  00  00  00  00  00  B1      40.0721
     0101      8   E1  33  00  00  00  00  0F  00      40.0724
     0102      8   40  00  00  00  00  00  00  DE      40.0726
     0100      8   60  00  00  00  00  00  00  B1      40.0772
     0101      8   01  32  00  00  00  00  0F  56      40.0822
     0102      8   60  00  00  00  00  00  00  B1      40.0824
     0100      8   80  00  00  00  00  00  00  A1      40.0833
     0100      8   A0  00  00  00  00  00  00  CE      40.0893
     0101      8   21  31  00  00  00  00  0F  F3      40.0922
     0102      8   A0  00  00  00  00  00  00  CE      40.0924
     0100      8   A0  00  00  00  00  00  00  CE      40.0944
     0100      8   C0  00  00  00  00  00  00  7F      40.1004
     0101      8   41  30  00  00  00  00  0F  04      40.1022
     0102      8   C0  00  00  00  00  00  00  7F      40.1025
     0100      8   C0  00  00  00  00  00  00  7F      40.1055
     0100      8   E0  00  00  00  00  00  00  10      40.1116
     0101      8   61  2F  00  00  00  00  0F  BA      40.1122
     0102      8   E0  00  00  00  00  00  00  10      40.1124
     0100      8   E0  00  00  00  00  00  00  10      40.1167
     0101      8   81  2E  00  00  00  00  0F  EC      40.1221
     0102      8   E0  00  00  00  00  00  00  10      40.1224
     0100      8   00  00  00  00  00  00  00  00      40.1227
     0100      8   20  00  00  00  00  00  00  6F      40.1287
     0101      8   A1  2D  00  00  00  00  0F  49      40.1321
     0102      8   20  00  00  00  00  00  00  6F      40.1324
     0100      8   20  00  00  00  00  00  00  6F      40.1338
     0100      8   40  00  00  00  00  00  00  DE      40.1399
     0101      8   C1  2C  00  00  00  00  0F  BE      40.1421
     0102      8   40  00  00  00  00  00  00  DE      40.1424
     0501      8   0D  12  00  00  00  00  00  7E      40.1426
     0100      8   40  00  00  00  00  00  00  DE      40.1450
     0100      8   60  00  00  00  00  00  00  B1      40.1510
     0101      8   E1  2A  00  00  00  00  0F  58      40.1522
     0102      8   60  00  00  00  00  00  00  B1      40.1524
     0100      8   60  00  00  00  00  00  00  B1      40.1561
     0100      8   80  00  00  00  00  00  00  A1      40.1621
     0101      8   01  29  00  00  00  00  0F  82      40.1624
     0102      8   60  00  00  00  00  00  00  B1      40.1626
     0100      8   80  00  00  00  00  00  00  A1      40.1672
     0101      8   21  29  00  00  00  00  0F  ED      40.1721
     0102      8   80  00  00  00  00  00  00  A1      40.1724
     0100      8   A0  00  00  00  00  00  00  CE      40.1733
     0100      8   C0  00  00  00  00  00  00  7F      40.1793
     0101      8   41  28  00  00  00  00  0F  1A      40.1822
     0102      8   C0  00  00  00  00  00  00  7F      40.1824
     0100      8   C0  00  00  00  00  00  00  7F      40.1844
     0100      8   E0  00  00  00  00  00  00  10      40.1904
     0101      8   61  27  00  00  00  00  0F  B0      40.1921
     0102      8   E0  00  00  00  00  00  00  10      40.1924
     0100      8   E0  00  00  00  00  00  00  10      40.1955
     0100      8   00  00  00  00  00  00  00  00      40.2016
     0101      8   81  26  00  00  00  00  0F  E6      40.2022
     0102      8   00  00  00  00  00  00  00  00      40.2024
     0100      8   00  00  00  00  00  00  00  00      40.2067
     0101      8   A1  25  00  00  00  00  0F  43      40.2121
     0102      8   00  00  00  00  00  00  00  00      40.2124
     0100      8   20  00  00  00  00  00  00  6F      40.2127
     0100      8   40  00  00  00  00  00  00  DE      40.2187
     0101      8   C1  24  00  00  00  00  0F  B4      40.2221
     0102      8   40  00  00  00  00  00  00  DE      40.2224
     0100      8   40  00  00  00  00  00  00  DE      40.2238
     0100      8   60  00  00  00  00  00  00  B1      40.2299
     0101      8   E1  23  00  00  00  00  0F  14      40.2321
     0102      8   60  00  00  00  00  00  00  B1      40.2324
     0100      8   60  00  00  00  00  00  00  B1      40.2350
     0100      8   80  00  00  00  00  00  00  A1      40.2410
     0101      8   01  22  00  00  00  00  0F  42      40.2421
     0102      8   80  00  00  00  00  00  00  A1      40.2424
     0501      8   0D  12  00  00  00  00  00  7E      40.2426
     0100      8   80  00  00  00  00  00  00  A1      40.2461
     0100      8   A0  00  00  00  00  00  00  CE      40.2521
     0101      8   21  20  00  00  00  00  0F  A1      40.2524
     0102      8   80  00  00  00  00  00  00  A1      40.2526
     0100      8   A0  00  00  00  00  00  00  CE      40.2572
     0101      8   41  1F  00  00  00  00  0F  E9      40.2622
     0102      8   A0  00  00  00  00  00  00  CE      40.2624
     0100      8   C0  00  00  00  00  00  00  7F      40.2633
     0100      8   E0  00  00  00  00  00  00  10      40.2693
     0101      8   61  1E  00  00  00  00  0F  C0      40.2721
     0102      8   E0  00  00  00  00  00  00  10      40.2724
     0100      8   E0  00  00  00  00  00  00  10      40.2744
     0100      8   00  00  00  00  00  00  00  00      40.2804
     0101      8   81  1D  00  00  00  00  0F  1A      40.2822
     0102      8   00  00  00  00  00  00  00  00      40.2824
     0100      8   00  00  00  00  00  00  00  00      40.2855
     0100      8   20  00  00  00  00  00  00  6F      40.2916
     0101      8   A1  1D  00  00  00  00  0F  75      40.2921
     0102      8   20  00  00  00  00  00  00  6F      40.2924
     0100      8   20  00  00  00  00  00  00  6F      40.2967
     0101      8   C1  1B  00  00  00  00  0F  4D      40.3021
     0102      8   20  00  00  00  00  00  00  6F      40.3024
     0100      8   40  00  00  00  00  00  00  DE      40.3027
     0100      8   60  00  00  00  00  00  00  B1      40.3087
     0101      8   E1  1A  00  00  00  00  0F  64      40.3121
     0102      8   60  00  00  00  00  00  00  B1      40.3124
     0100      8   60  00  00  00  00  00  00  B1      40.3138
     0100      8   80  00  00  00  00  00  00  A1      40.3199
     0101      8   01  1A  00  00  00  00  0F  74      40.3221
     0102      8   80  00  00  00  00  00  00  A1      40.3224
     0100      8   80  00  00  00  00  00  00  A1      40.3250
     0100      8   A0  00  00  00  00  00  00  CE      40.3310
     0101      8   21  18  00  00  00  00  0F  97      40.3321
     0102      8   A0  00  00  00  00  00  00  CE      40.3324
     0100      8   A0  00  00  00  00  00  00  CE      40.3361
     0101      8   41  18  00  00  00  00  0F  26      40.3421
     0100      8   C0  00  00  00  00  00  00  7F      40.3424
     0102      8   A0  00  00  00  00  00  00  CE      40.3426
     0501      8   0D  12  00  00  00  00  00  7E      40.3429
     0100      8   E0  00  00  00  00  00  00  10      40.3482
     0101      8   61  16  00  00  00  00  0F  CA      40.3522
     0102      8   E0  00  00  00  00  00  00  10      40.3524
     0100      8   E0  00  00  00  00  00  00  10      40.3533
     0100      8   00  00  00  00  00  00  00  00      40.3593
     0101      8   81  15  00  00  00  00  0F  10      40.3622
     0102      8   00  00  00  00  00  00  00  00      40.3624
     0100      8   00  00  00  00  00  00  00  00      40.3644
     0100      8   20  00  00  00  00  00  00  6F      40.3704
     0101      8   A1  14  00  00  00  00  0F  39      40.3721
     0102      8   20  00  00  00  00  00  00  6F      40.3724
     0100      8   20  00  00  00  00  00  00  6F      40.3755
     0100      8   40  00  00  00  00  00  00  DE      40.3816
     0101      8   C1  13  00  00  00  00  0F  47      40.3822
     0102      8   40  00  00  00  00  00  00  DE      40.3824
     0100      8   40  00  00  00  00  00  00  DE      40.3867
     0101      8   E1  12  00  00  00  00  0F  6E      40.3921
     0102      8   40  00  00  00  00  00  00  DE      40.3923
     0100      8   60  00  00  00  00  00  00  B1      40.3927
     0100      8   80  00  00  00  00  00  00  A1      40.3987
     0101      8   01  11  00  00  00  00  0F  B4      40.4022
     0102      8   80  00  00  00  00  00  00  A1      40.4024
     0100      8   80  00  00  00  00  00  00  A1      40.4038
     0100      8   A0  00  00  00  00  00  00  CE      40.4099
     0101      8   21  10  00  00  00  00  0F  9D      40.4121
     0102      8   A0  00  00  00  00  00  00  CE      40.4124
     0100      8   A0  00  00  00  00  00  00  CE      40.4150
     0100      8   C0  00  00  00  00  00  00  7F      40.4210
     0101      8   41  0F  00  00  00  00  0F  FD      40.4221
     0102      8   C0  00  00  00  00  00  00  7F      40.4224
     0100      8   C0  00  00  00  00  00  00  7F      40.4261
     0101      8   61  0E  00  00  00  00  0F  D4      40.4321
     0100      8   E0  00  00  00  00  00  00  10      40.4324
     0102      8   C0  00  00  00  00  00  00  7F      40.4326
     0100      8   00  00  00  00  00  00  00  00      40.4382
     0101      8   81  0D  00  00  00  00  0F  0E      40.4421
     0102      8   00  00  00  00  00  00  00  00      40.4424
     0501      8   0D  12  00  00  00  00  00  7E      40.4426
     0100      8   00  00  00  00  00  00  00  00      40.4433
     0100      8   20  00  00  00  00  00  00  6F      40.4493
     0101      8   A1  0C  00  00  00  00  0F  27      40.4521
     0102      8   20  00  00  00  00  00  00  6F      40.4524
     0100      8   20  00  00  00  00  00  00  6F      40.4544
     0100      8   40  00  00  00  00  00  00  DE      40.4604
     0101      8   C1  0B  00  00  00  00  0F  59      40.4621
     0102      8   40  00  00  00  00  00  00  DE      40.4624
     0100      8   40  00  00  00  00  00  00  DE      40.4655
     0100      8   60  00  00  00  00  00  00  B1      40.4716
     0101      8   E1  0A  00  00  00  00  0F  70      40.4721
     0102      8   40  00  00  00  00  00  00  DE      40.4723
     0100      8   60  00  00  00  00  00  00  B1      40.4767
     0101      8   01  09  00  00  00  00  0F  AA      40.4821
     0102      8   60  00  00  00  00  00  00  B1      40.4824
     0100      8   80  00  00  00  00  00  00  A1      40.4827
     0100      8   A0  00  00  00  00  00  00  CE      40.4887
     0101      8   21  08  00  00  00  00  0F  83      40.4921
     0102      8   A0  00  00  00  00  00  00  CE      40.4923
     0100      8   A0  00  00  00  00  00  00  CE      40.4938
     0100      8   C0  00  00  00  00  00  00  7F      40.4999
     0101      8   41  07  00  00  00  00  0F  F7      40.5021
     0102      8   C0  00  00  00  00  00  00  7F      40.5024
     0100      8   C0  00  00  00  00  00  00  7F      40.5050
     0100      8   E0  00  00  00  00  00  00  10      40.5110
     0101      8   61  06  00  00  00  00  0F  DE      40.5121
     0102      8   E0  00  00  00  00  00  00  10      40.5123
     0100      8   E0  00  00  00  00  00  00  10      40.5161
     0101      8   81  05  00  00  00  00  0F  04      40.5221
     0100      8   00  00  00  00  00  00  00  00      40.5223
     0102      8   E0  00  00  00  00  00  00  10      40.5226
     0100      8   20  00  00  00  00  00  00  6F      40.5282
     0101      8   A1  04  00  00  00  00  0F  2D      40.5321
     0102      8   20  00  00  00  00  00  00  6F      40.5323
     0100      8   20  00  00  00  00  00  00  6F      40.5333
     0100      8   40  00  00  00  00  00  00  DE      40.5393
     0101      8   C1  03  00  00  00  00  0F  53      40.5421
     0102      8   40  00  00  00  00  00  00  DE      40.5423
     0501      8   0D  12  00  00  00  00  00  7E      40.5426
     0100      8   40  00  00  00  00  00  00  DE      40.5444
     0100      8   60  00  00  00  00  00  00  B1      40.5504
     0101      8   E1  02  00  00  00  00  0F  7A      40.5521
     0102      8   60  00  00  00  00  00  00  B1      40.5524
     0100      8   60  00  00  00  00  00  00  B1      40.5555
     0100      8   80  00  00  00  00  00  00  A1      40.5616
     0101      8   01  01  00  00  00  00  0F  A0      40.5621
     0102      8   60  00  00  00  00  00  00  B1      40.5623
     0100      8   80  00  00  00  00  00  00  A1      40.5667
     0101      8   21  00  00  00  00  00  0F  89      40.5721
     0102      8   80  00  00  00  00  00  00  A1      40.5723
     0100      8   A0  00  00  00  00  00  00  CE      40.5727
     0100      8   C0  00  00  00  00  00  00  7F      40.5787
     0101      8   40  FF  00  00  00  00  0F  6C      40.5821
     0102      8   C0  00  00  00  00  00  00  7F      40.5824
     0100      8   C0  00  00  00  00  00  00  7F      40.5838
     0100      8   E0  00  00  00  00  00  00  10      40.5899
     0101      8   60  FE  00  00  00  00  0F  45      40.5921
     0102      8   E0  00  00  00  00  00  00  10      40.5923
     0100      8   E0  00  00  00  00  00  00  10      40.5950
     0100      8   00  00  00  00  00  00  00  00      40.6010
     0101      8   80  FD  00  00  00  00  0F  9F      40.6021
     0102      8   00  00  00  00  00  00  00  00      40.6024
     0100      8   00  00  00  00  00  00  00  00      40.6061
     0101      8   A0  FC  00  00  00  00  0F  B6      40.6121
     0100      8   20  00  00  00  00  00  00  6F      40.6123
     0102      8   00  00  00  00  00  00  00  00      40.6126
     0100      8   40  00  00  00  00  00  00  DE      40.6182
     0101      8   C0  FB  00  00  00  00  0F  C8      40.6221
     0102      8   40  00  00  00  00  00  00  DE      40.6223
     0100      8   40  00  00  00  00  00  00  DE      40.6233
     0100      8   60  00  00  00  00  00  00  B1      40.6293
     0101      8   E0  FA  00  00  00  00  0F  E1      40.6321
     0102      8   60  00  00  00  00  00  00  B1      40.6323
     0100      8   60  00  00  00  00  00  00  B1      40.6344
     0100      8   80  00  00  00  00  00  00  A1      40.6404
     0101      8   00  F9  00  00  00  00  0F  3B      40.6421
     0102      8   80  00  00  00  00  00  00  A1      40.6423
     0501      8   0D  12  00  00  00  00  00  7E      40.6426
     0100      8   80  00  00  00  00  00  00  A1      40.6455
     0100      8   A0  00  00  00  00  00  00  CE      40.6516
     0101      8   20  F8  00  00  00  00  0F  12      40.6521
     0102      8   80  00  00  00  00  00  00  A1      40.6524
     0100      8   A0  00  00  00  00  00  00  CE      40.6567
     0101      8   40  F6  00  00  00  00  0F  20      40.6621
     0102      8   A0  00  00  00  00  00  00  CE      40.6624
     0100      8   C0  00  00  00  00  00  00  7F      40.6627
     0100      8   E0  00  00  00  00  00  00  10      40.6687
     0101      8   60  F6  00  00  00  00  0F  4F      40.6721
     0102      8   E0  00  00  00  00  00  00  10      40.6723
     0100      8   E0  00  00  00  00  00  00  10      40.6738
     0100      8   00  00  00  00  00  00  00  00      40.6799
     0101      8   80  F5  00  00  00  00  0F  95      40.6821
     0102      8   00  00  00  00  00  00  00  00      40.6824
     0100      8   00  00  00  00  00  00  00  00      40.6850
     0100      8   20  00  00  00  00  00  00  6F      40.6910
     0101      8   A0  F4  00  00  00  00  0F  BC      40.6921
     0102      8   20  00  00  00  00  00  00  6F      40.6923
     0100      8   20  00  00  00  00  00  00  6F      40.6961
     0101      8   C0  F3  00  00  00  00  0F  C2      40.7021
     0100      8   40  00  00  00  00  00  00  DE      40.7023
     0102      8   20  00  00  00  00  00  00  6F      40.7026
     0100      8   60  00  00  00  00  00  00  B1      40.7082
     0101      8   E0  F1  00  00  00  00  0F  21      40.7121
     0102      8   60  00  00  00  00  00  00  B1      40.7123
     0100      8   60  00  00  00  00  00  00  B1      40.7133
     0100      8   80  00  00  00  00  00  00  A1      40.7193
     0101      8   00  F0  00  00  00  00  0F  77      40.7221
     0102      8   80  00  00  00  00  00  00  A1      40.7223
     0100      8   80  00  00  00  00  00  00  A1      40.7244
     0100      8   A0  00  00  00  00  00  00  CE      40.7304
     0101      8   20  EF  00  00  00  00  0F  C9      40.7321
     0102      8   A0  00  00  00  00  00  00  CE      40.7323
     0100      8   A0  00  00  00  00  00  00  CE      40.7355
     0100      8   C0  00  00  00  00  00  00  7F      40.7416
     0101      8   40  EF  00  00  00  00  0F  78      40.7421
     0102      8   A0  00  00  00  00  00  00  CE      40.7423
     0501      8   0D  12  00  00  00  00  00  7E      40.7426
     0100      8   C0  00  00  00  00  00  00  7F      40.7467
     0101      8   60  EE  00  00  00  00  0F  51      40.7521
     0102      8   C0  00  00  00  00  00  00  7F      40.7524
     0100      8   E0  00  00  00  00  00  00  10      40.7527
     0100      8   00  00  00  00  00  00  00  00      40.7587
     0101      8   80  EC  00  00  00  00  0F  CD      40.7621
     0102      8   00  00  00  00  00  00  00  00      40.7624
     0100      8   00  00  00  00  00  00  00  00      40.7638
     0100      8   20  00  00  00  00  00  00  6F      40.7699
     0101      8   A0  EC  00  00  00  00  0F  A2      40.7721
     0102      8   20  00  00  00  00  00  00  6F      40.7723
     0100      8   20  00  00  00  00  00  00  6F      40.7750
     0100      8   40  00  00  00  00  00  00  DE      40.7810
     0101      8   C0  EA  00  00  00  00  0F  9A      40.7821
     0102      8   40  00  00  00  00  00  00  DE      40.7823
     0100      8   40  00  00  00  00  00  00  DE      40.7861
     0101      8   E0  EA  00  00  00  00  0F  F5      40.7921
     0100      8   60  00  00  00  00  00  00  B1      40.7923
     0102      8   40  00  00  00  00  00  00  DE      40.7925
     0100      8   80  00  00  00  00  00  00  A1      40.7982
     0101      8   00  E8  00  00  00  00  0F  69      40.8021
     0102      8   80  00  00  00  00  00  00  A1      40.8023
     0100      8   80  00  00  00  00  00  00  A1      40.8033
     0100      8   A0  00  00  00  00  00  00  CE      40.8093
     0101      8   20  E7  00  00  00  00  0F  C3      40.8121
     0102      8   A0  00  00  00  00  00  00  CE      40.8123
     0100      8   A0  00  00  00  00  00  00  CE      40.8144
     0100      8   C0  00  00  00  00  00  00  7F      40.8204
     0101      8   40  E6  00  00  00  00  0F  34      40.8220
     0102      8   C0  00  00  00  00  00  00  7F      40.8223
     0100      8   C0  00  00  00  00  00  00  7F      40.8255
     0100      8   E0  00  00  00  00  00  00  10      40.8316
     0101      8   60  E5  00  00  00  00  0F  91      40.8321
     0102      8   C0  00  00  00  00  00  00  7F      40.8323
     0100      8   E0  00  00  00  00  00  00  10      40.8367
     0101      8   80  E5  00  00  00  00  0F  81      40.8421
     0102      8   E0  00  00  00  00  00  00  10      40.8423
     0501      8   0D  12  00  00  00  00  00  7E      40.8425
     0100      8   00  00  00  00  00  00  00  00      40.8428
     0100      8   20  00  00  00  00  00  00  6F      40.8487
     0101      8   A0  E3  00  00  00  00  0F  67      40.8521
     0102      8   20  00  00  00  00  00  00  6F      40.8523
     0100      8   20  00  00  00  00  00  00  6F      40.8538
     0100      8   40  00  00  00  00  00  00  DE      40.8599
     0101      8   C0  E2  00  00  00  00  0F  90      40.8621
     0102      8   40  00  00  00  00  00  00  DE      40.8623
     0100      8   40  00  00  00  00  00  00  DE      40.8650
     0100      8   60  00  00  00  00  00  00  B1      40.8710
     0101      8   E0  E1  00  00  00  00  0F  35      40.8720
     0102      8   60  00  00  00  00  00  00  B1      40.8723
     0100      8   60  00  00  00  00  00  00  B1      40.8761
     0101      8   00  E0  00  00  00  00  0F  63      40.8820
     0100      8   80  00  00  00  00  00  00  A1      40.8823
     0102      8   60  00  00  00  00  00  00  B1      40.8825
     0100      8   A0  00  00  00  00  00  00  CE      40.8882
     0101      8   20  DF  00  00  00  00  0F  F5      40.8920
     0102      8   A0  00  00  00  00  00  00  CE      40.8923
     0100      8   A0  00  00  00  00  00  00  CE      40.8933
     0100      8   C0  00  00  00  00  00  00  7F      40.8993
     0101      8   40  DE  00  00  00  00  0F  02      40.9021
     0102      8   C0  00  00  00  00  00  00  7F      40.9023
     0100      8   C0  00  00  00  00  00  00  7F      40.9044
     0100      8   E0  00  00  00  00  00  00  10      40.9104
     0101      8   60  DD  00  00  00  00  0F  A7      40.9120
     0102      8   E0  00  00  00  00  00  00  10      40.9123
     0100      8   E0  00  00  00  00  00  00  10      40.9155
     0100      8   00  00  00  00  00  00  00  00      40.9216
     0101      8   80  DC  00  00  00  00  0F  F1      40.9220
     0102      8   E0  00  00  00  00  00  00  10      40.9223
     0100      8   00  00  00  00  00  00  00  00      40.9267
     0101      8   A0  DB  00  00  00  00  0F  51      40.9321
     0102      8   00  00  00  00  00  00  00  00      40.9323
     0100      8   20  00  00  00  00  00  00  6F      40.9327
     0100      8   40  00  00  00  00  00  00  DE      40.9387
     0101      8   C0  DA  00  00  00  00  0F  A6      40.9420
     0102      8   40  00  00  00  00  00  00  DE      40.9423
     0501      8   0D  12  00  00  00  00  00  7E      40.9425
     0100      8   40  00  00  00  00  00  00  DE      40.9438
     0100      8   60  00  00  00  00  00  00  B1      40.9499
     0101      8   E0  D9  00  00  00  00  0F  03      40.9521
     0102      8   60  00  00  00  00  00  00  B1      40.9523
     0100      8   60  00  00  00  00  00  00  B1      40.9550
     0100      8   80  00  00  00  00  00  00  A1      40.9610
     0101      8   00  D8  00  00  00  00  0F  55      40.9621
     0102      8   80  00  00  00  00  00  00  A1      40.9623
     0100      8   80  00  00  00  00  00  00  A1      40.9661
     0101      8   20  D7  00  00  00  00  0F  FF      40.9720
     0100      8   A0  00  00  00  00  00  00  CE      40.9723
     0102      8   80  00  00  00  00  00  00  A1      40.9725
     0100      8   C0  00  00  00  00  00  00  7F      40.9782
     0101      8   40  D6  00  00  00  00  0F  08      40.9821
     0102      8   C0  00  00  00  00  00  00  7F      40.9823
     0100      8   C0  00  00  00  00  00  00  7F      40.9833
     0100      8   E0  00  00  00  00  00  00  10      40.9893
     0101      8   60  D5  00  00  00  00  0F  AD      40.9920
     0102      8   E0  00  00  00  00  00  00  10      40.9923
     0100      8   E0  00  00  00  00  00  00  10      40.9944
     0100      8   00  00  00  00  00  00  00  00      41.0004
     0101      8   80  D4  00  00  00  00  0F  FB      41.0021
     0102      8   00  00  00  00  00  00  00  00      41.0023
     0100      8   00  00  00  00  00  00  00  00      41.0055
     0100      8   20  00  00  00  00  00  00  6F      41.0116
     0101      8   A0  D3  00  00  00  00  0F  5B      41.0120
     0102      8   00  00  00  00  00  00  00  00      41.0123
     0100      8   20  00  00  00  00  00  00  6F      41.0167
     0101      8   C0  D2  00  00  00  00  0F  AC      41.0221
     0102      8   20  00  00  00  00  00  00  6F      41.0223
     0100      8   40  00  00  00  00  00  00  DE      41.0227
     0100      8   60  00  00  00  00  00  00  B1      41.0287
     0101      8   E0  D1  00  00  00  00  0F  09      41.0320
     0102      8   60  00  00  00  00  00  00  B1      41.0323
     0100      8   60  00  00  00  00  00  00  B1      41.0338
     0100      8   80  00  00  00  00  00  00  A1      41.0399
     0101      8   00  D0  00  00  00  00  0F  5F      41.0420
     0102      8   80  00  00  00  00  00  00  A1      41.0423
     0501      8   0D  12  00  00  00  00  00  7E      41.0425
     0100      8   80  00  00  00  00  00  00  A1      41.0450
     0100      8   A0  00  00  00  00  00  00  CE      41.0510
     0101      8   20  CF  00  00  00  00  0F  E1      41.0521
     0102      8   A0  00  00  00  00  00  00  CE      41.0523
     0100      8   A0  00  00  00  00  00  00  CE      41.0561
     0101      8   40  CE  00  00  00  00  0F  16      41.0620
     0100      8   C0  00  00  00  00  00  00  7F      41.0623
     0102      8   A0  00  00  00  00  00  00  CE      41.0625
     0100      8   E0  00  00  00  00  00  00  10      41.0682
     0101      8   60  CD  00  00  00  00  0F  B3      41.0721
     0102      8   E0  00  00  00  00  00  00  10      41.0723
     0100      8   E0  00  00  00  00  00  00  10      41.0733
     0100      8   00  00  00  00  00  00  00  00      41.0793
     0101      8   80  CC  00  00  00  00  0F  E5      41.0821
     0102      8   00  00  00  00  00  00  00  00      41.0823
     0100      8   00  00  00  00  00  00  00  00      41.0844
     0100      8   20  00  00  00  00  00  00  6F      41.0904
     0101      8   A0  CB  00  00  00  00  0F  45      41.0920
     0102      8   20  00  00  00  00  00  00  6F      41.0923
     0100      8   20  00  00  00  00  00  00  6F      41.0955
     0100      8   40  00  00  00  00  00  00  DE      41.1016
     0101      8   C0  CA  00  00  00  00  0F  B2      41.1020
     0102      8   20  00  00  00  00  00  00  6F      41.1023
     0100      8   40  00  00  00  00  00  00  DE      41.1067
     0101      8   E0  C9  00  00  00  00  0F  17      41.1120
     0102      8   40  00  00  00  00  00  00  DE      41.1123
     0100      8   60  00  00  00  00  00  00  B1      41.1127
     0100      8   80  00  00  00  00  00  00  A1      41.1187
     0101      8   00  C8  00  00  00  00  0F  41      41.1221
     0102      8   80  00  00  00  00  00  00  A1      41.1223
     0100      8   80  00  00  00  00  00  00  A1      41.1238
     0100      8   A0  00  00  00  00  00  00  CE      41.1299
     0101      8   20  C7  00  00  00  00  0F  EB      41.1320
     0102      8   A0  00  00  00  00  00  00  CE      41.1323
     0100      8   A0  00  00  00  00  00  00  CE      41.1350
     0100      8   C0  00  00  00  00  00  00  7F      41.1410
     0101      8   40  C6  00  00  00  00  0F  1C      41.1420
     0102      8   C0  00  00  00  00  00  00  7F      41.1423
     0501      8   0D  12  00  00  00  00  00  7E      41.1425
     0100      8   C0  00  00  00  00  00  00  7F      41.1461
     0101      8   60  C5  00  00  00  00  0F  B9      41.1520
     0100      8   E0  00  00  00  00  00  00  10      41.1523
     0102      8   C0  00  00  00  00  00  00  7F      41.1525
     0100      8   00  00  00  00  00  00  00  00      41.1582
     0101      8   80  C4  00  00  00  00  0F  EF      41.1621
     0102      8   00  00  00  00  00  00  00  00      41.1623
     0100      8   00  00  00  00  00  00  00  00      41.1633
     0100      8   20  00  00  00  00  00  00  6F      41.1693
     0101      8   A0  C3  00  00  00  00  0F  4F      41.1720
     0102      8   20  00  00  00  00  00  00  6F      41.1723
     0100      8   20  00  00  00  00  00  00  6F      41.1744
     0100      8   40  00  00  00  00  00  00  DE      41.1804
     0101      8   C0  C2  00  00  00  00  0F  B8      41.1820
     0102      8   40  00  00  00  00  00  00  DE      41.1823
     0100      8   40  00  00  00  00  00  00  DE      41.1855
     0100      8   60  00  00  00  00  00  00  B1      41.1916
     0101      8   E0  C1  00  00  00  00  0F  1D      41.1920
     0102      8   40  00  00  00  00  00  00  DE      41.1922
     0100      8   60  00  00  00  00  00  00  B1      41.1967
     0101      8   00  C0  00  00  00  00  0F  4B      41.2020
     0102      8   60  00  00  00  00  00  00  B1      41.2023
     0100      8   80  00  00  00  00  00  00  A1      41.2027
     0100      8   A0  00  00  00  00  00  00  CE      41.2087
     0101      8   20  BF  00  00  00  00  0F  8D      41.2120
     0102      8   A0  00  00  00  00  00  00  CE      41.2122
     0100      8   A0  00  00  00  00  00  00  CE      41.2138
     0100      8   C0  00  00  00  00  00  00  7F      41.2199
     0101      8   40  BE  00  00  00  00  0F  7A      41.2220
     0102      8   C0  00  00  00  00  00  00  7F      41.2223
     0100      8   C0  00  00  00  00  00  00  7F      41.2250
     0100      8   E0  00  00  00  00  00  00  10      41.2310
     0101      8   60  BD  00  00  00  00  0F  DF      41.2320
     0102      8   E0  00  00  00  00  00  00  10      41.2323
     0100      8   E0  00  00  00  00  00  00  10      41.2361
     0101      8   80  BC  00  00  00  00  0F  89      41.2420
     0100      8   00  00  00  00  00  00  00  00      41.2422
     0102      8   E0  00  00  00  00  00  00  10      41.2425
     0501      8   0D  12  00  00  00  00  00  7E      41.2427
     0100      8   20  00  00  00  00  00  00  6F      41.2482
     0101      8   A0  BB  00  00  00  00  0F  29      41.2520
     0102      8   20  00  00  00  00  00  00  6F      41.2523
     0100      8   20  00  00  00  00  00  00  6F      41.2533
     0100      8   40  00  00  00  00  00  00  DE      41.2593
     0101      8   C0  BA  00  00  00  00  0F  DE      41.2620
     0102      8   40  00  00  00  00  00  00  DE      41.2623
     0100      8   40  00  00  00  00  00  00  DE      41.2644
     0100      8   60  00  00  00  00  00  00  B1      41.2704
     0101      8   E0  B9  00  00  00  00  0F  7B      41.2720
     0102      8   60  00  00  00  00  00  00  B1      41.2722
     0100      8   60  00  00  00  00  00  00  B1      41.2755
     0100      8   80  00  00  00  00  00  00  A1      41.2816
     0101      8   00  B8  00  00  00  00  0F  2D      41.2820
     0102      8   60  00  00  00  00  00  00  B1      41.2822
     0100      8   80  00  00  00  00  00  00  A1      41.2867
     0101      8   20  B7  00  00  00  00  0F  87      41.2920
     0102      8   80  00  00  00  00  00  00  A1      41.2922
     0100      8   A0  00  00  00  00  00  00  CE      41.2927
     0100      8   C0  00  00  00  00  00  00  7F      41.2987
     0101      8   40  B6  00  00  00  00  0F  70      41.3020
     0102      8   C0  00  00  00  00  00  00  7F      41.3023
     0100      8   C0  00  00  00  00  00  00  7F      41.3038
     0100      8   E0  00  00  00  00  00  00  10      41.3099
     0101      8   60  B5  00  00  00  00  0F  D5      41.3120
     0102      8   E0  00  00  00  00  00  00  10      41.3122
     0100      8   E0  00  00  00  00  00  00  10      41.3150
     0100      8   00  00  00  00  00  00  00  00      41.3210
     0101      8   80  B4  00  00  00  00  0F  83      41.3220
     0102      8   00  00  00  00  00  00  00  00      41.3223
     0100      8   00  00  00  00  00  00  00  00      41.3261
     0101      8   A0  B3  00  00  00  00  0F  23      41.3320
     0100      8   20  00  00  00  00  00  00  6F      41.3322
     0102      8   00  00  00  00  00  00  00  00      41.3325
     0100      8   40  00  00  00  00  00  00  DE      41.3382
     0101      8   C0  B2  00  00  00  00  0F  D4      41.3420
     0102      8   40  00  00  00  00  00  00  DE      41.3422
     0501      8   0D  12  00  00  00  00  00  7E      41.3425
     0100      8   40  00  00  00  00  00  00  DE      41.3433
     0100      8   60  00  00  00  00  00  00  B1      41.3493
     0101      8   E0  B1  00  00  00  00  0F  71      41.3520
     0102      8   60  00  00  00  00  00  00  B1      41.3523
     0100      8   60  00  00  00  00  00  00  B1      41.3544
     0100      8   80  00  00  00  00  00  00  A1      41.3604
     0101      8   00  B0  00  00  00  00  0F  27      41.3620
     0102      8   80  00  00  00  00  00  00  A1      41.3623
     0100      8   80  00  00  00  00  00  00  A1      41.3655
     0100      8   A0  00  00  00  00  00  00  CE      41.3716
     0101      8   20  AF  00  00  00  00  0F  99      41.3720
     0102      8   80  00  00  00  00  00  00  A1      41.3722
     0100      8   A0  00  00  00  00  00  00  CE      41.3767
     0101      8   40  AE  00  00  00  00  0F  6E      41.3820
     0102      8   A0  00  00  00  00  00  00  CE      41.3822
     0100      8   C0  00  00  00  00  00  00  7F      41.3827
     0100      8   E0  00  00  00  00  00  00  10      41.3887
     0101      8   60  AD  00  00  00  00  0F  CB      41.3920
     0102      8   E0  00  00  00  00  00  00  10      41.3922
     0100      8   E0  00  00  00  00  00  00  10      41.3938
     0100      8   00  00  00  00  00  00  00  00      41.3999
     0101      8   80  AC  00  00  00  00  0F  9D      41.4020
     0102      8   00  00  00  00  00  00  00  00      41.4023
     0100      8   00  00  00  00  00  00  00  00      41.4050
     0100      8   20  00  00  00  00  00  00  6F      41.4110
     0101      8   A0  AB  00  00  00  00  0F  3D      41.4120
     0102      8   20  00  00  00  00  00  00  6F      41.4122
     0100      8   20  00  00  00  00  00  00  6F      41.4161
     0101      8   C0  AA  00  00  00  00  0F  CA      41.4220
     0100      8   40  00  00  00  00  00  00  DE      41.4222
     0102      8   20  00  00  00  00  00  00  6F      41.4225
     0100      8   60  00  00  00  00  00  00  B1      41.4282
     0101      8   E0  A9  00  00  00  00  0F  6F      41.4320
     0102      8   60  00  00  00  00  00  00  B1      41.4322
     0100      8   60  00  00  00  00  00  00  B1      41.4333
     0100      8   80  00  00  00  00  00  00  A1      41.4393
     0101      8   00  A8  00  00  00  00  0F  39      41.4420
     0102      8   80  00  00  00  00  00  00  A1      41.4422
     0501      8   0D  12  00  00  00  00  00  7E      41.4425
     0100      8   80  00  00  00  00  00  00  A1      41.4444
     0100      8   A0  00  00  00  00  00  00  CE      41.4504
     0101      8   20  A7  00  00  00  00  0F  93      41.4520
     0102      8   A0  00  00  00  00  00  00  CE      41.4523
     0100      8   A0  00  00  00  00  00  00  CE      41.4555
     0100      8   C0  00  00  00  00  00  00  7F      41.4616
     0101      8   40  A6  00  00  00  00  0F  64      41.4620
     0102      8   A0  00  00  00  00  00  00  CE      41.4622
     0100      8   C0  00  00  00  00  00  00  7F      41.4667
     0101      8   60  A5  00  00  00  00  0F  C1      41.4720
     0102      8   C0  00  00  00  00  00  00  7F      41.4722
     0100      8   E0  00  00  00  00  00  00  10      41.4727
     0100      8   00  00  00  00  00  00  00  00      41.4787
     0101      8   80  A4  00  00  00  00  0F  97      41.4820
     0102      8   00  00  00  00  00  00  00  00      41.4822
     0100      8   00  00  00  00  00  00  00  00      41.4838
     0100      8   20  00  00  00  00  00  00  6F      41.4899
     0101      8   A0  A3  00  00  00  00  0F  37      41.4920
     0102      8   20  00  00  00  00  00  00  6F      41.4922
     0100      8   20  00  00  00  00  00  00  6F      41.4950
     0100      8   40  00  00  00  00  00  00  DE      41.5010
     0101      8   C0  A2  00  00  00  00  0F  C0      41.5020
     0102      8   40  00  00  00  00  00  00  DE      41.5022
     0100      8   40  00  00  00  00  00  00  DE      41.5061
     0101      8   E0  A1  00  00  00  00  0F  65      41.5120
     0100      8   60  00  00  00  00  00  00  B1      41.5122
     0102      8   40  00  00  00  00  00  00  DE      41.5124
     0100      8   80  00  00  00  00  00  00  A1      41.5182
     0101      8   00  A0  00  00  00  00  0F  33      41.5220
     0102      8   80  00  00  00  00  00  00  A1      41.5222
     0100      8   80  00  00  00  00  00  00  A1      41.5233
     0100      8   A0  00  00  00  00  00  00  CE      41.5293
     0101      8   20  9F  00  00  00  00  0F  A5      41.5320
     0102      8   A0  00  00  00  00  00  00  CE      41.5322
     0100      8   A0  00  00  00  00  00  00  CE      41.5344
     0100      8   C0  00  00  00  00  00  00  7F      41.5404
     0101      8   40  9E  00  00  00  00  0F  52      41.5420
     0102      8   C0  00  00  00  00  00  00  7F      41.5422
     0501      8   0D  12  00  00  00  00  00  7E      41.5424
     0100      8   C0  00  00  00  00  00  00  7F      41.5455
     0100      8   E0  00  00  00  00  00  00  10      41.5516
     0101      8   60  9D  00  00  00  00  0F  F7      41.5520
     0102      8   C0  00  00  00  00  00  00  7F      41.5522
     0100      8   E0  00  00  00  00  00  00  10      41.5567
     0101      8   80  9D  00  00  00  00  0F  E7      41.5620
     0102      8   E0  00  00  00  00  00  00  10      41.5622
     0100      8   00  00  00  00  00  00  00  00      41.5627
     0100      8   20  00  00  00  00  00  00  6F      41.5687
     0101      8   A0  9B  00  00  00  00  0F  01      41.5719
     0102      8   20  00  00  00  00  00  00  6F      41.5722
     0100      8   20  00  00  00  00  00  00  6F      41.5738
     0100      8   40  00  00  00  00  00  00  DE      41.5799
     0101      8   C0  9A  00  00  00  00  0F  F6      41.5819
     0102      8   40  00  00  00  00  00  00  DE      41.5822
     0100      8   40  00  00  00  00  00  00  DE      41.5850
     0100      8   60  00  00  00  00  00  00  B1      41.5910
     0101      8   E0  99  00  00  00  00  0F  53      41.5919
     0102      8   60  00  00  00  00  00  00  B1      41.5922
     0100      8   60  00  00  00  00  00  00  B1      41.5961
     0101      8   00  98  00  00  00  00  0F  05      41.6019
     0100      8   80  00  00  00  00  00  00  A1      41.6022
     0102      8   60  00  00  00  00  00  00  B1      41.6024
     0100      8   A0  00  00  00  00  00  00  CE      41.6082
     0101      8   20  98  00  00  00  00  0F  6A      41.6119
     0102      8   A0  00  00  00  00  00  00  CE      41.6122
     0100      8   A0  00  00  00  00  00  00  CE      41.6133
     0100      8   C0  00  00  00  00  00  00  7F      41.6193
     0101      8   40  96  00  00  00  00  0F  58      41.6220
     0102      8   C0  00  00  00  00  00  00  7F      41.6222
     0100      8   C0  00  00  00  00  00  00  7F      41.6244
     0100      8   E0  00  00  00  00  00  00  10      41.6304
     0101      8   60  95  00  00  00  00  0F  FD      41.6319
     0102      8   E0  00  00  00  00  00  00  10      41.6322
     0100      8   E0  00  00  00  00  00  00  10      41.6355
     0100      8   00  00  00  00  00  00  00  00      41.6416
     0101      8   80  94  00  00  00  00  0F  AB      41.6419
     0102      8   E0  00  00  00  00  00  00  10      41.6422
     0501      8   0D  12  00  00  00  00  00  7E      41.6424
     0100      8   00  00  00  00  00  00  00  00      41.6467
     0101      8   A0  94  00  00  00  00  0F  C4      41.6520
     0102      8   00  00  00  00  00  00  00  00      41.6522
     0100      8   20  00  00  00  00  00  00  6F      41.6527
     0100      8   40  00  00  00  00  00  00  DE      41.6587
     0101      8   C0  93  00  00  00  00  0F  BA      41.6620
     0102      8   40  00  00  00  00  00  00  DE      41.6622
     0100      8   40  00  00  00  00  00  00  DE      41.6638
     0100      8   60  00  00  00  00  00  00  B1      41.6699
     0101      8   E0  91  00  00  00  00  0F  59      41.6719
     0102      8   60  00  00  00  00  00  00  B1      41.6722
     0100      8   60  00  00  00  00  00  00  B1      41.6750
     0100      8   80  00  00  00  00  00  00  A1      41.6810
     0101      8   00  90  00  00  00  00  0F  0F      41.6819
     0102      8   80  00  00  00  00  00  00  A1      41.6822
     0100      8   80  00  00  00  00  00  00  A1      41.6861
     0101      8   20  8F  00  00  00  00  0F  B1      41.6919
     0100      8   A0  00  00  00  00  00  00  CE      41.6922
     0102      8   80  00  00  00  00  00  00  A1      41.6924
     0100      8   C0  00  00  00  00  00  00  7F      41.6982
     0101      8   40  8F  00  00  00  00  0F  00      41.7020
     0102      8   C0  00  00  00  00  00  00  7F      41.7022
     0100      8   C0  00  00  00  00  00  00  7F      41.7033
     0100      8   E0  00  00  00  00  00  00  10      41.7093
     0101      8   60  8E  00  00  00  00  0F  29      41.7119
     0102      8   E0  00  00  00  00  00  00  10      41.7122
     0100      8   E0  00  00  00  00  00  00  10      41.7144
     0100      8   00  00  00  00  00  00  00  00      41.7204
     0101      8   80  8D  00  00  00  00  0F  F3      41.7220
     0102      8   00  00  00  00  00  00  00  00      41.7222
     0100      8   00  00  00  00  00  00  00  00      41.7255
     0100      8   20  00  00  00  00  00  00  6F      41.7316
     0101      8   A0  8B  00  00  00  00  0F  15      41.7319
     0102      8   00  00  00  00  00  00  00  00      41.7322
     0100      8   20  00  00  00  00  00  00  6F      41.7367
     0101      8   C0  8A  00  00  00  00  0F  E2      41.7420
     0102      8   20  00  00  00  00  00  00  6F      41.7422
     0501      8   0D  12  00  00  00  00  00  7E      41.7425
     0100      8   40  00  00  00  00  00  00  DE      41.7427
     0100      8   60  00  00  00  00  00  00  B1      41.7487
     0101      8   E0  8A  00  00  00  00  0F  8D      41.7520
     0102      8   60  00  00  00  00  00  00  B1      41.7522
     0100      8   60  00  00  00  00  00  00  B1      41.7538
     0100      8   80  00  00  00  00  00  00  A1      41.7599
     0101      8   00  89  00  00  00  00  0F  57      41.7620
     0102      8   80  00  00  00  00  00  00  A1      41.7622
     0100      8   80  00  00  00  00  00  00  A1      41.7650
     0100      8   A0  00  00  00  00  00  00  CE      41.7710
     0101      8   20  88  00  00  00  00  0F  7E      41.7719
     0102      8   A0  00  00  00  00  00  00  CE      41.7722
     0100      8   A0  00  00  00  00  00  00  CE      41.7761
     0101      8   40  87  00  00  00  00  0F  0A      41.7819
     0100      8   C0  00  00  00  00  00  00  7F      41.7822
     0102      8   A0  00  00  00  00  00  00  CE      41.7824
     0100      8   E0  00  00  00  00  00  00  10      41.7882
     0101      8   60  86  00  00  00  00  0F  23      41.7919
     0102      8   E0  00  00  00  00  00  00  10      41.7922
     0100      8   E0  00  00  00  00  00  00  10      41.7933
     0100      8   00  00  00  00  00  00  00  00      41.7993
     0101      8   80  85  00  00  00  00  0F  F9      41.8020
     0102      8   00  00  00  00  00  00  00  00      41.8022
     0100      8   00  00  00  00  00  00  00  00      41.8044
     0100      8   20  00  00  00  00  00  00  6F      41.8104
     0101      8   A0  84  00  00  00  00  0F  D0      41.8119
     0102      8   20  00  00  00  00  00  00  6F      41.8122
     0100      8   20  00  00  00  00  00  00  6F      41.8155
     0100      8   40  00  00  00  00  00  00  DE      41.8216
     0101      8   C0  83  00  00  00  00  0F  AE      41.8220
     0102      8   20  00  00  00  00  00  00  6F      41.8222
     0100      8   40  00  00  00  00  00  00  DE      41.8267
     0101      8   E0  82  00  00  00  00  0F  87      41.8319
     0102      8   40  00  00  00  00  00  00  DE      41.8322
     0100      8   60  00  00  00  00  00  00  B1      41.8327
     0100      8   80  00  00  00  00  00  00  A1      41.8387
     0101      8   00  81  00  00  00  00  0F  5D      41.8420
     0102      8   80  00  00  00  00  00  00  A1      41.8422
     0501      8   0D  12  00  00  00  00  00  7E      41.8424
     0100      8   80  00  00  00  00  00  00  A1      41.8438
     0100      8   A0  00  00  00  00  00  00  CE      41.8499
     0101      8   20  80  00  00  00  00  0F  74      41.8520
     0102      8   A0  00  00  00  00  00  00  CE      41.8522
     0100      8   A0  00  00  00  00  00  00  CE      41.8550
     0100      8   C0  00  00  00  00  00  00  7F      41.8610
     0101      8   40  7F  00  00  00  00  0F  CC      41.8620
     0102      8   C0  00  00  00  00  00  00  7F      41.8622
     0100      8   C0  00  00  00  00  00  00  7F      41.8661
     0101      8   60  7E  00  00  00  00  0F  E5      41.8719
     0100      8   E0  00  00  00  00  00  00  10      41.8722
     0102      8   C0  00  00  00  00  00  00  7F      41.8724
     0100      8   00  00  00  00  00  00  00  00      41.8782
     0101      8   80  7D  00  00  00  00  0F  3F      41.8819
     0102      8   00  00  00  00  00  00  00  00      41.8822
     0100      8   00  00  00  00  00  00  00  00      41.8833
     0100      8   20  00  00  00  00  00  00  6F      41.8893
     0101      8   A0  7C  00  00  00  00  0F  16      41.8919
     0102      8   20  00  00  00  00  00  00  6F      41.8922
     0100      8   20  00  00  00  00  00  00  6F      41.8944
     0100      8   40  00  00  00  00  00  00  DE      41.9004
     0101      8   C0  7B  00  00  00  00  0F  68      41.9019
     0102      8   40  00  00  00  00  00  00  DE      41.9022
     0100      8   40  00  00  00  00  00  00  DE      41.9055
     0100      8   60  00  00  00  00  00  00  B1      41.9116
     0101      8   E0  7A  00  00  00  00  0F  41      41.9119
     0102      8   40  00  00  00  00  00  00  DE      41.9121
     0100      8   60  00  00  00  00  00  00  B1      41.9167
     0101      8   00  79  00  00  00  00  0F  9B      41.9219
     0102      8   60  00  00  00  00  00  00  B1      41.9222
     0100      8   80  00  00  00  00  00  00  A1      41.9227
     0100      8   A0  00  00  00  00  00  00  CE      41.9287
     0101      8   20  78  00  00  00  00  0F  B2      41.9319
     0102      8   A0  00  00  00  00  00  00  CE      41.9322
     0100      8   A0  00  00  00  00  00  00  CE      41.9338
     0100      8   C0  00  00  00  00  00  00  7F      41.9399
     0101      8   40  77  00  00  00  00  0F  C6      41.9419
     0102      8   C0  00  00  00  00  00  00  7F      41.9422
     0501      8   0D  12  00  00  00  00  00  7E      41.9424
     0100      8   C0  00  00  00  00  00  00  7F      41.9450
     0100      8   E0  00  00  00  00  00  00  10      41.9510
     0101      8   60  76  00  00  00  00  0F  EF      41.9519
     0102      8   E0  00  00  00  00  00  00  10      41.9521
     0100      8   E0  00  00  00  00  00  00  10      41.9561
     0101      8   80  75  00  00  00  00  0F  35      41.9619
     0100      8   00  00  00  00  00  00  00  00      41.9621
     0102      8   E0  00  00  00  00  00  00  10      41.9624
     0100      8   20  00  00  00  00  00  00  6F      41.9682
     0101      8   A0  74  00  00  00  00  0F  1C      41.9719
     0102      8   20  00  00  00  00  00  00  6F      41.9721
     0100      8   20  00  00  00  00  00  00  6F      41.9733
     0100      8   40  00  00  00  00  00  00  DE      41.9793
     0101      8   C0  73  00  00  00  00  0F  62      41.9819
     0102      8   40  00  00  00  00  00  00  DE      41.9821
     0100      8   40  00  00  00  00  00  00  DE      41.9844
     0100      8   60  00  00  00  00  00  00  B1      41.9904
     0101      8   E0  72  00  00  00  00  0F  4B      41.9919
     0102      8   60  00  00  00  00  00  00  B1      41.9921
     0100      8   60  00  00  00  00  00  00  B1      41.9955
     0100      8   80  00  00  00  00  00  00  A1      42.0016
     0101      8   00  71  00  00  00  00  0F  91      42.0019
     0102      8   60  00  00  00  00  00  00  B1      42.0021
     0100      8   80  00  00  00  00  00  00  A1      42.0067
     0101      8   20  70  00  00  00  00  0F  B8      42.0119
     0102      8   80  00  00  00  00  00  00  A1      42.0121
     0100      8   A0  00  00  00  00  00  00  CE      42.0127
     0100      8   C0  00  00  00  00  00  00  7F      42.0187
     0101      8   40  6F  00  00  00  00  0F  D8      42.0219
     0102      8   C0  00  00  00  00  00  00  7F      42.0222
     0100      8   C0  00  00  00  00  00  00  7F      42.0238
     0100      8   E0  00  00  00  00  00  00  10      42.0299
     0101      8   60  6E  00  00  00  00  0F  F1      42.0319
     0102      8   E0  00  00  00  00  00  00  10      42.0321
     0100      8   E0  00  00  00  00  00  00  10      42.0350
     0100      8   00  00  00  00  00  00  00  00      42.0410
     0101      8   80  6D  00  00  00  00  0F  2B      42.0419
     0102      8   00  00  00  00  00  00  00  00      42.0422
     0501      8   0D  12  00  00  00  00  00  7E      42.0424
     0100      8   00  00  00  00  00  00  00  00      42.0461
     0101      8   A0  6D  00  00  00  00  0F  44      42.0519
     0102      8   00  00  00  00  00  00  00  00      42.0521
     0100      8   20  00  00  00  00  00  00  6F      42.0524
     0100      8   40  00  00  00  00  00  00  DE      42.0582
     0101      8   C0  6C  00  00  00  00  0F  B3      42.0619
     0102      8   40  00  00  00  00  00  00  DE      42.0622
     0100      8   40  00  00  00  00  00  00  DE      42.0633
     0100      8   60  00  00  00  00  00  00  B1      42.0693
     0101      8   E0  6A  00  00  00  00  0F  55      42.0719
     0102      8   60  00  00  00  00  00  00  B1      42.0721
     0100      8   60  00  00  00  00  00  00  B1      42.0744
     0100      8   80  00  00  00  00  00  00  A1      42.0804
     0101      8   00  6A  00  00  00  00  0F  45      42.0819
     0102      8   80  00  00  00  00  00  00  A1      42.0821
     0100      8   80  00  00  00  00  00  00  A1      42.0855
     0100      8   A0  00  00  00  00  00  00  CE      42.0916
     0101      8   20  69  00  00  00  00  0F  E0      42.0919
     0102      8   80  00  00  00  00  00  00  A1      42.0921
     0100      8   A0  00  00  00  00  00  00  CE      42.0967
     0101      8   40  68  00  00  00  00  0F  17      42.1019
     0102      8   A0  00  00  00  00  00  00  CE      42.1022
     0100      8   C0  00  00  00  00  00  00  7F      42.1027
     0100      8   E0  00  00  00  00  00  00  10      42.1087
     0101      8   60  67  00  00  00  00  0F  BD      42.1119
     0102      8   E0  00  00  00  00  00  00  10      42.1121
     0100      8   E0  00  00  00  00  00  00  10      42.1138
     0100      8   00  00  00  00  00  00  00  00      42.1199
     0101      8   80  66  00  00  00  00  0F  EB      42.1219
     0102      8   00  00  00  00  00  00  00  00      42.1222
     0100      8   00  00  00  00  00  00  00  00      42.1250
     0100      8   20  00  00  00  00  00  00  6F      42.1310
     0101      8   A0  65  00  00  00  00  0F  4E      42.1319
     0102      8   20  00  00  00  00  00  00  6F      42.1321
     0100      8   20  00  00  00  00  00  00  6F      42.1361
     0101      8   C0  64  00  00  00  00  0F  B9      42.1419
     0100      8   40  00  00  00  00  00  00  DE      42.1422
     0102      8   20  00  00  00  00  00  00  6F      42.1424
     0501      8   0D  12  00  00  00  00  00  7E      42.1427
     0100      8   60  00  00  00  00  00  00  B1      42.1482
     0101      8   E0  63  00  00  00  00  0F  19      42.1519
     0102      8   60  00  00  00  00  00  00  B1      42.1521
     0100      8   60  00  00  00  00  00  00  B1      42.1533
     0100      8   80  00  00  00  00  00  00  A1      42.1593
     0101      8   00  62  00  00  00  00  0F  4F      42.1619
     0102      8   80  00  00  00  00  00  00  A1      42.1622
     0100      8   80  00  00  00  00  00  00  A1      42.1644
     0100      8   A0  00  00  00  00  00  00  CE      42.1704
     0101      8   20  61  00  00  00  00  0F  EA      42.1719
     0102      8   A0  00  00  00  00  00  00  CE      42.1721
     0100      8   A0  00  00  00  00  00  00  CE      42.1755
     0100      8   C0  00  00  00  00  00  00  7F      42.1816
     0101      8   40  60  00  00  00  00  0F  1D      42.1819
     0102      8   A0  00  00  00  00  00  00  CE      42.1821
     0100      8   C0  00  00  00  00  00  00  7F      42.1867
     0101      8   60  5F  00  00  00  00  0F  8B      42.1919
     0102      8   C0  00  00  00  00  00  00  7F      42.1921
     0100      8   E0  00  00  00  00  00  00  10      42.1927
     0100      8   00  00  00  00  00  00  00  00      42.1987
     0101      8   80  5E  00  00  00  00  0F  DD      42.2019
     0102      8   00  00  00  00  00  00  00  00      42.2022
     0100      8   00  00  00  00  00  00  00  00      42.2038
     0100      8   20  00  00  00  00  00  00  6F      42.2099
     0101      8   A0  5D  00  00  00  00  0F  78      42.2119
     0102      8   20  00  00  00  00  00  00  6F      42.2121
     0100      8   20  00  00  00  00  00  00  6F      42.2150
     0100      8   40  00  00  00  00  00  00  DE      42.2210
     0101      8   C0  5C  00  00  00  00  0F  8F      42.2219
     0102      8   40  00  00  00  00  00  00  DE      42.2221
     0100      8   40  00  00  00  00  00  00  DE      42.2261
     0101      8   E0  5B  00  00  00  00  0F  2F      42.2319
     0102      8   40  00  00  00  00  00  00  DE      42.2321
     0100      8   60  00  00  00  00  00  00  B1      42.2323
     0100      8   80  00  00  00  00  00  00  A1      42.2382
     0101      8   00  5A  00  00  00  00  0F  79      42.2419
     0102      8   80  00  00  00  00  00  00  A1      42.2421
     0501      8   0D  12  00  00  00  00  00  7E      42.2424
     0100      8   80  00  00  00  00  00  00  A1      42.2433
     0100      8   A0  00  00  00  00  00  00  CE      42.2493
     0101      8   20  59  00  00  00  00  0F  DC      42.2519
     0102      8   A0  00  00  00  00  00  00  CE      42.2521
     0100      8   A0  00  00  00  00  00  00  CE      42.2544
     0100      8   C0  00  00  00  00  00  00  7F      42.2604
     0101      8   40  58  00  00  00  00  0F  2B      42.2619
     0102      8   C0  00  00  00  00  00  00  7F      42.2621
     0100      8   C0  00  00  00  00  00  00  7F      42.2655
     0100      8   E0  00  00  00  00  00  00  10      42.2716
     0101      8   60  57  00  00  00  00  0F  81      42.2719
     0102      8   C0  00  00  00  00  00  00  7F      42.2721
     0100      8   E0  00  00  00  00  00  00  10      42.2767
     0101      8   80  57  00  00  00  00  0F  91      42.2818
     0102      8   E0  00  00  00  00  00  00  10      42.2821
     0100      8   00  00  00  00  00  00  00  00      42.2827
     0100      8   20  00  00  00  00  00  00  6F      42.2887
     0101      8   A0  55  00  00  00  00  0F  72      42.2919
     0102      8   20  00  00  00  00  00  00  6F      42.2921
     0100      8   20  00  00  00  00  00  00  6F      42.2938
     0100      8   40  00  00  00  00  00  00  DE      42.2999
     0101      8   C0  54  00  00  00  00  0F  85      42.3019
     0102      8   40  00  00  00  00  00  00  DE      42.3021
     0100      8   40  00  00  00  00  00  00  DE      42.3050
     0100      8   60  00  00  00  00  00  00  B1      42.3110
     0101      8   E0  53  00  00  00  00  0F  25      42.3119
     0102      8   60  00  00  00  00  00  00  B1      42.3121
     0100      8   60  00  00  00  00  00  00  B1      42.3161
     0101      8   00  53  00  00  00  00  0F  35      42.3218
     0102      8   60  00  00  00  00  00  00  B1      42.3221
     0100      8   80  00  00  00  00  00  00  A1      42.3223
     0100      8   A0  00  00  00  00  00  00  CE      42.3282
     0101      8   20  52  00  00  00  00  0F  1C      42.3318
     0102      8   A0  00  00  00  00  00  00  CE      42.3321
     0100      8   A0  00  00  00  00  00  00  CE      42.3333
     0100      8   C0  00  00  00  00  00  00  7F      42.3393
     0101      8   40  51  00  00  00  00  0F  67      42.3419
     0102      8   C0  00  00  00  00  00  00  7F      42.3421
     0501      8   0D  12  00  00  00  00  00  7E      42.3424
     0100      8   C0  00  00  00  00  00  00  7F      42.3444
     0100      8   E0  00  00  00  00  00  00  10      42.3504
     0101      8   60  50  00  00  00  00  0F  4E      42.3518
     0102      8   E0  00  00  00  00  00  00  10      42.3521
     0100      8   E0  00  00  00  00  00  00  10      42.3555
     0100      8   00  00  00  00  00  00  00  00      42.3616
     0101      8   80  4F  00  00  00  00  0F  8F      42.3618
     0102      8   E0  00  00  00  00  00  00  10      42.3621
     0100      8   00  00  00  00  00  00  00  00      42.3667
     0101      8   A0  4E  00  00  00  00  0F  A6      42.3718
     0102      8   00  00  00  00  00  00  00  00      42.3721
     0100      8   20  00  00  00  00  00  00  6F      42.3727
     0100      8   40  00  00  00  00  00  00  DE      42.3787
     0101      8   C0  4D  00  00  00  00  0F  DD      42.3818
     0102      8   40  00  00  00  00  00  00  DE      42.3821
     0100      8   40  00  00  00  00  00  00  DE      42.3838
     0100      8   60  00  00  00  00  00  00  B1      42.3899
     0101      8   E0  4C  00  00  00  00  0F  F4      42.3918
     0102      8   60  00  00  00  00  00  00  B1      42.3921
     0100      8   60  00  00  00  00  00  00  B1      42.3950
     0100      8   80  00  00  00  00  00  00  A1      42.4010
     0101      8   00  4B  00  00  00  00  0F  2B      42.4019
     0102      8   80  00  00  00  00  00  00  A1      42.4021
     0100      8   80  00  00  00  00  00  00  A1      42.4061
     0101      8   20  4A  00  00  00  00  0F  02      42.4118
     0102      8   80  00  00  00  00  00  00  A1      42.4121
     0100      8   A0  00  00  00  00  00  00  CE      42.4123
     0100      8   C0  00  00  00  00  00  00  7F      42.4182
     0101      8   40  49  00  00  00  00  0F  79      42.4219
     0102      8   C0  00  00  00  00  00  00  7F      42.4221
     0100      8   C0  00  00  00  00  00  00  7F      42.4233
     0100      8   E0  00  00  00  00  00  00  10      42.4293
     0101      8   60  48  00  00  00  00  0F  50      42.4318
     0102      8   E0  00  00  00  00  00  00  10      42.4321
     0100      8   E0  00  00  00  00  00  00  10      42.4344
     0100      8   00  00  00  00  00  00  00  00      42.4404
     0101      8   80  47  00  00  00  00  0F  85      42.4419
     0102      8   00  00  00  00  00  00  00  00      42.4421
     0501      8   0D  12  00  00  00  00  00  7E      42.4424
     0100      8   00  00  00  00  00  00  00  00      42.4455
     0100      8   20  00  00  00  00  00  00  6F      42.4516
     0101      8   A0  46  00  00  00  00  0F  AC      42.4518
     0102      8   00  00  00  00  00  00  00  00      42.4521
     0100      8   20  00  00  00  00  00  00  6F      42.4567
     0101      8   C0  45  00  00  00  00  0F  D7      42.4619
     0102      8   20  00  00  00  00  00  00  6F      42.4621
     0100      8   40  00  00  00  00  00  00  DE      42.4627
     0100      8   60  00  00  00  00  00  00  B1      42.4687
     0101      8   E0  44  00  00  00  00  0F  FE      42.4718
     0102      8   60  00  00  00  00  00  00  B1      42.4721
     0100      8   60  00  00  00  00  00  00  B1      42.4738
     0100      8   80  00  00  00  00  00  00  A1      42.4799
     0101      8   00  43  00  00  00  00  0F  21      42.4818
     0102      8   80  00  00  00  00  00  00  A1      42.4821
     0100      8   80  00  00  00  00  00  00  A1      42.4850
     0100      8   A0  00  00  00  00  00  00  CE      42.4910
     0101      8   20  42  00  00  00  00  0F  08      42.4919
     0102      8   A0  00  00  00  00  00  00  CE      42.4921
     0100      8   A0  00  00  00  00  00  00  CE      42.4961
     0101      8   40  41  00  00  00  00  0F  73      42.5018
     0102      8   A0  00  00  00  00  00  00  CE      42.5021
     0100      8   C0  00  00  00  00  00  00  7F      42.5023
     0100      8   E0  00  00  00  00  00  00  10      42.5082
     0101      8   60  40  00  00  00  00  0F  5A      42.5118
     0102      8   E0  00  00  00  00  00  00  10      42.5121
     0100      8   E0  00  00  00  00  00  00  10      42.5133
     0100      8   00  00  00  00  00  00  00  00      42.5193
     0101      8   80  40  00  00  00  00  0F  4A      42.5219
     0102      8   00  00  00  00  00  00  00  00      42.5221
     0100      8   00  00  00  00  00  00  00  00      42.5244
     0100      8   20  00  00  00  00  00  00  6F      42.5304
     0101      8   A0  3F  00  00  00  00  0F  8C      42.5318
     0102      8   20  00  00  00  00  00  00  6F      42.5321
     0100      8   20  00  00  00  00  00  00  6F      42.5355
     0100      8   40  00  00  00  00  00  00  DE      42.5416
     0101      8   C0  3E  00  00  00  00  0F  7B      42.5418
     0102      8   20  00  00  00  00  00  00  6F      42.5421
     0501      8   0D  12  00  00  00  00  00  7E      42.5423
     0100      8   40  00  00  00  00  00  00  DE      42.5467
     0101      8   E0  3D  00  00  00  00  0F  DE      42.5518
     0102      8   40  00  00  00  00  00  00  DE      42.5521
     0100      8   60  00  00  00  00  00  00  B1      42.5527
     0100      8   80  00  00  00  00  00  00  A1      42.5587
     0101      8   00  3C  00  00  00  00  0F  88      42.5619
     0102      8   80  00  00  00  00  00  00  A1      42.5621
     0100      8   80  00  00  00  00  00  00  A1      42.5638
     0100      8   A0  00  00  00  00  00  00  CE      42.5699
     0101      8   20  3B  00  00  00  00  0F  28      42.5718
     0102      8   A0  00  00  00  00  00  00  CE      42.5721
     0100      8   A0  00  00  00  00  00  00  CE      42.5750
     0100      8   C0  00  00  00  00  00  00  7F      42.5810
     0101      8   40  3A  00  00  00  00  0F  DF      42.5818
     0102      8   C0  00  00  00  00  00  00  7F      42.5821
     0100      8   C0  00  00  00  00  00  00  7F      42.5861
     0101      8   60  39  00  00  00  00  0F  7A      42.5918
     0102      8   C0  00  00  00  00  00  00  7F      42.5921
     0100      8   E0  00  00  00  00  00  00  10      42.5923
     0100      8   00  00  00  00  00  00  00  00      42.5982
     0101      8   80  38  00  00  00  00  0F  2C      42.6018
     0102      8   00  00  00  00  00  00  00  00      42.6021
     0100      8   00  00  00  00  00  00  00  00      42.6033
     0100      8   20  00  00  00  00  00  00  6F      42.6093
     0101      8   A0  37  00  00  00  00  0F  86      42.6118
     0102      8   20  00  00  00  00  00  00  6F      42.6121
     0100      8   20  00  00  00  00  00  00  6F      42.6144
     0100      8   40  00  00  00  00  00  00  DE      42.6204
     0101      8   C0  36  00  00  00  00  0F  71      42.6218
     0102      8   40  00  00  00  00  00  00  DE      42.6220
     0100      8   40  00  00  00  00  00  00  DE      42.6255
     0100      8   60  00  00  00  00  00  00  B1      42.6316
     0101      8   E0  35  00  00  00  00  0F  D4      42.6318
     0102      8   40  00  00  00  00  00  00  DE      42.6320
     0100      8   60  00  00  00  00  00  00  B1      42.6367
     0101      8   00  34  00  00  00  00  0F  82      42.6418
     0102      8   60  00  00  00  00  00  00  B1      42.6421
     0501      8   0D  12  00  00  00  00  00  7E      42.6423
     0100      8   80  00  00  00  00  00  00  A1      42.6427
     0100      8   A0  00  00  00  00  00  00  CE      42.6487
     0101      8   20  33  00  00  00  00  0F  22      42.6518
     0102      8   A0  00  00  00  00  00  00  CE      42.6520
     0100      8   A0  00  00  00  00  00  00  CE      42.6538
     0100      8   C0  00  00  00  00  00  00  7F      42.6599
     0101      8   40  32  00  00  00  00  0F  D5      42.6618
     0102      8   C0  00  00  00  00  00  00  7F      42.6621
     0100      8   C0  00  00  00  00  00  00  7F      42.6650
     0100      8   E0  00  00  00  00  00  00  10      42.6710
     0101      8   60  31  00  00  00  00  0F  70      42.6718
     0102      8   E0  00  00  00  00  00  00  10      42.6720
     0100      8   E0  00  00  00  00  00  00  10      42.6761
     0101      8   80  31  00  00  00  00  0F  60      42.6818
     0102      8   E0  00  00  00  00  00  00  10      42.6820
     0100      8   00  00  00  00  00  00  00  00      42.6823
     0100      8   20  00  00  00  00  00  00  6F      42.6882
     0101      8   A0  30  00  00  00  00  0F  49      42.6918
     0102      8   20  00  00  00  00  00  00  6F      42.6920
     0100      8   20  00  00  00  00  00  00  6F      42.6933
     0100      8   40  00  00  00  00  00  00  DE      42.6993
     0101      8   C0  2F  00  00  00  00  0F  29      42.7018
     0102      8   40  00  00  00  00  00  00  DE      42.7021
     0100      8   40  00  00  00  00  00  00  DE      42.7044
     0100      8   60  00  00  00  00  00  00  B1      42.7104
     0101      8   E0  2E  00  00  00  00  0F  00      42.7118
     0102      8   60  00  00  00  00  00  00  B1      42.7120
     0100      8   60  00  00  00  00  00  00  B1      42.7155
     0100      8   80  00  00  00  00  00  00  A1      42.7216
     0101      8   00  2D  00  00  00  00  0F  DA      42.7218
     0102      8   60  00  00  00  00  00  00  B1      42.7220
     0100      8   80  00  00  00  00  00  00  A1      42.7267
     0101      8   20  2C  00  00  00  00  0F  F3      42.7318
     0102      8   80  00  00  00  00  00  00  A1      42.7320
     0100      8   A0  00  00  00  00  00  00  CE      42.7327
     0100      8   C0  00  00  00  00  00  00  7F      42.7387
     0100      8   C0  00  00  00  00  00  00  7F      42.7438
     0100      8   C0  00  00  00  00  00  00  7F      42.7489
     0100      8   C0  00  00  00  00  00  00  7F      42.7540
     0100      8   C0  00  00  00  00  00  00  7F      42.7591
     0100      8   C0  00  00  00  00  00  00  7F      42.7642
     0100      8   C0  00  00  00  00  00  00  7F      42.7693
     0100      8   C0  00  00  00  00  00  00  7F      42.7744
     0100      8   C0  00  00  00  00  00  00  7F      42.7795
     0100      8   C0  00  00  00  00  00  00  7F      42.7846
     0100      8   C0  00  00  00  00  00  00  7F      42.7897
     0100      8   C0  00  00  00  00  00  00  7F      42.7948
     0100      8   C0  00  00  00  00  00  00  7F      42.7999
     0100      8   C0  00  00  00  00  00  00  7F      42.8050
     0100      8   C0  00  00  00  00  00  00  7F      42.8101
     0100      8   C0  00  00  00  00  00  00  7F      42.8152
     0100      8   C0  00  00  00  00  00  00  7F      42.8203
     0100      8   C0  00  00  00  00  00  00  7F      42.8254
     0100      8   C0  00  00  00  00  00  00  7F      42.8305
     0100      8   C0  00  00  00  00  00  00  7F      42.8356
     0100      8   C0  00  00  00  00  00  00  7F      42.8407
     0100      8   C0  00  00  00  00  00  00  7F      42.8458
     0100      8   C0  00  00  00  00  00  00  7F      42.8509
     0100      8   C0  00  00  00  00  00  00  7F      42.8560
     0100      8   C0  00  00  00  00  00  00  7F      42.8611
     0100      8   C0  00  00  00  00  00  00  7F      42.8662
     0100      8   C0  00  00  00  00  00  00  7F      42.8713
     0100      8   C0  00  00  00  00  00  00  7F      42.8764
     0100      8   C0  00  00  00  00  00  00  7F      42.8815
     0100      8   C0  00  00  00  00  00  00  7F      42.8866
     0100      8   C0  00  00  00  00  00  00  7F      42.8917
     0100      8   C0  00  00  00  00  00  00  7F      42.8968
     0100      8   C0  00  00  00  00  00  00  7F      42.9019
     0100      8   C0  00  00  00  00  00  00  7F      42.9070
     0100      8   C0  00  00  00  00  00  00  7F      42.9121
     0100      8   C0  00  00  00  00  00  00  7F      42.9172
     0100      8   C0  00  00  00  00  00  00  7F      42.9223
     0100      8   C0  00  00  00  00  00  00  7F      42.9274
     0100      8   C0  00  00  00  00  00  00  7F      42.9325
     0100      8   C0  00  00  00  00  00  00  7F      42.9376
     0100      8   C0  00  00  00  00  00  00  7F      42.9427
     0100      8   C0  00  00  00  00  00  00  7F      42.9478
     0100      8   C0  00  00  00  00  00  00  7F      42.9529
     0100      8   C0  00  00  00  00  00  00  7F      42.9580
     0100      8   C0  00  00  00  00  00  00  7F      42.9631
     0100      8   C0  00  00  00  00  00  00  7F      42.9682
     0100      8   C0  00  00  00  00  00  00  7F      42.9733
     0100      8   C0  00  00  00  00  00  00  7F      42.9784
     0100      8   C0  00  00  00  00  00  00  7F      42.9835
     0100      8   C0  00  00  00  00  00  00  7F      42.9886
     0100      8   C0  00  00  00  00  00  00  7F      42.9937
     0100      8   C0  00  00  00  00  00  00  7F      42.9988
     0100      8   C0  00  00  00  00  00  00  7F      43.0039
     0100      8   C0  00  00  00  00  00  00  7F      43.0090
     0100      8   C0  00  00  00  00  00  00  7F      43.0141
     0100      8   C0  00  00  00  00  00  00  7F      43.0192
     0100      8   C0  00  00  00  00  00  00  7F      43.0243
     0100      8   C0  00  00  00  00  00  00  7F      43.0294
     0100      8   C0  00  00  00  00  00  00  7F      43.0345
     0100      8   C0  00  00  00  00  00  00  7F      43.0396
     0100      8   C0  00  00  00  00  00  00  7F      43.0447
     0100      8   C0  00  00  00  00  00  00  7F      43.0498
     0100      8   C0  00  00  00  00  00  00  7F      43.0549
     0100      8   C0  00  00  00  00  00  00  7F      43.0600
     0100      8   C0  00  00  00  00  00  00  7F      43.0651
     0100      8   C0  00  00  00  00  00  00  7F      43.0702
     0100      8   C0  00  00  00  00  00  00  7F      43.0753
     0100      8   C0  00  00  00  00  00  00  7F      43.0804
     0100      8   C0  00  00  00  00  00  00  7F      43.0855
     0100      8   C0  00  00  00  00  00  00  7F      43.0906
     0100      8   C0  00  00  00  00  00  00  7F      43.0957
     0100      8   C0  00  00  00  00  00  00  7F      43.1008
     0100      8   C0  00  00  00  00  00  00  7F      43.1059
     0100      8   C0  00  00  00  00  00  00  7F      43.1110
     0100      8   C0  00  00  00  00  00  00  7F      43.1161
     0100      8   C0  00  00  00  00  00  00  7F      43.1212
     0100      8   C0  00  00  00  00  00  00  7F      43.1263
     0100      8   C0  00  00  00  00  00  00  7F      43.1314
     0100      8   C0  00  00  00  00  00  00  7F      43.1365
     0100      8   C0  00  00  00  00  00  00  7F      43.1416
     0100      8   C0  00  00  00  00  00  00  7F      43.1467
     0100      8   C0  00  00  00  00  00  00  7F      43.1518
     0100      8   C0  00  00  00  00  00  00  7F      43.1569
     0100      8   C0  00  00  00  00  00  00  7F      43.1620
     0100      8   C0  00  00  00  00  00  00  7F      43.1671
     0100      8   C0  00  00  00  00  00  00  7F      43.1722
     0100      8   C0  00  00  00  00  00  00  7F      43.1773
     0100      8   C0  00  00  00  00  00  00  7F      43.1824
     0100      8   C0  00  00  00  00  00  00  7F      43.1875
     0100      8   C0  00  00  00  00  00  00  7F      43.1926
     0100      8   C0  00  00  00  00  00  00  7F      43.1977
     0100      8   C0  00  00  00  00  00  00  7F      43.2027
     0100      8   C0  00  00  00  00  00  00  7F      43.2078
     0100      8   C0  00  00  00  00  00  00  7F      43.2129
     0100      8   C0  00  00  00  00  00  00  7F      43.2180
     0100      8   C0  00  00  00  00  00  00  7F      43.2231
     0100      8   C0  00  00  00  00  00  00  7F      43.2282
     0100      8   C0  00  00  00  00  00  00  7F      43.2333
     0100      8   C0  00  00  00  00  00  00  7F      43.2384
     0100      8   C0  00  00  00  00  00  00  7F      43.2435
     0100      8   C0  00  00  00  00  00  00  7F      43.2486
     0100      8   C0  00  00  00  00  00  00  7F      43.2537
     0100      8   C0  00  00  00  00  00  00  7F      43.2588
     0100      8   C0  00  00  00  00  00  00  7F      43.2639
     0100      8   C0  00  00  00  00  00  00  7F      43.2690
     0100      8   C0  00  00  00  00  00  00  7F      43.2741
     0100      8   C0  00  00  00  00  00  00  7F      43.2792
     0100      8   C0  00  00  00  00  00  00  7F      43.2843
     0100      8   C0  00  00  00  00  00  00  7F      43.2894
     0100      8   C0  00  00  00  00  00  00  7F      43.2945
     0100      8   C0  00  00  00  00  00  00  7F      43.2996
     0100      8   C0  00  00  00  00  00  00  7F      43.3047
     0100      8   C0  00  00  00  00  00  00  7F      43.3098
     0100      8   C0  00  00  00  00  00  00  7F      43.3149
     0100      8   C0  00  00  00  00  00  00  7F      43.3200
     0100      8   C0  00  00  00  00  00  00  7F      43.3251
     0100      8   C0  00  00  00  00  00  00  7F      43.3302
     0100      8   C0  00  00  00  00  00  00  7F      43.3353
     0100      8   C0  00  00  00  00  00  00  7F      43.3404
     0100      8   C0  00  00  00  00  00  00  7F      43.3455
     0100      8   C0  00  00  00  00  00  00  7F      43.3506
     0100      8   C0  00  00  00  00  00  00  7F      43.3557
     0100      8   C0  00  00  00  00  00  00  7F      43.3608
     0100      8   C0  00  00  00  00  00  00  7F      43.3659
     0100      8   C0  00  00  00  00  00  00  7F      43.3710
     0100      8   C0  00  00  00  00  00  00  7F      43.3761
     0100      8   C0  00  00  00  00  00  00  7F      43.3812
     0100      8   C0  00  00  00  00  00  00  7F      43.3863
     0100      8   C0  00  00  00  00  00  00  7F      43.3914
     0100      8   C0  00  00  00  00  00  00  7F      43.3965
     0100      8   C0  00  00  00  00  00  00  7F      43.4016
     0100      8   C0  00  00  00  00  00  00  7F      43.4067
     0100      8   C0  00  00  00  00  00  00  7F      43.4118
     0100      8   C0  00  00  00  00  00  00  7F      43.4169
     0100      8   C0  00  00  00  00  00  00  7F      43.4220
     0100      8   C0  00  00  00  00  00  00  7F      43.4271
     0100      8   C0  00  00  00  00  00  00  7F      43.4322
     0100      8   C0  00  00  00  00  00  00  7F      43.4373
     0100      8   C0  00  00  00  00  00  00  7F      43.4424
     0100      8   C0  00  00  00  00  00  00  7F      43.4475
     0100      8   C0  00  00  00  00  00  00  7F      43.4526
     0100      8   C0  00  00  00  00  00  00  7F      43.4577
     0100      8   C0  00  00  00  00  00  00  7F      43.4628
     0100      8   C0  00  00  00  00  00  00  7F      43.4679
     0100      8   C0  00  00  00  00  00  00  7F      43.4730
     0100      8   C0  00  00  00  00  00  00  7F      43.4781
     0100      8   C0  00  00  00  00  00  00  7F      43.4832
     0100      8   C0  00  00  00  00  00  00  7F      43.4883
     0100      8   C0  00  00  00  00  00  00  7F      43.4934
     0100      8   C0  00  00  00  00  00  00  7F      43.4985
     0100      8   C0  00  00  00  00  00  00  7F      43.5036
     0100      8   C0  00  00  00  00  00  00  7F      43.5087
     0100      8   C0  00  00  00  00  00  00  7F      43.5138
     0100      8   C0  00  00  00  00  00  00  7F      43.5189
     0100      8   C0  00  00  00  00  00  00  7F      43.5240
     0100      8   C0  00  00  00  00  00  00  7F      43.5291
     0100      8   C0  00  00  00  00  00  00  7F      43.5342
     0100      8   C0  00  00  00  00  00  00  7F      43.5393
     0100      8   C0  00  00  00  00  00  00  7F      43.5444
     0100      8   C0  00  00  00  00  00  00  7F      43.5495
     0100      8   C0  00  00  00  00  00  00  7F      43.5546
     0100      8   C0  00  00  00  00  00  00  7F      43.5597
     0100      8   C0  00  00  00  00  00  00  7F      43.5648
     0100      8   C0  00  00  00  00  00  00  7F      43.5699
     0100      8   C0  00  00  00  00  00  00  7F      43.5750
     0100      8   C0  00  00  00  00  00  00  7F      43.5801
     0100      8   C0  00  00  00  00  00  00  7F      43.5852
     0100      8   C0  00  00  00  00  00  00  7F      43.5903
     0100      8   C0  00  00  00  00  00  00  7F      43.5954
     0100      8   C0  00  00  00  00  00  00  7F      43.6005
     0100      8   C0  00  00  00  00  00  00  7F      43.6056
     0100      8   C0  00  00  00  00  00  00  7F      43.6107
     0100      8   C0  00  00  00  00  00  00  7F      43.6158
     0100      8   C0  00  00  00  00  00  00  7F      43.6209
     0100      8   C0  00  00  00  00  00  00  7F      43.6260
     0100      8   C0  00  00  00  00  00  00  7F      43.6311
     0100      8   C0  00  00  00  00  00  00  7F      43.6362
     0100      8   C0  00  00  00  00  00  00  7F      43.6413
     0100      8   C0  00  00  00  00  00  00  7F      43.6464
     0100      8   C0  00  00  00  00  00  00  7F      43.6515
     0100      8   C0  00  00  00  00  00  00  7F      43.6566
     0100      8   C0  00  00  00  00  00  00  7F      43.6617
     0100      8   C0  00  00  00  00  00  00  7F      43.6668
     0100      8   C0  00  00  00  00  00  00  7F      43.6719
     0100      8   C0  00  00  00  00  00  00  7F      43.6770
     0100      8   C0  00  00  00  00  00  00  7F      43.6821
     0100      8   C0  00  00  00  00  00  00  7F      43.6872
     0100      8   C0  00  00  00  00  00  00  7F      43.6923
     0100      8   C0  00  00  00  00  00  00  7F      43.6974
     0100      8   C0  00  00  00  00  00  00  7F      43.7025
     0100      8   C0  00  00  00  00  00  00  7F      43.7076
     0100      8   C0  00  00  00  00  00  00  7F      43.7127
     0100      8   C0  00  00  00  00  00  00  7F      43.7178
     0100      8   C0  00  00  00  00  00  00  7F      43.7229
     0100      8   C0  00  00  00  00  00  00  7F      43.7280
     0100      8   C0  00  00  00  00  00  00  7F      43.7331
     0100      8   C0  00  00  00  00  00  00  7F      43.7382
     0100      8   C0  00  00  00  00  00  00  7F      43.7433
     0100      8   C0  00  00  00  00  00  00  7F      43.7484
     0100      8   C0  00  00  00  00  00  00  7F      43.7535
     0100      8   C0  00  00  00  00  00  00  7F      43.7586
     0100      8   C0  00  00  00  00  00  00  7F      43.7637
     0100      8   C0  00  00  00  00  00  00  7F      43.7688
     0100      8   C0  00  00  00  00  00  00  7F      43.7739
     0100      8   C0  00  00  00  00  00  00  7F      43.7790
     0100      8   C0  00  00  00  00  00  00  7F      43.7841
     0100      8   C0  00  00  00  00  00  00  7F      43.7892
     0100      8   C0  00  00  00  00  00  00  7F      43.7943
     0100      8   C0  00  00  00  00  00  00  7F      43.7994
     0100      8   C0  00  00  00  00  00  00  7F      43.8045
     0100      8   C0  00  00  00  00  00  00  7F      43.8096
     0100      8   C0  00  00  00  00  00  00  7F      43.8147
     0100      8   C0  00  00  00  00  00  00  7F      43.8198
     0100      8   C0  00  00  00  00  00  00  7F      43.8249
     0100      8   C0  00  00  00  00  00  00  7F      43.8299
     0100      8   C0  00  00  00  00  00  00  7F      43.8350
     0100      8   C0  00  00  00  00  00  00  7F      43.8401
     0100      8   C0  00  00  00  00  00  00  7F      43.8452
     0100      8   C0  00  00  00  00  00  00  7F      43.8503
     0100      8   C0  00  00  00  00  00  00  7F      43.8554
     0100      8   C0  00  00  00  00  00  00  7F      43.8605
     0100      8   C0  00  00  00  00  00  00  7F      43.8656
     0100      8   C0  00  00  00  00  00  00  7F      43.8707
     0100      8   C0  00  00  00  00  00  00  7F      43.8758
     0100      8   C0  00  00  00  00  00  00  7F      43.8809
     0100      8   C0  00  00  00  00  00  00  7F      43.8860
     0100      8   C0  00  00  00  00  00  00  7F      43.8911
     0100      8   C0  00  00  00  00  00  00  7F      43.8962
     0100      8   C0  00  00  00  00  00  00  7F      43.9013
     0100      8   C0  00  00  00  00  00  00  7F      43.9064
     0100      8   C0  00  00  00  00  00  00  7F      43.9115
     0100      8   C0  00  00  00  00  00  00  7F      43.9166
     0100      8   C0  00  00  00  00  00  00  7F      43.9217
     0100      8   C0  00  00  00  00  00  00  7F      43.9268
     0100      8   C0  00  00  00  00  00  00  7F      43.9319
     0100      8   C0  00  00  00  00  00  00  7F      43.9370
     0100      8   C0  00  00  00  00  00  00  7F      43.9421
     0100      8   C0  00  00  00  00  00  00  7F      43.9472
     0100      8   C0  00  00  00  00  00  00  7F      43.9523
     0100      8   C0  00  00  00  00  00  00  7F      43.9574
     0100      8   C0  00  00  00  00  00  00  7F      43.9625
     0100      8   C0  00  00  00  00  00  00  7F      43.9676
     0100      8   C0  00  00  00  00  00  00  7F      43.9727
     0100      8   C0  00  00  00  00  00  00  7F      43.9778
     0100      8   C0  00  00  00  00  00  00  7F      43.9829
     0100      8   C0  00  00  00  00  00  00  7F      43.9880
     0100      8   C0  00  00  00  00  00  00  7F      43.9931
     0100      8   C0  00  00  00  00  00  00  7F      43.9982
     0100      8   C0  00  00  00  00  00  00  7F      44.0033
     0100      8   C0  00  00  00  00  00  00  7F      44.0084
     0100      8   C0  00  00  00  00  00  00  7F      44.0135
     0100      8   C0  00  00  00  00  00  00  7F      44.0186
     0100      8   C0  00  00  00  00  00  00  7F      44.0237
     0100      8   C0  00  00  00  00  00  00  7F      44.0288
     0100      8   C0  00  00  00  00  00  00  7F      44.0339
     0100      8   C0  00  00  00  00  00  00  7F      44.0390
     0100      8   C0  00  00  00  00  00  00  7F      44.0441
     0100      8   C0  00  00  00  00  00  00  7F      44.0492
     0100      8   C0  00  00  00  00  00  00  7F      44.0543
     0100      8   C0  00  00  00  00  00  00  7F      44.0594
     0100      8   C0  00  00  00  00  00  00  7F      44.0645
     0100      8   C0  00  00  00  00  00  00  7F      44.0696
     0100      8   C0  00  00  00  00  00  00  7F      44.0747
     0100      8   C0  00  00  00  00  00  00  7F      44.0798
     0100      8   C0  00  00  00  00  00  00  7F      44.0849
     0100      8   C0  00  00  00  00  00  00  7F      44.0900
     0100      8   C0  00  00  00  00  00  00  7F      44.0951
     0100      8   C0  00  00  00  00  00  00  7F      44.1002
     0100      8   C0  00  00  00  00  00  00  7F      44.1053
     0100      8   C0  00  00  00  00  00  00  7F      44.1104
     0100      8   C0  00  00  00  00  00  00  7F      44.1155
     0100      8   C0  00  00  00  00  00  00  7F      44.1206
     0100      8   C0  00  00  00  00  00  00  7F      44.1257
     0100      8   C0  00  00  00  00  00  00  7F      44.1308
     0100      8   C0  00  00  00  00  00  00  7F      44.1359
     0100      8   C0  00  00  00  00  00  00  7F      44.1410
     0100      8   C0  00  00  00  00  00  00  7F      44.1461
     0100      8   C0  00  00  00  00  00  00  7F      44.1512
     0100      8   C0  00  00  00  00  00  00  7F      44.1563
     0100      8   C0  00  00  00  00  00  00  7F      44.1614
     0100      8   C0  00  00  00  00  00  00  7F      44.1665
     0100      8   C0  00  00  00  00  00  00  7F      44.1716
     0100      8   C0  00  00  00  00  00  00  7F      44.1767
     0100      8   C0  00  00  00  00  00  00  7F      44.1818
     0100      8   C0  00  00  00  00  00  00  7F      44.1869
     0100      8   C0  00  00  00  00  00  00  7F      44.1920
     0100      8   C0  00  00  00  00  00  00  7F      44.1971
     0100      8   C0  00  00  00  00  00  00  7F      44.2022
     0100      8   C0  00  00  00  00  00  00  7F      44.2073
     0100      8   C0  00  00  00  00  00  00  7F      44.2124
     0100      8   C0  00  00  00  00  00  00  7F      44.2175
     0100      8   C0  00  00  00  00  00  00  7F      44.2226
     0100      8   C0  00  00  00  00  00  00  7F      44.2277
     0100      8   C0  00  00  00  00  00  00  7F      44.2328
     0100      8   C0  00  00  00  00  00  00  7F      44.2379
     0100      8   C0  00  00  00  00  00  00  7F      44.2430
     0100      8   C0  00  00  00  00  00  00  7F      44.2481
     0100      8   C0  00  00  00  00  00  00  7F      44.2532
     0100      8   C0  00  00  00  00  00  00  7F      44.2583
     0100      8   C0  00  00  00  00  00  00  7F      44.2634
     0100      8   C0  00  00  00  00  00  00  7F      44.2685
     0100      8   C0  00  00  00  00  00  00  7F      44.2736
     0100      8   C0  00  00  00  00  00  00  7F      44.2787
     0100      8   C0  00  00  00  00  00  00  7F      44.2838
     0100      8   C0  00  00  00  00  00  00  7F      44.2889
     0100      8   C0  00  00  00  00  00  00  7F      44.2940
     0100      8   C0  00  00  00  00  00  00  7F      44.2991
     0100      8   C0  00  00  00  00  00  00  7F      44.3042
     0100      8   C0  00  00  00  00  00  00  7F      44.3093
     0100      8   C0  00  00  00  00  00  00  7F      44.3144
     0100      8   C0  00  00  00  00  00  00  7F      44.3195
     0100      8   C0  00  00  00  00  00  00  7F      44.3246
     0100      8   C0  00  00  00  00  00  00  7F      44.3297
     0100      8   C0  00  00  00  00  00  00  7F      44.3348
     0100      8   C0  00  00  00  00  00  00  7F      44.3399
     0100      8   C0  00  00  00  00  00  00  7F      44.3450
     0100      8   C0  00  00  00  00  00  00  7F      44.3501
     0100      8   C0  00  00  00  00  00  00  7F      44.3552
     0100      8   C0  00  00  00  00  00  00  7F      44.3603
     0100      8   C0  00  00  00  00  00  00  7F      44.3654
     0100      8   C0  00  00  00  00  00  00  7F      44.3705
     0100      8   C0  00  00  00  00  00  00  7F      44.3756
     0100      8   C0  00  00  00  00  00  00  7F      44.3807
     0100      8   C0  00  00  00  00  00  00  7F      44.3858
     0100      8   C0  00  00  00  00  00  00  7F      44.3908
     0100      8   C0  00  00  00  00  00  00  7F      44.3959
     0100      8   C0  00  00  00  00  00  00  7F      44.4010
     0100      8   C0  00  00  00  00  00  00  7F      44.4061
     0100      8   C0  00  00  00  00  00  00  7F      44.4112
     0100      8   C0  00  00  00  00  00  00  7F      44.4163
     0100      8   C0  00  00  00  00  00  00  7F      44.4214
     0100      8   C0  00  00  00  00  00  00  7F      44.4265
     0100      8   C0  00  00  00  00  00  00  7F      44.4316
     0100      8   C0  00  00  00  00  00  00  7F      44.4367
     0100      8   C0  00  00  00  00  00  00  7F      44.4418
     0100      8   C0  00  00  00  00  00  00  7F      44.4469
     0100      8   C0  00  00  00  00  00  00  7F      44.4520
     0100      8   C0  00  00  00  00  00  00  7F      44.4571
     0100      8   C0  00  00  00  00  00  00  7F      44.4622
     0100      8   C0  00  00  00  00  00  00  7F      44.4673
     0100      8   C0  00  00  00  00  00  00  7F      44.4724
     0100      8   C0  00  00  00  00  00  00  7F      44.4775
     0100      8   C0  00  00  00  00  00  00  7F      44.4826
     0100      8   C0  00  00  00  00  00  00  7F      44.4877
     0100      8   C0  00  00  00  00  00  00  7F      44.4928
     0100      8   C0  00  00  00  00  00  00  7F      44.4979
     0100      8   C0  00  00  00  00  00  00  7F      44.5030
     0100      8   C0  00  00  00  00  00  00  7F      44.5081
     0100      8   C0  00  00  00  00  00  00  7F      44.5132
     0100      8   C0  00  00  00  00  00  00  7F      44.5183
     0100      8   C0  00  00  00  00  00  00  7F      44.5234
     0100      8   C0  00  00  00  00  00  00  7F      44.5285
     0100      8   C0  00  00  00  00  00  00  7F      44.5336
     0100      8   C0  00  00  00  00  00  00  7F      44.5387
     0100      8   C0  00  00  00  00  00  00  7F      44.5438
     0100      8   C0  00  00  00  00  00  00  7F      44.5489
     0100      8   C0  00  00  00  00  00  00  7F      44.5540
     0100      8   C0  00  00  00  00  00  00  7F      44.5591
     0100      8   C0  00  00  00  00  00  00  7F      44.5642
     0100      8   C0  00  00  00  00  00  00  7F      44.5693
     0100      8   C0  00  00  00  00  00  00  7F      44.5744
     0100      8   C0  00  00  00  00  00  00  7F      44.5795
     0100      8   C0  00  00  00  00  00  00  7F      44.5846
     0100      8   C0  00  00  00  00  00  00  7F      44.5897
     0100      8   C0  00  00  00  00  00  00  7F      44.5948
     0100      8   C0  00  00  00  00  00  00  7F      44.5999
     0100      8   C0  00  00  00  00  00  00  7F      44.6050
     0100      8   C0  00  00  00  00  00  00  7F      44.6101
     0100      8   C0  00  00  00  00  00  00  7F      44.6152
     0100      8   C0  00  00  00  00  00  00  7F      44.6203
     0100      8   C0  00  00  00  00  00  00  7F      44.6254
     0100      8   C0  00  00  00  00  00  00  7F      44.6305
     0100      8   C0  00  00  00  00  00  00  7F      44.6356
     0100      8   C0  00  00  00  00  00  00  7F      44.6407
     0100      8   C0  00  00  00  00  00  00  7F      44.6458
     0100      8   C0  00  00  00  00  00  00  7F      44.6509
     0100      8   C0  00  00  00  00  00  00  7F      44.6560
     0100      8   C0  00  00  00  00  00  00  7F      44.6611
     0100      8   C0  00  00  00  00  00  00  7F      44.6662
     0100      8   C0  00  00  00  00  00  00  7F      44.6713
     0100      8   C0  00  00  00  00  00  00  7F      44.6764
     0100      8   C0  00  00  00  00  00  00  7F      44.6815
     0100      8   C0  00  00  00  00  00  00  7F      44.6866
     0100      8   C0  00  00  00  00  00  00  7F      44.6917
     0100      8   C0  00  00  00  00  00  00  7F      44.6968
     0100      8   C0  00  00  00  00  00  00  7F      44.7019
     0100      8   C0  00  00  00  00  00  00  7F      44.7070
     0100      8   C0  00  00  00  00  00  00  7F      44.7121
     0100      8   C0  00  00  00  00  00  00  7F      44.7172
     0100      8   C0  00  00  00  00  00  00  7F      44.7223
     0100      8   C0  00  00  00  00  00  00  7F      44.7274
     0100      8   C0  00  00  00  00  00  00  7F      44.7325
     0100      8   C0  00  00  00  00  00  00  7F      44.7376
     0100      8   C0  00  00  00  00  00  00  7F      44.7427
     0100      8   C0  00  00  00  00  00  00  7F      44.7478
     0100      8   C0  00  00  00  00  00  00  7F      44.7529
     0100      8   C0  00  00  00  00  00  00  7F      44.7580
     0100      8   C0  00  00  00  00  00  00  7F      44.7631
     0100      8   C0  00  00  00  00  00  00  7F      44.7682
     0100      8   C0  00  00  00  00  00  00  7F      44.7733
     0100      8   C0  00  00  00  00  00  00  7F      44.7784
     0100      8   C0  00  00  00  00  00  00  7F      44.7835
     0100      8   C0  00  00  00  00  00  00  7F      44.7886
     0100      8   C0  00  00  00  00  00  00  7F      44.7937
     0100      8   C0  00  00  00  00  00  00  7F      44.7988
     0100      8   C0  00  00  00  00  00  00  7F      44.8039
     0100      8   C0  00  00  00  00  00  00  7F      44.8090
     0100      8   C0  00  00  00  00  00  00  7F      44.8141
     0100      8   C0  00  00  00  00  00  00  7F      44.8192
     0100      8   C0  00  00  00  00  00  00  7F      44.8243
     0100      8   C0  00  00  00  00  00  00  7F      44.8294
     0100      8   C0  00  00  00  00  00  00  7F      44.8345
     0100      8   C0  00  00  00  00  00  00  7F      44.8396
     0100      8   C0  00  00  00  00  00  00  7F      44.8447
     0100      8   C0  00  00  00  00  00  00  7F      44.8498
     0100      8   C0  00  00  00  00  00  00  7F      44.8549
     0100      8   C0  00  00  00  00  00  00  7F      44.8600
     0100      8   C0  00  00  00  00  00  00  7F      44.8651
     0100      8   C0  00  00  00  00  00  00  7F      44.8702
     0100      8   C0  00  00  00  00  00  00  7F      44.8753
     0100      8   C0  00  00  00  00  00  00  7F      44.8804
     0100      8   C0  00  00  00  00  00  00  7F      44.8855
     0100      8   C0  00  00  00  00  00  00  7F      44.8906
     0100      8   C0  00  00  00  00  00  00  7F      44.8957
     0100      8   C0  00  00  00  00  00  00  7F      44.9008
     0100      8   C0  00  00  00  00  00  00  7F      44.9059
     0100      8   C0  00  00  00  00  00  00  7F      44.9110
     0100      8   C0  00  00  00  00  00  00  7F      44.9161
     0100      8   C0  00  00  00  00  00  00  7F      44.9212
     0100      8   C0  00  00  00  00  00  00  7F      44.9263
     0100      8   C0  00  00  00  00  00  00  7F      44.9314
     0100      8   C0  00  00  00  00  00  00  7F      44.9365
     0100      8   C0  00  00  00  00  00  00  7F      44.9416
     0100      8   C0  00  00  00  00  00  00  7F      44.9467
     0100      8   C0  00  00  00  00  00  00  7F      44.9518
     0100      8   C0  00  00  00  00  00  00  7F      44.9569
     0100      8   C0  00  00  00  00  00  00  7F      44.9620
     0100      8   C0  00  00  00  00  00  00  7F      44.9671
     0100      8   C0  00  00  00  00  00  00  7F      44.9722
     0100      8   C0  00  00  00  00  00  00  7F      44.9773
     0100      8   C0  00  00  00  00  00  00  7F      44.9823
     0100      8   C0  00  00  00  00  00  00  7F      44.9874
     0100      8   C0  00  00  00  00  00  00  7F      44.9925
     0100      8   C0  00  00  00  00  00  00  7F      44.9976
     0100      8   C0  00  00  00  00  00  00  7F      45.0027
     0100      8   C0  00  00  00  00  00  00  7F      45.0078
     0100      8   C0  00  00  00  00  00  00  7F      45.0129
     0100      8   C0  00  00  00  00  00  00  7F      45.0180
     0100      8   C0  00  00  00  00  00  00  7F      45.0231
     0100      8   C0  00  00  00  00  00  00  7F      45.0282
     0100      8   C0  00  00  00  00  00  00  7F      45.0333
     0100      8   C0  00  00  00  00  00  00  7F      45.0384
     0100      8   C0  00  00  00  00  00  00  7F      45.0435
     0100      8   C0  00  00  00  00  00  00  7F      45.0486
     0100      8   C0  00  00  00  00  00  00  7F      45.0537
     0100      8   C0  00  00  00  00  00  00  7F      45.0588
     0100      8   C0  00  00  00  00  00  00  7F      45.0639
     0100      8   C0  00  00  00  00  00  00  7F      45.0690
     0100      8   C0  00  00  00  00  00  00  7F      45.0741
     0100      8   C0  00  00  00  00  00  00  7F      45.0792
     0100      8   C0  00  00  00  00  00  00  7F      45.0843
     0100      8   C0  00  00  00  00  00  00  7F      45.0894
     0100      8   C0  00  00  00  00  00  00  7F      45.0945
     0100      8   C0  00  00  00  00  00  00  7F      45.0996
     0100      8   C0  00  00  00  00  00  00  7F      45.1047
     0100      8   C0  00  00  00  00  00  00  7F      45.1098
     0100      8   C0  00  00  00  00  00  00  7F      45.1149
     0100      8   C0  00  00  00  00  00  00  7F      45.1200
     0100      8   C0  00  00  00  00  00  00  7F      45.1251
     0100      8   C0  00  00  00  00  00  00  7F      45.1302
     0100      8   C0  00  00  00  00  00  00  7F      45.1353
