     0100      8   00  00  00  00  00  00  00  00       3.1409
     0100      8   00  00  00  00  00  00  00  00       3.1411
     0100      8   00  00  00  00  00  00  00  00       3.1414
     0100      8   00  00  00  00  00  00  00  00       3.1416
     0100      8   00  00  00  00  00  00  00  00       3.1434
     0100      8   00  00  00  00  00  00  00  00       3.1455
     0100      8   00  00  00  00  00  00  00  00       3.1475
     0100      8   00  00  00  00  00  00  00  00       3.1496
     0100      8   00  00  00  00  00  00  00  00       3.1523
     0100      8   00  00  00  00  00  00  00  00       3.1553
     0100      8   00  00  00  00  00  00  00  00       3.1583
     0100      8   00  00  00  00  00  00  00  00       3.1613
     0100      8   00  00  00  00  00  00  00  00       3.1643
     0100      8   00  00  00  00  00  00  00  00       3.1672
     0100      8   00  00  00  00  00  00  00  00       3.1702
     0100      8   00  00  00  00  00  00  00  00       3.1732
     0100      8   00  00  00  00  00  00  00  00       3.1761
     0100      8   00  00  00  00  00  00  00  00       3.1791
     0100      8   00  00  00  00  00  00  00  00       3.1821
     0100      8   00  00  00  00  00  00  00  00       3.1851
     0100      8   00  00  00  00  00  00  00  00       3.1880
     0100      8   00  00  00  00  00  00  00  00       3.1910
     0100      8   00  00  00  00  00  00  00  00       3.1940
     0100      8   00  00  00  00  00  00  00  00       3.1970
     0100      8   00  00  00  00  00  00  00  00       3.1999
     0100      8   00  00  00  00  00  00  00  00       3.2029
     0100      8   00  00  00  00  00  00  00  00       3.2059
     0100      8   00  00  00  00  00  00  00  00       3.2089
     0100      8   00  00  00  00  00  00  00  00       3.2118
     0100      8   00  00  00  00  00  00  00  00       3.2148
     0100      8   00  00  00  00  00  00  00  00       3.2178
     0100      8   00  00  00  00  00  00  00  00       3.2208
     0100      8   00  00  00  00  00  00  00  00       3.2237
     0100      8   00  00  00  00  00  00  00  00       3.2267
     0100      8   00  00  00  00  00  00  00  00       3.2297
     0100      8   00  00  00  00  00  00  00  00       3.2327
     0100      8   00  00  00  00  00  00  00  00       3.2356
     0100      8   00  00  00  00  00  00  00  00       3.2386
     0100      8   00  00  00  00  00  00  00  00       3.2416
     0100      8   00  00  00  00  00  00  00  00       3.2446
     0100      8   00  00  00  00  00  00  00  00       3.2475
     0100      8   00  00  00  00  00  00  00  00       3.2505
     0100      8   00  00  00  00  00  00  00  00       3.2535
     0100      8   00  00  00  00  00  00  00  00       3.2564
     0100      8   00  00  00  00  00  00  00  00       3.2594
     0100      8   00  00  00  00  00  00  00  00       3.2624
     0100      8   00  00  00  00  00  00  00  00       3.2654
     0100      8   00  00  00  00  00  00  00  00       3.2683
     0100      8   00  00  00  00  00  00  00  00       3.2713
     0100      8   00  00  00  00  00  00  00  00       3.2743
     0100      8   00  00  00  00  00  00  00  00       3.2773
     0100      8   00  00  00  00  00  00  00  00       3.2802
     0100      8   00  00  00  00  00  00  00  00       3.2832
     0100      8   00  00  00  00  00  00  00  00       3.2862
     0100      8   00  00  00  00  00  00  00  00       3.2892
     0100      8   00  00  00  00  00  00  00  00       3.2921
     0100      8   00  00  00  00  00  00  00  00       3.2951
     0100      8   00  00  00  00  00  00  00  00       3.2981
     0100      8   00  00  00  00  00  00  00  00       3.3011
     0100      8   00  00  00  00  00  00  00  00       3.3040
     0100      8   00  00  00  00  00  00  00  00       3.3070
     0100      8   00  00  00  00  00  00  00  00       3.3100
     0100      8   00  00  00  00  00  00  00  00       3.3130
     0100      8   00  00  00  00  00  00  00  00       3.3159
     0100      8   00  00  00  00  00  00  00  00       3.3189
     0100      8   00  00  00  00  00  00  00  00       3.3219
     0100      8   00  00  00  00  00  00  00  00       3.3249
     0100      8   00  00  00  00  00  00  00  00       3.3278
     0100      8   00  00  00  00  00  00  00  00       3.3308
     0100      8   00  00  00  00  00  00  00  00       3.3338
     0100      8   00  00  00  00  00  00  00  00       3.3368
     0100      8   00  00  00  00  00  00  00  00       3.3397
     0100      8   00  00  00  00  00  00  00  00       3.3427
     0100      8   00  00  00  00  00  00  00  00       3.3457
     0100      8   00  00  00  00  00  00  00  00       3.3487
     0100      8   00  00  00  00  00  00  00  00       3.3516
     0100      8   00  00  00  00  00  00  00  00       3.3546
     0100      8   00  00  00  00  00  00  00  00       3.3576
     0100      8   00  00  00  00  00  00  00  00       3.3605
     0100      8   00  00  00  00  00  00  00  00       3.3635
     0100      8   00  00  00  00  00  00  00  00       3.3665
     0100      8   00  00  00  00  00  00  00  00       3.3695
     0100      8   00  00  00  00  00  00  00  00       3.3724
     0100      8   00  00  00  00  00  00  00  00       3.3754
     0100      8   00  00  00  00  00  00  00  00       3.3784
     0100      8   00  00  00  00  00  00  00  00       3.3814
     0100      8   00  00  00  00  00  00  00  00       3.3844
     0100      8   00  00  00  00  00  00  00  00       3.3873
     0100      8   00  00  00  00  00  00  00  00       3.3903
     0100      8   00  00  00  00  00  00  00  00       3.3933
     0100      8   00  00  00  00  00  00  00  00       3.3962
     0100      8   00  00  00  00  00  00  00  00       3.3992
     0100      8   00  00  00  00  00  00  00  00       3.4022
     0100      8   00  00  00  00  00  00  00  00       3.4052
     0100      8   00  00  00  00  00  00  00  00       3.4081
     0100      8   00  00  00  00  00  00  00  00       3.4111
     0100      8   00  00  00  00  00  00  00  00       3.4141
     0100      8   00  00  00  00  00  00  00  00       3.4171
     0100      8   00  00  00  00  00  00  00  00       3.4200
     0100      8   00  00  00  00  00  00  00  00       3.4230
     0100      8   00  00  00  00  00  00  00  00       3.4260
     0100      8   00  00  00  00  00  00  00  00       3.4290
     0100      8   00  00  00  00  00  00  00  00       3.4319
     0100      8   00  00  00  00  00  00  00  00       3.4349
     0100      8   00  00  00  00  00  00  00  00       3.4379
     0100      8   00  00  00  00  00  00  00  00       3.4409
     0100      8   00  00  00  00  00  00  00  00       3.4438
     0100      8   00  00  00  00  00  00  00  00       3.4468
     0100      8   00  00  00  00  00  00  00  00       3.4498
     0100      8   00  00  00  00  00  00  00  00       3.4528
     0100      8   00  00  00  00  00  00  00  00       3.4557
     0100      8   00  00  00  00  00  00  00  00       3.4587
     0100      8   00  00  00  00  00  00  00  00       3.4617
     0100      8   00  00  00  00  00  00  00  00       3.4646
     0100      8   00  00  00  00  00  00  00  00       3.4676
     0100      8   00  00  00  00  00  00  00  00       3.4706
     0100      8   00  00  00  00  00  00  00  00       3.4736
     0100      8   00  00  00  00  00  00  00  00       3.4766
     0100      8   00  00  00  00  00  00  00  00       3.4795
     0100      8   00  00  00  00  00  00  00  00       3.4825
     0100      8   00  00  00  00  00  00  00  00       3.4855
     0100      8   00  00  00  00  00  00  00  00       3.4884
     0100      8   00  00  00  00  00  00  00  00       3.4914
     0100      8   00  00  00  00  00  00  00  00       3.4944
     0100      8   00  00  00  00  00  00  00  00       3.4974
     0100      8   00  00  00  00  00  00  00  00       3.5003
     0100      8   00  00  00  00  00  00  00  00       3.5033
     0100      8   00  00  00  00  00  00  00  00       3.5063
     0100      8   00  00  00  00  00  00  00  00       3.5093
     0100      8   00  00  00  00  00  00  00  00       3.5122
     0100      8   00  00  00  00  00  00  00  00       3.5152
     0100      8   00  00  00  00  00  00  00  00       3.5182
     0100      8   00  00  00  00  00  00  00  00       3.5212
     0100      8   00  00  00  00  00  00  00  00       3.5241
     0100      8   00  00  00  00  00  00  00  00       3.5271
     0100      8   00  00  00  00  00  00  00  00       3.5301
     0100      8   00  00  00  00  00  00  00  00       3.5331
     0100      8   00  00  00  00  00  00  00  00       3.5360
     0100      8   00  00  00  00  00  00  00  00       3.5390
     0100      8   00  00  00  00  00  00  00  00       3.5420
     0100      8   00  00  00  00  00  00  00  00       3.5450
     0100      8   00  00  00  00  00  00  00  00       3.5479
     0100      8   00  00  00  00  00  00  00  00       3.5509
     0100      8   00  00  00  00  00  00  00  00       3.5539
     0100      8   00  00  00  00  00  00  00  00       3.5569
     0100      8   00  00  00  00  00  00  00  00       3.5598
     0100      8   00  00  00  00  00  00  00  00       3.5628
     0100      8   00  00  00  00  00  00  00  00       3.5658
     0100      8   00  00  00  00  00  00  00  00       3.5688
     0100      8   00  00  00  00  00  00  00  00       3.5717
     0100      8   00  00  00  00  00  00  00  00       3.5747
     0100      8   00  00  00  00  00  00  00  00       3.5777
     0100      8   00  00  00  00  00  00  00  00       3.5806
     0100      8   00  00  00  00  00  00  00  00       3.5836
     0100      8   00  00  00  00  00  00  00  00       3.5866
     0100      8   00  00  00  00  00  00  00  00       3.5896
     0100      8   00  00  00  00  00  00  00  00       3.5925
     0100      8   00  00  00  00  00  00  00  00       3.5955
     0100      8   00  00  00  00  00  00  00  00       3.5985
     0100      8   00  00  00  00  00  00  00  00       3.6015
     0100      8   00  00  00  00  00  00  00  00       3.6045
     0100      8   00  00  00  00  00  00  00  00       3.6074
     0100      8   00  00  00  00  00  00  00  00       3.6104
     0100      8   00  00  00  00  00  00  00  00       3.6134
     0100      8   00  00  00  00  00  00  00  00       3.6163
     0100      8   00  00  00  00  00  00  00  00       3.6193
     0100      8   00  00  00  00  00  00  00  00       3.6223
     0100      8   00  00  00  00  00  00  00  00       3.6253
     0100      8   00  00  00  00  00  00  00  00       3.6282
     0100      8   00  00  00  00  00  00  00  00       3.6312
     0100      8   00  00  00  00  00  00  00  00       3.6342
     0100      8   00  00  00  00  00  00  00  00       3.6372
     0100      8   00  00  00  00  00  00  00  00       3.6401
     0100      8   00  00  00  00  00  00  00  00       3.6431
     0100      8   00  00  00  00  00  00  00  00       3.6461
     0100      8   00  00  00  00  00  00  00  00       3.6491
     0100      8   00  00  00  00  00  00  00  00       3.6520
     0100      8   00  00  00  00  00  00  00  00       3.6550
     0100      8   00  00  00  00  00  00  00  00       3.6580
     0100      8   00  00  00  00  00  00  00  00       3.6610
     0100      8   00  00  00  00  00  00  00  00       3.6639
     0100      8   00  00  00  00  00  00  00  00       3.6669
     0100      8   00  00  00  00  00  00  00  00       3.6699
     0100      8   00  00  00  00  00  00  00  00       3.6729
     0100      8   00  00  00  00  00  00  00  00       3.6758
     0100      8   00  00  00  00  00  00  00  00       3.6788
     0100      8   00  00  00  00  00  00  00  00       3.6818
     0100      8   00  00  00  00  00  00  00  00       3.6848
     0100      8   00  00  00  00  00  00  00  00       3.6877
     0100      8   00  00  00  00  00  00  00  00       3.6907
     0100      8   00  00  00  00  00  00  00  00       3.6937
     0100      8   00  00  00  00  00  00  00  00       3.6967
     0100      8   00  00  00  00  00  00  00  00       3.6996
     0100      8   00  00  00  00  00  00  00  00       3.7026
     0100      8   00  00  00  00  00  00  00  00       3.7056
     0100      8   00  00  00  00  00  00  00  00       3.7085
     0100      8   00  00  00  00  00  00  00  00       3.7115
     0100      8   00  00  00  00  00  00  00  00       3.7145
     0100      8   00  00  00  00  00  00  00  00       3.7175
     0100      8   00  00  00  00  00  00  00  00       3.7204
     0100      8   00  00  00  00  00  00  00  00       3.7234
     0100      8   00  00  00  00  00  00  00  00       3.7264
     0100      8   00  00  00  00  00  00  00  00       3.7294
     0100      8   00  00  00  00  00  00  00  00       3.7323
     0100      8   00  00  00  00  00  00  00  00       3.7353
     0100      8   00  00  00  00  00  00  00  00       3.7383
     0100      8   00  00  00  00  00  00  00  00       3.7413
     0100      8   00  00  00  00  00  00  00  00       3.7442
     0100      8   00  00  00  00  00  00  00  00       3.7472
     0100      8   00  00  00  00  00  00  00  00       3.7502
     0100      8   00  00  00  00  00  00  00  00       3.7532
     0100      8   00  00  00  00  00  00  00  00       3.7561
     0100      8   00  00  00  00  00  00  00  00       3.7591
     0100      8   00  00  00  00  00  00  00  00       3.7621
     0100      8   00  00  00  00  00  00  00  00       3.7651
     0100      8   00  00  00  00  00  00  00  00       3.7680
     0100      8   00  00  00  00  00  00  00  00       3.7710
     0100      8   00  00  00  00  00  00  00  00       3.7740
     0100      8   00  00  00  00  00  00  00  00       3.7770
     0100      8   00  00  00  00  00  00  00  00       3.7799
     0100      8   00  00  00  00  00  00  00  00       3.7829
     0100      8   00  00  00  00  00  00  00  00       3.7859
     0100      8   00  00  00  00  00  00  00  00       3.7889
     0100      8   00  00  00  00  00  00  00  00       3.7918
     0100      8   00  00  00  00  00  00  00  00       3.7948
     0100      8   00  00  00  00  00  00  00  00       3.7978
     0100      8   00  00  00  00  00  00  00  00       3.8007
     0100      8   00  00  00  00  00  00  00  00       3.8037
     0100      8   00  00  00  00  00  00  00  00       3.8067
     0100      8   00  00  00  00  00  00  00  00       3.8097
     0100      8   00  00  00  00  00  00  00  00       3.8126
     0100      8   00  00  00  00  00  00  00  00       3.8156
     0100      8   00  00  00  00  00  00  00  00       3.8186
     0100      8   00  00  00  00  00  00  00  00       3.8216
     0100      8   00  00  00  00  00  00  00  00       3.8245
     0100      8   00  00  00  00  00  00  00  00       3.8275
     0100      8   00  00  00  00  00  00  00  00       3.8305
     0100      8   00  00  00  00  00  00  00  00       3.8335
     0100      8   00  00  00  00  00  00  00  00       3.8364
     0100      8   00  00  00  00  00  00  00  00       3.8394
     0100      8   00  00  00  00  00  00  00  00       3.8424
     0100      8   00  00  00  00  00  00  00  00       3.8454
     0100      8   00  00  00  00  00  00  00  00       3.8483
     0100      8   00  00  00  00  00  00  00  00       3.8513
     0100      8   00  00  00  00  00  00  00  00       3.8543
     0100      8   00  00  00  00  00  00  00  00       3.8573
     0100      8   00  00  00  00  00  00  00  00       3.8602
     0100      8   00  00  00  00  00  00  00  00       3.8632
     0100      8   00  00  00  00  00  00  00  00       3.8662
     0100      8   00  00  00  00  00  00  00  00       3.8692
     0100      8   00  00  00  00  00  00  00  00       3.8721
     0100      8   00  00  00  00  00  00  00  00       3.8751
     0100      8   00  00  00  00  00  00  00  00       3.8781
     0100      8   00  00  00  00  00  00  00  00       3.8811
     0100      8   00  00  00  00  00  00  00  00       3.8840
     0100      8   00  00  00  00  00  00  00  00       3.8870
     0100      8   00  00  00  00  00  00  00  00       3.8900
     0100      8   00  00  00  00  00  00  00  00       3.8930
     0100      8   00  00  00  00  00  00  00  00       3.8959
     0100      8   00  00  00  00  00  00  00  00       3.8989
     0100      8   00  00  00  00  00  00  00  00       3.9019
     0100      8   00  00  00  00  00  00  00  00       3.9048
     0100      8   00  00  00  00  00  00  00  00       3.9078
     0100      8   00  00  00  00  00  00  00  00       3.9108
     0100      8   00  00  00  00  00  00  00  00       3.9138
     0100      8   00  00  00  00  00  00  00  00       3.9168
     0100      8   00  00  00  00  00  00  00  00       3.9197
     0100      8   00  00  00  00  00  00  00  00       3.9227
     0100      8   00  00  00  00  00  00  00  00       3.9257
     0100      8   00  00  00  00  00  00  00  00       3.9286
     0100      8   00  00  00  00  00  00  00  00       3.9316
     0100      8   00  00  00  00  00  00  00  00       3.9346
     0100      8   00  00  00  00  00  00  00  00       3.9376
     0100      8   00  00  00  00  00  00  00  00       3.9405
     0100      8   00  00  00  00  00  00  00  00       3.9435
     0100      8   00  00  00  00  00  00  00  00       3.9465
     0100      8   00  00  00  00  00  00  00  00       3.9495
     0100      8   00  00  00  00  00  00  00  00       3.9524
     0100      8   00  00  00  00  00  00  00  00       3.9554
     0100      8   00  00  00  00  00  00  00  00       3.9584
     0100      8   00  00  00  00  00  00  00  00       3.9614
     0100      8   00  00  00  00  00  00  00  00       3.9643
     0100      8   00  00  00  00  00  00  00  00       3.9673
     0100      8   00  00  00  00  00  00  00  00       3.9703
     0100      8   00  00  00  00  00  00  00  00       3.9733
     0100      8   00  00  00  00  00  00  00  00       3.9762
     0100      8   00  00  00  00  00  00  00  00       3.9792
     0100      8   00  00  00  00  00  00  00  00       3.9822
     0100      8   00  00  00  00  00  00  00  00       3.9852
     0100      8   00  00  00  00  00  00  00  00       3.9881
     0100      8   00  00  00  00  00  00  00  00       3.9911
     0100      8   00  00  00  00  00  00  00  00       3.9941
     0100      8   00  00  00  00  00  00  00  00       3.9971
     0100      8   00  00  00  00  00  00  00  00       4.0000
     0100      8   00  00  00  00  00  00  00  00       4.0030
     0100      8   00  00  00  00  00  00  00  00       4.0060
     0100      8   00  00  00  00  00  00  00  00       4.0090
     0100      8   00  00  00  00  00  00  00  00       4.0119
     0100      8   00  00  00  00  00  00  00  00       4.0149
     0100      8   00  00  00  00  00  00  00  00       4.0179
     0100      8   00  00  00  00  00  00  00  00       4.0208
     0100      8   00  00  00  00  00  00  00  00       4.0238
     0100      8   00  00  00  00  00  00  00  00       4.0268
     0100      8   00  00  00  00  00  00  00  00       4.0298
     0100      8   00  00  00  00  00  00  00  00       4.0327
     0100      8   00  00  00  00  00  00  00  00       4.0357
     0100      8   00  00  00  00  00  00  00  00       4.0387
     0100      8   00  00  00  00  00  00  00  00       4.0417
     0100      8   00  00  00  00  00  00  00  00       4.0446
     0100      8   00  00  00  00  00  00  00  00       4.0476
     0100      8   00  00  00  00  00  00  00  00       4.0506
     0100      8   00  00  00  00  00  00  00  00       4.0536
     0100      8   00  00  00  00  00  00  00  00       4.0565
     0100      8   00  00  00  00  00  00  00  00       4.0595
     0100      8   00  00  00  00  00  00  00  00       4.0625
     0100      8   00  00  00  00  00  00  00  00       4.0655
     0100      8   00  00  00  00  00  00  00  00       4.0684
     0100      8   00  00  00  00  00  00  00  00       4.0714
     0100      8   00  00  00  00  00  00  00  00       4.0744
     0100      8   00  00  00  00  00  00  00  00       4.0774
     0100      8   00  00  00  00  00  00  00  00       4.0803
     0100      8   00  00  00  00  00  00  00  00       4.0833
     0100      8   00  00  00  00  00  00  00  00       4.0863
     0100      8   00  00  00  00  00  00  00  00       4.0893
     0100      8   00  00  00  00  00  00  00  00       4.0922
     0100      8   00  00  00  00  00  00  00  00       4.0952
     0100      8   00  00  00  00  00  00  00  00       4.0982
     0100      8   00  00  00  00  00  00  00  00       4.1012
     0100      8   00  00  00  00  00  00  00  00       4.1041
     0100      8   00  00  00  00  00  00  00  00       4.1071
     0100      8   00  00  00  00  00  00  00  00       4.1101
     0100      8   00  00  00  00  00  00  00  00       4.1131
     0100      8   00  00  00  00  00  00  00  00       4.1160
     0100      8   00  00  00  00  00  00  00  00       4.1190
     0100      8   00  00  00  00  00  00  00  00       4.1220
     0100      8   00  00  00  00  00  00  00  00       4.1249
     0100      8   00  00  00  00  00  00  00  00       4.1279
     0100      8   00  00  00  00  00  00  00  00       4.1309
     0100      8   00  00  00  00  00  00  00  00       4.1339
     0100      8   00  00  00  00  00  00  00  00       4.1369
     0100      8   00  00  00  00  00  00  00  00       4.1398
     0100      8   00  00  00  00  00  00  00  00       4.1428
     0100      8   00  00  00  00  00  00  00  00       4.1458
     0100      8   00  00  00  00  00  00  00  00       4.1487
     0100      8   00  00  00  00  00  00  00  00       4.1517
     0100      8   00  00  00  00  00  00  00  00       4.1547
     0100      8   00  00  00  00  00  00  00  00       4.1577
     0100      8   00  00  00  00  00  00  00  00       4.1606
     0100      8   00  00  00  00  00  00  00  00       4.1636
     0100      8   00  00  00  00  00  00  00  00       4.1666
     0100      8   00  00  00  00  00  00  00  00       4.1696
     0100      8   00  00  00  00  00  00  00  00       4.1725
     0100      8   00  00  00  00  00  00  00  00       4.1755
     0100      8   00  00  00  00  00  00  00  00       4.1785
     0100      8   00  00  00  00  00  00  00  00       4.1815
     0100      8   00  00  00  00  00  00  00  00       4.1844
     0100      8   00  00  00  00  00  00  00  00       4.1874
     0100      8   00  00  00  00  00  00  00  00       4.1904
     0100      8   00  00  00  00  00  00  00  00       4.1934
     0100      8   00  00  00  00  00  00  00  00       4.1963
     0100      8   00  00  00  00  00  00  00  00       4.1993
     0100      8   00  00  00  00  00  00  00  00       4.2023
     0100      8   00  00  00  00  00  00  00  00       4.2053
     0100      8   00  00  00  00  00  00  00  00       4.2082
     0100      8   00  00  00  00  00  00  00  00       4.2112
     0100      8   00  00  00  00  00  00  00  00       4.2142
     0100      8   00  00  00  00  00  00  00  00       4.2172
     0100      8   00  00  00  00  00  00  00  00       4.2201
     0100      8   00  00  00  00  00  00  00  00       4.2231
     0100      8   00  00  00  00  00  00  00  00       4.2261
     0100      8   00  00  00  00  00  00  00  00       4.2291
     0100      8   00  00  00  00  00  00  00  00       4.2320
     0100      8   00  00  00  00  00  00  00  00       4.2350
     0100      8   00  00  00  00  00  00  00  00       4.2380
     0100      8   00  00  00  00  00  00  00  00       4.2409
     0100      8   00  00  00  00  00  00  00  00       4.2439
     0100      8   00  00  00  00  00  00  00  00       4.2469
     0100      8   00  00  00  00  00  00  00  00       4.2499
     0100      8   00  00  00  00  00  00  00  00       4.2528
     0100      8   00  00  00  00  00  00  00  00       4.2558
     0100      8   00  00  00  00  00  00  00  00       4.2588
     0100      8   00  00  00  00  00  00  00  00       4.2618
     0100      8   00  00  00  00  00  00  00  00       4.2647
     0100      8   00  00  00  00  00  00  00  00       4.2677
     0100      8   00  00  00  00  00  00  00  00       4.2707
     0100      8   00  00  00  00  00  00  00  00       4.2737
     0100      8   00  00  00  00  00  00  00  00       4.2766
     0100      8   00  00  00  00  00  00  00  00       4.2796
     0100      8   00  00  00  00  00  00  00  00       4.2826
     0100      8   00  00  00  00  00  00  00  00       4.2856
     0100      8   00  00  00  00  00  00  00  00       4.2885
     0100      8   00  00  00  00  00  00  00  00       4.2915
     0100      8   00  00  00  00  00  00  00  00       4.2945
     0100      8   00  00  00  00  00  00  00  00       4.2975
     0100      8   00  00  00  00  00  00  00  00       4.3004
     0100      8   00  00  00  00  00  00  00  00       4.3034
     0100      8   00  00  00  00  00  00  00  00       4.3064
     0100      8   00  00  00  00  00  00  00  00       4.3094
     0100      8   00  00  00  00  00  00  00  00       4.3123
     0100      8   00  00  00  00  00  00  00  00       4.3153
     0100      8   00  00  00  00  00  00  00  00       4.3183
     0100      8   00  00  00  00  00  00  00  00       4.3213
     0100      8   00  00  00  00  00  00  00  00       4.3242
     0100      8   00  00  00  00  00  00  00  00       4.3272
     0100      8   00  00  00  00  00  00  00  00       4.3302
     0100      8   00  00  00  00  00  00  00  00       4.3332
     0100      8   00  00  00  00  00  00  00  00       4.3361
     0100      8   00  00  00  00  00  00  00  00       4.3391
     0100      8   00  00  00  00  00  00  00  00       4.3421
     0100      8   00  00  00  00  00  00  00  00       4.3450
     0100      8   00  00  00  00  00  00  00  00       4.3480
     0100      8   00  00  00  00  00  00  00  00       4.3510
     0100      8   00  00  00  00  00  00  00  00       4.3540
     0100      8   00  00  00  00  00  00  00  00       4.3570
     0100      8   00  00  00  00  00  00  00  00       4.3599
     0100      8   00  00  00  00  00  00  00  00       4.3629
     0100      8   00  00  00  00  00  00  00  00       4.3659
     0100      8   00  00  00  00  00  00  00  00       4.3688
     0100      8   00  00  00  00  00  00  00  00       4.3718
     0100      8   00  00  00  00  00  00  00  00       4.3748
     0100      8   00  00  00  00  00  00  00  00       4.3778
     0100      8   00  00  00  00  00  00  00  00       4.3807
     0100      8   00  00  00  00  00  00  00  00       4.3837
     0100      8   00  00  00  00  00  00  00  00       4.3867
     0100      8   00  00  00  00  00  00  00  00       4.3897
     0100      8   00  00  00  00  00  00  00  00       4.3926
     0100      8   00  00  00  00  00  00  00  00       4.3956
     0100      8   00  00  00  00  00  00  00  00       4.3986
     0100      8   00  00  00  00  00  00  00  00       4.4016
     0100      8   00  00  00  00  00  00  00  00       4.4045
     0100      8   00  00  00  00  00  00  00  00       4.4075
     0100      8   00  00  00  00  00  00  00  00       4.4105
     0100      8   00  00  00  00  00  00  00  00       4.4135
     0100      8   00  00  00  00  00  00  00  00       4.4164
     0100      8   00  00  00  00  00  00  00  00       4.4194
     0100      8   00  00  00  00  00  00  00  00       4.4224
     0100      8   00  00  00  00  00  00  00  00       4.4254
     0100      8   00  00  00  00  00  00  00  00       4.4283
     0100      8   00  00  00  00  00  00  00  00       4.4313
     0100      8   00  00  00  00  00  00  00  00       4.4343
     0100      8   00  00  00  00  00  00  00  00       4.4373
     0100      8   00  00  00  00  00  00  00  00       4.4402
     0100      8   00  00  00  00  00  00  00  00       4.4432
     0100      8   00  00  00  00  00  00  00  00       4.4462
     0100      8   00  00  00  00  00  00  00  00       4.4492
     0100      8   00  00  00  00  00  00  00  00       4.4521
     0100      8   00  00  00  00  00  00  00  00       4.4551
     0100      8   00  00  00  00  00  00  00  00       4.4581
     0100      8   00  00  00  00  00  00  00  00       4.4610
     0100      8   00  00  00  00  00  00  00  00       4.4640
     0100      8   00  00  00  00  00  00  00  00       4.4670
     0100      8   00  00  00  00  00  00  00  00       4.4700
     0100      8   00  00  00  00  00  00  00  00       4.4729
     0100      8   00  00  00  00  00  00  00  00       4.4759
     0100      8   00  00  00  00  00  00  00  00       4.4789
     0100      8   00  00  00  00  00  00  00  00       4.4819
     0100      8   00  00  00  00  00  00  00  00       4.4848
     0100      8   00  00  00  00  00  00  00  00       4.4878
     0100      8   00  00  00  00  00  00  00  00       4.4908
     0100      8   00  00  00  00  00  00  00  00       4.4938
     0100      8   00  00  00  00  00  00  00  00       4.4967
     0100      8   00  00  00  00  00  00  00  00       4.4997
     0100      8   00  00  00  00  00  00  00  00       4.5027
     0100      8   00  00  00  00  00  00  00  00       4.5057
     0100      8   00  00  00  00  00  00  00  00       4.5086
     0100      8   00  00  00  00  00  00  00  00       4.5116
     0100      8   00  00  00  00  00  00  00  00       4.5146
     0100      8   00  00  00  00  00  00  00  00       4.5176
     0100      8   00  00  00  00  00  00  00  00       4.5205
     0100      8   00  00  00  00  00  00  00  00       4.5235
     0100      8   00  00  00  00  00  00  00  00       4.5265
     0100      8   00  00  00  00  00  00  00  00       4.5295
     0100      8   00  00  00  00  00  00  00  00       4.5324
     0100      8   00  00  00  00  00  00  00  00       4.5354
     0100      8   00  00  00  00  00  00  00  00       4.5384
     0100      8   00  00  00  00  00  00  00  00       4.5414
     0100      8   00  00  00  00  00  00  00  00       4.5443
     0100      8   00  00  00  00  00  00  00  00       4.5473
     0100      8   00  00  00  00  00  00  00  00       4.5503
     0100      8   00  00  00  00  00  00  00  00       4.5533
     0100      8   00  00  00  00  00  00  00  00       4.5562
     0100      8   00  00  00  00  00  00  00  00       4.5592
     0100      8   00  00  00  00  00  00  00  00       4.5622
     0100      8   00  00  00  00  00  00  00  00       4.5651
     0100      8   00  00  00  00  00  00  00  00       4.5681
     0100      8   00  00  00  00  00  00  00  00       4.5711
     0100      8   00  00  00  00  00  00  00  00       4.5741
     0100      8   00  00  00  00  00  00  00  00       4.5771
     0100      8   00  00  00  00  00  00  00  00       4.5800
     0100      8   00  00  00  00  00  00  00  00       4.5830
     0100      8   00  00  00  00  00  00  00  00       4.5860
     0100      8   00  00  00  00  00  00  00  00       4.5889
     0100      8   00  00  00  00  00  00  00  00       4.5919
     0100      8   00  00  00  00  00  00  00  00       4.5949
     0100      8   00  00  00  00  00  00  00  00       4.5979
     0100      8   00  00  00  00  00  00  00  00       4.6008
     0100      8   00  00  00  00  00  00  00  00       4.6038
     0100      8   00  00  00  00  00  00  00  00       4.6068
     0100      8   00  00  00  00  00  00  00  00       4.6098
     0100      8   00  00  00  00  00  00  00  00       4.6127
     0100      8   00  00  00  00  00  00  00  00       4.6157
     0100      8   00  00  00  00  00  00  00  00       4.6187
     0100      8   00  00  00  00  00  00  00  00       4.6217
     0100      8   00  00  00  00  00  00  00  00       4.6246
     0100      8   00  00  00  00  00  00  00  00       4.6276
     0100      8   00  00  00  00  00  00  00  00       4.6306
     0100      8   00  00  00  00  00  00  00  00       4.6336
     0100      8   00  00  00  00  00  00  00  00       4.6365
     0100      8   00  00  00  00  00  00  00  00       4.6395
     0100      8   00  00  00  00  00  00  00  00       4.6425
     0100      8   00  00  00  00  00  00  00  00       4.6455
     0100      8   00  00  00  00  00  00  00  00       4.6484
     0100      8   00  00  00  00  00  00  00  00       4.6514
     0100      8   00  00  00  00  00  00  00  00       4.6544
     0100      8   00  00  00  00  00  00  00  00       4.6574
     0100      8   00  00  00  00  00  00  00  00       4.6603
     0100      8   00  00  00  00  00  00  00  00       4.6633
     0100      8   00  00  00  00  00  00  00  00       4.6663
     0100      8   00  00  00  00  00  00  00  00       4.6692
     0100      8   00  00  00  00  00  00  00  00       4.6722
     0100      8   00  00  00  00  00  00  00  00       4.6752
     0100      8   00  00  00  00  00  00  00  00       4.6782
     0100      8   00  00  00  00  00  00  00  00       4.6811
     0100      8   00  00  00  00  00  00  00  00       4.6841
     0100      8   00  00  00  00  00  00  00  00       4.6871
     0100      8   00  00  00  00  00  00  00  00       4.6901
     0100      8   00  00  00  00  00  00  00  00       4.6930
     0100      8   00  00  00  00  00  00  00  00       4.6960
     0100      8   00  00  00  00  00  00  00  00       4.6990
     0100      8   00  00  00  00  00  00  00  00       4.7020
     0100      8   00  00  00  00  00  00  00  00       4.7049
     0100      8   00  00  00  00  00  00  00  00       4.7079
     0100      8   00  00  00  00  00  00  00  00       4.7109
     0100      8   00  00  00  00  00  00  00  00       4.7139
     0100      8   00  00  00  00  00  00  00  00       4.7168
     0100      8   00  00  00  00  00  00  00  00       4.7198
     0100      8   00  00  00  00  00  00  00  00       4.7228
     0100      8   00  00  00  00  00  00  00  00       4.7258
     0100      8   00  00  00  00  00  00  00  00       4.7287
     0100      8   00  00  00  00  00  00  00  00       4.7317
     0100      8   00  00  00  00  00  00  00  00       4.7347
     0100      8   00  00  00  00  00  00  00  00       4.7377
     0100      8   00  00  00  00  00  00  00  00       4.7406
     0100      8   00  00  00  00  00  00  00  00       4.7436
     0100      8   00  00  00  00  00  00  00  00       4.7466
     0100      8   00  00  00  00  00  00  00  00       4.7496
     0100      8   00  00  00  00  00  00  00  00       4.7525
     0100      8   00  00  00  00  00  00  00  00       4.7555
     0100      8   00  00  00  00  00  00  00  00       4.7585
     0100      8   00  00  00  00  00  00  00  00       4.7615
     0100      8   00  00  00  00  00  00  00  00       4.7644
     0100      8   00  00  00  00  00  00  00  00       4.7674
     0100      8   00  00  00  00  00  00  00  00       4.7704
     0100      8   00  00  00  00  00  00  00  00       4.7734
     0100      8   00  00  00  00  00  00  00  00       4.7763
     0100      8   00  00  00  00  00  00  00  00       4.7793
     0100      8   00  00  00  00  00  00  00  00       4.7823
     0100      8   00  00  00  00  00  00  00  00       4.7852
     0100      8   00  00  00  00  00  00  00  00       4.7882
     0100      8   00  00  00  00  00  00  00  00       4.7912
     0100      8   00  00  00  00  00  00  00  00       4.7942
     0100      8   00  00  00  00  00  00  00  00       4.7972
     0100      8   00  00  00  00  00  00  00  00       4.8001
     0100      8   00  00  00  00  00  00  00  00       4.8031
     0100      8   00  00  00  00  00  00  00  00       4.8061
     0100      8   00  00  00  00  00  00  00  00       4.8090
     0100      8   00  00  00  00  00  00  00  00       4.8120
     0100      8   00  00  00  00  00  00  00  00       4.8150
     0100      8   00  00  00  00  00  00  00  00       4.8180
     0100      8   00  00  00  00  00  00  00  00       4.8209
     0100      8   00  00  00  00  00  00  00  00       4.8239
     0100      8   00  00  00  00  00  00  00  00       4.8269
     0100      8   00  00  00  00  00  00  00  00       4.8299
     0100      8   00  00  00  00  00  00  00  00       4.8328
     0100      8   00  00  00  00  00  00  00  00       4.8358
     0100      8   00  00  00  00  00  00  00  00       4.8388
     0100      8   00  00  00  00  00  00  00  00       4.8418
     0100      8   00  00  00  00  00  00  00  00       4.8447
     0100      8   00  00  00  00  00  00  00  00       4.8477
     0100      8   00  00  00  00  00  00  00  00       4.8507
     0100      8   00  00  00  00  00  00  00  00       4.8537
     0100      8   00  00  00  00  00  00  00  00       4.8566
     0100      8   00  00  00  00  00  00  00  00       4.8596
     0100      8   00  00  00  00  00  00  00  00       4.8626
     0100      8   00  00  00  00  00  00  00  00       4.8656
     0100      8   00  00  00  00  00  00  00  00       4.8685
     0100      8   00  00  00  00  00  00  00  00       4.8715
     0100      8   00  00  00  00  00  00  00  00       4.8745
     0100      8   00  00  00  00  00  00  00  00       4.8775
     0100      8   00  00  00  00  00  00  00  00       4.8804
     0100      8   00  00  00  00  00  00  00  00       4.8834
     0100      8   00  00  00  00  00  00  00  00       4.8864
     0100      8   00  00  00  00  00  00  00  00       4.8894
     0100      8   00  00  00  00  00  00  00  00       4.8923
     0100      8   00  00  00  00  00  00  00  00       4.8953
     0100      8   00  00  00  00  00  00  00  00       4.8983
     0100      8   00  00  00  00  00  00  00  00       4.9012
     0100      8   00  00  00  00  00  00  00  00       4.9042
     0100      8   00  00  00  00  00  00  00  00       4.9072
     0100      8   00  00  00  00  00  00  00  00       4.9102
     0100      8   00  00  00  00  00  00  00  00       4.9131
     0100      8   00  00  00  00  00  00  00  00       4.9161
     0100      8   00  00  00  00  00  00  00  00       4.9191
     0100      8   00  00  00  00  00  00  00  00       4.9221
     0100      8   00  00  00  00  00  00  00  00       4.9250
     0100      8   00  00  00  00  00  00  00  00       4.9280
     0100      8   00  00  00  00  00  00  00  00       4.9310
     0100      8   00  00  00  00  00  00  00  00       4.9340
     0100      8   00  00  00  00  00  00  00  00       4.9369
     0100      8   00  00  00  00  00  00  00  00       4.9399
     0100      8   00  00  00  00  00  00  00  00       4.9429
     0100      8   00  00  00  00  00  00  00  00       4.9459
     0100      8   00  00  00  00  00  00  00  00       4.9488
     0100      8   00  00  00  00  00  00  00  00       4.9518
     0100      8   00  00  00  00  00  00  00  00       4.9548
     0100      8   00  00  00  00  00  00  00  00       4.9578
     0100      8   00  00  00  00  00  00  00  00       4.9607
     0100      8   00  00  00  00  00  00  00  00       4.9637
     0100      8   00  00  00  00  00  00  00  00       4.9667
     0100      8   00  00  00  00  00  00  00  00       4.9697
     0100      8   00  00  00  00  00  00  00  00       4.9726
     0100      8   00  00  00  00  00  00  00  00       4.9756
     0100      8   00  00  00  00  00  00  00  00       4.9786
     0100      8   00  00  00  00  00  00  00  00       4.9816
     0100      8   00  00  00  00  00  00  00  00       4.9845
     0100      8   00  00  00  00  00  00  00  00       4.9875
     0100      8   00  00  00  00  00  00  00  00       4.9905
     0100      8   00  00  00  00  00  00  00  00       4.9935
     0100      8   00  00  00  00  00  00  00  00       4.9964
     0100      8   00  00  00  00  00  00  00  00       4.9994
     0100      8   00  00  00  00  00  00  00  00       5.0024
     0100      8   00  00  00  00  00  00  00  00       5.0053
     0100      8   00  00  00  00  00  00  00  00       5.0083
     0100      8   00  00  00  00  00  00  00  00       5.0113
     0100      8   00  00  00  00  00  00  00  00       5.0143
     0100      8   00  00  00  00  00  00  00  00       5.0173
     0100      8   00  00  00  00  00  00  00  00       5.0202
     0100      8   00  00  00  00  00  00  00  00       5.0232
     0100      8   00  00  00  00  00  00  00  00       5.0262
     0100      8   00  00  00  00  00  00  00  00       5.0291
     0100      8   00  00  00  00  00  00  00  00       5.0321
     0100      8   00  00  00  00  00  00  00  00       5.0351
     0100      8   00  00  00  00  00  00  00  00       5.0381
     0100      8   00  00  00  00  00  00  00  00       5.0410
     0100      8   00  00  00  00  00  00  00  00       5.0440
     0100      8   00  00  00  00  00  00  00  00       5.0470
     0100      8   00  00  00  00  00  00  00  00       5.0500
     0100      8   00  00  00  00  00  00  00  00       5.0529
     0100      8   00  00  00  00  00  00  00  00       5.0559
     0100      8   00  00  00  00  00  00  00  00       5.0589
     0100      8   00  00  00  00  00  00  00  00       5.0619
     0100      8   00  00  00  00  00  00  00  00       5.0648
     0100      8   00  00  00  00  00  00  00  00       5.0678
     0100      8   00  00  00  00  00  00  00  00       5.0708
     0100      8   00  00  00  00  00  00  00  00       5.0738
     0100      8   00  00  00  00  00  00  00  00       5.0767
     0100      8   00  00  00  00  00  00  00  00       5.0797
     0100      8   00  00  00  00  00  00  00  00       5.0827
     0100      8   00  00  00  00  00  00  00  00       5.0857
     0100      8   00  00  00  00  00  00  00  00       5.0886
     0100      8   00  00  00  00  00  00  00  00       5.0916
     0100      8   00  00  00  00  00  00  00  00       5.0946
     0100      8   00  00  00  00  00  00  00  00       5.0976
     0100      8   00  00  00  00  00  00  00  00       5.1005
     0100      8   00  00  00  00  00  00  00  00       5.1035
     0100      8   00  00  00  00  00  00  00  00       5.1065
     0100      8   00  00  00  00  00  00  00  00       5.1095
     0100      8   00  00  00  00  00  00  00  00       5.1124
     0100      8   00  00  00  00  00  00  00  00       5.1154
     0100      8   00  00  00  00  00  00  00  00       5.1184
     0100      8   00  00  00  00  00  00  00  00       5.1213
     0100      8   00  00  00  00  00  00  00  00       5.1243
     0100      8   00  00  00  00  00  00  00  00       5.1273
     0100      8   00  00  00  00  00  00  00  00       5.1303
     0100      8   00  00  00  00  00  00  00  00       5.1332
     0100      8   00  00  00  00  00  00  00  00       5.1362
     0100      8   00  00  00  00  00  00  00  00       5.1392
     0100      8   00  00  00  00  00  00  00  00       5.1422
     0100      8   00  00  00  00  00  00  00  00       5.1451
     0100      8   00  00  00  00  00  00  00  00       5.1481
     0100      8   00  00  00  00  00  00  00  00       5.1511
     0100      8   00  00  00  00  00  00  00  00       5.1541
     0100      8   00  00  00  00  00  00  00  00       5.1570
     0100      8   00  00  00  00  00  00  00  00       5.1600
     0100      8   00  00  00  00  00  00  00  00       5.1630
     0100      8   00  00  00  00  00  00  00  00       5.1660
     0100      8   00  00  00  00  00  00  00  00       5.1689
     0100      8   00  00  00  00  00  00  00  00       5.1719
     0100      8   00  00  00  00  00  00  00  00       5.1749
     0100      8   00  00  00  00  00  00  00  00       5.1779
     0100      8   00  00  00  00  00  00  00  00       5.1808
     0100      8   00  00  00  00  00  00  00  00       5.1838
     0100      8   00  00  00  00  00  00  00  00       5.1868
     0100      8   00  00  00  00  00  00  00  00       5.1898
     0100      8   00  00  00  00  00  00  00  00       5.1927
     0100      8   00  00  00  00  00  00  00  00       5.1957
     0100      8   00  00  00  00  00  00  00  00       5.1987
     0100      8   00  00  00  00  00  00  00  00       5.2017
     0100      8   00  00  00  00  00  00  00  00       5.2046
     0100      8   00  00  00  00  00  00  00  00       5.2076
     0100      8   00  00  00  00  00  00  00  00       5.2106
     0100      8   00  00  00  00  00  00  00  00       5.2136
     0100      8   00  00  00  00  00  00  00  00       5.2165
     0100      8   00  00  00  00  00  00  00  00       5.2195
     0100      8   00  00  00  00  00  00  00  00       5.2225
     0100      8   00  00  00  00  00  00  00  00       5.2255
     0100      8   00  00  00  00  00  00  00  00       5.2284
     0100      8   00  00  00  00  00  00  00  00       5.2314
     0100      8   00  00  00  00  00  00  00  00       5.2344
     0100      8   00  00  00  00  00  00  00  00       5.2374
     0100      8   00  00  00  00  00  00  00  00       5.2403
     0100      8   00  00  00  00  00  00  00  00       5.2433
     0100      8   00  00  00  00  00  00  00  00       5.2463
     0100      8   00  00  00  00  00  00  00  00       5.2492
     0100      8   00  00  00  00  00  00  00  00       5.2522
     0100      8   00  00  00  00  00  00  00  00       5.2552
     0100      8   00  00  00  00  00  00  00  00       5.2582
     0100      8   00  00  00  00  00  00  00  00       5.2611
     0100      8   00  00  00  00  00  00  00  00       5.2641
     0100      8   00  00  00  00  00  00  00  00       5.2671
     0100      8   00  00  00  00  00  00  00  00       5.2701
     0100      8   00  00  00  00  00  00  00  00       5.2730
     0100      8   00  00  00  00  00  00  00  00       5.2760
     0100      8   00  00  00  00  00  00  00  00       5.2790
     0100      8   00  00  00  00  00  00  00  00       5.2820
     0100      8   00  00  00  00  00  00  00  00       5.2849
     0100      8   00  00  00  00  00  00  00  00       5.2879
     0100      8   00  00  00  00  00  00  00  00       5.2909
     0100      8   00  00  00  00  00  00  00  00       5.2939
     0100      8   00  00  00  00  00  00  00  00       5.2968
     0100      8   00  00  00  00  00  00  00  00       5.2998
     0100      8   00  00  00  00  00  00  00  00       5.3028
     0100      8   00  00  00  00  00  00  00  00       5.3058
     0100      8   00  00  00  00  00  00  00  00       5.3087
     0100      8   00  00  00  00  00  00  00  00       5.3117
     0100      8   00  00  00  00  00  00  00  00       5.3147
     0100      8   00  00  00  00  00  00  00  00       5.3177
     0100      8   00  00  00  00  00  00  00  00       5.3206
     0100      8   00  00  00  00  00  00  00  00       5.3236
     0100      8   00  00  00  00  00  00  00  00       5.3266
     0100      8   00  00  00  00  00  00  00  00       5.3296
     0100      8   00  00  00  00  00  00  00  00       5.3325
     0100      8   00  00  00  00  00  00  00  00       5.3355
     0100      8   00  00  00  00  00  00  00  00       5.3385
     0100      8   00  00  00  00  00  00  00  00       5.3414
     0100      8   00  00  00  00  00  00  00  00       5.3444
     0100      8   00  00  00  00  00  00  00  00       5.3474
     0100      8   00  00  00  00  00  00  00  00       5.3504
     0100      8   00  00  00  00  00  00  00  00       5.3533
     0100      8   00  00  00  00  00  00  00  00       5.3563
     0100      8   00  00  00  00  00  00  00  00       5.3593
     0100      8   00  00  00  00  00  00  00  00       5.3623
     0100      8   00  00  00  00  00  00  00  00       5.3652
     0100      8   00  00  00  00  00  00  00  00       5.3682
     0100      8   00  00  00  00  00  00  00  00       5.3712
     0100      8   00  00  00  00  00  00  00  00       5.3742
     0100      8   00  00  00  00  00  00  00  00       5.3771
     0100      8   00  00  00  00  00  00  00  00       5.3801
     0100      8   00  00  00  00  00  00  00  00       5.3831
     0100      8   00  00  00  00  00  00  00  00       5.3861
     0100      8   00  00  00  00  00  00  00  00       5.3890
     0100      8   00  00  00  00  00  00  00  00       5.3920
     0100      8   00  00  00  00  00  00  00  00       5.3950
     0100      8   00  00  00  00  00  00  00  00       5.3980
     0100      8   00  00  00  00  00  00  00  00       5.4009
     0100      8   00  00  00  00  00  00  00  00       5.4039
     0100      8   00  00  00  00  00  00  00  00       5.4069
     0100      8   00  00  00  00  00  00  00  00       5.4099
     0100      8   00  00  00  00  00  00  00  00       5.4128
     0100      8   00  00  00  00  00  00  00  00       5.4158
     0100      8   00  00  00  00  00  00  00  00       5.4188
     0100      8   00  00  00  00  00  00  00  00       5.4218
     0100      8   00  00  00  00  00  00  00  00       5.4247
     0100      8   00  00  00  00  00  00  00  00       5.4277
     0100      8   00  00  00  00  00  00  00  00       5.4307
     0100      8   00  00  00  00  00  00  00  00       5.4337
     0100      8   00  00  00  00  00  00  00  00       5.4366
     0100      8   00  00  00  00  00  00  00  00       5.4396
     0100      8   00  00  00  00  00  00  00  00       5.4426
     0100      8   00  00  00  00  00  00  00  00       5.4455
     0100      8   00  00  00  00  00  00  00  00       5.4485
     0100      8   00  00  00  00  00  00  00  00       5.4515
     0100      8   00  00  00  00  00  00  00  00       5.4545
     0100      8   00  00  00  00  00  00  00  00       5.4575
     0100      8   00  00  00  00  00  00  00  00       5.4604
     0100      8   00  00  00  00  00  00  00  00       5.4634
     0100      8   00  00  00  00  00  00  00  00       5.4664
     0100      8   00  00  00  00  00  00  00  00       5.4693
     0100      8   00  00  00  00  00  00  00  00       5.4723
     0100      8   00  00  00  00  00  00  00  00       5.4753
     0100      8   00  00  00  00  00  00  00  00       5.4783
     0100      8   00  00  00  00  00  00  00  00       5.4812
     0100      8   00  00  00  00  00  00  00  00       5.4842
     0100      8   00  00  00  00  00  00  00  00       5.4872
     0100      8   00  00  00  00  00  00  00  00       5.4902
     0100      8   00  00  00  00  00  00  00  00       5.4931
     0100      8   00  00  00  00  00  00  00  00       5.4961
     0100      8   00  00  00  00  00  00  00  00       5.4991
     0100      8   00  00  00  00  00  00  00  00       5.5021
     0100      8   00  00  00  00  00  00  00  00       5.5050
     0100      8   00  00  00  00  00  00  00  00       5.5080
     0100      8   00  00  00  00  00  00  00  00       5.5110
     0100      8   00  00  00  00  00  00  00  00       5.5140
     0100      8   00  00  00  00  00  00  00  00       5.5169
     0100      8   00  00  00  00  00  00  00  00       5.5199
     0100      8   00  00  00  00  00  00  00  00       5.5229
     0100      8   00  00  00  00  00  00  00  00       5.5259
     0100      8   00  00  00  00  00  00  00  00       5.5288
     0100      8   00  00  00  00  00  00  00  00       5.5318
     0100      8   00  00  00  00  00  00  00  00       5.5348
     0100      8   00  00  00  00  00  00  00  00       5.5378
     0100      8   00  00  00  00  00  00  00  00       5.5407
     0100      8   00  00  00  00  00  00  00  00       5.5437
     0100      8   00  00  00  00  00  00  00  00       5.5467
     0100      8   00  00  00  00  00  00  00  00       5.5497
     0100      8   00  00  00  00  00  00  00  00       5.5526
     0100      8   00  00  00  00  00  00  00  00       5.5556
     0100      8   00  00  00  00  00  00  00  00       5.5586
     0100      8   00  00  00  00  00  00  00  00       5.5615
     0100      8   00  00  00  00  00  00  00  00       5.5645
     0100      8   00  00  00  00  00  00  00  00       5.5675
     0100      8   00  00  00  00  00  00  00  00       5.5705
     0100      8   00  00  00  00  00  00  00  00       5.5734
     0100      8   00  00  00  00  00  00  00  00       5.5764
     0100      8   00  00  00  00  00  00  00  00       5.5794
     0100      8   00  00  00  00  00  00  00  00       5.5824
     0100      8   00  00  00  00  00  00  00  00       5.5853
     0100      8   00  00  00  00  00  00  00  00       5.5883
     0100      8   00  00  00  00  00  00  00  00       5.5913
     0100      8   00  00  00  00  00  00  00  00       5.5943
     0100      8   00  00  00  00  00  00  00  00       5.5972
     0100      8   00  00  00  00  00  00  00  00       5.6002
     0100      8   00  00  00  00  00  00  00  00       5.6032
     0100      8   00  00  00  00  00  00  00  00       5.6062
     0100      8   00  00  00  00  00  00  00  00       5.6091
     0100      8   00  00  00  00  00  00  00  00       5.6121
     0100      8   00  00  00  00  00  00  00  00       5.6151
     0100      8   00  00  00  00  00  00  00  00       5.6181
     0100      8   00  00  00  00  00  00  00  00       5.6210
     0100      8   00  00  00  00  00  00  00  00       5.6240
     0100      8   00  00  00  00  00  00  00  00       5.6270
     0100      8   00  00  00  00  00  00  00  00       5.6300
     0100      8   00  00  00  00  00  00  00  00       5.6329
     0100      8   00  00  00  00  00  00  00  00       5.6359
     0100      8   00  00  00  00  00  00  00  00       5.6389
     0100      8   00  00  00  00  00  00  00  00       5.6419
     0100      8   00  00  00  00  00  00  00  00       5.6448
     0100      8   00  00  00  00  00  00  00  00       5.6478
     0100      8   00  00  00  00  00  00  00  00       5.6508
     0100      8   00  00  00  00  00  00  00  00       5.6538
     0100      8   00  00  00  00  00  00  00  00       5.6567
     0100      8   00  00  00  00  00  00  00  00       5.6597
     0100      8   00  00  00  00  00  00  00  00       5.6627
     0100      8   00  00  00  00  00  00  00  00       5.6656
     0100      8   00  00  00  00  00  00  00  00       5.6686
     0100      8   00  00  00  00  00  00  00  00       5.6716
     0100      8   00  00  00  00  00  00  00  00       5.6746
     0100      8   00  00  00  00  00  00  00  00       5.6776
     0100      8   00  00  00  00  00  00  00  00       5.6805
     0100      8   00  00  00  00  00  00  00  00       5.6835
     0100      8   00  00  00  00  00  00  00  00       5.6865
     0100      8   00  00  00  00  00  00  00  00       5.6894
     0100      8   00  00  00  00  00  00  00  00       5.6924
     0100      8   00  00  00  00  00  00  00  00       5.6954
     0100      8   00  00  00  00  00  00  00  00       5.6984
     0100      8   00  00  00  00  00  00  00  00       5.7013
     0100      8   00  00  00  00  00  00  00  00       5.7043
     0100      8   00  00  00  00  00  00  00  00       5.7073
     0100      8   00  00  00  00  00  00  00  00       5.7103
     0100      8   00  00  00  00  00  00  00  00       5.7132
     0100      8   00  00  00  00  00  00  00  00       5.7162
     0100      8   00  00  00  00  00  00  00  00       5.7192
     0100      8   00  00  00  00  00  00  00  00       5.7222
     0100      8   00  00  00  00  00  00  00  00       5.7251
     0100      8   00  00  00  00  00  00  00  00       5.7281
     0100      8   00  00  00  00  00  00  00  00       5.7311
     0100      8   00  00  00  00  00  00  00  00       5.7341
     0100      8   00  00  00  00  00  00  00  00       5.7370
     0100      8   00  00  00  00  00  00  00  00       5.7400
     0100      8   00  00  00  00  00  00  00  00       5.7430
     0100      8   00  00  00  00  00  00  00  00       5.7460
     0100      8   00  00  00  00  00  00  00  00       5.7489
     0100      8   00  00  00  00  00  00  00  00       5.7519
     0100      8   00  00  00  00  00  00  00  00       5.7549
     0100      8   00  00  00  00  00  00  00  00       5.7579
     0100      8   00  00  00  00  00  00  00  00       5.7608
     0100      8   00  00  00  00  00  00  00  00       5.7638
     0100      8   00  00  00  00  00  00  00  00       5.7668
     0100      8   00  00  00  00  00  00  00  00       5.7698
     0100      8   00  00  00  00  00  00  00  00       5.7727
     0100      8   00  00  00  00  00  00  00  00       5.7757
     0100      8   00  00  00  00  00  00  00  00       5.7787
     0100      8   00  00  00  00  00  00  00  00       5.7816
     0100      8   00  00  00  00  00  00  00  00       5.7846
     0100      8   00  00  00  00  00  00  00  00       5.7876
     0100      8   00  00  00  00  00  00  00  00       5.7906
     0100      8   00  00  00  00  00  00  00  00       5.7935
     0100      8   00  00  00  00  00  00  00  00       5.7965
     0100      8   00  00  00  00  00  00  00  00       5.7995
     0100      8   00  00  00  00  00  00  00  00       5.8025
     0100      8   00  00  00  00  00  00  00  00       5.8054
     0100      8   00  00  00  00  00  00  00  00       5.8084
     0100      8   00  00  00  00  00  00  00  00       5.8114
     0100      8   00  00  00  00  00  00  00  00       5.8144
     0100      8   00  00  00  00  00  00  00  00       5.8173
     0100      8   00  00  00  00  00  00  00  00       5.8203
     0100      8   00  00  00  00  00  00  00  00       5.8233
     0100      8   00  00  00  00  00  00  00  00       5.8263
     0100      8   00  00  00  00  00  00  00  00       5.8292
     0100      8   00  00  00  00  00  00  00  00       5.8322
     0100      8   00  00  00  00  00  00  00  00       5.8352
     0100      8   00  00  00  00  00  00  00  00       5.8382
     0100      8   00  00  00  00  00  00  00  00       5.8411
     0100      8   00  00  00  00  00  00  00  00       5.8441
     0100      8   00  00  00  00  00  00  00  00       5.8471
     0100      8   00  00  00  00  00  00  00  00       5.8501
     0100      8   00  00  00  00  00  00  00  00       5.8530
     0100      8   00  00  00  00  00  00  00  00       5.8560
     0100      8   00  00  00  00  00  00  00  00       5.8590
     0100      8   00  00  00  00  00  00  00  00       5.8620
     0100      8   00  00  00  00  00  00  00  00       5.8649
     0100      8   00  00  00  00  00  00  00  00       5.8679
     0100      8   00  00  00  00  00  00  00  00       5.8709
     0100      8   00  00  00  00  00  00  00  00       5.8739
     0100      8   00  00  00  00  00  00  00  00       5.8768
     0100      8   00  00  00  00  00  00  00  00       5.8798
     0100      8   00  00  00  00  00  00  00  00       5.8828
     0100      8   00  00  00  00  00  00  00  00       5.8857
     0100      8   00  00  00  00  00  00  00  00       5.8887
     0100      8   00  00  00  00  00  00  00  00       5.8917
     0100      8   00  00  00  00  00  00  00  00       5.8947
     0100      8   00  00  00  00  00  00  00  00       5.8977
     0100      8   00  00  00  00  00  00  00  00       5.9006
     0100      8   00  00  00  00  00  00  00  00       5.9036
     0100      8   00  00  00  00  00  00  00  00       5.9066
     0100      8   00  00  00  00  00  00  00  00       5.9095
     0100      8   00  00  00  00  00  00  00  00       5.9125
     0100      8   00  00  00  00  00  00  00  00       5.9155
     0100      8   00  00  00  00  00  00  00  00       5.9185
     0100      8   00  00  00  00  00  00  00  00       5.9214
     0100      8   00  00  00  00  00  00  00  00       5.9244
     0100      8   00  00  00  00  00  00  00  00       5.9274
     0100      8   00  00  00  00  00  00  00  00       5.9304
     0100      8   00  00  00  00  00  00  00  00       5.9333
     0100      8   00  00  00  00  00  00  00  00       5.9363
     0100      8   00  00  00  00  00  00  00  00       5.9393
     0100      8   00  00  00  00  00  00  00  00       5.9423
     0100      8   00  00  00  00  00  00  00  00       5.9452
     0100      8   00  00  00  00  00  00  00  00       5.9482
     0100      8   00  00  00  00  00  00  00  00       5.9512
     0100      8   00  00  00  00  00  00  00  00       5.9542
     0100      8   00  00  00  00  00  00  00  00       5.9571
     0100      8   00  00  00  00  00  00  00  00       5.9601
     0100      8   00  00  00  00  00  00  00  00       5.9631
     0100      8   00  00  00  00  00  00  00  00       5.9661
     0100      8   00  00  00  00  00  00  00  00       5.9690
     0100      8   00  00  00  00  00  00  00  00       5.9720
     0100      8   00  00  00  00  00  00  00  00       5.9750
     0100      8   00  00  00  00  00  00  00  00       5.9780
     0100      8   00  00  00  00  00  00  00  00       5.9809
     0100      8   00  00  00  00  00  00  00  00       5.9839
     0100      8   00  00  00  00  00  00  00  00       5.9869
     0100      8   00  00  00  00  00  00  00  00       5.9899
     0100      8   00  00  00  00  00  00  00  00       5.9928
     0100      8   00  00  00  00  00  00  00  00       5.9958
     0100      8   00  00  00  00  00  00  00  00       5.9988
     0100      8   00  00  00  00  00  00  00  00       6.0017
     0100      8   00  00  00  00  00  00  00  00       6.0047
     0100      8   00  00  00  00  00  00  00  00       6.0077
     0100      8   00  00  00  00  00  00  00  00       6.0107
     0100      8   00  00  00  00  00  00  00  00       6.0136
     0100      8   00  00  00  00  00  00  00  00       6.0166
     0100      8   00  00  00  00  00  00  00  00       6.0196
     0100      8   00  00  00  00  00  00  00  00       6.0226
     0100      8   00  00  00  00  00  00  00  00       6.0255
     0100      8   00  00  00  00  00  00  00  00       6.0285
     0100      8   00  00  00  00  00  00  00  00       6.0315
     0100      8   00  00  00  00  00  00  00  00       6.0345
     0100      8   00  00  00  00  00  00  00  00       6.0374
     0100      8   00  00  00  00  00  00  00  00       6.0404
     0100      8   00  00  00  00  00  00  00  00       6.0434
     0100      8   00  00  00  00  00  00  00  00       6.0464
     0100      8   00  00  00  00  00  00  00  00       6.0493
     0100      8   00  00  00  00  00  00  00  00       6.0523
     0100      8   00  00  00  00  00  00  00  00       6.0553
     0100      8   00  00  00  00  00  00  00  00       6.0583
     0100      8   00  00  00  00  00  00  00  00       6.0612
     0100      8   00  00  00  00  00  00  00  00       6.0642
     0100      8   00  00  00  00  00  00  00  00       6.0672
     0100      8   00  00  00  00  00  00  00  00       6.0702
     0100      8   00  00  00  00  00  00  00  00       6.0731
     0100      8   00  00  00  00  00  00  00  00       6.0761
     0100      8   00  00  00  00  00  00  00  00       6.0791
     0100      8   00  00  00  00  00  00  00  00       6.0821
     0100      8   00  00  00  00  00  00  00  00       6.0850
     0100      8   00  00  00  00  00  00  00  00       6.0880
     0100      8   00  00  00  00  00  00  00  00       6.0910
     0100      8   00  00  00  00  00  00  00  00       6.0940
     0100      8   00  00  00  00  00  00  00  00       6.0969
     0100      8   00  00  00  00  00  00  00  00       6.0999
     0100      8   00  00  00  00  00  00  00  00       6.1029
     0100      8   00  00  00  00  00  00  00  00       6.1058
     0100      8   00  00  00  00  00  00  00  00       6.1088
     0100      8   00  00  00  00  00  00  00  00       6.1118
     0100      8   00  00  00  00  00  00  00  00       6.1148
     0100      8   00  00  00  00  00  00  00  00       6.1178
     0100      8   00  00  00  00  00  00  00  00       6.1207
     0100      8   00  00  00  00  00  00  00  00       6.1237
     0100      8   00  00  00  00  00  00  00  00       6.1267
     0100      8   00  00  00  00  00  00  00  00       6.1296
     0100      8   00  00  00  00  00  00  00  00       6.1326
     0100      8   00  00  00  00  00  00  00  00       6.1356
     0100      8   00  00  00  00  00  00  00  00       6.1386
     0100      8   00  00  00  00  00  00  00  00       6.1415
     0100      8   00  00  00  00  00  00  00  00       6.1445
     0100      8   00  00  00  00  00  00  00  00       6.1475
     0100      8   00  00  00  00  00  00  00  00       6.1505
     0100      8   00  00  00  00  00  00  00  00       6.1534
     0100      8   00  00  00  00  00  00  00  00       6.1564
     0100      8   00  00  00  00  00  00  00  00       6.1594
     0100      8   00  00  00  00  00  00  00  00       6.1624
     0100      8   00  00  00  00  00  00  00  00       6.1653
     0100      8   00  00  00  00  00  00  00  00       6.1683
     0100      8   00  00  00  00  00  00  00  00       6.1713
     0100      8   00  00  00  00  00  00  00  00       6.1743
     0100      8   00  00  00  00  00  00  00  00       6.1772
     0100      8   00  00  00  00  00  00  00  00       6.1802
     0100      8   00  00  00  00  00  00  00  00       6.1832
     0100      8   00  00  00  00  00  00  00  00       6.1862
     0100      8   00  00  00  00  00  00  00  00       6.1891
     0100      8   00  00  00  00  00  00  00  00       6.1921
     0100      8   00  00  00  00  00  00  00  00       6.1951
     0100      8   00  00  00  00  00  00  00  00       6.1981
     0100      8   00  00  00  00  00  00  00  00       6.2010
     0100      8   00  00  00  00  00  00  00  00       6.2040
     0100      8   00  00  00  00  00  00  00  00       6.2070
     0100      8   00  00  00  00  00  00  00  00       6.2100
     0100      8   00  00  00  00  00  00  00  00       6.2129
     0100      8   00  00  00  00  00  00  00  00       6.2159
     0100      8   00  00  00  00  00  00  00  00       6.2189
     0100      8   00  00  00  00  00  00  00  00       6.2218
     0100      8   00  00  00  00  00  00  00  00       6.2248
     0100      8   00  00  00  00  00  00  00  00       6.2278
     0100      8   00  00  00  00  00  00  00  00       6.2308
     0100      8   00  00  00  00  00  00  00  00       6.2337
     0100      8   00  00  00  00  00  00  00  00       6.2367
     0100      8   00  00  00  00  00  00  00  00       6.2397
     0100      8   00  00  00  00  00  00  00  00       6.2427
     0100      8   00  00  00  00  00  00  00  00       6.2456
     0100      8   00  00  00  00  00  00  00  00       6.2486
     0100      8   00  00  00  00  00  00  00  00       6.2516
     0100      8   00  00  00  00  00  00  00  00       6.2546
     0100      8   00  00  00  00  00  00  00  00       6.2575
     0100      8   00  00  00  00  00  00  00  00       6.2605
     0100      8   00  00  00  00  00  00  00  00       6.2635
     0100      8   00  00  00  00  00  00  00  00       6.2665
     0100      8   00  00  00  00  00  00  00  00       6.2694
     0100      8   00  00  00  00  00  00  00  00       6.2724
     0100      8   00  00  00  00  00  00  00  00       6.2754
     0100      8   00  00  00  00  00  00  00  00       6.2784
     0100      8   00  00  00  00  00  00  00  00       6.2813
     0100      8   00  00  00  00  00  00  00  00       6.2843
     0100      8   00  00  00  00  00  00  00  00       6.2873
     0100      8   00  00  00  00  00  00  00  00       6.2903
     0100      8   00  00  00  00  00  00  00  00       6.2932
     0100      8   00  00  00  00  00  00  00  00       6.2962
     0100      8   00  00  00  00  00  00  00  00       6.2992
     0100      8   00  00  00  00  00  00  00  00       6.3022
     0100      8   00  00  00  00  00  00  00  00       6.3051
     0100      8   00  00  00  00  00  00  00  00       6.3081
     0100      8   00  00  00  00  00  00  00  00       6.3111
     0100      8   00  00  00  00  00  00  00  00       6.3141
     0100      8   00  00  00  00  00  00  00  00       6.3170
     0100      8   00  00  00  00  00  00  00  00       6.3200
     0100      8   00  00  00  00  00  00  00  00       6.3230
     0100      8   00  00  00  00  00  00  00  00       6.3259
     0100      8   00  00  00  00  00  00  00  00       6.3289
     0100      8   00  00  00  00  00  00  00  00       6.3319
     0100      8   00  00  00  00  00  00  00  00       6.3349
     0100      8   00  00  00  00  00  00  00  00       6.3379
     0100      8   00  00  00  00  00  00  00  00       6.3408
     0100      8   00  00  00  00  00  00  00  00       6.3438
     0100      8   00  00  00  00  00  00  00  00       6.3468
     0100      8   00  00  00  00  00  00  00  00       6.3497
     0100      8   00  00  00  00  00  00  00  00       6.3527
     0100      8   00  00  00  00  00  00  00  00       6.3557
     0100      8   00  00  00  00  00  00  00  00       6.3587
     0100      8   00  00  00  00  00  00  00  00       6.3616
     0100      8   00  00  00  00  00  00  00  00       6.3646
     0100      8   00  00  00  00  00  00  00  00       6.3676
     0100      8   00  00  00  00  00  00  00  00       6.3706
     0100      8   00  00  00  00  00  00  00  00       6.3735
     0100      8   00  00  00  00  00  00  00  00       6.3765
     0100      8   00  00  00  00  00  00  00  00       6.3795
     0100      8   00  00  00  00  00  00  00  00       6.3825
     0100      8   00  00  00  00  00  00  00  00       6.3854
     0100      8   00  00  00  00  00  00  00  00       6.3884
     0100      8   00  00  00  00  00  00  00  00       6.3914
     0100      8   00  00  00  00  00  00  00  00       6.3944
     0100      8   00  00  00  00  00  00  00  00       6.3973
     0100      8   00  00  00  00  00  00  00  00       6.4003
     0100      8   00  00  00  00  00  00  00  00       6.4033
     0100      8   00  00  00  00  00  00  00  00       6.4063
     0100      8   00  00  00  00  00  00  00  00       6.4092
     0100      8   00  00  00  00  00  00  00  00       6.4122
     0100      8   00  00  00  00  00  00  00  00       6.4152
     0100      8   00  00  00  00  00  00  00  00       6.4182
     0100      8   00  00  00  00  00  00  00  00       6.4211
     0100      8   00  00  00  00  00  00  00  00       6.4241
     0100      8   00  00  00  00  00  00  00  00       6.4271
     0100      8   00  00  00  00  00  00  00  00       6.4301
     0100      8   00  00  00  00  00  00  00  00       6.4330
     0100      8   00  00  00  00  00  00  00  00       6.4360
     0100      8   00  00  00  00  00  00  00  00       6.4390
     0100      8   00  00  00  00  00  00  00  00       6.4419
     0100      8   00  00  00  00  00  00  00  00       6.4449
     0100      8   00  00  00  00  00  00  00  00       6.4479
     0100      8   00  00  00  00  00  00  00  00       6.4509
     0100      8   00  00  00  00  00  00  00  00       6.4538
     0100      8   00  00  00  00  00  00  00  00       6.4568
     0100      8   00  00  00  00  00  00  00  00       6.4598
     0100      8   00  00  00  00  00  00  00  00       6.4628
     0100      8   00  00  00  00  00  00  00  00       6.4657
     0100      8   00  00  00  00  00  00  00  00       6.4687
     0100      8   00  00  00  00  00  00  00  00       6.4717
     0100      8   00  00  00  00  00  00  00  00       6.4747
     0100      8   00  00  00  00  00  00  00  00       6.4776
     0100      8   00  00  00  00  00  00  00  00       6.4806
     0100      8   00  00  00  00  00  00  00  00       6.4836
     0100      8   00  00  00  00  00  00  00  00       6.4866
     0100      8   00  00  00  00  00  00  00  00       6.4895
     0100      8   00  00  00  00  00  00  00  00       6.4925
     0100      8   00  00  00  00  00  00  00  00       6.4955
     0100      8   00  00  00  00  00  00  00  00       6.4985
     0100      8   00  00  00  00  00  00  00  00       6.5014
     0100      8   00  00  00  00  00  00  00  00       6.5044
     0100      8   00  00  00  00  00  00  00  00       6.5074
     0100      8   00  00  00  00  00  00  00  00       6.5104
     0100      8   00  00  00  00  00  00  00  00       6.5133
     0100      8   00  00  00  00  00  00  00  00       6.5163
     0100      8   00  00  00  00  00  00  00  00       6.5193
     0100      8   00  00  00  00  00  00  00  00       6.5223
     0100      8   00  00  00  00  00  00  00  00       6.5252
     0100      8   00  00  00  00  00  00  00  00       6.5282
     0100      8   00  00  00  00  00  00  00  00       6.5312
     0100      8   00  00  00  00  00  00  00  00       6.5342
     0100      8   00  00  00  00  00  00  00  00       6.5371
     0100      8   00  00  00  00  00  00  00  00       6.5401
     0100      8   00  00  00  00  00  00  00  00       6.5431
     0100      8   00  00  00  00  00  00  00  00       6.5460
     0100      8   00  00  00  00  00  00  00  00       6.5490
     0100      8   00  00  00  00  00  00  00  00       6.5520
     0100      8   00  00  00  00  00  00  00  00       6.5550
     0100      8   00  00  00  00  00  00  00  00       6.5580
     0100      8   00  00  00  00  00  00  00  00       6.5609
     0100      8   00  00  00  00  00  00  00  00       6.5639
     0100      8   00  00  00  00  00  00  00  00       6.5669
     0100      8   00  00  00  00  00  00  00  00       6.5698
     0100      8   00  00  00  00  00  00  00  00       6.5728
     0100      8   00  00  00  00  00  00  00  00       6.5758
     0100      8   00  00  00  00  00  00  00  00       6.5788
     0100      8   00  00  00  00  00  00  00  00       6.5817
     0100      8   00  00  00  00  00  00  00  00       6.5847
     0100      8   00  00  00  00  00  00  00  00       6.5877
     0100      8   00  00  00  00  00  00  00  00       6.5907
     0100      8   00  00  00  00  00  00  00  00       6.5936
     0100      8   00  00  00  00  00  00  00  00       6.5966
     0100      8   00  00  00  00  00  00  00  00       6.5996
     0100      8   00  00  00  00  00  00  00  00       6.6026
     0100      8   00  00  00  00  00  00  00  00       6.6055
     0100      8   00  00  00  00  00  00  00  00       6.6085
     0100      8   00  00  00  00  00  00  00  00       6.6115
     0100      8   00  00  00  00  00  00  00  00       6.6145
     0100      8   00  00  00  00  00  00  00  00       6.6174
     0100      8   00  00  00  00  00  00  00  00       6.6204
     0100      8   00  00  00  00  00  00  00  00       6.6234
     0100      8   00  00  00  00  00  00  00  00       6.6264
     0100      8   00  00  00  00  00  00  00  00       6.6293
     0100      8   00  00  00  00  00  00  00  00       6.6323
     0100      8   00  00  00  00  00  00  00  00       6.6353
     0100      8   00  00  00  00  00  00  00  00       6.6383
     0100      8   00  00  00  00  00  00  00  00       6.6412
     0100      8   00  00  00  00  00  00  00  00       6.6442
     0100      8   00  00  00  00  00  00  00  00       6.6472
     0100      8   00  00  00  00  00  00  00  00       6.6502
     0100      8   00  00  00  00  00  00  00  00       6.6531
     0100      8   00  00  00  00  00  00  00  00       6.6561
     0100      8   00  00  00  00  00  00  00  00       6.6591
     0100      8   00  00  00  00  00  00  00  00       6.6620
     0100      8   00  00  00  00  00  00  00  00       6.6650
     0100      8   00  00  00  00  00  00  00  00       6.6680
     0100      8   00  00  00  00  00  00  00  00       6.6710
     0100      8   00  00  00  00  00  00  00  00       6.6739
     0100      8   00  00  00  00  00  00  00  00       6.6769
     0100      8   00  00  00  00  00  00  00  00       6.6799
     0100      8   00  00  00  00  00  00  00  00       6.6829
     0100      8   00  00  00  00  00  00  00  00       6.6858
     0100      8   00  00  00  00  00  00  00  00       6.6888
     0100      8   00  00  00  00  00  00  00  00       6.6918
     0100      8   00  00  00  00  00  00  00  00       6.6948
     0100      8   00  00  00  00  00  00  00  00       6.6977
     0100      8   00  00  00  00  00  00  00  00       6.7007
     0100      8   00  00  00  00  00  00  00  00       6.7037
     0100      8   00  00  00  00  00  00  00  00       6.7067
     0100      8   00  00  00  00  00  00  00  00       6.7096
     0100      8   00  00  00  00  00  00  00  00       6.7126
     0100      8   00  00  00  00  00  00  00  00       6.7156
     0100      8   00  00  00  00  00  00  00  00       6.7186
     0100      8   00  00  00  00  00  00  00  00       6.7215
     0100      8   00  00  00  00  00  00  00  00       6.7245
     0100      8   00  00  00  00  00  00  00  00       6.7275
     0100      8   00  00  00  00  00  00  00  00       6.7305
     0100      8   00  00  00  00  00  00  00  00       6.7334
     0100      8   00  00  00  00  00  00  00  00       6.7364
     0100      8   00  00  00  00  00  00  00  00       6.7394
     0100      8   00  00  00  00  00  00  00  00       6.7424
     0100      8   00  00  00  00  00  00  00  00       6.7453
     0100      8   00  00  00  00  00  00  00  00       6.7483
     0100      8   00  00  00  00  00  00  00  00       6.7513
     0100      8   00  00  00  00  00  00  00  00       6.7543
     0100      8   00  00  00  00  00  00  00  00       6.7572
     0100      8   00  00  00  00  00  00  00  00       6.7602
     0100      8   00  00  00  00  00  00  00  00       6.7632
     0100      8   00  00  00  00  00  00  00  00       6.7661
     0100      8   00  00  00  00  00  00  00  00       6.7691
     0100      8   00  00  00  00  00  00  00  00       6.7721
     0100      8   00  00  00  00  00  00  00  00       6.7751
     0100      8   00  00  00  00  00  00  00  00       6.7781
     0100      8   00  00  00  00  00  00  00  00       6.7810
     0100      8   00  00  00  00  00  00  00  00       6.7840
     0100      8   00  00  00  00  00  00  00  00       6.7870
     0100      8   00  00  00  00  00  00  00  00       6.7899
     0100      8   00  00  00  00  00  00  00  00       6.7929
     0100      8   00  00  00  00  00  00  00  00       6.7959
     0100      8   00  00  00  00  00  00  00  00       6.7989
     0100      8   00  00  00  00  00  00  00  00       6.8018
     0100      8   00  00  00  00  00  00  00  00       6.8048
     0100      8   00  00  00  00  00  00  00  00       6.8078
     0100      8   00  00  00  00  00  00  00  00       6.8108
     0100      8   00  00  00  00  00  00  00  00       6.8137
     0100      8   00  00  00  00  00  00  00  00       6.8167
     0100      8   00  00  00  00  00  00  00  00       6.8197
     0100      8   00  00  00  00  00  00  00  00       6.8227
     0100      8   00  00  00  00  00  00  00  00       6.8256
     0100      8   00  00  00  00  00  00  00  00       6.8286
     0100      8   00  00  00  00  00  00  00  00       6.8316
     0100      8   00  00  00  00  00  00  00  00       6.8346
     0100      8   00  00  00  00  00  00  00  00       6.8375
     0100      8   00  00  00  00  00  00  00  00       6.8405
     0100      8   00  00  00  00  00  00  00  00       6.8435
     0100      8   00  00  00  00  00  00  00  00       6.8465
     0100      8   00  00  00  00  00  00  00  00       6.8494
     0100      8   00  00  00  00  00  00  00  00       6.8524
     0100      8   00  00  00  00  00  00  00  00       6.8554
     0100      8   00  00  00  00  00  00  00  00       6.8584
     0100      8   00  00  00  00  00  00  00  00       6.8613
     0100      8   00  00  00  00  00  00  00  00       6.8643
     0100      8   00  00  00  00  00  00  00  00       6.8673
     0100      8   00  00  00  00  00  00  00  00       6.8703
     0100      8   00  00  00  00  00  00  00  00       6.8732
     0100      8   00  00  00  00  00  00  00  00       6.8762
     0100      8   00  00  00  00  00  00  00  00       6.8792
     0100      8   00  00  00  00  00  00  00  00       6.8821
     0100      8   00  00  00  00  00  00  00  00       6.8851
     0100      8   00  00  00  00  00  00  00  00       6.8881
     0100      8   00  00  00  00  00  00  00  00       6.8911
     0100      8   00  00  00  00  00  00  00  00       6.8940
     0100      8   00  00  00  00  00  00  00  00       6.8970
     0100      8   00  00  00  00  00  00  00  00       6.9000
     0100      8   00  00  00  00  00  00  00  00       6.9030
     0100      8   00  00  00  00  00  00  00  00       6.9059
     0100      8   00  00  00  00  00  00  00  00       6.9089
     0100      8   00  00  00  00  00  00  00  00       6.9119
     0100      8   00  00  00  00  00  00  00  00       6.9149
     0100      8   00  00  00  00  00  00  00  00       6.9178
     0100      8   00  00  00  00  00  00  00  00       6.9208
     0100      8   00  00  00  00  00  00  00  00       6.9238
     0100      8   00  00  00  00  00  00  00  00       6.9268
     0100      8   00  00  00  00  00  00  00  00       6.9297
     0100      8   00  00  00  00  00  00  00  00       6.9327
     0100      8   00  00  00  00  00  00  00  00       6.9357
     0100      8   00  00  00  00  00  00  00  00       6.9387
     0100      8   00  00  00  00  00  00  00  00       6.9416
     0100      8   00  00  00  00  00  00  00  00       6.9446
     0100      8   00  00  00  00  00  00  00  00       6.9476
     0100      8   00  00  00  00  00  00  00  00       6.9506
     0100      8   00  00  00  00  00  00  00  00       6.9535
     0100      8   00  00  00  00  00  00  00  00       6.9565
     0100      8   00  00  00  00  00  00  00  00       6.9595
     0100      8   00  00  00  00  00  00  00  00       6.9625
     0100      8   00  00  00  00  00  00  00  00       6.9654
     0100      8   00  00  00  00  00  00  00  00       6.9684
     0100      8   00  00  00  00  00  00  00  00       6.9714
     0100      8   00  00  00  00  00  00  00  00       6.9744
     0100      8   00  00  00  00  00  00  00  00       6.9773
     0100      8   00  00  00  00  00  00  00  00       6.9803
     0100      8   00  00  00  00  00  00  00  00       6.9833
     0100      8   00  00  00  00  00  00  00  00       6.9862
     0100      8   00  00  00  00  00  00  00  00       6.9892
     0100      8   00  00  00  00  00  00  00  00       6.9922
     0100      8   00  00  00  00  00  00  00  00       6.9952
     0100      8   00  00  00  00  00  00  00  00       6.9982
     0100      8   00  00  00  00  00  00  00  00       7.0011
     0100      8   00  00  00  00  00  00  00  00       7.0041
     0100      8   00  00  00  00  00  00  00  00       7.0071
     0100      8   00  00  00  00  00  00  00  00       7.0100
     0100      8   00  00  00  00  00  00  00  00       7.0130
     0100      8   00  00  00  00  00  00  00  00       7.0160
     0100      8   00  00  00  00  00  00  00  00       7.0190
     0100      8   00  00  00  00  00  00  00  00       7.0219
     0100      8   00  00  00  00  00  00  00  00       7.0249
     0100      8   00  00  00  00  00  00  00  00       7.0279
     0100      8   00  00  00  00  00  00  00  00       7.0309
     0100      8   00  00  00  00  00  00  00  00       7.0338
     0100      8   00  00  00  00  00  00  00  00       7.0368
     0100      8   00  00  00  00  00  00  00  00       7.0398
     0100      8   00  00  00  00  00  00  00  00       7.0428
     0100      8   00  00  00  00  00  00  00  00       7.0457
     0100      8   00  00  00  00  00  00  00  00       7.0487
     0100      8   00  00  00  00  00  00  00  00       7.0517
     0100      8   00  00  00  00  00  00  00  00       7.0547
     0100      8   00  00  00  00  00  00  00  00       7.0576
     0100      8   00  00  00  00  00  00  00  00       7.0606
     0100      8   00  00  00  00  00  00  00  00       7.0636
     0100      8   00  00  00  00  00  00  00  00       7.0666
     0100      8   00  00  00  00  00  00  00  00       7.0695
     0100      8   00  00  00  00  00  00  00  00       7.0725
     0100      8   00  00  00  00  00  00  00  00       7.0755
     0100      8   00  00  00  00  00  00  00  00       7.0785
     0100      8   00  00  00  00  00  00  00  00       7.0814
     0100      8   00  00  00  00  00  00  00  00       7.0844
     0100      8   00  00  00  00  00  00  00  00       7.0874
     0100      8   00  00  00  00  00  00  00  00       7.0904
     0100      8   00  00  00  00  00  00  00  00       7.0933
     0100      8   00  00  00  00  00  00  00  00       7.0963
     0100      8   00  00  00  00  00  00  00  00       7.0993
     0100      8   00  00  00  00  00  00  00  00       7.1022
     0100      8   00  00  00  00  00  00  00  00       7.1052
     0100      8   00  00  00  00  00  00  00  00       7.1082
     0100      8   00  00  00  00  00  00  00  00       7.1112
     0100      8   00  00  00  00  00  00  00  00       7.1141
     0100      8   00  00  00  00  00  00  00  00       7.1171
     0100      8   00  00  00  00  00  00  00  00       7.1201
     0100      8   00  00  00  00  00  00  00  00       7.1231
     0100      8   00  00  00  00  00  00  00  00       7.1260
     0100      8   00  00  00  00  00  00  00  00       7.1290
     0100      8   00  00  00  00  00  00  00  00       7.1320
     0100      8   00  00  00  00  00  00  00  00       7.1350
     0100      8   00  00  00  00  00  00  00  00       7.1379
     0100      8   00  00  00  00  00  00  00  00       7.1409
     0100      8   00  00  00  00  00  00  00  00       7.1439
     0100      8   00  00  00  00  00  00  00  00       7.1469
     0100      8   00  00  00  00  00  00  00  00       7.1498
     0100      8   00  00  00  00  00  00  00  00       7.1528
     0100      8   00  00  00  00  00  00  00  00       7.1558
     0100      8   00  00  00  00  00  00  00  00       7.1588
     0100      8   00  00  00  00  00  00  00  00       7.1617
     0100      8   00  00  00  00  00  00  00  00       7.1647
     0100      8   00  00  00  00  00  00  00  00       7.1677
     0100      8   00  00  00  00  00  00  00  00       7.1707
     0100      8   00  00  00  00  00  00  00  00       7.1736
     0100      8   00  00  00  00  00  00  00  00       7.1766
     0100      8   00  00  00  00  00  00  00  00       7.1796
     0100      8   00  00  00  00  00  00  00  00       7.1826
     0100      8   00  00  00  00  00  00  00  00       7.1855
     0100      8   00  00  00  00  00  00  00  00       7.1885
     0100      8   00  00  00  00  00  00  00  00       7.1915
     0100      8   00  00  00  00  00  00  00  00       7.1945
     0100      8   00  00  00  00  00  00  00  00       7.1974
     0100      8   00  00  00  00  00  00  00  00       7.2004
     0100      8   00  00  00  00  00  00  00  00       7.2034
     0100      8   00  00  00  00  00  00  00  00       7.2063
     0100      8   00  00  00  00  00  00  00  00       7.2093
     0100      8   00  00  00  00  00  00  00  00       7.2123
     0100      8   00  00  00  00  00  00  00  00       7.2153
     0100      8   00  00  00  00  00  00  00  00       7.2182
     0100      8   00  00  00  00  00  00  00  00       7.2212
     0100      8   00  00  00  00  00  00  00  00       7.2242
     0100      8   00  00  00  00  00  00  00  00       7.2272
     0100      8   00  00  00  00  00  00  00  00       7.2301
     0100      8   00  00  00  00  00  00  00  00       7.2331
     0100      8   00  00  00  00  00  00  00  00       7.2361
     0100      8   00  00  00  00  00  00  00  00       7.2391
     0100      8   00  00  00  00  00  00  00  00       7.2420
     0100      8   00  00  00  00  00  00  00  00       7.2450
     0100      8   00  00  00  00  00  00  00  00       7.2480
     0100      8   00  00  00  00  00  00  00  00       7.2510
     0100      8   00  00  00  00  00  00  00  00       7.2539
     0100      8   00  00  00  00  00  00  00  00       7.2569
     0100      8   00  00  00  00  00  00  00  00       7.2599
     0100      8   00  00  00  00  00  00  00  00       7.2629
     0100      8   00  00  00  00  00  00  00  00       7.2658
     0100      8   00  00  00  00  00  00  00  00       7.2688
     0100      8   00  00  00  00  00  00  00  00       7.2718
     0100      8   00  00  00  00  00  00  00  00       7.2748
     0100      8   00  00  00  00  00  00  00  00       7.2777
     0100      8   00  00  00  00  00  00  00  00       7.2807
     0100      8   00  00  00  00  00  00  00  00       7.2837
     0100      8   00  00  00  00  00  00  00  00       7.2867
     0100      8   00  00  00  00  00  00  00  00       7.2896
     0100      8   00  00  00  00  00  00  00  00       7.2926
     0100      8   00  00  00  00  00  00  00  00       7.2956
     0100      8   00  00  00  00  00  00  00  00       7.2986
     0100      8   00  00  00  00  00  00  00  00       7.3015
     0100      8   00  00  00  00  00  00  00  00       7.3045
     0100      8   00  00  00  00  00  00  00  00       7.3075
     0100      8   00  00  00  00  00  00  00  00       7.3105
     0100      8   00  00  00  00  00  00  00  00       7.3134
     0100      8   00  00  00  00  00  00  00  00       7.3164
     0100      8   00  00  00  00  00  00  00  00       7.3194
     0100      8   00  00  00  00  00  00  00  00       7.3223
     0100      8   00  00  00  00  00  00  00  00       7.3253
     0100      8   00  00  00  00  00  00  00  00       7.3283
     0100      8   00  00  00  00  00  00  00  00       7.3313
     0100      8   00  00  00  00  00  00  00  00       7.3342
     0100      8   00  00  00  00  00  00  00  00       7.3372
     0100      8   00  00  00  00  00  00  00  00       7.3402
     0100      8   00  00  00  00  00  00  00  00       7.3432
     0100      8   00  00  00  00  00  00  00  00       7.3461
     0100      8   00  00  00  00  00  00  00  00       7.3491
     0100      8   00  00  00  00  00  00  00  00       7.3521
     0100      8   00  00  00  00  00  00  00  00       7.3551
     0100      8   00  00  00  00  00  00  00  00       7.3580
     0100      8   00  00  00  00  00  00  00  00       7.3610
     0100      8   00  00  00  00  00  00  00  00       7.3640
     0100      8   00  00  00  00  00  00  00  00       7.3670
     0100      8   00  00  00  00  00  00  00  00       7.3699
     0100      8   00  00  00  00  00  00  00  00       7.3729
     0100      8   00  00  00  00  00  00  00  00       7.3759
     0100      8   00  00  00  00  00  00  00  00       7.3789
     0100      8   00  00  00  00  00  00  00  00       7.3818
     0100      8   00  00  00  00  00  00  00  00       7.3848
     0100      8   00  00  00  00  00  00  00  00       7.3878
     0100      8   00  00  00  00  00  00  00  00       7.3908
     0100      8   00  00  00  00  00  00  00  00       7.3937
     0100      8   00  00  00  00  00  00  00  00       7.3967
     0100      8   00  00  00  00  00  00  00  00       7.3997
     0100      8   00  00  00  00  00  00  00  00       7.4027
     0100      8   00  00  00  00  00  00  00  00       7.4056
     0100      8   00  00  00  00  00  00  00  00       7.4086
     0100      8   00  00  00  00  00  00  00  00       7.4116
     0100      8   00  00  00  00  00  00  00  00       7.4146
     0100      8   00  00  00  00  00  00  00  00       7.4175
     0100      8   00  00  00  00  00  00  00  00       7.4205
     0100      8   00  00  00  00  00  00  00  00       7.4235
     0100      8   00  00  00  00  00  00  00  00       7.4264
     0100      8   00  00  00  00  00  00  00  00       7.4294
     0100      8   00  00  00  00  00  00  00  00       7.4324
     0100      8   00  00  00  00  00  00  00  00       7.4354
     0100      8   00  00  00  00  00  00  00  00       7.4384
     0100      8   00  00  00  00  00  00  00  00       7.4413
     0100      8   00  00  00  00  00  00  00  00       7.4443
     0100      8   00  00  00  00  00  00  00  00       7.4473
     0100      8   00  00  00  00  00  00  00  00       7.4502
     0100      8   00  00  00  00  00  00  00  00       7.4532
     0100      8   00  00  00  00  00  00  00  00       7.4562
     0100      8   00  00  00  00  00  00  00  00       7.4592
     0100      8   00  00  00  00  00  00  00  00       7.4621
     0100      8   00  00  00  00  00  00  00  00       7.4651
     0100      8   00  00  00  00  00  00  00  00       7.4681
     0100      8   00  00  00  00  00  00  00  00       7.4711
     0100      8   00  00  00  00  00  00  00  00       7.4740
     0100      8   00  00  00  00  00  00  00  00       7.4770
     0100      8   00  00  00  00  00  00  00  00       7.4800
     0100      8   00  00  00  00  00  00  00  00       7.4830
     0100      8   00  00  00  00  00  00  00  00       7.4859
     0100      8   00  00  00  00  00  00  00  00       7.4889
     0100      8   00  00  00  00  00  00  00  00       7.4919
     0100      8   00  00  00  00  00  00  00  00       7.4949
     0100      8   00  00  00  00  00  00  00  00       7.4978
     0100      8   00  00  00  00  00  00  00  00       7.5008
     0100      8   00  00  00  00  00  00  00  00       7.5038
     0100      8   00  00  00  00  00  00  00  00       7.5068
     0100      8   00  00  00  00  00  00  00  00       7.5097
     0100      8   00  00  00  00  00  00  00  00       7.5127
     0100      8   00  00  00  00  00  00  00  00       7.5157
     0100      8   00  00  00  00  00  00  00  00       7.5187
     0100      8   00  00  00  00  00  00  00  00       7.5216
     0100      8   00  00  00  00  00  00  00  00       7.5246
     0100      8   00  00  00  00  00  00  00  00       7.5276
     0100      8   00  00  00  00  00  00  00  00       7.5306
     0100      8   00  00  00  00  00  00  00  00       7.5335
     0100      8   00  00  00  00  00  00  00  00       7.5365
     0100      8   00  00  00  00  00  00  00  00       7.5395
     0100      8   00  00  00  00  00  00  00  00       7.5424
     0100      8   00  00  00  00  00  00  00  00       7.5454
     0100      8   00  00  00  00  00  00  00  00       7.5484
     0100      8   00  00  00  00  00  00  00  00       7.5514
     0100      8   00  00  00  00  00  00  00  00       7.5543
     0100      8   00  00  00  00  00  00  00  00       7.5573
     0100      8   00  00  00  00  00  00  00  00       7.5603
     0100      8   00  00  00  00  00  00  00  00       7.5633
     0100      8   00  00  00  00  00  00  00  00       7.5662
     0100      8   00  00  00  00  00  00  00  00       7.5692
     0100      8   00  00  00  00  00  00  00  00       7.5722
     0100      8   00  00  00  00  00  00  00  00       7.5752
     0100      8   00  00  00  00  00  00  00  00       7.5781
     0100      8   00  00  00  00  00  00  00  00       7.5811
     0100      8   00  00  00  00  00  00  00  00       7.5841
     0100      8   00  00  00  00  00  00  00  00       7.5871
     0100      8   00  00  00  00  00  00  00  00       7.5900
     0100      8   00  00  00  00  00  00  00  00       7.5930
     0100      8   00  00  00  00  00  00  00  00       7.5960
     0100      8   00  00  00  00  00  00  00  00       7.5990
     0100      8   00  00  00  00  00  00  00  00       7.6019
     0100      8   00  00  00  00  00  00  00  00       7.6049
     0100      8   00  00  00  00  00  00  00  00       7.6079
     0100      8   00  00  00  00  00  00  00  00       7.6109
     0100      8   00  00  00  00  00  00  00  00       7.6138
     0100      8   00  00  00  00  00  00  00  00       7.6168
     0100      8   00  00  00  00  00  00  00  00       7.6198
     0100      8   00  00  00  00  00  00  00  00       7.6228
     0100      8   00  00  00  00  00  00  00  00       7.6257
     0100      8   00  00  00  00  00  00  00  00       7.6287
     0100      8   00  00  00  00  00  00  00  00       7.6317
     0100      8   00  00  00  00  00  00  00  00       7.6347
     0100      8   00  00  00  00  00  00  00  00       7.6376
     0100      8   00  00  00  00  00  00  00  00       7.6406
     0100      8   00  00  00  00  00  00  00  00       7.6436
     0100      8   00  00  00  00  00  00  00  00       7.6465
     0100      8   00  00  00  00  00  00  00  00       7.6495
     0100      8   00  00  00  00  00  00  00  00       7.6525
     0100      8   00  00  00  00  00  00  00  00       7.6555
     0100      8   00  00  00  00  00  00  00  00       7.6584
     0100      8   00  00  00  00  00  00  00  00       7.6614
     0100      8   00  00  00  00  00  00  00  00       7.6644
     0100      8   00  00  00  00  00  00  00  00       7.6674
     0100      8   00  00  00  00  00  00  00  00       7.6703
     0100      8   00  00  00  00  00  00  00  00       7.6733
     0100      8   00  00  00  00  00  00  00  00       7.6763
     0100      8   00  00  00  00  00  00  00  00       7.6793
     0100      8   00  00  00  00  00  00  00  00       7.6822
     0100      8   00  00  00  00  00  00  00  00       7.6852
     0100      8   00  00  00  00  00  00  00  00       7.6882
     0100      8   00  00  00  00  00  00  00  00       7.6912
     0100      8   00  00  00  00  00  00  00  00       7.6941
     0100      8   00  00  00  00  00  00  00  00       7.6971
     0100      8   00  00  00  00  00  00  00  00       7.7001
     0100      8   00  00  00  00  00  00  00  00       7.7031
     0100      8   00  00  00  00  00  00  00  00       7.7060
     0100      8   00  00  00  00  00  00  00  00       7.7090
     0100      8   00  00  00  00  00  00  00  00       7.7120
     0100      8   00  00  00  00  00  00  00  00       7.7150
     0100      8   00  00  00  00  00  00  00  00       7.7179
     0100      8   00  00  00  00  00  00  00  00       7.7209
     0100      8   00  00  00  00  00  00  00  00       7.7239
     0100      8   00  00  00  00  00  00  00  00       7.7269
     0100      8   00  00  00  00  00  00  00  00       7.7298
     0100      8   00  00  00  00  00  00  00  00       7.7328
     0100      8   00  00  00  00  00  00  00  00       7.7358
     0100      8   00  00  00  00  00  00  00  00       7.7388
     0100      8   00  00  00  00  00  00  00  00       7.7417
     0100      8   00  00  00  00  00  00  00  00       7.7447
     0100      8   00  00  00  00  00  00  00  00       7.7477
     0100      8   00  00  00  00  00  00  00  00       7.7507
     0100      8   00  00  00  00  00  00  00  00       7.7536
     0100      8   00  00  00  00  00  00  00  00       7.7566
     0100      8   00  00  00  00  00  00  00  00       7.7596
     0100      8   00  00  00  00  00  00  00  00       7.7625
     0100      8   00  00  00  00  00  00  00  00       7.7655
     0100      8   00  00  00  00  00  00  00  00       7.7685
     0100      8   00  00  00  00  00  00  00  00       7.7715
     0100      8   00  00  00  00  00  00  00  00       7.7744
     0100      8   00  00  00  00  00  00  00  00       7.7774
     0100      8   00  00  00  00  00  00  00  00       7.7804
     0100      8   00  00  00  00  00  00  00  00       7.7834
     0100      8   00  00  00  00  00  00  00  00       7.7863
     0100      8   00  00  00  00  00  00  00  00       7.7893
     0100      8   00  00  00  00  00  00  00  00       7.7923
     0100      8   00  00  00  00  00  00  00  00       7.7953
     0100      8   00  00  00  00  00  00  00  00       7.7982
     0100      8   00  00  00  00  00  00  00  00       7.8012
     0100      8   00  00  00  00  00  00  00  00       7.8042
     0100      8   00  00  00  00  00  00  00  00       7.8072
     0100      8   00  00  00  00  00  00  00  00       7.8101
     0100      8   00  00  00  00  00  00  00  00       7.8131
     0100      8   00  00  00  00  00  00  00  00       7.8161
     0100      8   00  00  00  00  00  00  00  00       7.8191
     0100      8   00  00  00  00  00  00  00  00       7.8220
     0100      8   00  00  00  00  00  00  00  00       7.8250
     0100      8   00  00  00  00  00  00  00  00       7.8280
     0100      8   00  00  00  00  00  00  00  00       7.8310
     0100      8   00  00  00  00  00  00  00  00       7.8339
     0100      8   00  00  00  00  00  00  00  00       7.8369
     0100      8   00  00  00  00  00  00  00  00       7.8399
     0100      8   00  00  00  00  00  00  00  00       7.8429
     0100      8   00  00  00  00  00  00  00  00       7.8458
     0100      8   00  00  00  00  00  00  00  00       7.8488
     0100      8   00  00  00  00  00  00  00  00       7.8518
     0100      8   00  00  00  00  00  00  00  00       7.8548
     0100      8   00  00  00  00  00  00  00  00       7.8577
     0100      8   00  00  00  00  00  00  00  00       7.8607
     0100      8   00  00  00  00  00  00  00  00       7.8637
     0100      8   00  00  00  00  00  00  00  00       7.8666
     0100      8   00  00  00  00  00  00  00  00       7.8696
     0100      8   00  00  00  00  00  00  00  00       7.8726
     0100      8   00  00  00  00  00  00  00  00       7.8756
     0100      8   00  00  00  00  00  00  00  00       7.8785
     0100      8   00  00  00  00  00  00  00  00       7.8815
     0100      8   00  00  00  00  00  00  00  00       7.8845
     0100      8   00  00  00  00  00  00  00  00       7.8875
     0100      8   00  00  00  00  00  00  00  00       7.8904
     0100      8   00  00  00  00  00  00  00  00       7.8934
     0100      8   00  00  00  00  00  00  00  00       7.8964
     0100      8   00  00  00  00  00  00  00  00       7.8994
     0100      8   00  00  00  00  00  00  00  00       7.9023
     0100      8   00  00  00  00  00  00  00  00       7.9053
     0100      8   00  00  00  00  00  00  00  00       7.9083
     0100      8   00  00  00  00  00  00  00  00       7.9113
     0100      8   00  00  00  00  00  00  00  00       7.9142
     0100      8   00  00  00  00  00  00  00  00       7.9172
     0100      8   00  00  00  00  00  00  00  00       7.9202
     0100      8   00  00  00  00  00  00  00  00       7.9232
     0100      8   00  00  00  00  00  00  00  00       7.9261
     0100      8   00  00  00  00  00  00  00  00       7.9291
     0100      8   00  00  00  00  00  00  00  00       7.9321
     0100      8   00  00  00  00  00  00  00  00       7.9351
     0100      8   00  00  00  00  00  00  00  00       7.9380
     0100      8   00  00  00  00  00  00  00  00       7.9410
     0100      8   00  00  00  00  00  00  00  00       7.9440
     0100      8   00  00  00  00  00  00  00  00       7.9470
     0100      8   00  00  00  00  00  00  00  00       7.9499
     0100      8   00  00  00  00  00  00  00  00       7.9529
     0100      8   00  00  00  00  00  00  00  00       7.9559
     0100      8   00  00  00  00  00  00  00  00       7.9589
     0100      8   00  00  00  00  00  00  00  00       7.9618
     0100      8   00  00  00  00  00  00  00  00       7.9648
     0100      8   00  00  00  00  00  00  00  00       7.9678
     0100      8   00  00  00  00  00  00  00  00       7.9708
     0100      8   00  00  00  00  00  00  00  00       7.9737
     0100      8   00  00  00  00  00  00  00  00       7.9767
     0100      8   00  00  00  00  00  00  00  00       7.9797
     0100      8   00  00  00  00  00  00  00  00       7.9826
     0100      8   00  00  00  00  00  00  00  00       7.9856
     0100      8   00  00  00  00  00  00  00  00       7.9886
     0100      8   00  00  00  00  00  00  00  00       7.9916
     0100      8   00  00  00  00  00  00  00  00       7.9945
     0100      8   00  00  00  00  00  00  00  00       7.9975
     0100      8   00  00  00  00  00  00  00  00       8.0005
     0100      8   00  00  00  00  00  00  00  00       8.0035
     0100      8   00  00  00  00  00  00  00  00       8.0064
     0100      8   00  00  00  00  00  00  00  00       8.0094
     0100      8   00  00  00  00  00  00  00  00       8.0124
     0100      8   00  00  00  00  00  00  00  00       8.0154
     0100      8   00  00  00  00  00  00  00  00       8.0183
     0100      8   00  00  00  00  00  00  00  00       8.0213
     0100      8   00  00  00  00  00  00  00  00       8.0243
     0100      8   00  00  00  00  00  00  00  00       8.0273
     0100      8   00  00  00  00  00  00  00  00       8.0302
     0100      8   00  00  00  00  00  00  00  00       8.0332
     0100      8   00  00  00  00  00  00  00  00       8.0362
     0100      8   00  00  00  00  00  00  00  00       8.0392
     0100      8   00  00  00  00  00  00  00  00       8.0421
     0100      8   00  00  00  00  00  00  00  00       8.0451
     0100      8   00  00  00  00  00  00  00  00       8.0481
     0100      8   00  00  00  00  00  00  00  00       8.0511
     0100      8   00  00  00  00  00  00  00  00       8.0540
     0100      8   00  00  00  00  00  00  00  00       8.0570
     0100      8   00  00  00  00  00  00  00  00       8.0600
     0100      8   00  00  00  00  00  00  00  00       8.0630
     0100      8   00  00  00  00  00  00  00  00       8.0659
     0100      8   00  00  00  00  00  00  00  00       8.0689
     0100      8   00  00  00  00  00  00  00  00       8.0719
     0100      8   00  00  00  00  00  00  00  00       8.0749
     0100      8   00  00  00  00  00  00  00  00       8.0778
     0100      8   00  00  00  00  00  00  00  00       8.0808
     0100      8   00  00  00  00  00  00  00  00       8.0838
     0100      8   00  00  00  00  00  00  00  00       8.0867
     0100      8   00  00  00  00  00  00  00  00       8.0897
     0100      8   00  00  00  00  00  00  00  00       8.0927
     0100      8   00  00  00  00  00  00  00  00       8.0957
     0100      8   00  00  00  00  00  00  00  00       8.0986
     0100      8   00  00  00  00  00  00  00  00       8.1016
     0100      8   00  00  00  00  00  00  00  00       8.1046
     0100      8   00  00  00  00  00  00  00  00       8.1076
     0100      8   00  00  00  00  00  00  00  00       8.1105
     0100      8   00  00  00  00  00  00  00  00       8.1135
     0100      8   00  00  00  00  00  00  00  00       8.1165
     0100      8   00  00  00  00  00  00  00  00       8.1195
     0100      8   00  00  00  00  00  00  00  00       8.1224
     0100      8   00  00  00  00  00  00  00  00       8.1254
     0100      8   00  00  00  00  00  00  00  00       8.1284
     0100      8   00  00  00  00  00  00  00  00       8.1314
     0100      8   00  00  00  00  00  00  00  00       8.1343
     0100      8   00  00  00  00  00  00  00  00       8.1373
     0100      8   00  00  00  00  00  00  00  00       8.1403
     0100      8   00  00  00  00  00  00  00  00       8.1433
     0100      8   00  00  00  00  00  00  00  00       8.1462
     0100      8   00  00  00  00  00  00  00  00       8.1492
     0100      8   00  00  00  00  00  00  00  00       8.1522
     0100      8   00  00  00  00  00  00  00  00       8.1552
     0100      8   00  00  00  00  00  00  00  00       8.1581
     0100      8   00  00  00  00  00  00  00  00       8.1611
     0100      8   00  00  00  00  00  00  00  00       8.1641
     0100      8   00  00  00  00  00  00  00  00       8.1671
     0100      8   00  00  00  00  00  00  00  00       8.1700
     0100      8   00  00  00  00  00  00  00  00       8.1730
     0100      8   00  00  00  00  00  00  00  00       8.1760
     0100      8   00  00  00  00  00  00  00  00       8.1790
     0100      8   00  00  00  00  00  00  00  00       8.1819
     0100      8   00  00  00  00  00  00  00  00       8.1849
     0100      8   00  00  00  00  00  00  00  00       8.1879
     0100      8   00  00  00  00  00  00  00  00       8.1909
     0100      8   00  00  00  00  00  00  00  00       8.1938
     0100      8   00  00  00  00  00  00  00  00       8.1968
     0100      8   00  00  00  00  00  00  00  00       8.1998
     0100      8   00  00  00  00  00  00  00  00       8.2027
     0100      8   00  00  00  00  00  00  00  00       8.2057
     0100      8   00  00  00  00  00  00  00  00       8.2087
     0100      8   00  00  00  00  00  00  00  00       8.2117
     0100      8   00  00  00  00  00  00  00  00       8.2146
     0100      8   00  00  00  00  00  00  00  00       8.2176
     0100      8   00  00  00  00  00  00  00  00       8.2206
     0100      8   00  00  00  00  00  00  00  00       8.2236
     0100      8   00  00  00  00  00  00  00  00       8.2265
     0100      8   00  00  00  00  00  00  00  00       8.2295
     0100      8   00  00  00  00  00  00  00  00       8.2325
     0100      8   00  00  00  00  00  00  00  00       8.2355
     0100      8   00  00  00  00  00  00  00  00       8.2384
     0100      8   00  00  00  00  00  00  00  00       8.2414
     0100      8   00  00  00  00  00  00  00  00       8.2444
     0100      8   00  00  00  00  00  00  00  00       8.2474
     0100      8   00  00  00  00  00  00  00  00       8.2503
     0100      8   00  00  00  00  00  00  00  00       8.2533
     0100      8   00  00  00  00  00  00  00  00       8.2563
     0100      8   00  00  00  00  00  00  00  00       8.2593
     0100      8   00  00  00  00  00  00  00  00       8.2622
     0100      8   00  00  00  00  00  00  00  00       8.2652
     0100      8   00  00  00  00  00  00  00  00       8.2682
     0100      8   00  00  00  00  00  00  00  00       8.2712
     0100      8   00  00  00  00  00  00  00  00       8.2741
     0100      8   00  00  00  00  00  00  00  00       8.2771
     0100      8   00  00  00  00  00  00  00  00       8.2801
     0100      8   00  00  00  00  00  00  00  00       8.2831
     0100      8   00  00  00  00  00  00  00  00       8.2860
     0100      8   00  00  00  00  00  00  00  00       8.2890
     0100      8   00  00  00  00  00  00  00  00       8.2920
     0100      8   00  00  00  00  00  00  00  00       8.2949
     0100      8   00  00  00  00  00  00  00  00       8.2979
     0100      8   00  00  00  00  00  00  00  00       8.3009
     0100      8   00  00  00  00  00  00  00  00       8.3039
     0100      8   00  00  00  00  00  00  00  00       8.3068
     0100      8   00  00  00  00  00  00  00  00       8.3098
     0100      8   00  00  00  00  00  00  00  00       8.3128
     0100      8   00  00  00  00  00  00  00  00       8.3158
     0100      8   00  00  00  00  00  00  00  00       8.3187
     0100      8   00  00  00  00  00  00  00  00       8.3217
     0100      8   00  00  00  00  00  00  00  00       8.3247
     0100      8   00  00  00  00  00  00  00  00       8.3277
     0100      8   00  00  00  00  00  00  00  00       8.3306
     0100      8   00  00  00  00  00  00  00  00       8.3336
     0100      8   00  00  00  00  00  00  00  00       8.3366
     0100      8   00  00  00  00  00  00  00  00       8.3396
     0100      8   00  00  00  00  00  00  00  00       8.3425
     0100      8   00  00  00  00  00  00  00  00       8.3455
     0100      8   00  00  00  00  00  00  00  00       8.3485
     0100      8   00  00  00  00  00  00  00  00       8.3515
     0100      8   00  00  00  00  00  00  00  00       8.3544
     0100      8   00  00  00  00  00  00  00  00       8.3574
     0100      8   00  00  00  00  00  00  00  00       8.3604
     0100      8   00  00  00  00  00  00  00  00       8.3634
     0100      8   00  00  00  00  00  00  00  00       8.3663
     0100      8   00  00  00  00  00  00  00  00       8.3693
     0100      8   00  00  00  00  00  00  00  00       8.3723
     0100      8   00  00  00  00  00  00  00  00       8.3753
     0100      8   00  00  00  00  00  00  00  00       8.3782
     0100      8   00  00  00  00  00  00  00  00       8.3812
     0100      8   00  00  00  00  00  00  00  00       8.3842
     0100      8   00  00  00  00  00  00  00  00       8.3872
     0100      8   00  00  00  00  00  00  00  00       8.3901
     0100      8   00  00  00  00  00  00  00  00       8.3931
     0100      8   00  00  00  00  00  00  00  00       8.3961
     0100      8   00  00  00  00  00  00  00  00       8.3991
     0100      8   00  00  00  00  00  00  00  00       8.4020
     0100      8   00  00  00  00  00  00  00  00       8.4050
     0100      8   00  00  00  00  00  00  00  00       8.4080
     0100      8   00  00  00  00  00  00  00  00       8.4110
     0100      8   00  00  00  00  00  00  00  00       8.4139
     0100      8   00  00  00  00  00  00  00  00       8.4169
     0100      8   00  00  00  00  00  00  00  00       8.4199
     0100      8   00  00  00  00  00  00  00  00       8.4228
     0100      8   00  00  00  00  00  00  00  00       8.4258
     0100      8   00  00  00  00  00  00  00  00       8.4288
     0100      8   00  00  00  00  00  00  00  00       8.4318
     0100      8   00  00  00  00  00  00  00  00       8.4347
     0100      8   00  00  00  00  00  00  00  00       8.4377
     0100      8   00  00  00  00  00  00  00  00       8.4407
     0100      8   00  00  00  00  00  00  00  00       8.4437
     0100      8   00  00  00  00  00  00  00  00       8.4466
     0100      8   00  00  00  00  00  00  00  00       8.4496
     0100      8   00  00  00  00  00  00  00  00       8.4526
     0100      8   00  00  00  00  00  00  00  00       8.4556
     0100      8   00  00  00  00  00  00  00  00       8.4585
     0100      8   00  00  00  00  00  00  00  00       8.4615
     0100      8   00  00  00  00  00  00  00  00       8.4645
     0100      8   00  00  00  00  00  00  00  00       8.4675
     0100      8   00  00  00  00  00  00  00  00       8.4704
     0100      8   00  00  00  00  00  00  00  00       8.4734
     0100      8   00  00  00  00  00  00  00  00       8.4764
     0100      8   00  00  00  00  00  00  00  00       8.4794
     0100      8   00  00  00  00  00  00  00  00       8.4823
     0100      8   00  00  00  00  00  00  00  00       8.4853
     0100      8   00  00  00  00  00  00  00  00       8.4883
     0100      8   00  00  00  00  00  00  00  00       8.4913
     0100      8   00  00  00  00  00  00  00  00       8.4942
     0100      8   00  00  00  00  00  00  00  00       8.4972
     0100      8   00  00  00  00  00  00  00  00       8.5002
     0100      8   00  00  00  00  00  00  00  00       8.5032
     0100      8   00  00  00  00  00  00  00  00       8.5061
     0100      8   00  00  00  00  00  00  00  00       8.5091
     0100      8   00  00  00  00  00  00  00  00       8.5121
     0100      8   00  00  00  00  00  00  00  00       8.5151
     0100      8   00  00  00  00  00  00  00  00       8.5180
     0100      8   00  00  00  00  00  00  00  00       8.5210
     0100      8   00  00  00  00  00  00  00  00       8.5240
     0100      8   00  00  00  00  00  00  00  00       8.5269
     0100      8   00  00  00  00  00  00  00  00       8.5299
     0100      8   00  00  00  00  00  00  00  00       8.5329
     0100      8   00  00  00  00  00  00  00  00       8.5359
     0100      8   00  00  00  00  00  00  00  00       8.5388
     0100      8   00  00  00  00  00  00  00  00       8.5418
     0100      8   00  00  00  00  00  00  00  00       8.5448
     0100      8   00  00  00  00  00  00  00  00       8.5478
     0100      8   00  00  00  00  00  00  00  00       8.5507
     0100      8   00  00  00  00  00  00  00  00       8.5537
     0100      8   00  00  00  00  00  00  00  00       8.5567
     0100      8   00  00  00  00  00  00  00  00       8.5597
     0100      8   00  00  00  00  00  00  00  00       8.5626
     0100      8   00  00  00  00  00  00  00  00       8.5656
     0100      8   00  00  00  00  00  00  00  00       8.5686
     0100      8   00  00  00  00  00  00  00  00       8.5716
     0100      8   00  00  00  00  00  00  00  00       8.5745
     0100      8   00  00  00  00  00  00  00  00       8.5775
     0100      8   00  00  00  00  00  00  00  00       8.5805
     0100      8   00  00  00  00  00  00  00  00       8.5835
     0100      8   00  00  00  00  00  00  00  00       8.5864
     0100      8   00  00  00  00  00  00  00  00       8.5894
     0100      8   00  00  00  00  00  00  00  00       8.5924
     0100      8   00  00  00  00  00  00  00  00       8.5954
     0100      8   00  00  00  00  00  00  00  00       8.5983
     0100      8   00  00  00  00  00  00  00  00       8.6013
     0100      8   00  00  00  00  00  00  00  00       8.6043
     0100      8   00  00  00  00  00  00  00  00       8.6073
     0100      8   00  00  00  00  00  00  00  00       8.6102
     0100      8   00  00  00  00  00  00  00  00       8.6132
     0100      8   00  00  00  00  00  00  00  00       8.6162
     0100      8   00  00  00  00  00  00  00  00       8.6192
     0100      8   00  00  00  00  00  00  00  00       8.6221
     0100      8   00  00  00  00  00  00  00  00       8.6251
     0100      8   00  00  00  00  00  00  00  00       8.6281
     0100      8   00  00  00  00  00  00  00  00       8.6311
     0100      8   00  00  00  00  00  00  00  00       8.6340
     0100      8   00  00  00  00  00  00  00  00       8.6370
     0100      8   00  00  00  00  00  00  00  00       8.6400
     0100      8   00  00  00  00  00  00  00  00       8.6429
     0100      8   00  00  00  00  00  00  00  00       8.6459
     0100      8   00  00  00  00  00  00  00  00       8.6489
     0100      8   00  00  00  00  00  00  00  00       8.6519
     0100      8   00  00  00  00  00  00  00  00       8.6548
     0100      8   00  00  00  00  00  00  00  00       8.6578
     0100      8   00  00  00  00  00  00  00  00       8.6608
     0100      8   00  00  00  00  00  00  00  00       8.6638
     0100      8   00  00  00  00  00  00  00  00       8.6667
     0100      8   00  00  00  00  00  00  00  00       8.6697
     0100      8   00  00  00  00  00  00  00  00       8.6727
     0100      8   00  00  00  00  00  00  00  00       8.6757
     0100      8   00  00  00  00  00  00  00  00       8.6786
     0100      8   00  00  00  00  00  00  00  00       8.6816
     0100      8   00  00  00  00  00  00  00  00       8.6846
     0100      8   00  00  00  00  00  00  00  00       8.6876
     0100      8   00  00  00  00  00  00  00  00       8.6905
     0100      8   00  00  00  00  00  00  00  00       8.6935
     0100      8   00  00  00  00  00  00  00  00       8.6965
     0100      8   00  00  00  00  00  00  00  00       8.6995
     0100      8   00  00  00  00  00  00  00  00       8.7024
     0100      8   00  00  00  00  00  00  00  00       8.7054
     0100      8   00  00  00  00  00  00  00  00       8.7084
     0100      8   00  00  00  00  00  00  00  00       8.7114
     0100      8   00  00  00  00  00  00  00  00       8.7143
     0100      8   00  00  00  00  00  00  00  00       8.7173
     0100      8   00  00  00  00  00  00  00  00       8.7203
     0100      8   00  00  00  00  00  00  00  00       8.7233
     0100      8   00  00  00  00  00  00  00  00       8.7262
     0100      8   00  00  00  00  00  00  00  00       8.7292
     0100      8   00  00  00  00  00  00  00  00       8.7322
     0100      8   00  00  00  00  00  00  00  00       8.7351
     0100      8   00  00  00  00  00  00  00  00       8.7381
     0100      8   00  00  00  00  00  00  00  00       8.7411
     0100      8   00  00  00  00  00  00  00  00       8.7441
     0100      8   00  00  00  00  00  00  00  00       8.7470
     0100      8   00  00  00  00  00  00  00  00       8.7500
     0100      8   00  00  00  00  00  00  00  00       8.7530
     0100      8   00  00  00  00  00  00  00  00       8.7560
     0100      8   00  00  00  00  00  00  00  00       8.7589
     0100      8   00  00  00  00  00  00  00  00       8.7619
     0100      8   00  00  00  00  00  00  00  00       8.7649
     0100      8   00  00  00  00  00  00  00  00       8.7679
     0100      8   00  00  00  00  00  00  00  00       8.7708
     0100      8   00  00  00  00  00  00  00  00       8.7738
     0100      8   00  00  00  00  00  00  00  00       8.7768
     0100      8   00  00  00  00  00  00  00  00       8.7798
     0100      8   00  00  00  00  00  00  00  00       8.7827
     0100      8   00  00  00  00  00  00  00  00       8.7857
     0100      8   00  00  00  00  00  00  00  00       8.7887
     0100      8   00  00  00  00  00  00  00  00       8.7917
     0100      8   00  00  00  00  00  00  00  00       8.7946
     0100      8   00  00  00  00  00  00  00  00       8.7976
     0100      8   00  00  00  00  00  00  00  00       8.8006
     0100      8   00  00  00  00  00  00  00  00       8.8036
     0100      8   00  00  00  00  00  00  00  00       8.8065
     0100      8   00  00  00  00  00  00  00  00       8.8095
     0100      8   00  00  00  00  00  00  00  00       8.8125
     0100      8   00  00  00  00  00  00  00  00       8.8155
     0100      8   00  00  00  00  00  00  00  00       8.8184
     0100      8   00  00  00  00  00  00  00  00       8.8214
     0100      8   00  00  00  00  00  00  00  00       8.8244
     0100      8   00  00  00  00  00  00  00  00       8.8274
     0100      8   00  00  00  00  00  00  00  00       8.8303
     0100      8   00  00  00  00  00  00  00  00       8.8333
     0100      8   00  00  00  00  00  00  00  00       8.8363
     0100      8   00  00  00  00  00  00  00  00       8.8393
     0100      8   00  00  00  00  00  00  00  00       8.8422
     0100      8   00  00  00  00  00  00  00  00       8.8452
     0100      8   00  00  00  00  00  00  00  00       8.8482
     0100      8   00  00  00  00  00  00  00  00       8.8512
     0100      8   00  00  00  00  00  00  00  00       8.8541
     0100      8   00  00  00  00  00  00  00  00       8.8571
     0100      8   00  00  00  00  00  00  00  00       8.8601
     0100      8   00  00  00  00  00  00  00  00       8.8630
     0100      8   00  00  00  00  00  00  00  00       8.8660
     0100      8   00  00  00  00  00  00  00  00       8.8690
     0100      8   00  00  00  00  00  00  00  00       8.8720
     0100      8   00  00  00  00  00  00  00  00       8.8749
     0100      8   00  00  00  00  00  00  00  00       8.8779
     0100      8   00  00  00  00  00  00  00  00       8.8809
     0100      8   00  00  00  00  00  00  00  00       8.8839
     0100      8   00  00  00  00  00  00  00  00       8.8868
     0100      8   00  00  00  00  00  00  00  00       8.8898
     0100      8   00  00  00  00  00  00  00  00       8.8928
     0100      8   00  00  00  00  00  00  00  00       8.8958
     0100      8   00  00  00  00  00  00  00  00       8.8987
     0100      8   00  00  00  00  00  00  00  00       8.9017
     0100      8   00  00  00  00  00  00  00  00       8.9047
     0100      8   00  00  00  00  00  00  00  00       8.9077
     0100      8   00  00  00  00  00  00  00  00       8.9106
     0100      8   00  00  00  00  00  00  00  00       8.9136
     0100      8   00  00  00  00  00  00  00  00       8.9166
     0100      8   00  00  00  00  00  00  00  00       8.9196
     0100      8   00  00  00  00  00  00  00  00       8.9225
     0100      8   00  00  00  00  00  00  00  00       8.9255
     0100      8   00  00  00  00  00  00  00  00       8.9285
     0100      8   00  00  00  00  00  00  00  00       8.9315
     0100      8   00  00  00  00  00  00  00  00       8.9344
     0100      8   00  00  00  00  00  00  00  00       8.9374
     0100      8   00  00  00  00  00  00  00  00       8.9404
     0100      8   00  00  00  00  00  00  00  00       8.9434
     0100      8   00  00  00  00  00  00  00  00       8.9463
     0100      8   00  00  00  00  00  00  00  00       8.9493
     0100      8   00  00  00  00  00  00  00  00       8.9523
     0100      8   00  00  00  00  00  00  00  00       8.9553
     0100      8   00  00  00  00  00  00  00  00       8.9582
     0100      8   00  00  00  00  00  00  00  00       8.9612
     0100      8   00  00  00  00  00  00  00  00       8.9642
     0100      8   00  00  00  00  00  00  00  00       8.9671
     0100      8   00  00  00  00  00  00  00  00       8.9701
     0100      8   00  00  00  00  00  00  00  00       8.9731
     0100      8   00  00  00  00  00  00  00  00       8.9761
     0100      8   00  00  00  00  00  00  00  00       8.9790
     0100      8   00  00  00  00  00  00  00  00       8.9820
     0100      8   00  00  00  00  00  00  00  00       8.9850
     0100      8   00  00  00  00  00  00  00  00       8.9880
     0100      8   00  00  00  00  00  00  00  00       8.9909
     0100      8   00  00  00  00  00  00  00  00       8.9939
     0100      8   00  00  00  00  00  00  00  00       8.9969
     0100      8   00  00  00  00  00  00  00  00       8.9999
     0100      8   00  00  00  00  00  00  00  00       9.0028
     0100      8   00  00  00  00  00  00  00  00       9.0058
     0100      8   00  00  00  00  00  00  00  00       9.0088
     0100      8   00  00  00  00  00  00  00  00       9.0118
     0100      8   00  00  00  00  00  00  00  00       9.0147
     0100      8   00  00  00  00  00  00  00  00       9.0177
     0100      8   00  00  00  00  00  00  00  00       9.0207
     0100      8   00  00  00  00  00  00  00  00       9.0237
     0100      8   00  00  00  00  00  00  00  00       9.0266
     0100      8   00  00  00  00  00  00  00  00       9.0296
     0100      8   00  00  00  00  00  00  00  00       9.0326
     0100      8   00  00  00  00  00  00  00  00       9.0356
     0100      8   00  00  00  00  00  00  00  00       9.0385
     0100      8   00  00  00  00  00  00  00  00       9.0415
     0100      8   00  00  00  00  00  00  00  00       9.0445
     0100      8   00  00  00  00  00  00  00  00       9.0475
     0100      8   00  00  00  00  00  00  00  00       9.0504
     0100      8   00  00  00  00  00  00  00  00       9.0534
     0100      8   00  00  00  00  00  00  00  00       9.0564
     0100      8   00  00  00  00  00  00  00  00       9.0594
     0100      8   00  00  00  00  00  00  00  00       9.0623
     0100      8   00  00  00  00  00  00  00  00       9.0653
     0100      8   00  00  00  00  00  00  00  00       9.0683
     0100      8   00  00  00  00  00  00  00  00       9.0712
     0100      8   00  00  00  00  00  00  00  00       9.0742
     0100      8   00  00  00  00  00  00  00  00       9.0772
     0100      8   00  00  00  00  00  00  00  00       9.0802
     0100      8   00  00  00  00  00  00  00  00       9.0831
     0100      8   00  00  00  00  00  00  00  00       9.0861
     0100      8   00  00  00  00  00  00  00  00       9.0891
     0100      8   00  00  00  00  00  00  00  00       9.0921
     0100      8   00  00  00  00  00  00  00  00       9.0950
     0100      8   00  00  00  00  00  00  00  00       9.0980
     0100      8   00  00  00  00  00  00  00  00       9.1010
     0100      8   00  00  00  00  00  00  00  00       9.1040
     0100      8   00  00  00  00  00  00  00  00       9.1069
     0100      8   00  00  00  00  00  00  00  00       9.1099
     0100      8   00  00  00  00  00  00  00  00       9.1129
     0100      8   00  00  00  00  00  00  00  00       9.1159
     0100      8   00  00  00  00  00  00  00  00       9.1188
     0100      8   00  00  00  00  00  00  00  00       9.1218
     0100      8   00  00  00  00  00  00  00  00       9.1248
     0100      8   00  00  00  00  00  00  00  00       9.1278
     0100      8   00  00  00  00  00  00  00  00       9.1307
     0100      8   00  00  00  00  00  00  00  00       9.1337
     0100      8   00  00  00  00  00  00  00  00       9.1367
     0100      8   00  00  00  00  00  00  00  00       9.1397
     0100      8   00  00  00  00  00  00  00  00       9.1426
     0100      8   00  00  00  00  00  00  00  00       9.1456
     0100      8   00  00  00  00  00  00  00  00       9.1486
     0100      8   00  00  00  00  00  00  00  00       9.1516
     0100      8   00  00  00  00  00  00  00  00       9.1545
     0100      8   00  00  00  00  00  00  00  00       9.1575
     0100      8   00  00  00  00  00  00  00  00       9.1605
     0100      8   00  00  00  00  00  00  00  00       9.1635
     0100      8   00  00  00  00  00  00  00  00       9.1664
     0100      8   00  00  00  00  00  00  00  00       9.1694
     0100      8   00  00  00  00  00  00  00  00       9.1724
     0100      8   00  00  00  00  00  00  00  00       9.1753
     0100      8   00  00  00  00  00  00  00  00       9.1783
     0100      8   00  00  00  00  00  00  00  00       9.1813
     0100      8   00  00  00  00  00  00  00  00       9.1843
     0100      8   00  00  00  00  00  00  00  00       9.1872
     0100      8   00  00  00  00  00  00  00  00       9.1902
     0100      8   00  00  00  00  00  00  00  00       9.1932
     0100      8   00  00  00  00  00  00  00  00       9.1962
     0100      8   00  00  00  00  00  00  00  00       9.1991
     0100      8   00  00  00  00  00  00  00  00       9.2021
     0100      8   00  00  00  00  00  00  00  00       9.2051
     0100      8   00  00  00  00  00  00  00  00       9.2081
     0100      8   00  00  00  00  00  00  00  00       9.2110
     0100      8   00  00  00  00  00  00  00  00       9.2140
     0100      8   00  00  00  00  00  00  00  00       9.2170
     0100      8   00  00  00  00  00  00  00  00       9.2200
     0100      8   00  00  00  00  00  00  00  00       9.2229
     0100      8   00  00  00  00  00  00  00  00       9.2259
     0100      8   00  00  00  00  00  00  00  00       9.2289
     0100      8   00  00  00  00  00  00  00  00       9.2319
     0100      8   00  00  00  00  00  00  00  00       9.2348
     0100      8   00  00  00  00  00  00  00  00       9.2378
     0100      8   00  00  00  00  00  00  00  00       9.2408
     0100      8   00  00  00  00  00  00  00  00       9.2438
     0100      8   00  00  00  00  00  00  00  00       9.2467
     0100      8   00  00  00  00  00  00  00  00       9.2497
     0100      8   00  00  00  00  00  00  00  00       9.2527
     0100      8   00  00  00  00  00  00  00  00       9.2557
     0100      8   00  00  00  00  00  00  00  00       9.2586
     0100      8   00  00  00  00  00  00  00  00       9.2616
     0100      8   00  00  00  00  00  00  00  00       9.2646
     0100      8   00  00  00  00  00  00  00  00       9.2676
     0100      8   00  00  00  00  00  00  00  00       9.2705
     0100      8   00  00  00  00  00  00  00  00       9.2735
     0100      8   00  00  00  00  00  00  00  00       9.2765
     0100      8   00  00  00  00  00  00  00  00       9.2795
     0100      8   00  00  00  00  00  00  00  00       9.2824
     0100      8   00  00  00  00  00  00  00  00       9.2854
     0100      8   00  00  00  00  00  00  00  00       9.2884
     0100      8   00  00  00  00  00  00  00  00       9.2913
     0100      8   00  00  00  00  00  00  00  00       9.2943
     0100      8   00  00  00  00  00  00  00  00       9.2973
     0100      8   00  00  00  00  00  00  00  00       9.3003
     0100      8   00  00  00  00  00  00  00  00       9.3032
     0100      8   00  00  00  00  00  00  00  00       9.3062
     0100      8   00  00  00  00  00  00  00  00       9.3092
     0100      8   00  00  00  00  00  00  00  00       9.3122
     0100      8   00  00  00  00  00  00  00  00       9.3151
     0100      8   00  00  00  00  00  00  00  00       9.3181
     0100      8   00  00  00  00  00  00  00  00       9.3211
     0100      8   00  00  00  00  00  00  00  00       9.3241
     0100      8   00  00  00  00  00  00  00  00       9.3270
     0100      8   00  00  00  00  00  00  00  00       9.3300
     0100      8   00  00  00  00  00  00  00  00       9.3330
     0100      8   00  00  00  00  00  00  00  00       9.3360
     0100      8   00  00  00  00  00  00  00  00       9.3389
     0100      8   00  00  00  00  00  00  00  00       9.3419
     0100      8   00  00  00  00  00  00  00  00       9.3449
     0100      8   00  00  00  00  00  00  00  00       9.3479
     0100      8   00  00  00  00  00  00  00  00       9.3508
     0100      8   00  00  00  00  00  00  00  00       9.3538
     0100      8   00  00  00  00  00  00  00  00       9.3568
     0100      8   00  00  00  00  00  00  00  00       9.3598
     0100      8   00  00  00  00  00  00  00  00       9.3627
     0100      8   00  00  00  00  00  00  00  00       9.3657
     0100      8   00  00  00  00  00  00  00  00       9.3687
     0100      8   00  00  00  00  00  00  00  00       9.3717
     0100      8   00  00  00  00  00  00  00  00       9.3746
     0100      8   00  00  00  00  00  00  00  00       9.3776
     0100      8   00  00  00  00  00  00  00  00       9.3806
     0100      8   00  00  00  00  00  00  00  00       9.3836
     0100      8   00  00  00  00  00  00  00  00       9.3865
     0100      8   00  00  00  00  00  00  00  00       9.3895
     0100      8   00  00  00  00  00  00  00  00       9.3925
     0100      8   00  00  00  00  00  00  00  00       9.3954
     0100      8   00  00  00  00  00  00  00  00       9.3984
     0100      8   00  00  00  00  00  00  00  00       9.4014
     0100      8   00  00  00  00  00  00  00  00       9.4044
     0100      8   00  00  00  00  00  00  00  00       9.4073
     0100      8   00  00  00  00  00  00  00  00       9.4103
     0100      8   00  00  00  00  00  00  00  00       9.4133
     0100      8   00  00  00  00  00  00  00  00       9.4163
     0100      8   00  00  00  00  00  00  00  00       9.4192
     0100      8   00  00  00  00  00  00  00  00       9.4222
     0100      8   00  00  00  00  00  00  00  00       9.4252
     0100      8   00  00  00  00  00  00  00  00       9.4282
     0100      8   00  00  00  00  00  00  00  00       9.4311
     0100      8   00  00  00  00  00  00  00  00       9.4341
     0100      8   00  00  00  00  00  00  00  00       9.4371
     0100      8   00  00  00  00  00  00  00  00       9.4401
     0100      8   00  00  00  00  00  00  00  00       9.4430
     0100      8   00  00  00  00  00  00  00  00       9.4460
     0100      8   00  00  00  00  00  00  00  00       9.4490
     0100      8   00  00  00  00  00  00  00  00       9.4520
     0100      8   00  00  00  00  00  00  00  00       9.4549
     0100      8   00  00  00  00  00  00  00  00       9.4579
     0100      8   00  00  00  00  00  00  00  00       9.4609
     0100      8   00  00  00  00  00  00  00  00       9.4639
     0100      8   00  00  00  00  00  00  00  00       9.4668
     0100      8   00  00  00  00  00  00  00  00       9.4698
     0100      8   00  00  00  00  00  00  00  00       9.4728
     0100      8   00  00  00  00  00  00  00  00       9.4758
     0100      8   00  00  00  00  00  00  00  00       9.4787
     0100      8   00  00  00  00  00  00  00  00       9.4817
     0100      8   00  00  00  00  00  00  00  00       9.4847
     0100      8   00  00  00  00  00  00  00  00       9.4877
     0100      8   00  00  00  00  00  00  00  00       9.4906
     0100      8   00  00  00  00  00  00  00  00       9.4936
     0100      8   00  00  00  00  00  00  00  00       9.4966
     0100      8   00  00  00  00  00  00  00  00       9.4996
     0100      8   00  00  00  00  00  00  00  00       9.5025
     0100      8   00  00  00  00  00  00  00  00       9.5055
     0100      8   00  00  00  00  00  00  00  00       9.5085
     0100      8   00  00  00  00  00  00  00  00       9.5114
     0100      8   00  00  00  00  00  00  00  00       9.5144
     0100      8   00  00  00  00  00  00  00  00       9.5174
     0100      8   00  00  00  00  00  00  00  00       9.5204
     0100      8   00  00  00  00  00  00  00  00       9.5233
     0100      8   00  00  00  00  00  00  00  00       9.5263
     0100      8   00  00  00  00  00  00  00  00       9.5293
     0100      8   00  00  00  00  00  00  00  00       9.5323
     0100      8   00  00  00  00  00  00  00  00       9.5352
     0100      8   00  00  00  00  00  00  00  00       9.5382
     0100      8   00  00  00  00  00  00  00  00       9.5412
     0100      8   00  00  00  00  00  00  00  00       9.5442
     0100      8   00  00  00  00  00  00  00  00       9.5471
     0100      8   00  00  00  00  00  00  00  00       9.5501
     0100      8   00  00  00  00  00  00  00  00       9.5531
     0100      8   00  00  00  00  00  00  00  00       9.5561
     0100      8   00  00  00  00  00  00  00  00       9.5590
     0100      8   00  00  00  00  00  00  00  00       9.5620
     0100      8   00  00  00  00  00  00  00  00       9.5650
     0100      8   00  00  00  00  00  00  00  00       9.5680
     0100      8   00  00  00  00  00  00  00  00       9.5709
     0100      8   00  00  00  00  00  00  00  00       9.5739
     0100      8   00  00  00  00  00  00  00  00       9.5769
     0100      8   00  00  00  00  00  00  00  00       9.5799
     0100      8   00  00  00  00  00  00  00  00       9.5828
     0100      8   00  00  00  00  00  00  00  00       9.5858
     0100      8   00  00  00  00  00  00  00  00       9.5888
     0100      8   00  00  00  00  00  00  00  00       9.5918
     0100      8   00  00  00  00  00  00  00  00       9.5947
     0100      8   00  00  00  00  00  00  00  00       9.5977
     0100      8   00  00  00  00  00  00  00  00       9.6007
     0100      8   00  00  00  00  00  00  00  00       9.6037
     0100      8   00  00  00  00  00  00  00  00       9.6066
     0100      8   00  00  00  00  00  00  00  00       9.6096
     0100      8   00  00  00  00  00  00  00  00       9.6126
     0100      8   00  00  00  00  00  00  00  00       9.6155
     0100      8   00  00  00  00  00  00  00  00       9.6185
     0100      8   00  00  00  00  00  00  00  00       9.6215
     0100      8   00  00  00  00  00  00  00  00       9.6245
     0100      8   00  00  00  00  00  00  00  00       9.6274
     0100      8   00  00  00  00  00  00  00  00       9.6304
     0100      8   00  00  00  00  00  00  00  00       9.6334
     0100      8   00  00  00  00  00  00  00  00       9.6364
     0100      8   00  00  00  00  00  00  00  00       9.6393
     0100      8   00  00  00  00  00  00  00  00       9.6423
     0100      8   00  00  00  00  00  00  00  00       9.6453
     0100      8   00  00  00  00  00  00  00  00       9.6483
     0100      8   00  00  00  00  00  00  00  00       9.6512
     0100      8   00  00  00  00  00  00  00  00       9.6542
     0100      8   00  00  00  00  00  00  00  00       9.6572
     0100      8   00  00  00  00  00  00  00  00       9.6602
     0100      8   00  00  00  00  00  00  00  00       9.6631
     0100      8   00  00  00  00  00  00  00  00       9.6661
     0100      8   00  00  00  00  00  00  00  00       9.6691
     0100      8   00  00  00  00  00  00  00  00       9.6721
     0100      8   00  00  00  00  00  00  00  00       9.6750
     0100      8   00  00  00  00  00  00  00  00       9.6780
     0100      8   00  00  00  00  00  00  00  00       9.6810
     0100      8   00  00  00  00  00  00  00  00       9.6840
     0100      8   00  00  00  00  00  00  00  00       9.6869
     0100      8   00  00  00  00  00  00  00  00       9.6899
     0100      8   00  00  00  00  00  00  00  00       9.6929
     0100      8   00  00  00  00  00  00  00  00       9.6959
     0100      8   00  00  00  00  00  00  00  00       9.6988
     0100      8   00  00  00  00  00  00  00  00       9.7018
     0100      8   00  00  00  00  00  00  00  00       9.7048
     0100      8   00  00  00  00  00  00  00  00       9.7078
     0100      8   00  00  00  00  00  00  00  00       9.7107
     0100      8   00  00  00  00  00  00  00  00       9.7137
     0100      8   00  00  00  00  00  00  00  00       9.7167
     0100      8   00  00  00  00  00  00  00  00       9.7197
     0100      8   00  00  00  00  00  00  00  00       9.7226
     0100      8   00  00  00  00  00  00  00  00       9.7256
     0100      8   00  00  00  00  00  00  00  00       9.7286
     0100      8   00  00  00  00  00  00  00  00       9.7315
     0100      8   00  00  00  00  00  00  00  00       9.7345
     0100      8   00  00  00  00  00  00  00  00       9.7375
     0100      8   00  00  00  00  00  00  00  00       9.7405
     0100      8   00  00  00  00  00  00  00  00       9.7434
     0100      8   00  00  00  00  00  00  00  00       9.7464
     0100      8   00  00  00  00  00  00  00  00       9.7494
     0100      8   00  00  00  00  00  00  00  00       9.7524
     0100      8   00  00  00  00  00  00  00  00       9.7553
     0100      8   00  00  00  00  00  00  00  00       9.7583
     0100      8   00  00  00  00  00  00  00  00       9.7613
     0100      8   00  00  00  00  00  00  00  00       9.7643
     0100      8   00  00  00  00  00  00  00  00       9.7672
     0100      8   00  00  00  00  00  00  00  00       9.7702
     0100      8   00  00  00  00  00  00  00  00       9.7732
     0100      8   00  00  00  00  00  00  00  00       9.7762
     0100      8   00  00  00  00  00  00  00  00       9.7791
     0100      8   00  00  00  00  00  00  00  00       9.7821
     0100      8   00  00  00  00  00  00  00  00       9.7851
     0100      8   00  00  00  00  00  00  00  00       9.7881
     0100      8   00  00  00  00  00  00  00  00       9.7910
     0100      8   00  00  00  00  00  00  00  00       9.7940
     0100      8   00  00  00  00  00  00  00  00       9.7970
     0100      8   00  00  00  00  00  00  00  00       9.8000
     0100      8   00  00  00  00  00  00  00  00       9.8029
     0100      8   00  00  00  00  00  00  00  00       9.8059
     0100      8   00  00  00  00  00  00  00  00       9.8089
     0100      8   00  00  00  00  00  00  00  00       9.8119
     0100      8   00  00  00  00  00  00  00  00       9.8148
     0100      8   00  00  00  00  00  00  00  00       9.8178
     0100      8   00  00  00  00  00  00  00  00       9.8208
     0100      8   00  00  00  00  00  00  00  00       9.8238
     0100      8   00  00  00  00  00  00  00  00       9.8267
     0100      8   00  00  00  00  00  00  00  00       9.8297
     0100      8   00  00  00  00  00  00  00  00       9.8327
     0100      8   00  00  00  00  00  00  00  00       9.8356
     0100      8   00  00  00  00  00  00  00  00       9.8386
     0100      8   00  00  00  00  00  00  00  00       9.8416
     0100      8   00  00  00  00  00  00  00  00       9.8446
     0100      8   00  00  00  00  00  00  00  00       9.8475
     0100      8   00  00  00  00  00  00  00  00       9.8505
     0100      8   00  00  00  00  00  00  00  00       9.8535
     0100      8   00  00  00  00  00  00  00  00       9.8565
     0100      8   00  00  00  00  00  00  00  00       9.8594
     0100      8   00  00  00  00  00  00  00  00       9.8624
     0100      8   00  00  00  00  00  00  00  00       9.8654
     0100      8   00  00  00  00  00  00  00  00       9.8684
     0100      8   00  00  00  00  00  00  00  00       9.8713
     0100      8   00  00  00  00  00  00  00  00       9.8743
     0100      8   00  00  00  00  00  00  00  00       9.8773
     0100      8   00  00  00  00  00  00  00  00       9.8803
     0100      8   00  00  00  00  00  00  00  00       9.8832
     0100      8   00  00  00  00  00  00  00  00       9.8862
     0100      8   00  00  00  00  00  00  00  00       9.8892
     0100      8   00  00  00  00  00  00  00  00       9.8922
     0100      8   00  00  00  00  00  00  00  00       9.8951
     0100      8   00  00  00  00  00  00  00  00       9.8981
     0100      8   00  00  00  00  00  00  00  00       9.9011
     0100      8   00  00  00  00  00  00  00  00       9.9041
     0100      8   00  00  00  00  00  00  00  00       9.9070
     0100      8   00  00  00  00  00  00  00  00       9.9100
     0100      8   00  00  00  00  00  00  00  00       9.9130
     0100      8   00  00  00  00  00  00  00  00       9.9160
     0100      8   00  00  00  00  00  00  00  00       9.9189
     0100      8   00  00  00  00  00  00  00  00       9.9219
     0100      8   00  00  00  00  00  00  00  00       9.9249
     0100      8   00  00  00  00  00  00  00  00       9.9279
     0100      8   00  00  00  00  00  00  00  00       9.9308
     0100      8   00  00  00  00  00  00  00  00       9.9338
     0100      8   00  00  00  00  00  00  00  00       9.9368
     0100      8   00  00  00  00  00  00  00  00       9.9398
     0100      8   00  00  00  00  00  00  00  00       9.9427
     0100      8   00  00  00  00  00  00  00  00       9.9457
     0100      8   00  00  00  00  00  00  00  00       9.9487
     0100      8   00  00  00  00  00  00  00  00       9.9516
     0100      8   00  00  00  00  00  00  00  00       9.9546
     0100      8   00  00  00  00  00  00  00  00       9.9576
     0100      8   00  00  00  00  00  00  00  00       9.9606
     0100      8   00  00  00  00  00  00  00  00       9.9635
     0100      8   00  00  00  00  00  00  00  00       9.9665
     0100      8   00  00  00  00  00  00  00  00       9.9695
     0100      8   00  00  00  00  00  00  00  00       9.9725
     0100      8   00  00  00  00  00  00  00  00       9.9754
     0100      8   00  00  00  00  00  00  00  00       9.9784
     0100      8   00  00  00  00  00  00  00  00       9.9814
     0100      8   00  00  00  00  00  00  00  00       9.9844
     0100      8   00  00  00  00  00  00  00  00       9.9873
     0100      8   00  00  00  00  00  00  00  00       9.9903
     0100      8   00  00  00  00  00  00  00  00       9.9933
     0100      8   00  00  00  00  00  00  00  00       9.9963
     0100      8   00  00  00  00  00  00  00  00       9.9992
     0100      8   00  00  00  00  00  00  00  00      10.0022
     0100      8   00  00  00  00  00  00  00  00      10.0052
     0100      8   00  00  00  00  00  00  00  00      10.0082
     0100      8   00  00  00  00  00  00  00  00      10.0111
     0100      8   00  00  00  00  00  00  00  00      10.0141
     0100      8   00  00  00  00  00  00  00  00      10.0171
     0100      8   00  00  00  00  00  00  00  00      10.0201
     0100      8   00  00  00  00  00  00  00  00      10.0230
     0100      8   00  00  00  00  00  00  00  00      10.0260
     0100      8   00  00  00  00  00  00  00  00      10.0290
     0100      8   00  00  00  00  00  00  00  00      10.0320
     0100      8   00  00  00  00  00  00  00  00      10.0349
     0100      8   00  00  00  00  00  00  00  00      10.0379
     0100      8   00  00  00  00  00  00  00  00      10.0409
     0100      8   00  00  00  00  00  00  00  00      10.0439
     0100      8   00  00  00  00  00  00  00  00      10.0468
     0100      8   00  00  00  00  00  00  00  00      10.0498
     0100      8   00  00  00  00  00  00  00  00      10.0528
     0100      8   00  00  00  00  00  00  00  00      10.0558
     0100      8   00  00  00  00  00  00  00  00      10.0587
     0100      8   00  00  00  00  00  00  00  00      10.0617
     0100      8   00  00  00  00  00  00  00  00      10.0647
     0100      8   00  00  00  00  00  00  00  00      10.0676
     0100      8   00  00  00  00  00  00  00  00      10.0706
     0100      8   00  00  00  00  00  00  00  00      10.0736
     0100      8   00  00  00  00  00  00  00  00      10.0766
     0100      8   00  00  00  00  00  00  00  00      10.0795
     0100      8   00  00  00  00  00  00  00  00      10.0825
     0100      8   00  00  00  00  00  00  00  00      10.0855
     0100      8   00  00  00  00  00  00  00  00      10.0885
     0100      8   00  00  00  00  00  00  00  00      10.0914
     0100      8   00  00  00  00  00  00  00  00      10.0944
     0100      8   00  00  00  00  00  00  00  00      10.0974
     0100      8   00  00  00  00  00  00  00  00      10.1004
     0100      8   00  00  00  00  00  00  00  00      10.1033
     0100      8   00  00  00  00  00  00  00  00      10.1063
     0100      8   00  00  00  00  00  00  00  00      10.1093
     0100      8   00  00  00  00  00  00  00  00      10.1123
     0100      8   00  00  00  00  00  00  00  00      10.1152
     0100      8   00  00  00  00  00  00  00  00      10.1182
     0100      8   00  00  00  00  00  00  00  00      10.1212
     0100      8   00  00  00  00  00  00  00  00      10.1242
     0100      8   00  00  00  00  00  00  00  00      10.1271
     0100      8   00  00  00  00  00  00  00  00      10.1301
     0100      8   00  00  00  00  00  00  00  00      10.1331
     0100      8   00  00  00  00  00  00  00  00      10.1361
     0100      8   00  00  00  00  00  00  00  00      10.1390
     0100      8   00  00  00  00  00  00  00  00      10.1420
     0100      8   00  00  00  00  00  00  00  00      10.1450
     0100      8   00  00  00  00  00  00  00  00      10.1480
     0100      8   00  00  00  00  00  00  00  00      10.1509
     0100      8   00  00  00  00  00  00  00  00      10.1539
     0100      8   00  00  00  00  00  00  00  00      10.1569
     0100      8   00  00  00  00  00  00  00  00      10.1599
     0100      8   00  00  00  00  00  00  00  00      10.1628
     0100      8   00  00  00  00  00  00  00  00      10.1658
     0100      8   00  00  00  00  00  00  00  00      10.1688
     0100      8   00  00  00  00  00  00  00  00      10.1717
     0100      8   00  00  00  00  00  00  00  00      10.1747
     0100      8   00  00  00  00  00  00  00  00      10.1777
     0100      8   00  00  00  00  00  00  00  00      10.1807
     0100      8   00  00  00  00  00  00  00  00      10.1836
     0100      8   00  00  00  00  00  00  00  00      10.1866
     0100      8   00  00  00  00  00  00  00  00      10.1896
     0100      8   00  00  00  00  00  00  00  00      10.1926
     0100      8   00  00  00  00  00  00  00  00      10.1955
     0100      8   00  00  00  00  00  00  00  00      10.1985
     0100      8   00  00  00  00  00  00  00  00      10.2015
     0100      8   00  00  00  00  00  00  00  00      10.2045
     0100      8   00  00  00  00  00  00  00  00      10.2074
     0100      8   00  00  00  00  00  00  00  00      10.2104
     0100      8   00  00  00  00  00  00  00  00      10.2134
     0100      8   00  00  00  00  00  00  00  00      10.2164
     0100      8   00  00  00  00  00  00  00  00      10.2193
     0100      8   00  00  00  00  00  00  00  00      10.2223
     0100      8   00  00  00  00  00  00  00  00      10.2253
     0100      8   00  00  00  00  00  00  00  00      10.2283
     0100      8   00  00  00  00  00  00  00  00      10.2312
     0100      8   00  00  00  00  00  00  00  00      10.2342
     0100      8   00  00  00  00  00  00  00  00      10.2372
     0100      8   00  00  00  00  00  00  00  00      10.2402
     0100      8   00  00  00  00  00  00  00  00      10.2431
     0100      8   00  00  00  00  00  00  00  00      10.2461
     0100      8   00  00  00  00  00  00  00  00      10.2491
     0100      8   00  00  00  00  00  00  00  00      10.2521
     0100      8   00  00  00  00  00  00  00  00      10.2550
     0100      8   00  00  00  00  00  00  00  00      10.2580
     0100      8   00  00  00  00  00  00  00  00      10.2610
     0100      8   00  00  00  00  00  00  00  00      10.2640
     0100      8   00  00  00  00  00  00  00  00      10.2669
     0100      8   00  00  00  00  00  00  00  00      10.2699
     0100      8   00  00  00  00  00  00  00  00      10.2729
     0100      8   00  00  00  00  00  00  00  00      10.2758
     0100      8   00  00  00  00  00  00  00  00      10.2788
     0100      8   00  00  00  00  00  00  00  00      10.2818
     0100      8   00  00  00  00  00  00  00  00      10.2848
     0100      8   00  00  00  00  00  00  00  00      10.2877
     0100      8   00  00  00  00  00  00  00  00      10.2907
     0100      8   00  00  00  00  00  00  00  00      10.2937
     0100      8   00  00  00  00  00  00  00  00      10.2967
     0100      8   00  00  00  00  00  00  00  00      10.2996
     0100      8   00  00  00  00  00  00  00  00      10.3026
     0100      8   00  00  00  00  00  00  00  00      10.3056
     0100      8   00  00  00  00  00  00  00  00      10.3086
     0100      8   00  00  00  00  00  00  00  00      10.3115
     0100      8   00  00  00  00  00  00  00  00      10.3145
     0100      8   00  00  00  00  00  00  00  00      10.3175
     0100      8   00  00  00  00  00  00  00  00      10.3205
     0100      8   00  00  00  00  00  00  00  00      10.3234
     0100      8   00  00  00  00  00  00  00  00      10.3264
     0100      8   00  00  00  00  00  00  00  00      10.3294
     0100      8   00  00  00  00  00  00  00  00      10.3324
     0100      8   00  00  00  00  00  00  00  00      10.3353
     0100      8   00  00  00  00  00  00  00  00      10.3383
     0100      8   00  00  00  00  00  00  00  00      10.3413
     0100      8   00  00  00  00  00  00  00  00      10.3443
     0100      8   00  00  00  00  00  00  00  00      10.3472
     0100      8   00  00  00  00  00  00  00  00      10.3502
     0100      8   00  00  00  00  00  00  00  00      10.3532
     0100      8   00  00  00  00  00  00  00  00      10.3562
     0100      8   00  00  00  00  00  00  00  00      10.3591
     0100      8   00  00  00  00  00  00  00  00      10.3621
     0100      8   00  00  00  00  00  00  00  00      10.3651
     0100      8   00  00  00  00  00  00  00  00      10.3681
     0100      8   00  00  00  00  00  00  00  00      10.3710
     0100      8   00  00  00  00  00  00  00  00      10.3740
     0100      8   00  00  00  00  00  00  00  00      10.3770
     0100      8   00  00  00  00  00  00  00  00      10.3800
     0100      8   00  00  00  00  00  00  00  00      10.3829
     0100      8   00  00  00  00  00  00  00  00      10.3859
     0100      8   00  00  00  00  00  00  00  00      10.3889
     0100      8   00  00  00  00  00  00  00  00      10.3918
     0100      8   00  00  00  00  00  00  00  00      10.3948
     0100      8   00  00  00  00  00  00  00  00      10.3978
     0100      8   00  00  00  00  00  00  00  00      10.4008
     0100      8   00  00  00  00  00  00  00  00      10.4037
     0100      8   00  00  00  00  00  00  00  00      10.4067
     0100      8   00  00  00  00  00  00  00  00      10.4097
     0100      8   00  00  00  00  00  00  00  00      10.4127
     0100      8   00  00  00  00  00  00  00  00      10.4156
     0100      8   00  00  00  00  00  00  00  00      10.4186
     0100      8   00  00  00  00  00  00  00  00      10.4216
     0100      8   00  00  00  00  00  00  00  00      10.4246
     0100      8   00  00  00  00  00  00  00  00      10.4275
     0100      8   00  00  00  00  00  00  00  00      10.4305
     0100      8   00  00  00  00  00  00  00  00      10.4335
     0100      8   00  00  00  00  00  00  00  00      10.4365
     0100      8   00  00  00  00  00  00  00  00      10.4394
     0100      8   00  00  00  00  00  00  00  00      10.4424
     0100      8   00  00  00  00  00  00  00  00      10.4454
     0100      8   00  00  00  00  00  00  00  00      10.4484
     0100      8   00  00  00  00  00  00  00  00      10.4513
     0100      8   00  00  00  00  00  00  00  00      10.4543
     0100      8   00  00  00  00  00  00  00  00      10.4573
     0100      8   00  00  00  00  00  00  00  00      10.4603
     0100      8   00  00  00  00  00  00  00  00      10.4632
     0100      8   00  00  00  00  00  00  00  00      10.4662
     0100      8   00  00  00  00  00  00  00  00      10.4692
     0100      8   00  00  00  00  00  00  00  00      10.4722
     0100      8   00  00  00  00  00  00  00  00      10.4751
     0100      8   00  00  00  00  00  00  00  00      10.4781
     0100      8   00  00  00  00  00  00  00  00      10.4811
     0100      8   00  00  00  00  00  00  00  00      10.4841
     0100      8   00  00  00  00  00  00  00  00      10.4870
     0100      8   00  00  00  00  00  00  00  00      10.4900
     0100      8   00  00  00  00  00  00  00  00      10.4930
     0100      8   00  00  00  00  00  00  00  00      10.4960
     0100      8   00  00  00  00  00  00  00  00      10.4989
     0100      8   00  00  00  00  00  00  00  00      10.5019
     0100      8   00  00  00  00  00  00  00  00      10.5049
     0100      8   00  00  00  00  00  00  00  00      10.5078
     0100      8   00  00  00  00  00  00  00  00      10.5108
     0100      8   00  00  00  00  00  00  00  00      10.5138
     0100      8   00  00  00  00  00  00  00  00      10.5168
     0100      8   00  00  00  00  00  00  00  00      10.5197
     0100      8   00  00  00  00  00  00  00  00      10.5227
     0100      8   00  00  00  00  00  00  00  00      10.5257
     0100      8   00  00  00  00  00  00  00  00      10.5287
     0100      8   00  00  00  00  00  00  00  00      10.5316
     0100      8   00  00  00  00  00  00  00  00      10.5346
     0100      8   00  00  00  00  00  00  00  00      10.5376
     0100      8   00  00  00  00  00  00  00  00      10.5406
     0100      8   00  00  00  00  00  00  00  00      10.5435
     0100      8   00  00  00  00  00  00  00  00      10.5465
     0100      8   00  00  00  00  00  00  00  00      10.5495
     0100      8   00  00  00  00  00  00  00  00      10.5525
     0100      8   00  00  00  00  00  00  00  00      10.5554
     0100      8   00  00  00  00  00  00  00  00      10.5584
     0100      8   00  00  00  00  00  00  00  00      10.5614
     0100      8   00  00  00  00  00  00  00  00      10.5644
     0100      8   00  00  00  00  00  00  00  00      10.5673
     0100      8   00  00  00  00  00  00  00  00      10.5703
     0100      8   00  00  00  00  00  00  00  00      10.5733
     0100      8   00  00  00  00  00  00  00  00      10.5763
     0100      8   00  00  00  00  00  00  00  00      10.5792
     0100      8   00  00  00  00  00  00  00  00      10.5822
     0100      8   00  00  00  00  00  00  00  00      10.5852
     0100      8   00  00  00  00  00  00  00  00      10.5882
     0100      8   00  00  00  00  00  00  00  00      10.5911
     0100      8   00  00  00  00  00  00  00  00      10.5941
     0100      8   00  00  00  00  00  00  00  00      10.5971
     0100      8   00  00  00  00  00  00  00  00      10.6001
     0100      8   00  00  00  00  00  00  00  00      10.6030
     0100      8   00  00  00  00  00  00  00  00      10.6060
     0100      8   00  00  00  00  00  00  00  00      10.6090
     0100      8   00  00  00  00  00  00  00  00      10.6119
     0100      8   00  00  00  00  00  00  00  00      10.6149
     0100      8   00  00  00  00  00  00  00  00      10.6179
     0100      8   00  00  00  00  00  00  00  00      10.6209
     0100      8   00  00  00  00  00  00  00  00      10.6238
     0100      8   00  00  00  00  00  00  00  00      10.6268
     0100      8   00  00  00  00  00  00  00  00      10.6298
     0100      8   00  00  00  00  00  00  00  00      10.6328
     0100      8   00  00  00  00  00  00  00  00      10.6357
     0100      8   00  00  00  00  00  00  00  00      10.6387
     0100      8   00  00  00  00  00  00  00  00      10.6417
     0100      8   00  00  00  00  00  00  00  00      10.6447
     0100      8   00  00  00  00  00  00  00  00      10.6476
     0100      8   00  00  00  00  00  00  00  00      10.6506
     0100      8   00  00  00  00  00  00  00  00      10.6536
     0100      8   00  00  00  00  00  00  00  00      10.6566
     0100      8   00  00  00  00  00  00  00  00      10.6595
     0100      8   00  00  00  00  00  00  00  00      10.6625
     0100      8   00  00  00  00  00  00  00  00      10.6655
     0100      8   00  00  00  00  00  00  00  00      10.6685
     0100      8   00  00  00  00  00  00  00  00      10.6714
     0100      8   00  00  00  00  00  00  00  00      10.6744
     0100      8   00  00  00  00  00  00  00  00      10.6774
     0100      8   00  00  00  00  00  00  00  00      10.6804
     0100      8   00  00  00  00  00  00  00  00      10.6833
     0100      8   00  00  00  00  00  00  00  00      10.6863
     0100      8   00  00  00  00  00  00  00  00      10.6893
     0100      8   00  00  00  00  00  00  00  00      10.6923
     0100      8   00  00  00  00  00  00  00  00      10.6952
     0100      8   00  00  00  00  00  00  00  00      10.6982
     0100      8   00  00  00  00  00  00  00  00      10.7012
     0100      8   00  00  00  00  00  00  00  00      10.7042
     0100      8   00  00  00  00  00  00  00  00      10.7071
     0100      8   00  00  00  00  00  00  00  00      10.7101
     0100      8   00  00  00  00  00  00  00  00      10.7131
     0100      8   00  00  00  00  00  00  00  00      10.7160
     0100      8   00  00  00  00  00  00  00  00      10.7190
     0100      8   00  00  00  00  00  00  00  00      10.7220
     0100      8   00  00  00  00  00  00  00  00      10.7250
     0100      8   00  00  00  00  00  00  00  00      10.7279
     0100      8   00  00  00  00  00  00  00  00      10.7309
     0100      8   00  00  00  00  00  00  00  00      10.7339
     0100      8   00  00  00  00  00  00  00  00      10.7369
     0100      8   00  00  00  00  00  00  00  00      10.7398
     0100      8   00  00  00  00  00  00  00  00      10.7428
     0100      8   00  00  00  00  00  00  00  00      10.7458
     0100      8   00  00  00  00  00  00  00  00      10.7488
     0100      8   00  00  00  00  00  00  00  00      10.7517
     0100      8   00  00  00  00  00  00  00  00      10.7547
     0100      8   00  00  00  00  00  00  00  00      10.7577
     0100      8   00  00  00  00  00  00  00  00      10.7607
     0100      8   00  00  00  00  00  00  00  00      10.7636
     0100      8   00  00  00  00  00  00  00  00      10.7666
     0100      8   00  00  00  00  00  00  00  00      10.7696
     0100      8   00  00  00  00  00  00  00  00      10.7726
     0100      8   00  00  00  00  00  00  00  00      10.7755
     0100      8   00  00  00  00  00  00  00  00      10.7785
     0100      8   00  00  00  00  00  00  00  00      10.7815
     0100      8   00  00  00  00  00  00  00  00      10.7845
     0100      8   00  00  00  00  00  00  00  00      10.7874
     0100      8   00  00  00  00  00  00  00  00      10.7904
     0100      8   00  00  00  00  00  00  00  00      10.7934
     0100      8   00  00  00  00  00  00  00  00      10.7964
     0100      8   00  00  00  00  00  00  00  00      10.7993
     0100      8   00  00  00  00  00  00  00  00      10.8023
     0100      8   00  00  00  00  00  00  00  00      10.8053
     0100      8   00  00  00  00  00  00  00  00      10.8083
     0100      8   00  00  00  00  00  00  00  00      10.8112
     0100      8   00  00  00  00  00  00  00  00      10.8142
     0100      8   00  00  00  00  00  00  00  00      10.8172
     0100      8   00  00  00  00  00  00  00  00      10.8202
     0100      8   00  00  00  00  00  00  00  00      10.8231
     0100      8   00  00  00  00  00  00  00  00      10.8261
     0100      8   00  00  00  00  00  00  00  00      10.8291
     0100      8   00  00  00  00  00  00  00  00      10.8320
     0100      8   00  00  00  00  00  00  00  00      10.8350
     0100      8   00  00  00  00  00  00  00  00      10.8380
     0100      8   00  00  00  00  00  00  00  00      10.8410
     0100      8   00  00  00  00  00  00  00  00      10.8439
     0100      8   00  00  00  00  00  00  00  00      10.8469
     0100      8   00  00  00  00  00  00  00  00      10.8499
     0100      8   00  00  00  00  00  00  00  00      10.8529
     0100      8   00  00  00  00  00  00  00  00      10.8558
     0100      8   00  00  00  00  00  00  00  00      10.8588
     0100      8   00  00  00  00  00  00  00  00      10.8618
     0100      8   00  00  00  00  00  00  00  00      10.8648
     0100      8   00  00  00  00  00  00  00  00      10.8677
     0100      8   00  00  00  00  00  00  00  00      10.8707
     0100      8   00  00  00  00  00  00  00  00      10.8737
     0100      8   00  00  00  00  00  00  00  00      10.8767
     0100      8   00  00  00  00  00  00  00  00      10.8796
     0100      8   00  00  00  00  00  00  00  00      10.8826
     0100      8   00  00  00  00  00  00  00  00      10.8856
     0100      8   00  00  00  00  00  00  00  00      10.8886
     0100      8   00  00  00  00  00  00  00  00      10.8915
     0100      8   00  00  00  00  00  00  00  00      10.8945
     0100      8   00  00  00  00  00  00  00  00      10.8975
     0100      8   00  00  00  00  00  00  00  00      10.9005
     0100      8   00  00  00  00  00  00  00  00      10.9034
     0100      8   00  00  00  00  00  00  00  00      10.9064
     0100      8   00  00  00  00  00  00  00  00      10.9094
     0100      8   00  00  00  00  00  00  00  00      10.9124
     0100      8   00  00  00  00  00  00  00  00      10.9153
     0100      8   00  00  00  00  00  00  00  00      10.9183
     0100      8   00  00  00  00  00  00  00  00      10.9213
     0100      8   00  00  00  00  00  00  00  00      10.9243
     0100      8   00  00  00  00  00  00  00  00      10.9272
     0100      8   00  00  00  00  00  00  00  00      10.9302
     0100      8   00  00  00  00  00  00  00  00      10.9332
     0100      8   00  00  00  00  00  00  00  00      10.9361
     0100      8   00  00  00  00  00  00  00  00      10.9391
     0100      8   00  00  00  00  00  00  00  00      10.9421
     0100      8   00  00  00  00  00  00  00  00      10.9451
     0100      8   00  00  00  00  00  00  00  00      10.9480
     0100      8   00  00  00  00  00  00  00  00      10.9510
     0100      8   00  00  00  00  00  00  00  00      10.9540
     0100      8   00  00  00  00  00  00  00  00      10.9570
     0100      8   00  00  00  00  00  00  00  00      10.9599
     0100      8   00  00  00  00  00  00  00  00      10.9629
     0100      8   00  00  00  00  00  00  00  00      10.9659
     0100      8   00  00  00  00  00  00  00  00      10.9689
     0100      8   00  00  00  00  00  00  00  00      10.9718
     0100      8   00  00  00  00  00  00  00  00      10.9748
     0100      8   00  00  00  00  00  00  00  00      10.9778
     0100      8   00  00  00  00  00  00  00  00      10.9808
     0100      8   00  00  00  00  00  00  00  00      10.9837
     0100      8   00  00  00  00  00  00  00  00      10.9867
     0100      8   00  00  00  00  00  00  00  00      10.9897
     0100      8   00  00  00  00  00  00  00  00      10.9927
     0100      8   00  00  00  00  00  00  00  00      10.9956
     0100      8   00  00  00  00  00  00  00  00      10.9986
     0100      8   00  00  00  00  00  00  00  00      11.0016
     0100      8   00  00  00  00  00  00  00  00      11.0046
     0100      8   00  00  00  00  00  00  00  00      11.0075
     0100      8   00  00  00  00  00  00  00  00      11.0105
     0100      8   00  00  00  00  00  00  00  00      11.0135
     0100      8   00  00  00  00  00  00  00  00      11.0165
     0100      8   00  00  00  00  00  00  00  00      11.0194
     0100      8   00  00  00  00  00  00  00  00      11.0224
     0100      8   00  00  00  00  00  00  00  00      11.0254
     0100      8   00  00  00  00  00  00  00  00      11.0284
     0100      8   00  00  00  00  00  00  00  00      11.0313
     0100      8   00  00  00  00  00  00  00  00      11.0343
     0100      8   00  00  00  00  00  00  00  00      11.0373
     0100      8   00  00  00  00  00  00  00  00      11.0403
     0100      8   00  00  00  00  00  00  00  00      11.0432
     0100      8   00  00  00  00  00  00  00  00      11.0462
     0100      8   00  00  00  00  00  00  00  00      11.0492
     0100      8   00  00  00  00  00  00  00  00      11.0521
     0100      8   00  00  00  00  00  00  00  00      11.0551
     0100      8   00  00  00  00  00  00  00  00      11.0581
     0100      8   00  00  00  00  00  00  00  00      11.0611
     0100      8   00  00  00  00  00  00  00  00      11.0640
     0100      8   00  00  00  00  00  00  00  00      11.0670
     0100      8   00  00  00  00  00  00  00  00      11.0700
     0100      8   00  00  00  00  00  00  00  00      11.0730
     0100      8   00  00  00  00  00  00  00  00      11.0759
     0100      8   00  00  00  00  00  00  00  00      11.0789
     0100      8   00  00  00  00  00  00  00  00      11.0819
     0100      8   00  00  00  00  00  00  00  00      11.0849
     0100      8   00  00  00  00  00  00  00  00      11.0878
     0100      8   00  00  00  00  00  00  00  00      11.0908
     0100      8   00  00  00  00  00  00  00  00      11.0938
     0100      8   00  00  00  00  00  00  00  00      11.0968
     0100      8   00  00  00  00  00  00  00  00      11.0997
     0100      8   00  00  00  00  00  00  00  00      11.1027
     0100      8   00  00  00  00  00  00  00  00      11.1057
     0100      8   00  00  00  00  00  00  00  00      11.1087
     0100      8   00  00  00  00  00  00  00  00      11.1116
     0100      8   00  00  00  00  00  00  00  00      11.1146
     0100      8   00  00  00  00  00  00  00  00      11.1176
     0100      8   00  00  00  00  00  00  00  00      11.1206
     0100      8   00  00  00  00  00  00  00  00      11.1235
     0100      8   00  00  00  00  00  00  00  00      11.1265
     0100      8   00  00  00  00  00  00  00  00      11.1295
     0100      8   00  00  00  00  00  00  00  00      11.1325
     0100      8   00  00  00  00  00  00  00  00      11.1354
     0100      8   00  00  00  00  00  00  00  00      11.1384
     0100      8   00  00  00  00  00  00  00  00      11.1414
     0100      8   00  00  00  00  00  00  00  00      11.1444
     0100      8   00  00  00  00  00  00  00  00      11.1473
     0100      8   00  00  00  00  00  00  00  00      11.1503
     0100      8   00  00  00  00  00  00  00  00      11.1533
     0100      8   00  00  00  00  00  00  00  00      11.1562
     0100      8   00  00  00  00  00  00  00  00      11.1592
     0100      8   00  00  00  00  00  00  00  00      11.1622
     0100      8   00  00  00  00  00  00  00  00      11.1652
     0100      8   00  00  00  00  00  00  00  00      11.1681
     0100      8   00  00  00  00  00  00  00  00      11.1711
     0100      8   00  00  00  00  00  00  00  00      11.1741
     0100      8   00  00  00  00  00  00  00  00      11.1771
     0100      8   00  00  00  00  00  00  00  00      11.1800
     0100      8   00  00  00  00  00  00  00  00      11.1830
     0100      8   00  00  00  00  00  00  00  00      11.1860
     0100      8   00  00  00  00  00  00  00  00      11.1890
     0100      8   00  00  00  00  00  00  00  00      11.1919
     0100      8   00  00  00  00  00  00  00  00      11.1949
     0100      8   00  00  00  00  00  00  00  00      11.1979
     0100      8   00  00  00  00  00  00  00  00      11.2009
     0100      8   00  00  00  00  00  00  00  00      11.2038
     0100      8   00  00  00  00  00  00  00  00      11.2068
     0100      8   00  00  00  00  00  00  00  00      11.2098
     0100      8   00  00  00  00  00  00  00  00      11.2128
     0100      8   00  00  00  00  00  00  00  00      11.2157
     0100      8   00  00  00  00  00  00  00  00      11.2187
     0100      8   00  00  00  00  00  00  00  00      11.2217
     0100      8   00  00  00  00  00  00  00  00      11.2247
     0100      8   00  00  00  00  00  00  00  00      11.2276
     0100      8   00  00  00  00  00  00  00  00      11.2306
     0100      8   00  00  00  00  00  00  00  00      11.2336
     0100      8   00  00  00  00  00  00  00  00      11.2366
     0100      8   00  00  00  00  00  00  00  00      11.2395
     0100      8   00  00  00  00  00  00  00  00      11.2425
     0100      8   00  00  00  00  00  00  00  00      11.2455
     0100      8   00  00  00  00  00  00  00  00      11.2485
     0100      8   00  00  00  00  00  00  00  00      11.2514
     0100      8   00  00  00  00  00  00  00  00      11.2544
     0100      8   00  00  00  00  00  00  00  00      11.2574
     0100      8   00  00  00  00  00  00  00  00      11.2604
     0100      8   00  00  00  00  00  00  00  00      11.2633
     0100      8   00  00  00  00  00  00  00  00      11.2663
     0100      8   00  00  00  00  00  00  00  00      11.2693
     0100      8   00  00  00  00  00  00  00  00      11.2722
     0100      8   00  00  00  00  00  00  00  00      11.2752
     0100      8   00  00  00  00  00  00  00  00      11.2782
     0100      8   00  00  00  00  00  00  00  00      11.2812
     0100      8   00  00  00  00  00  00  00  00      11.2841
     0100      8   00  00  00  00  00  00  00  00      11.2871
     0100      8   00  00  00  00  00  00  00  00      11.2901
     0100      8   00  00  00  00  00  00  00  00      11.2931
     0100      8   00  00  00  00  00  00  00  00      11.2960
     0100      8   00  00  00  00  00  00  00  00      11.2990
     0100      8   00  00  00  00  00  00  00  00      11.3020
     0100      8   00  00  00  00  00  00  00  00      11.3050
     0100      8   00  00  00  00  00  00  00  00      11.3079
     0100      8   00  00  00  00  00  00  00  00      11.3109
     0100      8   00  00  00  00  00  00  00  00      11.3139
     0100      8   00  00  00  00  00  00  00  00      11.3169
     0100      8   00  00  00  00  00  00  00  00      11.3198
     0100      8   00  00  00  00  00  00  00  00      11.3228
     0100      8   00  00  00  00  00  00  00  00      11.3258
     0100      8   00  00  00  00  00  00  00  00      11.3288
     0100      8   00  00  00  00  00  00  00  00      11.3317
     0100      8   00  00  00  00  00  00  00  00      11.3347
     0100      8   00  00  00  00  00  00  00  00      11.3377
     0100      8   00  00  00  00  00  00  00  00      11.3407
     0100      8   00  00  00  00  00  00  00  00      11.3436
     0100      8   00  00  00  00  00  00  00  00      11.3466
     0100      8   00  00  00  00  00  00  00  00      11.3496
     0100      8   00  00  00  00  00  00  00  00      11.3526
     0100      8   00  00  00  00  00  00  00  00      11.3555
     0100      8   00  00  00  00  00  00  00  00      11.3585
     0100      8   00  00  00  00  00  00  00  00      11.3615
     0100      8   00  00  00  00  00  00  00  00      11.3645
     0100      8   00  00  00  00  00  00  00  00      11.3674
     0100      8   00  00  00  00  00  00  00  00      11.3704
     0100      8   00  00  00  00  00  00  00  00      11.3734
     0100      8   00  00  00  00  00  00  00  00      11.3763
     0100      8   00  00  00  00  00  00  00  00      11.3793
     0100      8   00  00  00  00  00  00  00  00      11.3823
     0100      8   00  00  00  00  00  00  00  00      11.3853
     0100      8   00  00  00  00  00  00  00  00      11.3882
     0100      8   00  00  00  00  00  00  00  00      11.3912
     0100      8   00  00  00  00  00  00  00  00      11.3942
     0100      8   00  00  00  00  00  00  00  00      11.3972
     0100      8   00  00  00  00  00  00  00  00      11.4001
     0100      8   00  00  00  00  00  00  00  00      11.4031
     0100      8   00  00  00  00  00  00  00  00      11.4061
     0100      8   00  00  00  00  00  00  00  00      11.4091
     0100      8   00  00  00  00  00  00  00  00      11.4120
     0100      8   00  00  00  00  00  00  00  00      11.4150
     0100      8   00  00  00  00  00  00  00  00      11.4180
     0100      8   00  00  00  00  00  00  00  00      11.4210
     0100      8   00  00  00  00  00  00  00  00      11.4239
     0100      8   00  00  00  00  00  00  00  00      11.4269
     0100      8   00  00  00  00  00  00  00  00      11.4299
     0100      8   00  00  00  00  00  00  00  00      11.4329
     0100      8   00  00  00  00  00  00  00  00      11.4358
     0100      8   00  00  00  00  00  00  00  00      11.4388
     0100      8   00  00  00  00  00  00  00  00      11.4418
     0100      8   00  00  00  00  00  00  00  00      11.4448
     0100      8   00  00  00  00  00  00  00  00      11.4477
     0100      8   00  00  00  00  00  00  00  00      11.4507
     0100      8   00  00  00  00  00  00  00  00      11.4537
     0100      8   00  00  00  00  00  00  00  00      11.4567
     0100      8   00  00  00  00  00  00  00  00      11.4596
     0100      8   00  00  00  00  00  00  00  00      11.4626
     0100      8   00  00  00  00  00  00  00  00      11.4656
     0100      8   00  00  00  00  00  00  00  00      11.4686
     0100      8   00  00  00  00  00  00  00  00      11.4715
     0100      8   00  00  00  00  00  00  00  00      11.4745
     0100      8   00  00  00  00  00  00  00  00      11.4775
     0100      8   00  00  00  00  00  00  00  00      11.4804
     0100      8   00  00  00  00  00  00  00  00      11.4834
     0100      8   00  00  00  00  00  00  00  00      11.4864
     0100      8   00  00  00  00  00  00  00  00      11.4894
     0100      8   00  00  00  00  00  00  00  00      11.4923
     0100      8   00  00  00  00  00  00  00  00      11.4953
     0100      8   00  00  00  00  00  00  00  00      11.4983
     0100      8   00  00  00  00  00  00  00  00      11.5013
     0100      8   00  00  00  00  00  00  00  00      11.5042
     0100      8   00  00  00  00  00  00  00  00      11.5072
     0100      8   00  00  00  00  00  00  00  00      11.5102
     0100      8   00  00  00  00  00  00  00  00      11.5132
     0100      8   00  00  00  00  00  00  00  00      11.5162
     0100      8   00  00  00  00  00  00  00  00      11.5191
     0100      8   00  00  00  00  00  00  00  00      11.5221
     0100      8   00  00  00  00  00  00  00  00      11.5251
     0100      8   00  00  00  00  00  00  00  00      11.5280
     0100      8   00  00  00  00  00  00  00  00      11.5310
     0100      8   00  00  00  00  00  00  00  00      11.5340
     0100      8   00  00  00  00  00  00  00  00      11.5370
     0100      8   00  00  00  00  00  00  00  00      11.5399
     0100      8   00  00  00  00  00  00  00  00      11.5429
     0100      8   00  00  00  00  00  00  00  00      11.5459
     0100      8   00  00  00  00  00  00  00  00      11.5489
     0100      8   00  00  00  00  00  00  00  00      11.5518
     0100      8   00  00  00  00  00  00  00  00      11.5548
     0100      8   00  00  00  00  00  00  00  00      11.5578
     0100      8   00  00  00  00  00  00  00  00      11.5608
     0100      8   00  00  00  00  00  00  00  00      11.5637
     0100      8   00  00  00  00  00  00  00  00      11.5667
     0100      8   00  00  00  00  00  00  00  00      11.5697
     0100      8   00  00  00  00  00  00  00  00      11.5727
     0100      8   00  00  00  00  00  00  00  00      11.5756
     0100      8   00  00  00  00  00  00  00  00      11.5786
     0100      8   00  00  00  00  00  00  00  00      11.5816
     0100      8   00  00  00  00  00  00  00  00      11.5846
     0100      8   00  00  00  00  00  00  00  00      11.5875
     0100      8   00  00  00  00  00  00  00  00      11.5905
     0100      8   00  00  00  00  00  00  00  00      11.5935
     0100      8   00  00  00  00  00  00  00  00      11.5964
     0100      8   00  00  00  00  00  00  00  00      11.5994
     0100      8   00  00  00  00  00  00  00  00      11.6024
     0100      8   00  00  00  00  00  00  00  00      11.6054
     0100      8   00  00  00  00  00  00  00  00      11.6083
     0100      8   00  00  00  00  00  00  00  00      11.6113
     0100      8   00  00  00  00  00  00  00  00      11.6143
     0100      8   00  00  00  00  00  00  00  00      11.6173
     0100      8   00  00  00  00  00  00  00  00      11.6202
     0100      8   00  00  00  00  00  00  00  00      11.6232
     0100      8   00  00  00  00  00  00  00  00      11.6262
     0100      8   00  00  00  00  00  00  00  00      11.6292
     0100      8   00  00  00  00  00  00  00  00      11.6321
     0100      8   00  00  00  00  00  00  00  00      11.6351
     0100      8   00  00  00  00  00  00  00  00      11.6381
     0100      8   00  00  00  00  00  00  00  00      11.6411
     0100      8   00  00  00  00  00  00  00  00      11.6440
     0100      8   00  00  00  00  00  00  00  00      11.6470
     0100      8   00  00  00  00  00  00  00  00      11.6500
     0100      8   00  00  00  00  00  00  00  00      11.6530
     0100      8   00  00  00  00  00  00  00  00      11.6559
     0100      8   00  00  00  00  00  00  00  00      11.6589
     0100      8   00  00  00  00  00  00  00  00      11.6619
     0100      8   00  00  00  00  00  00  00  00      11.6649
     0100      8   00  00  00  00  00  00  00  00      11.6678
     0100      8   00  00  00  00  00  00  00  00      11.6708
     0100      8   00  00  00  00  00  00  00  00      11.6738
     0100      8   00  00  00  00  00  00  00  00      11.6768
     0100      8   00  00  00  00  00  00  00  00      11.6797
     0100      8   00  00  00  00  00  00  00  00      11.6827
     0100      8   00  00  00  00  00  00  00  00      11.6857
     0100      8   00  00  00  00  00  00  00  00      11.6887
     0100      8   00  00  00  00  00  00  00  00      11.6916
     0100      8   00  00  00  00  00  00  00  00      11.6946
     0100      8   00  00  00  00  00  00  00  00      11.6976
     0100      8   00  00  00  00  00  00  00  00      11.7006
     0100      8   00  00  00  00  00  00  00  00      11.7035
     0100      8   00  00  00  00  00  00  00  00      11.7065
     0100      8   00  00  00  00  00  00  00  00      11.7095
     0100      8   00  00  00  00  00  00  00  00      11.7124
     0100      8   00  00  00  00  00  00  00  00      11.7154
     0100      8   00  00  00  00  00  00  00  00      11.7184
     0100      8   00  00  00  00  00  00  00  00      11.7214
     0100      8   00  00  00  00  00  00  00  00      11.7243
     0100      8   00  00  00  00  00  00  00  00      11.7273
     0100      8   00  00  00  00  00  00  00  00      11.7303
     0100      8   00  00  00  00  00  00  00  00      11.7333
     0100      8   00  00  00  00  00  00  00  00      11.7362
     0100      8   00  00  00  00  00  00  00  00      11.7392
     0100      8   00  00  00  00  00  00  00  00      11.7422
     0100      8   00  00  00  00  00  00  00  00      11.7452
     0100      8   00  00  00  00  00  00  00  00      11.7481
     0100      8   00  00  00  00  00  00  00  00      11.7511
     0100      8   00  00  00  00  00  00  00  00      11.7541
     0100      8   00  00  00  00  00  00  00  00      11.7571
     0100      8   00  00  00  00  00  00  00  00      11.7600
     0100      8   00  00  00  00  00  00  00  00      11.7630
     0100      8   00  00  00  00  00  00  00  00      11.7660
     0100      8   00  00  00  00  00  00  00  00      11.7690
     0100      8   00  00  00  00  00  00  00  00      11.7719
     0100      8   00  00  00  00  00  00  00  00      11.7749
     0100      8   00  00  00  00  00  00  00  00      11.7779
     0100      8   00  00  00  00  00  00  00  00      11.7809
     0100      8   00  00  00  00  00  00  00  00      11.7838
     0100      8   00  00  00  00  00  00  00  00      11.7868
     0100      8   00  00  00  00  00  00  00  00      11.7898
     0100      8   00  00  00  00  00  00  00  00      11.7928
     0100      8   00  00  00  00  00  00  00  00      11.7957
     0100      8   00  00  00  00  00  00  00  00      11.7987
     0100      8   00  00  00  00  00  00  00  00      11.8017
     0100      8   00  00  00  00  00  00  00  00      11.8047
     0100      8   00  00  00  00  00  00  00  00      11.8076
     0100      8   00  00  00  00  00  00  00  00      11.8106
     0100      8   00  00  00  00  00  00  00  00      11.8136
     0100      8   00  00  00  00  00  00  00  00      11.8165
     0100      8   00  00  00  00  00  00  00  00      11.8195
     0100      8   00  00  00  00  00  00  00  00      11.8225
     0100      8   00  00  00  00  00  00  00  00      11.8255
     0100      8   00  00  00  00  00  00  00  00      11.8284
     0100      8   00  00  00  00  00  00  00  00      11.8314
     0100      8   00  00  00  00  00  00  00  00      11.8344
     0100      8   00  00  00  00  00  00  00  00      11.8374
     0100      8   00  00  00  00  00  00  00  00      11.8403
     0100      8   00  00  00  00  00  00  00  00      11.8433
     0100      8   00  00  00  00  00  00  00  00      11.8463
     0100      8   00  00  00  00  00  00  00  00      11.8493
     0100      8   00  00  00  00  00  00  00  00      11.8522
     0100      8   00  00  00  00  00  00  00  00      11.8552
     0100      8   00  00  00  00  00  00  00  00      11.8582
     0100      8   00  00  00  00  00  00  00  00      11.8612
     0100      8   00  00  00  00  00  00  00  00      11.8641
     0100      8   00  00  00  00  00  00  00  00      11.8671
     0100      8   00  00  00  00  00  00  00  00      11.8701
     0100      8   00  00  00  00  00  00  00  00      11.8731
     0100      8   00  00  00  00  00  00  00  00      11.8760
     0100      8   00  00  00  00  00  00  00  00      11.8790
     0100      8   00  00  00  00  00  00  00  00      11.8820
     0100      8   00  00  00  00  00  00  00  00      11.8850
     0100      8   00  00  00  00  00  00  00  00      11.8879
     0100      8   00  00  00  00  00  00  00  00      11.8909
     0100      8   00  00  00  00  00  00  00  00      11.8939
     0100      8   00  00  00  00  00  00  00  00      11.8969
     0100      8   00  00  00  00  00  00  00  00      11.8998
     0100      8   00  00  00  00  00  00  00  00      11.9028
     0100      8   00  00  00  00  00  00  00  00      11.9058
     0100      8   00  00  00  00  00  00  00  00      11.9088
     0100      8   00  00  00  00  00  00  00  00      11.9117
     0100      8   00  00  00  00  00  00  00  00      11.9147
     0100      8   00  00  00  00  00  00  00  00      11.9177
     0100      8   00  00  00  00  00  00  00  00      11.9206
     0100      8   00  00  00  00  00  00  00  00      11.9236
     0100      8   00  00  00  00  00  00  00  00      11.9266
     0100      8   00  00  00  00  00  00  00  00      11.9296
     0100      8   00  00  00  00  00  00  00  00      11.9325
     0100      8   00  00  00  00  00  00  00  00      11.9355
     0100      8   00  00  00  00  00  00  00  00      11.9385
     0100      8   00  00  00  00  00  00  00  00      11.9415
     0100      8   00  00  00  00  00  00  00  00      11.9444
     0100      8   00  00  00  00  00  00  00  00      11.9474
     0100      8   00  00  00  00  00  00  00  00      11.9504
     0100      8   00  00  00  00  00  00  00  00      11.9534
     0100      8   00  00  00  00  00  00  00  00      11.9564
     0100      8   00  00  00  00  00  00  00  00      11.9593
     0100      8   00  00  00  00  00  00  00  00      11.9623
     0100      8   00  00  00  00  00  00  00  00      11.9653
     0100      8   00  00  00  00  00  00  00  00      11.9682
     0100      8   00  00  00  00  00  00  00  00      11.9712
     0100      8   00  00  00  00  00  00  00  00      11.9742
     0100      8   00  00  00  00  00  00  00  00      11.9772
     0100      8   00  00  00  00  00  00  00  00      11.9801
     0100      8   00  00  00  00  00  00  00  00      11.9831
     0100      8   00  00  00  00  00  00  00  00      11.9861
     0100      8   00  00  00  00  00  00  00  00      11.9891
     0100      8   00  00  00  00  00  00  00  00      11.9920
     0100      8   00  00  00  00  00  00  00  00      11.9950
     0100      8   00  00  00  00  00  00  00  00      11.9980
     0100      8   00  00  00  00  00  00  00  00      12.0010
     0100      8   00  00  00  00  00  00  00  00      12.0039
     0100      8   00  00  00  00  00  00  00  00      12.0069
     0100      8   00  00  00  00  00  00  00  00      12.0099
     0100      8   00  00  00  00  00  00  00  00      12.0129
     0100      8   00  00  00  00  00  00  00  00      12.0158
     0100      8   00  00  00  00  00  00  00  00      12.0188
     0100      8   00  00  00  00  00  00  00  00      12.0218
     0100      8   00  00  00  00  00  00  00  00      12.0248
     0100      8   00  00  00  00  00  00  00  00      12.0277
     0100      8   00  00  00  00  00  00  00  00      12.0307
     0100      8   00  00  00  00  00  00  00  00      12.0337
     0100      8   00  00  00  00  00  00  00  00      12.0367
     0100      8   00  00  00  00  00  00  00  00      12.0396
     0100      8   00  00  00  00  00  00  00  00      12.0426
     0100      8   00  00  00  00  00  00  00  00      12.0456
     0100      8   00  00  00  00  00  00  00  00      12.0486
     0100      8   00  00  00  00  00  00  00  00      12.0515
     0100      8   00  00  00  00  00  00  00  00      12.0545
     0100      8   00  00  00  00  00  00  00  00      12.0575
     0100      8   00  00  00  00  00  00  00  00      12.0604
     0100      8   00  00  00  00  00  00  00  00      12.0634
     0100      8   00  00  00  00  00  00  00  00      12.0664
     0100      8   00  00  00  00  00  00  00  00      12.0694
     0100      8   00  00  00  00  00  00  00  00      12.0723
     0100      8   00  00  00  00  00  00  00  00      12.0753
     0100      8   00  00  00  00  00  00  00  00      12.0783
     0100      8   00  00  00  00  00  00  00  00      12.0813
     0100      8   00  00  00  00  00  00  00  00      12.0842
     0100      8   00  00  00  00  00  00  00  00      12.0872
     0100      8   00  00  00  00  00  00  00  00      12.0902
     0100      8   00  00  00  00  00  00  00  00      12.0932
     0100      8   00  00  00  00  00  00  00  00      12.0961
     0100      8   00  00  00  00  00  00  00  00      12.0991
     0100      8   00  00  00  00  00  00  00  00      12.1021
     0100      8   00  00  00  00  00  00  00  00      12.1051
     0100      8   00  00  00  00  00  00  00  00      12.1080
     0100      8   00  00  00  00  00  00  00  00      12.1110
     0100      8   00  00  00  00  00  00  00  00      12.1140
     0100      8   00  00  00  00  00  00  00  00      12.1170
     0100      8   00  00  00  00  00  00  00  00      12.1199
     0100      8   00  00  00  00  00  00  00  00      12.1229
     0100      8   00  00  00  00  00  00  00  00      12.1259
     0100      8   00  00  00  00  00  00  00  00      12.1289
     0100      8   00  00  00  00  00  00  00  00      12.1318
     0100      8   00  00  00  00  00  00  00  00      12.1348
     0100      8   00  00  00  00  00  00  00  00      12.1378
     0100      8   00  00  00  00  00  00  00  00      12.1408
     0100      8   00  00  00  00  00  00  00  00      12.1437
     0100      8   00  00  00  00  00  00  00  00      12.1467
     0100      8   00  00  00  00  00  00  00  00      12.1497
     0100      8   00  00  00  00  00  00  00  00      12.1526
     0100      8   00  00  00  00  00  00  00  00      12.1556
     0100      8   00  00  00  00  00  00  00  00      12.1586
     0100      8   00  00  00  00  00  00  00  00      12.1616
     0100      8   00  00  00  00  00  00  00  00      12.1645
     0100      8   00  00  00  00  00  00  00  00      12.1675
     0100      8   00  00  00  00  00  00  00  00      12.1705
     0100      8   00  00  00  00  00  00  00  00      12.1735
     0100      8   00  00  00  00  00  00  00  00      12.1764
     0100      8   00  00  00  00  00  00  00  00      12.1794
     0100      8   00  00  00  00  00  00  00  00      12.1824
     0100      8   00  00  00  00  00  00  00  00      12.1854
     0100      8   00  00  00  00  00  00  00  00      12.1883
     0100      8   00  00  00  00  00  00  00  00      12.1913
     0100      8   00  00  00  00  00  00  00  00      12.1943
     0100      8   00  00  00  00  00  00  00  00      12.1973
     0100      8   00  00  00  00  00  00  00  00      12.2002
     0100      8   00  00  00  00  00  00  00  00      12.2032
     0100      8   00  00  00  00  00  00  00  00      12.2062
     0100      8   00  00  00  00  00  00  00  00      12.2092
     0100      8   00  00  00  00  00  00  00  00      12.2121
     0100      8   00  00  00  00  00  00  00  00      12.2151
     0100      8   00  00  00  00  00  00  00  00      12.2181
     0100      8   00  00  00  00  00  00  00  00      12.2211
     0100      8   00  00  00  00  00  00  00  00      12.2240
     0100      8   00  00  00  00  00  00  00  00      12.2270
     0100      8   00  00  00  00  00  00  00  00      12.2300
     0100      8   00  00  00  00  00  00  00  00      12.2330
     0100      8   00  00  00  00  00  00  00  00      12.2359
     0100      8   00  00  00  00  00  00  00  00      12.2389
     0100      8   00  00  00  00  00  00  00  00      12.2419
     0100      8   00  00  00  00  00  00  00  00      12.2449
     0100      8   00  00  00  00  00  00  00  00      12.2478
     0100      8   00  00  00  00  00  00  00  00      12.2508
     0100      8   00  00  00  00  00  00  00  00      12.2538
     0100      8   00  00  00  00  00  00  00  00      12.2567
     0100      8   00  00  00  00  00  00  00  00      12.2597
     0100      8   00  00  00  00  00  00  00  00      12.2627
     0100      8   00  00  00  00  00  00  00  00      12.2657
     0100      8   00  00  00  00  00  00  00  00      12.2687
     0100      8   00  00  00  00  00  00  00  00      12.2716
     0100      8   00  00  00  00  00  00  00  00      12.2746
     0100      8   00  00  00  00  00  00  00  00      12.2776
     0100      8   00  00  00  00  00  00  00  00      12.2805
     0100      8   00  00  00  00  00  00  00  00      12.2835
     0100      8   00  00  00  00  00  00  00  00      12.2865
     0100      8   00  00  00  00  00  00  00  00      12.2895
     0100      8   00  00  00  00  00  00  00  00      12.2924
     0100      8   00  00  00  00  00  00  00  00      12.2954
     0100      8   00  00  00  00  00  00  00  00      12.2984
     0100      8   00  00  00  00  00  00  00  00      12.3014
     0100      8   00  00  00  00  00  00  00  00      12.3043
     0100      8   00  00  00  00  00  00  00  00      12.3073
     0100      8   00  00  00  00  00  00  00  00      12.3103
     0100      8   00  00  00  00  00  00  00  00      12.3133
     0100      8   00  00  00  00  00  00  00  00      12.3162
     0100      8   00  00  00  00  00  00  00  00      12.3192
     0100      8   00  00  00  00  00  00  00  00      12.3222
     0100      8   00  00  00  00  00  00  00  00      12.3252
     0100      8   00  00  00  00  00  00  00  00      12.3281
     0100      8   00  00  00  00  00  00  00  00      12.3311
     0100      8   00  00  00  00  00  00  00  00      12.3341
     0100      8   00  00  00  00  00  00  00  00      12.3371
     0100      8   00  00  00  00  00  00  00  00      12.3400
     0100      8   00  00  00  00  00  00  00  00      12.3430
     0100      8   00  00  00  00  00  00  00  00      12.3460
     0100      8   00  00  00  00  00  00  00  00      12.3490
     0100      8   00  00  00  00  00  00  00  00      12.3519
     0100      8   00  00  00  00  00  00  00  00      12.3549
     0100      8   00  00  00  00  00  00  00  00      12.3579
     0100      8   00  00  00  00  00  00  00  00      12.3609
     0100      8   00  00  00  00  00  00  00  00      12.3638
     0100      8   00  00  00  00  00  00  00  00      12.3668
     0100      8   00  00  00  00  00  00  00  00      12.3698
     0100      8   00  00  00  00  00  00  00  00      12.3727
     0100      8   00  00  00  00  00  00  00  00      12.3757
     0100      8   00  00  00  00  00  00  00  00      12.3787
     0100      8   00  00  00  00  00  00  00  00      12.3817
     0100      8   00  00  00  00  00  00  00  00      12.3846
     0100      8   00  00  00  00  00  00  00  00      12.3876
     0100      8   00  00  00  00  00  00  00  00      12.3906
     0100      8   00  00  00  00  00  00  00  00      12.3936
     0100      8   00  00  00  00  00  00  00  00      12.3965
     0100      8   00  00  00  00  00  00  00  00      12.3995
     0100      8   00  00  00  00  00  00  00  00      12.4025
     0100      8   00  00  00  00  00  00  00  00      12.4055
     0100      8   00  00  00  00  00  00  00  00      12.4084
     0100      8   00  00  00  00  00  00  00  00      12.4114
     0100      8   00  00  00  00  00  00  00  00      12.4144
     0100      8   00  00  00  00  00  00  00  00      12.4174
     0100      8   00  00  00  00  00  00  00  00      12.4203
     0100      8   00  00  00  00  00  00  00  00      12.4233
     0100      8   00  00  00  00  00  00  00  00      12.4263
     0100      8   00  00  00  00  00  00  00  00      12.4293
     0100      8   00  00  00  00  00  00  00  00      12.4322
     0100      8   00  00  00  00  00  00  00  00      12.4352
     0100      8   00  00  00  00  00  00  00  00      12.4382
     0100      8   00  00  00  00  00  00  00  00      12.4412
     0100      8   00  00  00  00  00  00  00  00      12.4441
     0100      8   00  00  00  00  00  00  00  00      12.4471
     0100      8   00  00  00  00  00  00  00  00      12.4501
     0100      8   00  00  00  00  00  00  00  00      12.4531
     0100      8   00  00  00  00  00  00  00  00      12.4560
     0100      8   00  00  00  00  00  00  00  00      12.4590
     0100      8   00  00  00  00  00  00  00  00      12.4620
     0100      8   00  00  00  00  00  00  00  00      12.4650
     0100      8   00  00  00  00  00  00  00  00      12.4679
     0100      8   00  00  00  00  00  00  00  00      12.4709
     0100      8   00  00  00  00  00  00  00  00      12.4739
     0100      8   00  00  00  00  00  00  00  00      12.4768
     0100      8   00  00  00  00  00  00  00  00      12.4798
     0100      8   00  00  00  00  00  00  00  00      12.4828
     0100      8   00  00  00  00  00  00  00  00      12.4858
     0100      8   00  00  00  00  00  00  00  00      12.4888
     0100      8   00  00  00  00  00  00  00  00      12.4917
     0100      8   00  00  00  00  00  00  00  00      12.4947
     0100      8   00  00  00  00  00  00  00  00      12.4977
     0100      8   00  00  00  00  00  00  00  00      12.5006
     0100      8   00  00  00  00  00  00  00  00      12.5036
     0100      8   00  00  00  00  00  00  00  00      12.5066
     0100      8   00  00  00  00  00  00  00  00      12.5096
     0100      8   00  00  00  00  00  00  00  00      12.5125
     0100      8   00  00  00  00  00  00  00  00      12.5155
     0100      8   00  00  00  00  00  00  00  00      12.5185
     0100      8   00  00  00  00  00  00  00  00      12.5215
     0100      8   00  00  00  00  00  00  00  00      12.5244
     0100      8   00  00  00  00  00  00  00  00      12.5274
     0100      8   00  00  00  00  00  00  00  00      12.5304
     0100      8   00  00  00  00  00  00  00  00      12.5334
     0100      8   00  00  00  00  00  00  00  00      12.5363
     0100      8   00  00  00  00  00  00  00  00      12.5393
     0100      8   00  00  00  00  00  00  00  00      12.5423
     0100      8   00  00  00  00  00  00  00  00      12.5453
     0100      8   00  00  00  00  00  00  00  00      12.5482
     0100      8   00  00  00  00  00  00  00  00      12.5512
     0100      8   00  00  00  00  00  00  00  00      12.5542
     0100      8   00  00  00  00  00  00  00  00      12.5572
     0100      8   00  00  00  00  00  00  00  00      12.5601
     0100      8   00  00  00  00  00  00  00  00      12.5631
     0100      8   00  00  00  00  00  00  00  00      12.5661
     0100      8   00  00  00  00  00  00  00  00      12.5691
     0100      8   00  00  00  00  00  00  00  00      12.5720
     0100      8   00  00  00  00  00  00  00  00      12.5750
     0100      8   00  00  00  00  00  00  00  00      12.5780
     0100      8   00  00  00  00  00  00  00  00      12.5810
     0100      8   00  00  00  00  00  00  00  00      12.5839
     0100      8   00  00  00  00  00  00  00  00      12.5869
     0100      8   00  00  00  00  00  00  00  00      12.5899
     0100      8   00  00  00  00  00  00  00  00      12.5928
     0100      8   00  00  00  00  00  00  00  00      12.5958
     0100      8   00  00  00  00  00  00  00  00      12.5988
     0100      8   00  00  00  00  00  00  00  00      12.6018
     0100      8   00  00  00  00  00  00  00  00      12.6047
     0100      8   00  00  00  00  00  00  00  00      12.6077
     0100      8   00  00  00  00  00  00  00  00      12.6107
     0100      8   00  00  00  00  00  00  00  00      12.6137
     0100      8   00  00  00  00  00  00  00  00      12.6166
     0100      8   00  00  00  00  00  00  00  00      12.6196
     0100      8   00  00  00  00  00  00  00  00      12.6226
     0100      8   00  00  00  00  00  00  00  00      12.6256
     0100      8   00  00  00  00  00  00  00  00      12.6285
     0100      8   00  00  00  00  00  00  00  00      12.6315
     0100      8   00  00  00  00  00  00  00  00      12.6345
     0100      8   00  00  00  00  00  00  00  00      12.6375
     0100      8   00  00  00  00  00  00  00  00      12.6404
     0100      8   00  00  00  00  00  00  00  00      12.6434
     0100      8   00  00  00  00  00  00  00  00      12.6464
     0100      8   00  00  00  00  00  00  00  00      12.6494
     0100      8   00  00  00  00  00  00  00  00      12.6523
     0100      8   00  00  00  00  00  00  00  00      12.6553
     0100      8   00  00  00  00  00  00  00  00      12.6583
     0100      8   00  00  00  00  00  00  00  00      12.6613
     0100      8   00  00  00  00  00  00  00  00      12.6642
     0100      8   00  00  00  00  00  00  00  00      12.6672
     0100      8   00  00  00  00  00  00  00  00      12.6702
     0100      8   00  00  00  00  00  00  00  00      12.6732
     0100      8   00  00  00  00  00  00  00  00      12.6761
     0100      8   00  00  00  00  00  00  00  00      12.6791
     0100      8   00  00  00  00  00  00  00  00      12.6821
     0100      8   00  00  00  00  00  00  00  00      12.6851
     0100      8   00  00  00  00  00  00  00  00      12.6880
     0100      8   00  00  00  00  00  00  00  00      12.6910
     0100      8   00  00  00  00  00  00  00  00      12.6940
     0100      8   00  00  00  00  00  00  00  00      12.6969
     0100      8   00  00  00  00  00  00  00  00      12.6999
     0100      8   00  00  00  00  00  00  00  00      12.7029
     0100      8   00  00  00  00  00  00  00  00      12.7059
     0100      8   00  00  00  00  00  00  00  00      12.7089
     0100      8   00  00  00  00  00  00  00  00      12.7118
     0100      8   00  00  00  00  00  00  00  00      12.7148
     0100      8   00  00  00  00  00  00  00  00      12.7178
     0100      8   00  00  00  00  00  00  00  00      12.7207
     0100      8   00  00  00  00  00  00  00  00      12.7237
     0100      8   00  00  00  00  00  00  00  00      12.7267
     0100      8   00  00  00  00  00  00  00  00      12.7297
     0100      8   00  00  00  00  00  00  00  00      12.7326
     0100      8   00  00  00  00  00  00  00  00      12.7356
     0100      8   00  00  00  00  00  00  00  00      12.7386
     0100      8   00  00  00  00  00  00  00  00      12.7416
     0100      8   00  00  00  00  00  00  00  00      12.7445
     0100      8   00  00  00  00  00  00  00  00      12.7475
     0100      8   00  00  00  00  00  00  00  00      12.7505
     0100      8   00  00  00  00  00  00  00  00      12.7535
     0100      8   00  00  00  00  00  00  00  00      12.7564
     0100      8   00  00  00  00  00  00  00  00      12.7594
     0100      8   00  00  00  00  00  00  00  00      12.7624
     0100      8   00  00  00  00  00  00  00  00      12.7654
     0100      8   00  00  00  00  00  00  00  00      12.7683
     0100      8   00  00  00  00  00  00  00  00      12.7713
     0100      8   00  00  00  00  00  00  00  00      12.7743
     0100      8   00  00  00  00  00  00  00  00      12.7773
     0100      8   00  00  00  00  00  00  00  00      12.7802
     0100      8   00  00  00  00  00  00  00  00      12.7832
     0100      8   00  00  00  00  00  00  00  00      12.7862
     0100      8   00  00  00  00  00  00  00  00      12.7892
     0100      8   00  00  00  00  00  00  00  00      12.7921
     0100      8   00  00  00  00  00  00  00  00      12.7951
     0100      8   00  00  00  00  00  00  00  00      12.7981
     0100      8   00  00  00  00  00  00  00  00      12.8011
     0100      8   00  00  00  00  00  00  00  00      12.8040
     0100      8   00  00  00  00  00  00  00  00      12.8070
     0100      8   00  00  00  00  00  00  00  00      12.8100
     0100      8   00  00  00  00  00  00  00  00      12.8129
     0100      8   00  00  00  00  00  00  00  00      12.8159
     0100      8   00  00  00  00  00  00  00  00      12.8189
     0100      8   00  00  00  00  00  00  00  00      12.8219
     0100      8   00  00  00  00  00  00  00  00      12.8248
     0100      8   00  00  00  00  00  00  00  00      12.8278
     0100      8   00  00  00  00  00  00  00  00      12.8308
     0100      8   00  00  00  00  00  00  00  00      12.8338
     0100      8   00  00  00  00  00  00  00  00      12.8367
     0100      8   00  00  00  00  00  00  00  00      12.8397
     0100      8   00  00  00  00  00  00  00  00      12.8427
     0100      8   00  00  00  00  00  00  00  00      12.8457
     0100      8   00  00  00  00  00  00  00  00      12.8486
     0100      8   00  00  00  00  00  00  00  00      12.8516
     0100      8   00  00  00  00  00  00  00  00      12.8546
     0100      8   00  00  00  00  00  00  00  00      12.8576
     0100      8   00  00  00  00  00  00  00  00      12.8605
     0100      8   00  00  00  00  00  00  00  00      12.8635
     0100      8   00  00  00  00  00  00  00  00      12.8665
     0100      8   00  00  00  00  00  00  00  00      12.8695
     0100      8   00  00  00  00  00  00  00  00      12.8724
     0100      8   00  00  00  00  00  00  00  00      12.8754
     0100      8   00  00  00  00  00  00  00  00      12.8784
     0100      8   00  00  00  00  00  00  00  00      12.8814
     0100      8   00  00  00  00  00  00  00  00      12.8843
     0100      8   00  00  00  00  00  00  00  00      12.8873
     0100      8   00  00  00  00  00  00  00  00      12.8903
     0100      8   00  00  00  00  00  00  00  00      12.8933
     0100      8   00  00  00  00  00  00  00  00      12.8962
     0100      8   00  00  00  00  00  00  00  00      12.8992
     0100      8   00  00  00  00  00  00  00  00      12.9022
     0100      8   00  00  00  00  00  00  00  00      12.9052
     0100      8   00  00  00  00  00  00  00  00      12.9081
     0100      8   00  00  00  00  00  00  00  00      12.9111
     0100      8   00  00  00  00  00  00  00  00      12.9141
     0100      8   00  00  00  00  00  00  00  00      12.9170
     0100      8   00  00  00  00  00  00  00  00      12.9200
     0100      8   00  00  00  00  00  00  00  00      12.9230
     0100      8   00  00  00  00  00  00  00  00      12.9260
     0100      8   00  00  00  00  00  00  00  00      12.9290
     0100      8   00  00  00  00  00  00  00  00      12.9319
     0100      8   00  00  00  00  00  00  00  00      12.9349
     0100      8   00  00  00  00  00  00  00  00      12.9379
     0100      8   00  00  00  00  00  00  00  00      12.9408
     0100      8   00  00  00  00  00  00  00  00      12.9438
     0100      8   00  00  00  00  00  00  00  00      12.9468
     0100      8   00  00  00  00  00  00  00  00      12.9498
     0100      8   00  00  00  00  00  00  00  00      12.9527
     0100      8   00  00  00  00  00  00  00  00      12.9557
     0100      8   00  00  00  00  00  00  00  00      12.9587
     0100      8   00  00  00  00  00  00  00  00      12.9617
     0100      8   00  00  00  00  00  00  00  00      12.9646
     0100      8   00  00  00  00  00  00  00  00      12.9676
     0100      8   00  00  00  00  00  00  00  00      12.9706
     0100      8   00  00  00  00  00  00  00  00      12.9736
     0100      8   00  00  00  00  00  00  00  00      12.9765
     0100      8   00  00  00  00  00  00  00  00      12.9795
     0100      8   00  00  00  00  00  00  00  00      12.9825
     0100      8   00  00  00  00  00  00  00  00      12.9855
     0100      8   00  00  00  00  00  00  00  00      12.9884
     0100      8   00  00  00  00  00  00  00  00      12.9914
     0100      8   00  00  00  00  00  00  00  00      12.9944
     0100      8   00  00  00  00  00  00  00  00      12.9974
     0100      8   00  00  00  00  00  00  00  00      13.0003
     0100      8   00  00  00  00  00  00  00  00      13.0033
     0100      8   00  00  00  00  00  00  00  00      13.0063
     0100      8   00  00  00  00  00  00  00  00      13.0093
     0100      8   00  00  00  00  00  00  00  00      13.0122
     0100      8   00  00  00  00  00  00  00  00      13.0152
     0100      8   00  00  00  00  00  00  00  00      13.0182
     0100      8   00  00  00  00  00  00  00  00      13.0211
     0100      8   00  00  00  00  00  00  00  00      13.0241
     0100      8   00  00  00  00  00  00  00  00      13.0271
     0100      8   00  00  00  00  00  00  00  00      13.0301
     0100      8   00  00  00  00  00  00  00  00      13.0330
     0100      8   00  00  00  00  00  00  00  00      13.0360
     0100      8   00  00  00  00  00  00  00  00      13.0390
     0100      8   00  00  00  00  00  00  00  00      13.0420
     0100      8   00  00  00  00  00  00  00  00      13.0449
     0100      8   00  00  00  00  00  00  00  00      13.0479
     0100      8   00  00  00  00  00  00  00  00      13.0509
     0100      8   00  00  00  00  00  00  00  00      13.0539
     0100      8   00  00  00  00  00  00  00  00      13.0568
     0100      8   00  00  00  00  00  00  00  00      13.0598
     0100      8   00  00  00  00  00  00  00  00      13.0628
     0100      8   00  00  00  00  00  00  00  00      13.0658
     0100      8   00  00  00  00  00  00  00  00      13.0687
     0100      8   00  00  00  00  00  00  00  00      13.0717
     0100      8   00  00  00  00  00  00  00  00      13.0747
     0100      8   00  00  00  00  00  00  00  00      13.0777
     0100      8   00  00  00  00  00  00  00  00      13.0806
     0100      8   00  00  00  00  00  00  00  00      13.0836
     0100      8   00  00  00  00  00  00  00  00      13.0866
     0100      8   00  00  00  00  00  00  00  00      13.0896
     0100      8   00  00  00  00  00  00  00  00      13.0925
     0100      8   00  00  00  00  00  00  00  00      13.0955
     0100      8   00  00  00  00  00  00  00  00      13.0985
     0100      8   00  00  00  00  00  00  00  00      13.1015
     0100      8   00  00  00  00  00  00  00  00      13.1044
     0100      8   00  00  00  00  00  00  00  00      13.1074
     0100      8   00  00  00  00  00  00  00  00      13.1104
     0100      8   00  00  00  00  00  00  00  00      13.1134
     0100      8   00  00  00  00  00  00  00  00      13.1163
     0100      8   00  00  00  00  00  00  00  00      13.1193
     0100      8   00  00  00  00  00  00  00  00      13.1223
     0100      8   00  00  00  00  00  00  00  00      13.1253
     0100      8   00  00  00  00  00  00  00  00      13.1282
     0100      8   00  00  00  00  00  00  00  00      13.1312
     0100      8   00  00  00  00  00  00  00  00      13.1342
     0101      8   21  FF  7F  FF  00  00  00  51      13.1349
     0102      8   00  00  00  00  00  00  00  00      13.1351
     0100      8   00  00  00  00  00  00  00  00      13.1371
     0100      8   20  00  00  09  10  00  00  76      13.1399
     0100      8   20  00  00  09  10  00  00  76      13.1424
     0101      8   41  FF  7F  FF  00  00  00  E0      13.1449
     0102      8   20  00  00  09  10  00  00  76      13.1451
     0100      8   20  00  00  09  10  00  00  76      13.1454
     0100      8   40  00  00  09  10  00  00  C7      13.1483
     0100      8   40  00  00  09  10  00  00  C7      13.1508
     0100      8   40  00  00  09  10  00  00  C7      13.1536
     0101      8   60  01  7F  FF  00  00  00  9D      13.1549
     0102      8   40  00  00  09  10  00  00  C7      13.1551
     0100      8   40  00  00  09  10  00  00  C7      13.1564
     0100      8   60  00  00  09  10  00  00  A8      13.1594
     0100      8   60  00  00  09  10  00  00  A8      13.1620
     0100      8   60  00  00  09  10  00  00  A8      13.1648
     0101      8   80  01  7F  FF  00  00  00  8D      13.1651
     0102      8   60  00  00  09  10  00  00  A8      13.1653
     0100      8   60  00  00  09  10  00  00  A8      13.1676
     0100      8   80  00  00  09  10  00  00  B8      13.1706
     0100      8   80  00  00  09  10  00  00  B8      13.1733
     0101      8   A0  01  7F  FF  00  00  00  E2      13.1749
     0102      8   80  00  00  09  10  00  00  B8      13.1752
     0100      8   80  00  00  09  10  00  00  B8      13.1761
     0100      8   A0  00  00  09  10  00  00  D7      13.1791
     0100      8   A0  00  00  09  10  00  00  D7      13.1817
     0100      8   A0  00  00  09  10  00  00  D7      13.1845
     0101      8   C0  01  7F  FF  00  00  00  53      13.1849
     0102      8   A0  00  00  09  10  00  00  D7      13.1852
     0100      8   A0  00  00  09  10  00  00  D7      13.1873
     0100      8   C0  00  00  09  10  00  00  66      13.1902
     0100      8   C0  00  00  09  10  00  00  66      13.1929
     0101      8   E0  01  7F  FF  00  00  00  3C      13.1949
     0102      8   C0  00  00  09  10  00  00  66      13.1952
     0100      8   C0  00  00  09  10  00  00  66      13.1957
     0100      8   E0  00  00  09  10  00  00  09      13.1987
     0100      8   E0  00  00  09  10  00  00  09      13.2013
     0100      8   E0  00  00  09  10  00  00  09      13.2041
     0101      8   00  01  7F  FF  00  00  00  2C      13.2049
     0102      8   E0  00  00  09  10  00  00  09      13.2052
     0100      8   E0  00  00  09  10  00  00  09      13.2069
     0100      8   00  00  00  09  10  00  00  19      13.2098
     0100      8   00  00  00  09  10  00  00  19      13.2125
     0101      8   20  01  7F  FF  00  00  00  43      13.2149
     0102      8   00  00  00  09  10  00  00  19      13.2152
     0100      8   00  00  00  09  10  00  00  19      13.2154
     0100      8   20  00  00  09  10  00  00  76      13.2183
     0100      8   20  00  00  09  10  00  00  76      13.2209
     0100      8   20  00  00  09  10  00  00  76      13.2237
     0101      8   40  01  7F  FF  00  00  00  F2      13.2249
     0102      8   20  00  00  09  10  00  00  76      13.2252
     0501      8   0D  00  00  00  00  00  00  E6      13.2254
     0100      8   20  00  00  09  10  00  00  76      13.2265
     0100      8   40  00  00  09  10  00  00  C7      13.2295
     0100      8   40  00  00  09  10  00  00  C7      13.2322
     0101      8   60  01  7F  FF  00  00  00  9D      13.2349
     0100      8   40  00  00  09  10  00  00  C7      13.2352
     0102      8   40  00  00  09  10  00  00  C7      13.2354
     0100      8   60  00  00  09  10  00  00  A8      13.2381
     0100      8   60  00  00  09  10  00  00  A8      13.2406
     0100      8   60  00  00  09  10  00  00  A8      13.2434
     0101      8   80  01  7F  FF  00  00  00  8D      13.2449
     0102      8   60  00  00  09  10  00  00  A8      13.2452
     0100      8   60  00  00  09  10  00  00  A8      13.2462
     0100      8   80  00  00  09  10  00  00  B8      13.2491
     0100      8   80  00  00  09  10  00  00  B8      13.2518
     0100      8   80  00  00  09  10  00  00  B8      13.2546
     0101      8   A0  01  7F  FF  00  00  00  E2      13.2549
     0102      8   80  00  00  09  10  00  00  B8      13.2551
     0100      8   80  00  00  09  10  00  00  B8      13.2574
     0100      8   A0  00  00  09  10  00  00  D7      13.2604
     0100      8   A0  00  00  09  10  00  00  D7      13.2630
     0101      8   C0  01  7F  FF  00  00  00  53      13.2649
     0102      8   A0  00  00  09  10  00  00  D7      13.2651
     0100      8   A0  00  00  09  10  00  00  D7      13.2658
     0100      8   C0  00  00  09  10  00  00  66      13.2687
     0100      8   C0  00  00  09  10  00  00  66      13.2714
     0100      8   C0  00  00  09  10  00  00  66      13.2742
     0101      8   E0  01  7F  FF  00  00  00  3C      13.2749
     0102      8   C0  00  00  09  10  00  00  66      13.2751
     0100      8   C0  00  00  09  10  00  00  66      13.2770
     0100      8   E0  00  00  09  10  00  00  09      13.2800
     0100      8   E0  00  00  09  10  00  00  09      13.2826
     0101      8   00  01  7F  FF  00  00  00  2C      13.2849
     0102      8   E0  00  00  09  10  00  00  09      13.2851
     0100      8   E0  00  00  09  10  00  00  09      13.2854
     0100      8   00  00  00  09  10  00  00  19      13.2883
     0100      8   00  00  00  09  10  00  00  19      13.2910
     0100      8   00  00  00  09  10  00  00  19      13.2939
     0101      8   20  01  7F  FF  00  00  00  43      13.2949
     0102      8   00  00  00  09  10  00  00  19      13.2951
     0100      8   00  00  00  09  10  00  00  19      13.2967
     0100      8   20  00  00  09  10  00  00  76      13.2996
     0100      8   20  00  00  09  10  00  00  76      13.3023
     0101      8   40  01  7F  FF  00  00  00  F2      13.3049
     0100      8   20  00  00  09  10  00  00  76      13.3051
     0102      8   20  00  00  09  10  00  00  76      13.3054
     0100      8   40  00  00  09  10  00  00  C7      13.3081
     0100      8   40  00  00  09  10  00  00  C7      13.3107
     0100      8   40  00  00  09  10  00  00  C7      13.3135
     0101      8   60  01  7F  FF  00  00  00  9D      13.3149
     0102      8   40  00  00  09  10  00  00  C7      13.3151
     0100      8   40  00  00  09  10  00  00  C7      13.3163
     0100      8   60  00  00  09  10  00  00  A8      13.3192
     0100      8   60  00  00  09  10  00  00  A8      13.3219
     0100      8   60  00  00  09  10  00  00  A8      13.3247
     0101      8   80  01  7F  FF  00  00  00  8D      13.3249
     0102      8   60  00  00  09  10  00  00  A8      13.3252
     0501      8   0D  00  00  00  00  00  00  E6      13.3254
     0100      8   60  00  00  09  10  00  00  A8      13.3275
     0100      8   80  00  00  09  10  00  00  B8      13.3304
     0100      8   80  00  00  09  10  00  00  B8      13.3331
     0101      8   A0  01  7F  FF  00  00  01  FF      13.3349
     0102      8   80  00  00  09  10  00  00  B8      13.3351
     0100      8   80  00  00  09  10  00  00  B8      13.3359
     0100      8   A0  00  00  00  00  00  00  CE      13.3414
     0100      8   A0  00  00  00  00  00  00  CE      13.3442
     0101      8   C0  01  7F  FF  00  00  01  4E      13.3449
     0102      8   A0  00  00  00  00  00  00  CE      13.3451
     0100      8   A0  00  00  00  00  00  00  CE      13.3470
     0100      8   C0  00  00  00  00  00  00  7F      13.3526
     0101      8   E0  01  7F  FF  00  00  01  21      13.3549
     0102      8   C0  00  00  00  00  00  00  7F      13.3551
     0100      8   C0  00  00  00  00  00  00  7F      13.3554
     0100      8   E0  00  00  00  00  00  00  10      13.3609
     0100      8   E0  00  00  00  00  00  00  10      13.3637
     0101      8   00  01  7F  FF  00  00  01  31      13.3649
     0102      8   E0  00  00  00  00  00  00  10      13.3651
     0100      8   E0  00  00  00  00  00  00  10      13.3665
     0100      8   00  00  00  00  00  00  00  00      13.3720
     0100      8   00  00  00  00  00  00  00  00      13.3748
     0101      8   20  01  7F  FF  00  00  01  5E      13.3751
     0102      8   00  00  00  00  00  00  00  00      13.3753
     0100      8   00  00  00  00  00  00  00  00      13.3776
     0100      8   20  00  00  00  00  00  00  6F      13.3832
     0101      8   40  01  7F  FF  00  00  01  EF      13.3849
     0102      8   20  00  00  00  00  00  00  6F      13.3851
     0100      8   20  00  00  00  00  00  00  6F      13.3860
     0100      8   40  00  00  00  00  00  00  DE      13.3915
     0100      8   40  00  00  00  00  00  00  DE      13.3943
     0101      8   60  01  7F  FF  00  00  01  80      13.3949
     0102      8   40  00  00  00  00  00  00  DE      13.3951
     0100      8   40  00  00  00  00  00  00  DE      13.3971
     0100      8   60  00  00  00  00  00  00  B1      13.4026
     0101      8   80  01  7F  FF  00  00  01  90      13.4049
     0102      8   60  00  00  00  00  00  00  B1      13.4051
     0100      8   60  00  00  00  00  00  00  B1      13.4054
     0100      8   80  00  00  00  00  00  00  A1      13.4110
     0100      8   80  00  00  00  00  00  00  A1      13.4138
     0101      8   A0  01  7F  FF  00  00  01  FF      13.4149
     0102      8   80  00  00  00  00  00  00  A1      13.4151
     0100      8   80  00  00  00  00  00  00  A1      13.4166
     0100      8   A0  00  00  00  00  00  00  CE      13.4221
     0101      8   C0  01  7F  FF  00  00  01  4E      13.4249
     0100      8   A0  00  00  00  00  00  00  CE      13.4251
     0102      8   A0  00  00  00  00  00  00  CE      13.4254
     0501      8   0D  00  00  00  00  00  00  E6      13.4256
     0100      8   C0  00  00  00  00  00  00  7F      13.4304
     0100      8   C0  00  00  00  00  00  00  7F      13.4332
     0101      8   E0  01  7F  FF  00  00  01  21      13.4349
     0102      8   C0  00  00  00  00  00  00  7F      13.4351
     0100      8   C0  00  00  00  00  00  00  7F      13.4360
     0100      8   E0  00  00  00  00  00  00  10      13.4415
     0100      8   E0  00  00  00  00  00  00  10      13.4444
     0101      8   00  01  7F  FF  00  00  01  31      13.4449
     0102      8   E0  00  00  00  00  00  00  10      13.4451
     0100      8   E0  00  00  00  00  00  00  10      13.4472
     0100      8   00  00  00  00  00  00  00  00      13.4527
     0101      8   20  01  7F  FF  00  00  01  5E      13.4549
     0102      8   00  00  00  00  00  00  00  00      13.4551
     0100      8   00  00  00  00  00  00  00  00      13.4555
     0100      8   20  00  00  00  00  00  00  6F      13.4610
     0100      8   20  00  00  00  00  00  00  6F      13.4638
     0101      8   40  01  7F  FF  00  00  01  EF      13.4649
     0102      8   20  00  00  00  00  00  00  6F      13.4651
     0100      8   20  00  00  00  00  00  00  6F      13.4666
     0100      8   40  00  00  00  00  00  00  DE      13.4721
     0101      8   60  01  7F  FF  00  00  01  80      13.4749
     0100      8   40  00  00  00  00  00  00  DE      13.4751
     0102      8   40  00  00  00  00  00  00  DE      13.4754
     0100      8   60  00  00  00  00  00  00  B1      13.4805
     0100      8   60  00  00  00  00  00  00  B1      13.4833
     0101      8   80  01  7F  FF  00  00  01  90      13.4849
     0102      8   60  00  00  00  00  00  00  B1      13.4851
     0100      8   60  00  00  00  00  00  00  B1      13.4861
     0100      8   80  00  00  00  00  00  00  A1      13.4916
     0100      8   80  00  00  00  00  00  00  A1      13.4944
     0101      8   A0  01  7F  FF  00  00  01  FF      13.4949
     0102      8   80  00  00  00  00  00  00  A1      13.4951
     0100      8   80  00  00  00  00  00  00  A1      13.4972
     0100      8   A0  00  00  00  00  00  00  CE      13.5027
     0101      8   C0  01  7F  FF  00  00  01  4E      13.5049
     0102      8   A0  00  00  00  00  00  00  CE      13.5051
     0100      8   A0  00  00  00  00  00  00  CE      13.5055
     0100      8   C0  00  00  00  00  00  00  7F      13.5111
     0100      8   C0  00  00  00  00  00  00  7F      13.5139
     0101      8   E0  01  7F  FF  00  00  01  21      13.5149
     0102      8   C0  00  00  00  00  00  00  7F      13.5151
     0100      8   C0  00  00  00  00  00  00  7F      13.5167
     0100      8   E0  00  00  00  00  00  00  10      13.5222
     0101      8   00  01  7F  FF  00  00  01  31      13.5249
     0100      8   E0  00  00  00  00  00  00  10      13.5251
     0102      8   E0  00  00  00  00  00  00  10      13.5254
     0501      8   0D  00  00  00  00  00  00  E6      13.5256
     0100      8   00  00  00  00  00  00  00  00      13.5305
     0100      8   00  00  00  00  00  00  00  00      13.5333
     0101      8   20  01  7F  FF  00  00  01  5E      13.5349
     0102      8   00  00  00  00  00  00  00  00      13.5351
     0100      8   00  00  00  00  00  00  00  00      13.5361
     0100      8   20  00  00  00  00  00  00  6F      13.5417
     0100      8   20  00  00  00  00  00  00  6F      13.5445
     0101      8   40  01  7F  FF  00  00  01  EF      13.5449
     0102      8   20  00  00  00  00  00  00  6F      13.5451
     0100      8   20  00  00  00  00  00  00  6F      13.5473
     0100      8   40  00  00  00  00  00  00  DE      13.5528
     0101      8   60  01  7F  FF  00  00  01  80      13.5549
     0102      8   40  00  00  00  00  00  00  DE      13.5551
     0100      8   40  00  00  00  00  00  00  DE      13.5556
     0100      8   60  00  00  00  00  00  00  B1      13.5611
     0100      8   60  00  00  00  00  00  00  B1      13.5639
     0101      8   80  01  7F  FF  00  00  01  90      13.5649
     0102      8   60  00  00  00  00  00  00  B1      13.5651
     0100      8   60  00  00  00  00  00  00  B1      13.5667
     0100      8   80  00  00  00  00  00  00  A1      13.5722
     0101      8   A0  01  7F  FF  00  00  01  FF      13.5749
     0100      8   80  00  00  00  00  00  00  A1      13.5751
     0102      8   80  00  00  00  00  00  00  A1      13.5754
     0100      8   A0  00  00  00  00  00  00  CE      13.5806
     0100      8   A0  00  00  00  00  00  00  CE      13.5834
     0101      8   C0  01  7F  FF  00  00  01  4E      13.5849
     0102      8   A0  00  00  00  00  00  00  CE      13.5851
     0100      8   A0  00  00  00  00  00  00  CE      13.5862
     0100      8   C0  00  00  00  00  00  00  7F      13.5917
     0100      8   C0  00  00  00  00  00  00  7F      13.5945
     0101      8   E0  01  7F  FF  00  00  01  21      13.5949
     0102      8   C0  00  00  00  00  00  00  7F      13.5951
     0100      8   C0  00  00  00  00  00  00  7F      13.5973
     0100      8   E0  00  00  00  00  00  00  10      13.6028
     0101      8   00  01  7F  FF  00  00  01  31      13.6049
     0102      8   E0  00  00  00  00  00  00  10      13.6051
     0100      8   E0  00  00  00  00  00  00  10      13.6057
     0100      8   00  00  00  00  00  00  00  00      13.6112
     0100      8   00  00  00  00  00  00  00  00      13.6140
     0101      8   20  01  7F  FF  00  00  01  5E      13.6149
     0102      8   00  00  00  00  00  00  00  00      13.6151
     0100      8   00  00  00  00  00  00  00  00      13.6168
     0100      8   20  00  00  00  00  00  00  6F      13.6223
     0101      8   40  01  7F  FF  00  00  01  EF      13.6248
     0102      8   20  00  00  00  00  00  00  6F      13.6251
     0100      8   20  00  00  00  00  00  00  6F      13.6253
     0501      8   0D  00  00  00  00  00  00  E6      13.6256
     0100      8   40  00  00  00  00  00  00  DE      13.6306
     0100      8   40  00  00  00  00  00  00  DE      13.6334
     0101      8   60  01  7F  FF  00  00  01  80      13.6349
     0102      8   40  00  00  00  00  00  00  DE      13.6351
     0100      8   40  00  00  00  00  00  00  DE      13.6362
     0100      8   60  00  00  00  00  00  00  B1      13.6418
     0100      8   60  00  00  00  00  00  00  B1      13.6446
     0101      8   80  01  7F  FF  00  00  01  90      13.6449
     0102      8   60  00  00  00  00  00  00  B1      13.6451
     0100      8   60  00  00  00  00  00  00  B1      13.6474
     0100      8   80  00  00  00  00  00  00  A1      13.6529
     0101      8   A0  01  7F  FF  00  00  01  FF      13.6549
     0102      8   80  00  00  00  00  00  00  A1      13.6551
     0100      8   80  00  00  00  00  00  00  A1      13.6557
     0100      8   A0  00  00  00  00  00  00  CE      13.6612
     0100      8   A0  00  00  00  00  00  00  CE      13.6640
     0101      8   C0  01  7F  FF  00  00  01  4E      13.6648
     0102      8   A0  00  00  00  00  00  00  CE      13.6651
     0100      8   A0  00  00  00  00  00  00  CE      13.6668
     0100      8   C0  00  00  00  00  00  00  7F      13.6724
     0101      8   E0  01  7F  FF  00  00  01  21      13.6749
     0102      8   C0  00  00  00  00  00  00  7F      13.6751
     0100      8   C0  00  00  00  00  00  00  7F      13.6754
     0100      8   E0  00  00  00  00  00  00  10      13.6807
     0100      8   E0  00  00  00  00  00  00  10      13.6835
     0101      8   00  01  7F  FF  00  00  01  31      13.6849
     0102      8   E0  00  00  00  00  00  00  10      13.6851
     0100      8   E0  00  00  00  00  00  00  10      13.6863
     0100      8   00  00  00  00  00  00  00  00      13.6918
     0100      8   00  00  00  00  00  00  00  00      13.6946
     0101      8   20  01  7F  FF  00  00  01  5E      13.6949
     0102      8   00  00  00  00  00  00  00  00      13.6951
     0100      8   00  00  00  00  00  00  00  00      13.6974
     0100      8   20  00  00  00  00  00  00  6F      13.7030
     0101      8   40  01  7F  FF  00  00  01  EF      13.7048
     0102      8   20  00  00  00  00  00  00  6F      13.7051
     0100      8   20  00  00  00  00  00  00  6F      13.7058
     0100      8   40  00  00  00  00  00  00  DE      13.7113
     0100      8   40  00  00  00  00  00  00  DE      13.7141
     0101      8   60  01  7F  FF  00  00  01  80      13.7148
     0102      8   40  00  00  00  00  00  00  DE      13.7151
     0100      8   40  00  00  00  00  00  00  DE      13.7169
     0100      8   60  00  00  00  00  00  00  B1      13.7224
     0101      8   80  01  7F  FF  00  00  01  90      13.7248
     0102      8   60  00  00  00  00  00  00  B1      13.7251
     0100      8   60  00  00  00  00  00  00  B1      13.7253
     0501      8   0D  03  00  00  00  00  00  2C      13.7256
     0100      8   80  00  00  00  00  00  00  A1      13.7307
     0100      8   80  00  00  00  00  00  00  A1      13.7335
     0101      8   A0  01  7F  FF  00  00  0F  59      13.7348
     0102      8   80  00  00  00  00  00  00  A1      13.7351
     0100      8   80  00  00  00  00  00  00  A1      13.7363
     0100      8   A0  00  00  00  00  00  00  CE      13.7401
     0100      8   A0  00  00  00  00  00  00  CE      13.7429
     0101      8   C0  01  7F  FF  00  00  0F  E8      13.7448
     0102      8   A0  00  00  00  00  00  00  CE      13.7451
     0100      8   A0  00  00  00  00  00  00  CE      13.7457
     0100      8   C0  00  00  00  00  00  00  7F      13.7494
     0100      8   C0  00  00  00  00  00  00  7F      13.7522
     0101      8   E0  01  7F  FF  00  00  0F  87      13.7548
     0100      8   C0  00  00  00  00  00  00  7F      13.7551
     0102      8   C0  00  00  00  00  00  00  7F      13.7553
     0100      8   E0  00  00  00  00  00  00  10      13.7588
     0100      8   E0  00  00  00  00  00  00  10      13.7616
     0100      8   E0  00  00  00  00  00  00  10      13.7644
     0101      8   00  01  7F  FF  00  00  0F  97      13.7648
     0102      8   E0  00  00  00  00  00  00  10      13.7651
     0100      8   E0  00  00  00  00  00  00  10      13.7672
     0100      8   00  00  00  00  00  00  00  00      13.7709
     0100      8   00  00  00  00  00  00  00  00      13.7737
     0101      8   20  01  7F  FF  00  00  0F  F8      13.7748
     0102      8   00  00  00  00  00  00  00  00      13.7751
     0100      8   00  00  00  00  00  00  00  00      13.7765
     0100      8   20  00  00  00  00  00  00  6F      13.7803
     0100      8   20  00  00  00  00  00  00  6F      13.7831
     0101      8   40  01  7F  FF  00  00  0F  49      13.7848
     0102      8   20  00  00  00  00  00  00  6F      13.7851
     0100      8   20  00  00  00  00  00  00  6F      13.7859
     0100      8   40  00  00  00  00  00  00  DE      13.7896
     0100      8   40  00  00  00  00  00  00  DE      13.7924
     0101      8   60  01  7F  FF  00  00  0F  26      13.7948
     0102      8   40  00  00  00  00  00  00  DE      13.7951
     0100      8   40  00  00  00  00  00  00  DE      13.7953
     0100      8   60  00  00  00  00  00  00  B1      13.7990
     0100      8   60  00  00  00  00  00  00  B1      13.8018
     0100      8   60  00  00  00  00  00  00  B1      13.8046
     0101      8   80  01  7F  FF  00  00  0F  36      13.8048
     0102      8   60  00  00  00  00  00  00  B1      13.8051
     0100      8   60  00  00  00  00  00  00  B1      13.8074
     0100      8   80  00  00  00  00  00  00  A1      13.8111
     0100      8   80  00  00  00  00  00  00  A1      13.8139
     0101      8   A0  01  7F  FF  00  00  0F  59      13.8148
     0102      8   80  00  00  00  00  00  00  A1      13.8151
     0100      8   80  00  00  00  00  00  00  A1      13.8167
     0100      8   A0  00  00  00  00  00  00  CE      13.8205
     0100      8   A0  00  00  00  00  00  00  CE      13.8233
     0101      8   C0  01  7F  FF  00  00  0F  E8      13.8248
     0102      8   A0  00  00  00  00  00  00  CE      13.8251
     0501      8   0D  03  00  00  00  00  00  2C      13.8253
     0100      8   A0  00  00  00  00  00  00  CE      13.8261
     0100      8   C0  00  00  00  00  00  00  7F      13.8298
     0100      8   C0  00  00  00  00  00  00  7F      13.8326
     0101      8   E0  01  7F  FF  00  00  0F  87      13.8348
     0102      8   C0  00  00  00  00  00  00  7F      13.8351
     0100      8   C0  00  00  00  00  00  00  7F      13.8354
     0100      8   E0  00  00  00  00  00  00  10      13.8392
     0100      8   E0  00  00  00  00  00  00  10      13.8420
     0100      8   E0  00  00  00  00  00  00  10      13.8448
     0101      8   00  01  7F  FF  00  00  0F  97      13.8450
     0102      8   E0  00  00  00  00  00  00  10      13.8453
     0100      8   E0  00  00  00  00  00  00  10      13.8476
     0100      8   00  00  00  00  00  00  00  00      13.8513
     0100      8   00  00  00  00  00  00  00  00      13.8541
     0101      8   20  01  7F  FF  00  00  0F  F8      13.8548
     0102      8   00  00  00  00  00  00  00  00      13.8551
     0100      8   00  00  00  00  00  00  00  00      13.8569
     0100      8   20  00  00  00  00  00  00  6F      13.8607
     0100      8   20  00  00  00  00  00  00  6F      13.8635
     0101      8   40  01  7F  FF  00  00  0F  49      13.8648
     0102      8   20  00  00  00  00  00  00  6F      13.8651
     0100      8   20  00  00  00  00  00  00  6F      13.8663
     0100      8   40  00  00  00  00  00  00  DE      13.8700
     0100      8   40  00  00  00  00  00  00  DE      13.8728
     0101      8   60  01  7F  FF  00  00  0F  26      13.8748
     0102      8   40  00  00  00  00  00  00  DE      13.8751
     0100      8   40  00  00  00  00  00  00  DE      13.8756
     0100      8   60  00  00  00  00  00  00  B1      13.8794
     0100      8   60  00  00  00  00  00  00  B1      13.8822
     0101      8   80  01  7F  FF  00  00  0F  36      13.8848
     0100      8   60  00  00  00  00  00  00  B1      13.8851
     0102      8   60  00  00  00  00  00  00  B1      13.8853
     0100      8   80  00  00  00  00  00  00  A1      13.8887
     0100      8   80  00  00  00  00  00  00  A1      13.8915
     0100      8   80  00  00  00  00  00  00  A1      13.8943
     0101      8   A0  01  7F  FF  00  00  0F  59      13.8948
     0102      8   80  00  00  00  00  00  00  A1      13.8951
     0100      8   80  00  00  00  00  00  00  A1      13.8971
     0100      8   A0  00  00  00  00  00  00  CE      13.9009
     0100      8   A0  00  00  00  00  00  00  CE      13.9037
     0101      8   C0  01  7F  FF  00  00  0F  E8      13.9048
     0102      8   A0  00  00  00  00  00  00  CE      13.9051
     0100      8   A0  00  00  00  00  00  00  CE      13.9065
     0100      8   C0  00  00  00  00  00  00  7F      13.9102
     0100      8   C0  00  00  00  00  00  00  7F      13.9130
     0101      8   E0  01  7F  FF  00  00  0F  87      13.9148
     0102      8   C0  00  00  00  00  00  00  7F      13.9151
     0100      8   C0  00  00  00  00  00  00  7F      13.9158
     0100      8   E0  00  00  00  00  00  00  10      13.9196
     0100      8   E0  00  00  00  00  00  00  10      13.9224
     0101      8   00  01  7F  FF  00  00  0F  97      13.9248
     0102      8   E0  00  00  00  00  00  00  10      13.9251
     0100      8   E0  00  00  00  00  00  00  10      13.9253
     0501      8   0D  03  00  00  00  00  00  2C      13.9256
     0100      8   00  00  00  00  00  00  00  00      13.9289
     0100      8   00  00  00  00  00  00  00  00      13.9317
     0100      8   00  00  00  00  00  00  00  00      13.9345
     0101      8   20  01  7F  FF  00  00  0F  F8      13.9348
     0102      8   00  00  00  00  00  00  00  00      13.9351
     0100      8   00  00  00  00  00  00  00  00      13.9373
     0100      8   20  00  00  00  00  00  00  6F      13.9411
     0100      8   20  00  00  00  00  00  00  6F      13.9439
     0101      8   40  01  7F  FF  00  00  0F  49      13.9448
     0102      8   20  00  00  00  00  00  00  6F      13.9451
     0100      8   20  00  00  00  00  00  00  6F      13.9467
     0100      8   40  00  00  00  00  00  00  DE      13.9504
     0100      8   40  00  00  00  00  00  00  DE      13.9532
     0101      8   60  01  7F  FF  00  00  0F  26      13.9548
     0102      8   40  00  00  00  00  00  00  DE      13.9550
     0100      8   40  00  00  00  00  00  00  DE      13.9560
     0100      8   60  00  00  00  00  00  00  B1      13.9598
     0100      8   60  00  00  00  00  00  00  B1      13.9626
     0101      8   80  01  7F  FF  00  00  0F  36      13.9648
     0102      8   60  00  00  00  00  00  00  B1      13.9650
     0100      8   60  00  00  00  00  00  00  B1      13.9654
     0100      8   80  00  00  00  00  00  00  A1      13.9691
     0100      8   80  00  00  00  00  00  00  A1      13.9719
     0100      8   80  00  00  00  00  00  00  A1      13.9747
     0101      8   A0  01  7F  FF  00  00  0F  59      13.9750
     0102      8   80  00  00  00  00  00  00  A1      13.9752
     0100      8   80  00  00  00  00  00  00  A1      13.9775
     0100      8   A0  00  00  00  00  00  00  CE      13.9813
     0100      8   A0  00  00  00  00  00  00  CE      13.9841
     0101      8   C0  01  7F  FF  00  00  0F  E8      13.9848
     0102      8   A0  00  00  00  00  00  00  CE      13.9850
     0100      8   A0  00  00  00  00  00  00  CE      13.9869
     0100      8   C0  00  00  00  00  00  00  7F      13.9906
     0100      8   C0  00  00  00  00  00  00  7F      13.9934
     0101      8   E0  01  7F  FF  00  00  0F  87      13.9948
     0102      8   C0  00  00  00  00  00  00  7F      13.9951
     0100      8   C0  00  00  00  00  00  00  7F      13.9962
     0100      8   E0  00  00  00  00  00  00  10      14.0000
     0100      8   E0  00  00  00  00  00  00  10      14.0028
     0101      8   00  01  7F  FF  00  00  0F  97      14.0048
     0102      8   E0  00  00  00  00  00  00  10      14.0051
     0100      8   E0  00  00  00  00  00  00  10      14.0056
     0100      8   00  00  00  00  00  00  00  00      14.0093
     0100      8   00  00  00  00  00  00  00  00      14.0121
     0101      8   20  01  7F  FF  00  00  0F  F8      14.0148
     0100      8   00  00  00  00  00  00  00  00      14.0150
     0102      8   00  00  00  00  00  00  00  00      14.0153
     0100      8   20  00  00  00  00  00  00  6F      14.0187
     0100      8   20  00  00  00  00  00  00  6F      14.0215
     0100      8   20  00  00  00  00  00  00  6F      14.0243
     0101      8   40  01  7F  FF  00  00  0F  49      14.0248
     0102      8   20  00  00  00  00  00  00  6F      14.0250
     0501      8   0D  03  00  00  00  00  00  2C      14.0253
     0100      8   20  00  00  00  00  00  00  6F      14.0271
     0100      8   40  00  00  00  00  00  00  DE      14.0308
     0100      8   40  00  00  00  00  00  00  DE      14.0336
     0101      8   60  01  7F  FF  00  00  0F  26      14.0348
     0102      8   40  00  00  00  00  00  00  DE      14.0350
     0100      8   40  00  00  00  00  00  00  DE      14.0364
     0100      8   60  00  00  00  00  00  00  B1      14.0401
     0100      8   60  00  00  00  00  00  00  B1      14.0430
     0101      8   80  01  7F  FF  00  00  0F  36      14.0448
     0102      8   60  00  00  00  00  00  00  B1      14.0450
     0100      8   60  00  00  00  00  00  00  B1      14.0458
     0100      8   80  00  00  00  00  00  00  A1      14.0495
     0100      8   80  00  00  00  00  00  00  A1      14.0523
     0101      8   A0  01  7F  FF  00  00  0F  59      14.0548
     0102      8   80  00  00  00  00  00  00  A1      14.0550
     0100      8   80  00  00  00  00  00  00  A1      14.0553
     0100      8   A0  00  00  00  00  00  00  CE      14.0588
     0100      8   A0  00  00  00  00  00  00  CE      14.0616
     0100      8   A0  00  00  00  00  00  00  CE      14.0645
     0101      8   C0  01  7F  FF  00  00  0F  E8      14.0648
     0102      8   A0  00  00  00  00  00  00  CE      14.0650
     0100      8   A0  00  00  00  00  00  00  CE      14.0673
     0100      8   C0  00  00  00  00  00  00  7F      14.0710
     0100      8   C0  00  00  00  00  00  00  7F      14.0738
     0101      8   E0  01  7F  FF  00  00  0F  87      14.0748
     0102      8   C0  00  00  00  00  00  00  7F      14.0750
     0100      8   C0  00  00  00  00  00  00  7F      14.0766
     0100      8   E0  00  00  00  00  00  00  10      14.0803
     0100      8   E0  00  00  00  00  00  00  10      14.0832
     0101      8   00  01  7F  FF  00  00  0F  97      14.0848
     0102      8   E0  00  00  00  00  00  00  10      14.0850
     0100      8   E0  00  00  00  00  00  00  10      14.0860
     0100      8   00  00  00  00  00  00  00  00      14.0897
     0100      8   00  00  00  00  00  00  00  00      14.0925
     0101      8   20  01  7F  FF  00  00  0F  F8      14.0948
     0102      8   00  00  00  00  00  00  00  00      14.0950
     0100      8   00  00  00  00  00  00  00  00      14.0953
     0100      8   20  00  00  00  00  00  00  6F      14.0991
     0100      8   20  00  00  00  00  00  00  6F      14.1018
     0100      8   20  00  00  00  00  00  00  6F      14.1047
     0101      8   40  01  7F  FF  00  00  0F  49      14.1049
     0102      8   20  00  00  00  00  00  00  6F      14.1051
     0100      8   20  00  00  00  00  00  00  6F      14.1075
     0100      8   40  00  00  00  00  00  00  DE      14.1112
     0100      8   40  00  00  00  00  00  00  DE      14.1140
     0101      8   60  01  7F  FF  00  00  0F  26      14.1148
     0102      8   40  00  00  00  00  00  00  DE      14.1150
     0100      8   40  00  00  00  00  00  00  DE      14.1168
     0100      8   60  00  00  00  00  00  00  B1      14.1205
     0100      8   60  00  00  00  00  00  00  B1      14.1233
     0101      8   80  01  7F  FF  00  00  0F  36      14.1248
     0102      8   60  00  00  00  00  00  00  B1      14.1250
     0501      8   0D  03  00  00  00  00  00  2C      14.1253
     0100      8   60  00  00  00  00  00  00  B1      14.1262
     0100      8   80  00  00  00  00  00  00  A1      14.1299
     0100      8   80  00  00  00  00  00  00  A1      14.1327
     0101      8   A0  01  7F  FF  00  00  0F  59      14.1348
     0102      8   80  00  00  00  00  00  00  A1      14.1350
     0100      8   80  00  00  00  00  00  00  A1      14.1355
     0100      8   A0  00  00  00  00  00  00  CE      14.1392
     0100      8   A0  00  00  00  00  00  00  CE      14.1420
     0101      8   C0  01  7F  FF  00  00  0F  E8      14.1448
     0100      8   A0  00  00  00  00  00  00  CE      14.1450
     0102      8   A0  00  00  00  00  00  00  CE      14.1453
     0100      8   C0  00  00  00  00  00  00  7F      14.1486
     0100      8   C0  00  00  00  00  00  00  7F      14.1514
     0100      8   C0  00  00  00  00  00  00  7F      14.1542
     0101      8   E0  01  7F  FF  00  00  0F  87      14.1548
     0102      8   C0  00  00  00  00  00  00  7F      14.1550
     0100      8   C0  00  00  00  00  00  00  7F      14.1570
     0100      8   E0  00  00  00  00  00  00  10      14.1607
     0100      8   E0  00  00  00  00  00  00  10      14.1635
     0101      8   00  01  7F  FF  00  00  0F  97      14.1648
     0102      8   E0  00  00  00  00  00  00  10      14.1650
     0100      8   E0  00  00  00  00  00  00  10      14.1663
     0100      8   00  00  00  00  00  00  00  00      14.1701
     0100      8   00  00  00  00  00  00  00  00      14.1729
     0101      8   20  01  7F  FF  00  00  0F  F8      14.1748
     0102      8   00  00  00  00  00  00  00  00      14.1750
     0100      8   00  00  00  00  00  00  00  00      14.1757
     0100      8   20  00  00  00  00  00  00  6F      14.1794
     0100      8   20  00  00  00  00  00  00  6F      14.1822
     0101      8   40  01  7F  FF  00  00  0F  49      14.1848
     0102      8   20  00  00  00  00  00  00  6F      14.1850
     0100      8   20  00  00  00  00  00  00  6F      14.1853
     0100      8   40  00  00  00  00  00  00  DE      14.1888
     0100      8   40  00  00  00  00  00  00  DE      14.1916
     0100      8   40  00  00  00  00  00  00  DE      14.1944
     0101      8   60  01  7F  FF  00  00  0F  26      14.1948
     0102      8   40  00  00  00  00  00  00  DE      14.1950
     0100      8   40  00  00  00  00  00  00  DE      14.1972
     0100      8   60  00  00  00  00  00  00  B1      14.2009
     0100      8   60  00  00  00  00  00  00  B1      14.2037
     0101      8   80  01  7F  FF  00  00  0F  36      14.2048
     0102      8   60  00  00  00  00  00  00  B1      14.2050
     0100      8   60  00  00  00  00  00  00  B1      14.2065
     0100      8   80  00  00  00  00  00  00  A1      14.2103
     0100      8   80  00  00  00  00  00  00  A1      14.2131
     0101      8   A0  01  7F  FF  00  00  0F  59      14.2148
     0102      8   80  00  00  00  00  00  00  A1      14.2150
     0100      8   80  00  00  00  00  00  00  A1      14.2159
     0100      8   A0  00  00  00  00  00  00  CE      14.2196
     0100      8   A0  00  00  00  00  00  00  CE      14.2224
     0101      8   C0  01  7F  FF  00  00  0F  E8      14.2248
     0102      8   A0  00  00  00  00  00  00  CE      14.2250
     0100      8   A0  00  00  00  00  00  00  CE      14.2253
     0501      8   0D  03  00  00  00  00  00  2C      14.2255
     0100      8   C0  00  00  00  00  00  00  7F      14.2290
     0100      8   C0  00  00  00  00  00  00  7F      14.2318
     0100      8   C0  00  00  00  00  00  00  7F      14.2346
     0101      8   E0  01  7F  FF  00  00  0F  87      14.2348
     0102      8   C0  00  00  00  00  00  00  7F      14.2351
     0100      8   C0  00  00  00  00  00  00  7F      14.2374
     0100      8   E0  00  00  00  00  00  00  10      14.2411
     0100      8   E0  00  00  00  00  00  00  10      14.2439
     0101      8   00  01  7F  FF  00  00  0F  97      14.2448
     0102      8   E0  00  00  00  00  00  00  10      14.2450
     0100      8   E0  00  00  00  00  00  00  10      14.2467
     0100      8   00  00  00  00  00  00  00  00      14.2505
     0100      8   00  00  00  00  00  00  00  00      14.2533
     0101      8   20  01  7F  FF  00  00  0F  F8      14.2548
     0102      8   00  00  00  00  00  00  00  00      14.2550
     0100      8   00  00  00  00  00  00  00  00      14.2561
     0100      8   20  00  00  00  00  00  00  6F      14.2598
     0100      8   20  00  00  00  00  00  00  6F      14.2626
     0101      8   40  01  7F  FF  00  00  0F  49      14.2648
     0102      8   20  00  00  00  00  00  00  6F      14.2650
     0100      8   20  00  00  00  00  00  00  6F      14.2654
     0100      8   40  00  00  00  00  00  00  DE      14.2692
     0100      8   40  00  00  00  00  00  00  DE      14.2720
     0101      8   60  01  7F  FF  00  00  0F  26      14.2748
     0100      8   40  00  00  00  00  00  00  DE      14.2750
     0102      8   40  00  00  00  00  00  00  DE      14.2752
     0100      8   60  00  00  00  00  00  00  B1      14.2785
     0100      8   60  00  00  00  00  00  00  B1      14.2813
     0100      8   60  00  00  00  00  00  00  B1      14.2841
     0101      8   80  01  7F  FF  00  00  0F  36      14.2848
     0102      8   60  00  00  00  00  00  00  B1      14.2850
     0100      8   60  00  00  00  00  00  00  B1      14.2869
     0100      8   80  00  00  00  00  00  00  A1      14.2907
     0100      8   80  00  00  00  00  00  00  A1      14.2935
     0101      8   A0  01  7F  FF  00  00  0F  59      14.2947
     0102      8   80  00  00  00  00  00  00  A1      14.2950
     0100      8   80  00  00  00  00  00  00  A1      14.2963
     0100      8   A0  00  00  00  00  00  00  CE      14.3000
     0100      8   A0  00  00  00  00  00  00  CE      14.3028
     0101      8   C0  01  7F  FF  00  00  0F  E8      14.3048
     0102      8   A0  00  00  00  00  00  00  CE      14.3050
     0100      8   A0  00  00  00  00  00  00  CE      14.3056
     0100      8   C0  00  00  00  00  00  00  7F      14.3094
     0100      8   C0  00  00  00  00  00  00  7F      14.3122
     0101      8   E0  01  7F  FF  00  00  0F  87      14.3148
     0100      8   C0  00  00  00  00  00  00  7F      14.3150
     0102      8   C0  00  00  00  00  00  00  7F      14.3153
     0100      8   E0  00  00  00  00  00  00  10      14.3187
     0100      8   E0  00  00  00  00  00  00  10      14.3215
     0100      8   E0  00  00  00  00  00  00  10      14.3243
     0101      8   00  01  7F  FF  00  00  0F  97      14.3248
     0102      8   E0  00  00  00  00  00  00  10      14.3250
     0501      8   0D  03  00  00  00  00  00  2C      14.3252
     0100      8   E0  00  00  00  00  00  00  10      14.3271
     0100      8   00  00  00  00  00  00  00  00      14.3309
     0100      8   00  00  00  00  00  00  00  00      14.3337
     0101      8   20  01  7F  FF  00  00  0F  F8      14.3347
     0102      8   00  00  00  00  00  00  00  00      14.3350
     0100      8   00  00  00  00  00  00  00  00      14.3365
     0100      8   20  00  00  00  00  00  00  6F      14.3402
     0100      8   20  00  00  00  00  00  00  6F      14.3430
     0101      8   40  01  7F  FF  00  00  0F  49      14.3447
     0102      8   20  00  00  00  00  00  00  6F      14.3450
     0100      8   20  00  00  00  00  00  00  6F      14.3458
     0100      8   40  00  00  00  00  00  00  DE      14.3496
     0100      8   40  00  00  00  00  00  00  DE      14.3524
     0101      8   60  01  7F  FF  00  00  0F  26      14.3547
     0102      8   40  00  00  00  00  00  00  DE      14.3550
     0100      8   40  00  00  00  00  00  00  DE      14.3552
     0100      8   60  00  00  00  00  00  00  B1      14.3589
     0100      8   60  00  00  00  00  00  00  B1      14.3617
     0100      8   60  00  00  00  00  00  00  B1      14.3645
     0101      8   80  01  7F  FF  00  00  0F  36      14.3648
     0102      8   60  00  00  00  00  00  00  B1      14.3650
     0100      8   60  00  00  00  00  00  00  B1      14.3673
     0100      8   80  00  00  00  00  00  00  A1      14.3711
     0100      8   80  00  00  00  00  00  00  A1      14.3739
     0101      8   A0  01  7F  FF  00  00  0F  59      14.3747
     0102      8   80  00  00  00  00  00  00  A1      14.3750
     0100      8   80  00  00  00  00  00  00  A1      14.3767
     0100      8   A0  00  00  00  00  00  00  CE      14.3804
     0100      8   A0  00  00  00  00  00  00  CE      14.3832
     0101      8   C0  01  7F  FF  00  00  0F  E8      14.3847
     0102      8   A0  00  00  00  00  00  00  CE      14.3850
     0100      8   A0  00  00  00  00  00  00  CE      14.3860
     0100      8   C0  00  00  00  00  00  00  7F      14.3898
     0100      8   C0  00  00  00  00  00  00  7F      14.3926
     0101      8   E0  01  7F  FF  00  00  0F  87      14.3947
     0102      8   C0  00  00  00  00  00  00  7F      14.3950
     0100      8   C0  00  00  00  00  00  00  7F      14.3954
     0100      8   E0  00  00  00  00  00  00  10      14.3991
     0100      8   E0  00  00  00  00  00  00  10      14.4019
     0100      8   E0  00  00  00  00  00  00  10      14.4047
     0101      8   00  01  7F  FF  00  00  0F  97      14.4050
     0102      8   E0  00  00  00  00  00  00  10      14.4052
     0100      8   E0  00  00  00  00  00  00  10      14.4075
     0100      8   00  00  00  00  00  00  00  00      14.4113
     0100      8   00  00  00  00  00  00  00  00      14.4141
     0101      8   20  01  7F  FF  00  00  0F  F8      14.4147
     0102      8   00  00  00  00  00  00  00  00      14.4150
     0100      8   00  00  00  00  00  00  00  00      14.4169
     0100      8   20  00  00  00  00  00  00  6F      14.4206
     0100      8   20  00  00  00  00  00  00  6F      14.4234
     0101      8   40  01  7F  FF  00  00  0F  49      14.4247
     0102      8   20  00  00  00  00  00  00  6F      14.4250
     0501      8   0D  03  00  00  00  00  00  2C      14.4252
     0100      8   20  00  00  00  00  00  00  6F      14.4262
     0100      8   40  00  00  00  00  00  00  DE      14.4300
     0100      8   40  00  00  00  00  00  00  DE      14.4328
     0101      8   60  01  7F  FF  00  00  0F  26      14.4347
     0102      8   40  00  00  00  00  00  00  DE      14.4350
     0100      8   40  00  00  00  00  00  00  DE      14.4356
     0100      8   60  00  00  00  00  00  00  B1      14.4393
     0100      8   60  00  00  00  00  00  00  B1      14.4421
     0101      8   80  01  7F  FF  00  00  0F  36      14.4447
     0100      8   60  00  00  00  00  00  00  B1      14.4450
     0102      8   60  00  00  00  00  00  00  B1      14.4452
     0100      8   80  00  00  00  00  00  00  A1      14.4487
     0100      8   80  00  00  00  00  00  00  A1      14.4515
     0100      8   80  00  00  00  00  00  00  A1      14.4543
     0101      8   A0  01  7F  FF  00  00  0F  59      14.4547
     0102      8   80  00  00  00  00  00  00  A1      14.4550
     0100      8   80  00  00  00  00  00  00  A1      14.4571
     0100      8   A0  00  00  00  00  00  00  CE      14.4608
     0100      8   A0  00  00  00  00  00  00  CE      14.4636
     0101      8   C0  01  7F  FF  00  00  0F  E8      14.4647
     0102      8   A0  00  00  00  00  00  00  CE      14.4650
     0100      8   A0  00  00  00  00  00  00  CE      14.4664
     0100      8   C0  00  00  00  00  00  00  7F      14.4702
     0100      8   C0  00  00  00  00  00  00  7F      14.4730
     0101      8   E0  01  7F  FF  00  00  0F  87      14.4747
     0102      8   C0  00  00  00  00  00  00  7F      14.4750
     0100      8   C0  00  00  00  00  00  00  7F      14.4758
     0100      8   E0  00  00  00  00  00  00  10      14.4795
     0100      8   E0  00  00  00  00  00  00  10      14.4823
     0101      8   00  01  7F  FF  00  00  0F  97      14.4847
     0102      8   E0  00  00  00  00  00  00  10      14.4850
     0100      8   E0  00  00  00  00  00  00  10      14.4852
     0100      8   00  00  00  00  00  00  00  00      14.4889
     0100      8   00  00  00  00  00  00  00  00      14.4917
     0100      8   00  00  00  00  00  00  00  00      14.4945
     0101      8   20  01  7F  FF  00  00  0F  F8      14.4947
     0102      8   00  00  00  00  00  00  00  00      14.4950
     0100      8   00  00  00  00  00  00  00  00      14.4973
     0100      8   20  00  00  00  00  00  00  6F      14.5010
     0100      8   20  00  00  00  00  00  00  6F      14.5038
     0101      8   40  01  7F  FF  00  00  0F  49      14.5047
     0102      8   20  00  00  00  00  00  00  6F      14.5050
     0100      8   20  00  00  00  00  00  00  6F      14.5066
     0100      8   40  00  00  00  00  00  00  DE      14.5103
     0100      8   40  00  00  00  00  00  00  DE      14.5132
     0101      8   60  01  7F  FF  00  00  0F  26      14.5147
     0102      8   40  00  00  00  00  00  00  DE      14.5150
     0100      8   40  00  00  00  00  00  00  DE      14.5160
     0100      8   60  00  00  00  00  00  00  B1      14.5197
     0100      8   60  00  00  00  00  00  00  B1      14.5225
     0101      8   80  01  7F  FF  00  00  0F  36      14.5247
     0102      8   60  00  00  00  00  00  00  B1      14.5250
     0501      8   0D  03  00  00  00  00  00  2C      14.5252
     0100      8   60  00  00  00  00  00  00  B1      14.5255
     0100      8   80  00  00  00  00  00  00  A1      14.5291
     0100      8   80  00  00  00  00  00  00  A1      14.5318
     0100      8   80  00  00  00  00  00  00  A1      14.5347
     0101      8   A0  01  7F  FF  00  00  0F  59      14.5349
     0102      8   80  00  00  00  00  00  00  A1      14.5351
     0100      8   80  00  00  00  00  00  00  A1      14.5375
     0100      8   A0  00  00  00  00  00  00  CE      14.5412
     0100      8   A0  00  00  00  00  00  00  CE      14.5440
     0101      8   C0  01  7F  FF  00  00  0F  E8      14.5447
     0102      8   A0  00  00  00  00  00  00  CE      14.5450
     0100      8   A0  00  00  00  00  00  00  CE      14.5468
     0100      8   C0  00  00  00  00  00  00  7F      14.5506
     0100      8   C0  00  00  00  00  00  00  7F      14.5534
     0101      8   E0  01  7F  FF  00  00  0F  87      14.5547
     0102      8   C0  00  00  00  00  00  00  7F      14.5550
     0100      8   C0  00  00  00  00  00  00  7F      14.5562
     0100      8   E0  00  00  00  00  00  00  10      14.5599
     0100      8   E0  00  00  00  00  00  00  10      14.5627
     0101      8   00  01  7F  FF  00  00  0F  97      14.5647
     0102      8   E0  00  00  00  00  00  00  10      14.5650
     0100      8   E0  00  00  00  00  00  00  10      14.5655
     0100      8   00  00  00  00  00  00  00  00      14.5692
     0100      8   00  00  00  00  00  00  00  00      14.5721
     0101      8   20  01  7F  FF  00  00  0F  F8      14.5747
     0100      8   00  00  00  00  00  00  00  00      14.5750
     0102      8   00  00  00  00  00  00  00  00      14.5752
     0100      8   20  00  00  00  00  00  00  6F      14.5786
     0100      8   20  00  00  00  00  00  00  6F      14.5814
     0100      8   20  00  00  00  00  00  00  6F      14.5842
     0101      8   40  01  7F  FF  00  00  0F  49      14.5847
     0102      8   20  00  00  00  00  00  00  6F      14.5850
     0100      8   20  00  00  00  00  00  00  6F      14.5870
     0100      8   40  00  00  00  00  00  00  DE      14.5907
     0100      8   40  00  00  00  00  00  00  DE      14.5935
     0101      8   60  01  7F  FF  00  00  0F  26      14.5947
     0102      8   40  00  00  00  00  00  00  DE      14.5950
     0100      8   40  00  00  00  00  00  00  DE      14.5963
     0100      8   60  00  00  00  00  00  00  B1      14.6001
     0100      8   60  00  00  00  00  00  00  B1      14.6029
     0101      8   80  01  7F  FF  00  00  0F  36      14.6047
     0102      8   60  00  00  00  00  00  00  B1      14.6049
     0100      8   60  00  00  00  00  00  00  B1      14.6057
     0100      8   80  00  00  00  00  00  00  A1      14.6094
     0100      8   80  00  00  00  00  00  00  A1      14.6122
     0101      8   A0  01  7F  FF  00  00  0F  59      14.6147
     0102      8   80  00  00  00  00  00  00  A1      14.6150
     0100      8   80  00  00  00  00  00  00  A1      14.6152
     0100      8   A0  00  00  00  00  00  00  CE      14.6188
     0100      8   A0  00  00  00  00  00  00  CE      14.6216
     0100      8   A0  00  00  00  00  00  00  CE      14.6244
     0101      8   C0  01  7F  FF  00  00  0F  E8      14.6247
     0102      8   A0  00  00  00  00  00  00  CE      14.6250
     0501      8   0D  03  00  00  00  00  00  2C      14.6252
     0100      8   A0  00  00  00  00  00  00  CE      14.6272
     0100      8   C0  00  00  00  00  00  00  7F      14.6309
     0100      8   C0  00  00  00  00  00  00  7F      14.6337
     0101      8   E0  01  7F  FF  00  00  0F  87      14.6347
     0102      8   C0  00  00  00  00  00  00  7F      14.6350
     0100      8   C0  00  00  00  00  00  00  7F      14.6366
     0100      8   E0  00  00  00  00  00  00  10      14.6403
     0100      8   E0  00  00  00  00  00  00  10      14.6431
     0101      8   00  01  7F  FF  00  00  0F  97      14.6447
     0102      8   E0  00  00  00  00  00  00  10      14.6450
     0100      8   E0  00  00  00  00  00  00  10      14.6459
     0100      8   00  00  00  00  00  00  00  00      14.6496
     0100      8   00  00  00  00  00  00  00  00      14.6524
     0101      8   20  01  7F  FF  00  00  0F  F8      14.6547
     0102      8   00  00  00  00  00  00  00  00      14.6550
     0100      8   00  00  00  00  00  00  00  00      14.6552
     0100      8   20  00  00  00  00  00  00  6F      14.6590
     0100      8   20  00  00  00  00  00  00  6F      14.6618
     0100      8   20  00  00  00  00  00  00  6F      14.6646
     0101      8   40  01  7F  FF  00  00  0F  49      14.6648
     0102      8   20  00  00  00  00  00  00  6F      14.6651
     0100      8   20  00  00  00  00  00  00  6F      14.6674
     0100      8   40  00  00  00  00  00  00  DE      14.6711
     0100      8   40  00  00  00  00  00  00  DE      14.6739
     0101      8   60  01  7F  FF  00  00  0F  26      14.6747
     0102      8   40  00  00  00  00  00  00  DE      14.6749
     0100      8   40  00  00  00  00  00  00  DE      14.6767
     0100      8   60  00  00  00  00  00  00  B1      14.6805
     0100      8   60  00  00  00  00  00  00  B1      14.6833
     0101      8   80  01  7F  FF  00  00  0F  36      14.6847
     0102      8   60  00  00  00  00  00  00  B1      14.6849
     0100      8   60  00  00  00  00  00  00  B1      14.6861
     0100      8   80  00  00  00  00  00  00  A1      14.6898
     0100      8   80  00  00  00  00  00  00  A1      14.6926
     0101      8   A0  01  7F  FF  00  00  0F  59      14.6947
     0102      8   80  00  00  00  00  00  00  A1      14.6949
     0100      8   80  00  00  00  00  00  00  A1      14.6954
     0100      8   A0  00  00  00  00  00  00  CE      14.6992
     0100      8   A0  00  00  00  00  00  00  CE      14.7020
     0101      8   C0  01  7F  FF  00  00  0F  E8      14.7047
     0100      8   A0  00  00  00  00  00  00  CE      14.7049
     0102      8   A0  00  00  00  00  00  00  CE      14.7052
     0100      8   C0  00  00  00  00  00  00  7F      14.7085
     0100      8   C0  00  00  00  00  00  00  7F      14.7113
     0100      8   C0  00  00  00  00  00  00  7F      14.7141
     0101      8   E0  01  7F  FF  00  00  0F  87      14.7147
     0102      8   C0  00  00  00  00  00  00  7F      14.7149
     0100      8   C0  00  00  00  00  00  00  7F      14.7169
     0100      8   E0  00  00  00  00  00  00  10      14.7207
     0100      8   E0  00  00  00  00  00  00  10      14.7235
     0101      8   00  01  7F  FF  00  00  0F  97      14.7247
     0102      8   E0  00  00  00  00  00  00  10      14.7249
     0501      8   0D  03  00  00  00  00  00  2C      14.7252
     0100      8   E0  00  00  00  00  00  00  10      14.7263
     0100      8   00  00  00  00  00  00  00  00      14.7300
     0100      8   00  00  00  00  00  00  00  00      14.7328
     0101      8   20  01  7F  FF  00  00  0F  F8      14.7347
     0102      8   00  00  00  00  00  00  00  00      14.7349
     0100      8   00  00  00  00  00  00  00  00      14.7356
     0100      8   20  00  00  00  00  00  00  6F      14.7394
     0100      8   20  00  00  00  00  00  00  6F      14.7422
     0101      8   40  01  7F  FF  00  00  0F  49      14.7447
     0102      8   20  00  00  00  00  00  00  6F      14.7449
     0100      8   20  00  00  00  00  00  00  6F      14.7452
     0100      8   40  00  00  00  00  00  00  DE      14.7487
     0100      8   40  00  00  00  00  00  00  DE      14.7515
     0100      8   40  00  00  00  00  00  00  DE      14.7543
     0101      8   60  01  7F  FF  00  00  0F  26      14.7547
     0102      8   40  00  00  00  00  00  00  DE      14.7549
     0100      8   40  00  00  00  00  00  00  DE      14.7571
     0100      8   60  00  00  00  00  00  00  B1      14.7609
     0100      8   60  00  00  00  00  00  00  B1      14.7637
     0101      8   80  01  7F  FF  00  00  0F  36      14.7647
     0102      8   60  00  00  00  00  00  00  B1      14.7649
     0100      8   60  00  00  00  00  00  00  B1      14.7665
     0100      8   80  00  00  00  00  00  00  A1      14.7702
     0100      8   80  00  00  00  00  00  00  A1      14.7730
     0101      8   A0  01  7F  FF  00  00  0F  59      14.7747
     0102      8   80  00  00  00  00  00  00  A1      14.7749
     0100      8   80  00  00  00  00  00  00  A1      14.7758
     0100      8   A0  00  00  00  00  00  00  CE      14.7796
     0100      8   A0  00  00  00  00  00  00  CE      14.7824
     0101      8   C0  01  7F  FF  00  00  0F  E8      14.7847
     0102      8   A0  00  00  00  00  00  00  CE      14.7849
     0100      8   A0  00  00  00  00  00  00  CE      14.7852
     0100      8   C0  00  00  00  00  00  00  7F      14.7889
     0100      8   C0  00  00  00  00  00  00  7F      14.7917
     0100      8   C0  00  00  00  00  00  00  7F      14.7945
     0101      8   E0  01  7F  FF  00  00  0F  87      14.7948
     0102      8   C0  00  00  00  00  00  00  7F      14.7950
     0100      8   C0  00  00  00  00  00  00  7F      14.7973
     0100      8   E0  00  00  00  00  00  00  10      14.8011
     0100      8   E0  00  00  00  00  00  00  10      14.8039
     0101      8   00  01  7F  FF  00  00  0F  97      14.8047
     0102      8   E0  00  00  00  00  00  00  10      14.8049
     0100      8   E0  00  00  00  00  00  00  10      14.8067
     0100      8   00  00  00  00  00  00  00  00      14.8104
     0100      8   00  00  00  00  00  00  00  00      14.8132
     0101      8   20  01  7F  FF  00  00  0F  F8      14.8147
     0102      8   00  00  00  00  00  00  00  00      14.8149
     0100      8   00  00  00  00  00  00  00  00      14.8160
     0100      8   20  00  00  00  00  00  00  6F      14.8198
     0100      8   20  00  00  00  00  00  00  6F      14.8226
     0101      8   40  01  7F  FF  00  00  0F  49      14.8247
     0102      8   20  00  00  00  00  00  00  6F      14.8249
     0501      8   0D  03  00  00  00  00  00  2C      14.8252
     0100      8   20  00  00  00  00  00  00  6F      14.8254
     0100      8   40  00  00  00  00  00  00  DE      14.8291
     0100      8   40  00  00  00  00  00  00  DE      14.8319
     0101      8   60  01  7F  FF  00  00  0F  26      14.8347
     0100      8   40  00  00  00  00  00  00  DE      14.8349
     0102      8   40  00  00  00  00  00  00  DE      14.8352
     0100      8   60  00  00  00  00  00  00  B1      14.8385
     0100      8   60  00  00  00  00  00  00  B1      14.8413
     0100      8   60  00  00  00  00  00  00  B1      14.8441
     0101      8   80  01  7F  FF  00  00  0F  36      14.8447
     0102      8   60  00  00  00  00  00  00  B1      14.8449
     0100      8   60  00  00  00  00  00  00  B1      14.8469
     0100      8   80  00  00  00  00  00  00  A1      14.8506
     0100      8   80  00  00  00  00  00  00  A1      14.8534
     0101      8   A0  01  7F  FF  00  00  0F  59      14.8547
     0102      8   80  00  00  00  00  00  00  A1      14.8549
     0100      8   80  00  00  00  00  00  00  A1      14.8562
     0100      8   A0  00  00  00  00  00  00  CE      14.8600
     0100      8   A0  00  00  00  00  00  00  CE      14.8628
     0101      8   C0  01  7F  FF  00  00  0F  E8      14.8647
     0102      8   A0  00  00  00  00  00  00  CE      14.8649
     0100      8   A0  00  00  00  00  00  00  CE      14.8656
     0100      8   C0  00  00  00  00  00  00  7F      14.8693
     0100      8   C0  00  00  00  00  00  00  7F      14.8721
     0101      8   E0  01  7F  FF  00  00  0F  87      14.8747
     0100      8   C0  00  00  00  00  00  00  7F      14.8749
     0102      8   C0  00  00  00  00  00  00  7F      14.8752
     0100      8   E0  00  00  00  00  00  00  10      14.8787
     0100      8   E0  00  00  00  00  00  00  10      14.8815
     0100      8   E0  00  00  00  00  00  00  10      14.8843
     0101      8   00  01  7F  FF  00  00  0F  97      14.8847
     0102      8   E0  00  00  00  00  00  00  10      14.8849
     0100      8   E0  00  00  00  00  00  00  10      14.8871
     0100      8   00  00  00  00  00  00  00  00      14.8908
     0100      8   00  00  00  00  00  00  00  00      14.8936
     0101      8   20  01  7F  FF  00  00  0F  F8      14.8947
     0102      8   00  00  00  00  00  00  00  00      14.8949
     0100      8   00  00  00  00  00  00  00  00      14.8964
     0100      8   20  00  00  00  00  00  00  6F      14.9002
     0100      8   20  00  00  00  00  00  00  6F      14.9030
     0101      8   40  01  7F  FF  00  00  0F  49      14.9047
     0102      8   20  00  00  00  00  00  00  6F      14.9049
     0100      8   20  00  00  00  00  00  00  6F      14.9058
     0100      8   40  00  00  00  00  00  00  DE      14.9095
     0100      8   40  00  00  00  00  00  00  DE      14.9123
     0101      8   60  01  7F  FF  00  00  0F  26      14.9147
     0102      8   40  00  00  00  00  00  00  DE      14.9149
     0100      8   40  00  00  00  00  00  00  DE      14.9152
     0100      8   60  00  00  00  00  00  00  B1      14.9189
     0100      8   60  00  00  00  00  00  00  B1      14.9217
     0100      8   60  00  00  00  00  00  00  B1      14.9245
     0101      8   80  01  7F  FF  00  00  0F  36      14.9247
     0102      8   60  00  00  00  00  00  00  B1      14.9249
     0501      8   0D  03  00  00  00  00  00  2C      14.9252
     0100      8   60  00  00  00  00  00  00  B1      14.9273
     0100      8   80  00  00  00  00  00  00  A1      14.9310
     0100      8   80  00  00  00  00  00  00  A1      14.9338
     0101      8   A0  01  7F  FF  00  00  0F  59      14.9347
     0102      8   80  00  00  00  00  00  00  A1      14.9349
     0100      8   80  00  00  00  00  00  00  A1      14.9366
     0100      8   A0  00  00  00  00  00  00  CE      14.9403
     0100      8   A0  00  00  00  00  00  00  CE      14.9432
     0101      8   C0  01  7F  FF  00  00  0F  E8      14.9447
     0102      8   A0  00  00  00  00  00  00  CE      14.9449
     0100      8   A0  00  00  00  00  00  00  CE      14.9460
     0100      8   C0  00  00  00  00  00  00  7F      14.9497
     0100      8   C0  00  00  00  00  00  00  7F      14.9525
     0101      8   E0  01  7F  FF  00  00  0F  87      14.9547
     0102      8   C0  00  00  00  00  00  00  7F      14.9549
     0100      8   C0  00  00  00  00  00  00  7F      14.9553
     0100      8   E0  00  00  00  00  00  00  10      14.9591
     0100      8   E0  00  00  00  00  00  00  10      14.9619
     0100      8   E0  00  00  00  00  00  00  10      14.9647
     0101      8   00  01  7F  FF  00  00  0F  97      14.9649
     0102      8   E0  00  00  00  00  00  00  10      14.9652
     0100      8   E0  00  00  00  00  00  00  10      14.9675
     0100      8   00  00  00  00  00  00  00  00      14.9712
     0100      8   00  00  00  00  00  00  00  00      14.9740
     0101      8   20  01  7F  FF  00  00  0F  F8      14.9747
     0102      8   00  00  00  00  00  00  00  00      14.9749
     0100      8   00  00  00  00  00  00  00  00      14.9768
     0100      8   20  00  00  00  00  00  00  6F      14.9806
     0100      8   20  00  00  00  00  00  00  6F      14.9834
     0101      8   40  01  7F  FF  00  00  0F  49      14.9847
     0102      8   20  00  00  00  00  00  00  6F      14.9849
     0100      8   20  00  00  00  00  00  00  6F      14.9862
     0100      8   40  00  00  00  00  00  00  DE      14.9899
     0100      8   40  00  00  00  00  00  00  DE      14.9927
     0101      8   60  01  7F  FF  00  00  0F  26      14.9946
     0102      8   40  00  00  00  00  00  00  DE      14.9949
     0100      8   40  00  00  00  00  00  00  DE      14.9955
     0100      8   60  00  00  00  00  00  00  B1      14.9992
     0100      8   60  00  00  00  00  00  00  B1      15.0021
     0101      8   80  01  7F  FF  00  00  0F  36      15.0046
     0100      8   60  00  00  00  00  00  00  B1      15.0049
     0102      8   60  00  00  00  00  00  00  B1      15.0051
     0100      8   80  00  00  00  00  00  00  A1      15.0086
     0100      8   80  00  00  00  00  00  00  A1      15.0114
     0100      8   80  00  00  00  00  00  00  A1      15.0142
     0101      8   A0  01  7F  FF  00  00  0F  59      15.0146
     0102      8   80  00  00  00  00  00  00  A1      15.0149
     0100      8   80  00  00  00  00  00  00  A1      15.0170
     0100      8   A0  00  00  00  00  00  00  CE      15.0207
     0100      8   A0  00  00  00  00  00  00  CE      15.0236
     0101      8   C0  01  7F  FF  00  00  0F  E8      15.0246
     0102      8   A0  00  00  00  00  00  00  CE      15.0249
     0501      8   0D  03  00  00  00  00  00  2C      15.0251
     0100      8   A0  00  00  00  00  00  00  CE      15.0263
     0100      8   C0  00  00  00  00  00  00  7F      15.0301
     0100      8   C0  00  00  00  00  00  00  7F      15.0329
     0101      8   E0  01  7F  FF  00  00  0F  87      15.0346
     0102      8   C0  00  00  00  00  00  00  7F      15.0349
     0100      8   C0  00  00  00  00  00  00  7F      15.0357
     0100      8   E0  00  00  00  00  00  00  10      15.0394
     0100      8   E0  00  00  00  00  00  00  10      15.0422
     0101      8   00  01  7F  FF  00  00  0F  97      15.0447
     0102      8   E0  00  00  00  00  00  00  10      15.0449
     0100      8   E0  00  00  00  00  00  00  10      15.0452
     0100      8   00  00  00  00  00  00  00  00      15.0488
     0100      8   00  00  00  00  00  00  00  00      15.0516
     0100      8   00  00  00  00  00  00  00  00      15.0544
     0101      8   20  01  7F  FF  00  00  0F  F8      15.0546
     0102      8   00  00  00  00  00  00  00  00      15.0549
     0100      8   00  00  00  00  00  00  00  00      15.0572
     0100      8   20  00  00  00  00  00  00  6F      15.0609
     0100      8   20  00  00  00  00  00  00  6F      15.0637
     0101      8   40  01  7F  FF  00  00  0F  49      15.0646
     0102      8   20  00  00  00  00  00  00  6F      15.0649
     0100      8   20  00  00  00  00  00  00  6F      15.0666
     0100      8   40  00  00  00  00  00  00  DE      15.0703
     0100      8   40  00  00  00  00  00  00  DE      15.0731
     0101      8   60  01  7F  FF  00  00  0F  26      15.0746
     0102      8   40  00  00  00  00  00  00  DE      15.0749
     0100      8   40  00  00  00  00  00  00  DE      15.0759
     0100      8   60  00  00  00  00  00  00  B1      15.0796
     0100      8   60  00  00  00  00  00  00  B1      15.0824
     0101      8   80  01  7F  FF  00  00  0F  36      15.0846
     0102      8   60  00  00  00  00  00  00  B1      15.0849
     0100      8   60  00  00  00  00  00  00  B1      15.0852
     0100      8   80  00  00  00  00  00  00  A1      15.0890
     0100      8   80  00  00  00  00  00  00  A1      15.0918
     0100      8   80  00  00  00  00  00  00  A1      15.0946
     0101      8   A0  01  7F  FF  00  00  0F  59      15.0948
     0102      8   80  00  00  00  00  00  00  A1      15.0951
     0100      8   80  00  00  00  00  00  00  A1      15.0974
     0100      8   A0  00  00  00  00  00  00  CE      15.1011
     0100      8   A0  00  00  00  00  00  00  CE      15.1039
     0101      8   C0  01  7F  FF  00  00  0F  E8      15.1046
     0102      8   A0  00  00  00  00  00  00  CE      15.1049
     0100      8   A0  00  00  00  00  00  00  CE      15.1067
     0100      8   C0  00  00  00  00  00  00  7F      15.1105
     0100      8   C0  00  00  00  00  00  00  7F      15.1133
     0101      8   E0  01  7F  FF  00  00  0F  87      15.1146
     0102      8   C0  00  00  00  00  00  00  7F      15.1149
     0100      8   C0  00  00  00  00  00  00  7F      15.1161
     0100      8   E0  00  00  00  00  00  00  10      15.1198
     0100      8   E0  00  00  00  00  00  00  10      15.1226
     0101      8   00  01  7F  FF  00  00  0F  97      15.1246
     0102      8   E0  00  00  00  00  00  00  10      15.1249
     0501      8   0D  03  00  00  00  00  00  2C      15.1251
     0100      8   E0  00  00  00  00  00  00  10      15.1254
     0100      8   00  00  00  00  00  00  00  00      15.1292
     0100      8   00  00  00  00  00  00  00  00      15.1320
     0101      8   20  01  7F  FF  00  00  0F  F8      15.1346
     0100      8   00  00  00  00  00  00  00  00      15.1349
     0102      8   00  00  00  00  00  00  00  00      15.1351
     0100      8   20  00  00  00  00  00  00  6F      15.1385
     0100      8   20  00  00  00  00  00  00  6F      15.1413
     0100      8   20  00  00  00  00  00  00  6F      15.1441
     0101      8   40  01  7F  FF  00  00  0F  49      15.1446
     0102      8   20  00  00  00  00  00  00  6F      15.1449
     0100      8   20  00  00  00  00  00  00  6F      15.1469
     0100      8   40  00  00  00  00  00  00  DE      15.1507
     0100      8   40  00  00  00  00  00  00  DE      15.1535
     0101      8   60  01  7F  FF  00  00  0F  26      15.1546
     0102      8   40  00  00  00  00  00  00  DE      15.1549
     0100      8   40  00  00  00  00  00  00  DE      15.1563
     0100      8   60  00  00  00  00  00  00  B1      15.1600
     0100      8   60  00  00  00  00  00  00  B1      15.1628
     0101      8   80  01  7F  FF  00  00  0F  36      15.1646
     0102      8   60  00  00  00  00  00  00  B1      15.1649
     0100      8   60  00  00  00  00  00  00  B1      15.1656
     0100      8   80  00  00  00  00  00  00  A1      15.1694
     0100      8   80  00  00  00  00  00  00  A1      15.1722
     0101      8   A0  01  7F  FF  00  00  0F  59      15.1746
     0102      8   80  00  00  00  00  00  00  A1      15.1749
     0100      8   80  00  00  00  00  00  00  A1      15.1751
     0100      8   A0  00  00  00  00  00  00  CE      15.1787
     0100      8   A0  00  00  00  00  00  00  CE      15.1815
     0100      8   A0  00  00  00  00  00  00  CE      15.1843
     0101      8   C0  01  7F  FF  00  00  0F  E8      15.1846
     0102      8   A0  00  00  00  00  00  00  CE      15.1849
     0100      8   A0  00  00  00  00  00  00  CE      15.1871
     0100      8   C0  00  00  00  00  00  00  7F      15.1909
     0100      8   C0  00  00  00  00  00  00  7F      15.1937
     0101      8   E0  01  7F  FF  00  00  0F  87      15.1946
     0102      8   C0  00  00  00  00  00  00  7F      15.1949
     0100      8   C0  00  00  00  00  00  00  7F      15.1965
     0100      8   E0  00  00  00  00  00  00  10      15.2002
     0100      8   E0  00  00  00  00  00  00  10      15.2030
     0101      8   00  01  7F  FF  00  00  0F  97      15.2046
     0102      8   E0  00  00  00  00  00  00  10      15.2049
     0100      8   E0  00  00  00  00  00  00  10      15.2058
     0100      8   00  00  00  00  00  00  00  00      15.2096
     0100      8   00  00  00  00  00  00  00  00      15.2124
     0101      8   20  01  7F  FF  00  00  0F  F8      15.2146
     0100      8   00  00  00  00  00  00  00  00      15.2152
     0100      8   20  00  00  00  00  00  00  6F      15.2189
     0100      8   20  00  00  00  00  00  00  6F      15.2217
     0100      8   20  00  00  00  00  00  00  6F      15.2245
     0100      8   20  00  00  00  00  00  00  6F      15.2273
     0100      8   20  00  00  00  00  00  00  6F      15.2301
     0100      8   20  00  00  00  00  00  00  6F      15.2329
     0100      8   20  00  00  00  00  00  00  6F      15.2357
     0100      8   20  00  00  00  00  00  00  6F      15.2386
     0100      8   20  00  00  00  00  00  00  6F      15.2414
     0100      8   20  00  00  00  00  00  00  6F      15.2442
     0100      8   20  00  00  00  00  00  00  6F      15.2470
     0100      8   20  00  00  00  00  00  00  6F      15.2498
     0100      8   20  00  00  00  00  00  00  6F      15.2526
     0100      8   20  00  00  00  00  00  00  6F      15.2554
     0100      8   20  00  00  00  00  00  00  6F      15.2582
     0100      8   20  00  00  00  00  00  00  6F      15.2610
     0100      8   20  00  00  00  00  00  00  6F      15.2638
     0100      8   20  00  00  00  00  00  00  6F      15.2666
     0100      8   20  00  00  00  00  00  00  6F      15.2694
     0100      8   20  00  00  00  00  00  00  6F      15.2722
     0100      8   20  00  00  00  00  00  00  6F      15.2750
     0100      8   20  00  00  00  00  00  00  6F      15.2778
     0100      8   20  00  00  00  00  00  00  6F      15.2806
     0100      8   20  00  00  00  00  00  00  6F      15.2834
     0100      8   20  00  00  00  00  00  00  6F      15.2862
     0100      8   20  00  00  00  00  00  00  6F      15.2890
     0100      8   20  00  00  00  00  00  00  6F      15.2918
     0100      8   20  00  00  00  00  00  00  6F      15.2946
     0100      8   20  00  00  00  00  00  00  6F      15.2974
     0100      8   20  00  00  00  00  00  00  6F      15.3002
     0100      8   20  00  00  00  00  00  00  6F      15.3031
     0100      8   20  00  00  00  00  00  00  6F      15.3059
     0100      8   20  00  00  00  00  00  00  6F      15.3087
     0100      8   20  00  00  00  00  00  00  6F      15.3115
     0100      8   20  00  00  00  00  00  00  6F      15.3143
     0100      8   20  00  00  00  00  00  00  6F      15.3171
     0100      8   20  00  00  00  00  00  00  6F      15.3199
     0100      8   20  00  00  00  00  00  00  6F      15.3227
     0100      8   20  00  00  00  00  00  00  6F      15.3255
     0100      8   20  00  00  00  00  00  00  6F      15.3283
     0100      8   20  00  00  00  00  00  00  6F      15.3311
     0100      8   20  00  00  00  00  00  00  6F      15.3339
     0100      8   20  00  00  00  00  00  00  6F      15.3367
     0100      8   20  00  00  00  00  00  00  6F      15.3395
     0100      8   20  00  00  00  00  00  00  6F      15.3423
     0100      8   20  00  00  00  00  00  00  6F      15.3451
     0100      8   20  00  00  00  00  00  00  6F      15.3479
     0100      8   20  00  00  00  00  00  00  6F      15.3507
     0100      8   20  00  00  00  00  00  00  6F      15.3535
     0100      8   20  00  00  00  00  00  00  6F      15.3563
     0100      8   20  00  00  00  00  00  00  6F      15.3591
     0100      8   20  00  00  00  00  00  00  6F      15.3619
     0100      8   20  00  00  00  00  00  00  6F      15.3647
     0100      8   20  00  00  00  00  00  00  6F      15.3676
     0100      8   20  00  00  00  00  00  00  6F      15.3704
     0100      8   20  00  00  00  00  00  00  6F      15.3732
     0100      8   20  00  00  00  00  00  00  6F      15.3760
     0100      8   20  00  00  00  00  00  00  6F      15.3788
     0100      8   20  00  00  00  00  00  00  6F      15.3816
     0100      8   20  00  00  00  00  00  00  6F      15.3844
     0100      8   20  00  00  00  00  00  00  6F      15.3872
     0100      8   20  00  00  00  00  00  00  6F      15.3900
     0100      8   20  00  00  00  00  00  00  6F      15.3928
     0100      8   20  00  00  00  00  00  00  6F      15.3956
     0100      8   20  00  00  00  00  00  00  6F      15.3984
     0100      8   20  00  00  00  00  00  00  6F      15.4012
     0100      8   20  00  00  00  00  00  00  6F      15.4040
     0100      8   20  00  00  00  00  00  00  6F      15.4068
     0100      8   20  00  00  00  00  00  00  6F      15.4096
     0100      8   20  00  00  00  00  00  00  6F      15.4124
     0100      8   20  00  00  00  00  00  00  6F      15.4152
     0100      8   20  00  00  00  00  00  00  6F      15.4180
     0100      8   20  00  00  00  00  00  00  6F      15.4208
     0100      8   20  00  00  00  00  00  00  6F      15.4236
     0100      8   20  00  00  00  00  00  00  6F      15.4264
     0100      8   20  00  00  00  00  00  00  6F      15.4292
     0100      8   20  00  00  00  00  00  00  6F      15.4321
     0100      8   20  00  00  00  00  00  00  6F      15.4349
     0100      8   20  00  00  00  00  00  00  6F      15.4377
     0100      8   20  00  00  00  00  00  00  6F      15.4405
     0100      8   20  00  00  00  00  00  00  6F      15.4433
     0100      8   20  00  00  00  00  00  00  6F      15.4461
     0100      8   20  00  00  00  00  00  00  6F      15.4489
     0100      8   20  00  00  00  00  00  00  6F      15.4517
     0100      8   20  00  00  00  00  00  00  6F      15.4545
     0100      8   20  00  00  00  00  00  00  6F      15.4573
     0100      8   20  00  00  00  00  00  00  6F      15.4601
     0100      8   20  00  00  00  00  00  00  6F      15.4629
     0100      8   20  00  00  00  00  00  00  6F      15.4657
     0100      8   20  00  00  00  00  00  00  6F      15.4685
     0100      8   20  00  00  00  00  00  00  6F      15.4713
     0100      8   20  00  00  00  00  00  00  6F      15.4741
     0100      8   20  00  00  00  00  00  00  6F      15.4769
     0100      8   20  00  00  00  00  00  00  6F      15.4797
     0100      8   20  00  00  00  00  00  00  6F      15.4825
     0100      8   20  00  00  00  00  00  00  6F      15.4853
     0100      8   20  00  00  00  00  00  00  6F      15.4881
     0100      8   20  00  00  00  00  00  00  6F      15.4909
     0100      8   20  00  00  00  00  00  00  6F      15.4937
     0100      8   20  00  00  00  00  00  00  6F      15.4966
     0100      8   20  00  00  00  00  00  00  6F      15.4994
     0100      8   20  00  00  00  00  00  00  6F      15.5022
     0100      8   20  00  00  00  00  00  00  6F      15.5050
     0100      8   20  00  00  00  00  00  00  6F      15.5078
     0100      8   20  00  00  00  00  00  00  6F      15.5106
     0100      8   20  00  00  00  00  00  00  6F      15.5134
     0100      8   20  00  00  00  00  00  00  6F      15.5162
     0100      8   20  00  00  00  00  00  00  6F      15.5190
     0100      8   20  00  00  00  00  00  00  6F      15.5218
     0100      8   20  00  00  00  00  00  00  6F      15.5246
     0100      8   20  00  00  00  00  00  00  6F      15.5274
     0100      8   20  00  00  00  00  00  00  6F      15.5302
     0100      8   20  00  00  00  00  00  00  6F      15.5330
     0100      8   20  00  00  00  00  00  00  6F      15.5358
     0100      8   20  00  00  00  00  00  00  6F      15.5386
     0100      8   20  00  00  00  00  00  00  6F      15.5414
     0100      8   20  00  00  00  00  00  00  6F      15.5442
     0100      8   20  00  00  00  00  00  00  6F      15.5470
     0100      8   20  00  00  00  00  00  00  6F      15.5498
     0100      8   20  00  00  00  00  00  00  6F      15.5526
     0100      8   20  00  00  00  00  00  00  6F      15.5554
     0100      8   20  00  00  00  00  00  00  6F      15.5582
     0100      8   20  00  00  00  00  00  00  6F      15.5611
     0100      8   20  00  00  00  00  00  00  6F      15.5639
     0100      8   20  00  00  00  00  00  00  6F      15.5667
     0100      8   20  00  00  00  00  00  00  6F      15.5695
     0100      8   20  00  00  00  00  00  00  6F      15.5723
     0100      8   20  00  00  00  00  00  00  6F      15.5751
     0100      8   20  00  00  00  00  00  00  6F      15.5779
     0100      8   20  00  00  00  00  00  00  6F      15.5807
     0100      8   20  00  00  00  00  00  00  6F      15.5835
     0100      8   20  00  00  00  00  00  00  6F      15.5863
     0100      8   20  00  00  00  00  00  00  6F      15.5891
     0100      8   20  00  00  00  00  00  00  6F      15.5919
     0100      8   20  00  00  00  00  00  00  6F      15.5947
     0100      8   20  00  00  00  00  00  00  6F      15.5975
     0100      8   20  00  00  00  00  00  00  6F      15.6003
     0100      8   20  00  00  00  00  00  00  6F      15.6031
     0100      8   20  00  00  00  00  00  00  6F      15.6059
     0100      8   20  00  00  00  00  00  00  6F      15.6087
     0100      8   20  00  00  00  00  00  00  6F      15.6115
     0100      8   20  00  00  00  00  00  00  6F      15.6143
     0100      8   20  00  00  00  00  00  00  6F      15.6171
     0100      8   20  00  00  00  00  00  00  6F      15.6199
     0100      8   20  00  00  00  00  00  00  6F      15.6227
     0100      8   20  00  00  00  00  00  00  6F      15.6256
     0100      8   20  00  00  00  00  00  00  6F      15.6284
     0100      8   20  00  00  00  00  00  00  6F      15.6312
     0100      8   20  00  00  00  00  00  00  6F      15.6340
     0100      8   20  00  00  00  00  00  00  6F      15.6368
     0100      8   20  00  00  00  00  00  00  6F      15.6396
     0100      8   20  00  00  00  00  00  00  6F      15.6424
     0100      8   20  00  00  00  00  00  00  6F      15.6452
     0100      8   20  00  00  00  00  00  00  6F      15.6480
     0100      8   20  00  00  00  00  00  00  6F      15.6508
     0100      8   20  00  00  00  00  00  00  6F      15.6536
     0100      8   20  00  00  00  00  00  00  6F      15.6564
     0100      8   20  00  00  00  00  00  00  6F      15.6592
     0100      8   20  00  00  00  00  00  00  6F      15.6620
     0100      8   20  00  00  00  00  00  00  6F      15.6648
     0100      8   20  00  00  00  00  00  00  6F      15.6676
     0100      8   20  00  00  00  00  00  00  6F      15.6704
     0100      8   20  00  00  00  00  00  00  6F      15.6732
     0100      8   20  00  00  00  00  00  00  6F      15.6760
     0100      8   20  00  00  00  00  00  00  6F      15.6788
     0100      8   20  00  00  00  00  00  00  6F      15.6816
     0100      8   20  00  00  00  00  00  00  6F      15.6844
     0100      8   20  00  00  00  00  00  00  6F      15.6872
     0100      8   20  00  00  00  00  00  00  6F      15.6901
     0100      8   20  00  00  00  00  00  00  6F      15.6929
     0100      8   20  00  00  00  00  00  00  6F      15.6957
     0100      8   20  00  00  00  00  00  00  6F      15.6985
     0100      8   20  00  00  00  00  00  00  6F      15.7013
     0100      8   20  00  00  00  00  00  00  6F      15.7041
     0100      8   20  00  00  00  00  00  00  6F      15.7069
     0100      8   20  00  00  00  00  00  00  6F      15.7097
     0100      8   20  00  00  00  00  00  00  6F      15.7125
     0100      8   20  00  00  00  00  00  00  6F      15.7153
     0100      8   20  00  00  00  00  00  00  6F      15.7181
     0100      8   20  00  00  00  00  00  00  6F      15.7209
     0100      8   20  00  00  00  00  00  00  6F      15.7237
     0100      8   20  00  00  00  00  00  00  6F      15.7265
     0100      8   20  00  00  00  00  00  00  6F      15.7293
     0100      8   20  00  00  00  00  00  00  6F      15.7321
     0100      8   20  00  00  00  00  00  00  6F      15.7349
     0100      8   20  00  00  00  00  00  00  6F      15.7377
     0100      8   20  00  00  00  00  00  00  6F      15.7405
     0100      8   20  00  00  00  00  00  00  6F      15.7433
     0100      8   20  00  00  00  00  00  00  6F      15.7461
     0100      8   20  00  00  00  00  00  00  6F      15.7489
     0100      8   20  00  00  00  00  00  00  6F      15.7517
     0100      8   20  00  00  00  00  00  00  6F      15.7546
     0100      8   20  00  00  00  00  00  00  6F      15.7574
     0100      8   20  00  00  00  00  00  00  6F      15.7602
     0100      8   20  00  00  00  00  00  00  6F      15.7630
     0100      8   20  00  00  00  00  00  00  6F      15.7658
     0100      8   20  00  00  00  00  00  00  6F      15.7686
     0100      8   20  00  00  00  00  00  00  6F      15.7714
     0100      8   20  00  00  00  00  00  00  6F      15.7742
     0100      8   20  00  00  00  00  00  00  6F      15.7770
     0100      8   20  00  00  00  00  00  00  6F      15.7798
     0100      8   20  00  00  00  00  00  00  6F      15.7826
     0100      8   20  00  00  00  00  00  00  6F      15.7854
     0100      8   20  00  00  00  00  00  00  6F      15.7882
     0100      8   20  00  00  00  00  00  00  6F      15.7910
     0100      8   20  00  00  00  00  00  00  6F      15.7938
     0100      8   20  00  00  00  00  00  00  6F      15.7966
     0100      8   20  00  00  00  00  00  00  6F      15.7994
     0100      8   20  00  00  00  00  00  00  6F      15.8022
     0100      8   20  00  00  00  00  00  00  6F      15.8050
     0100      8   20  00  00  00  00  00  00  6F      15.8078
     0100      8   20  00  00  00  00  00  00  6F      15.8106
     0100      8   20  00  00  00  00  00  00  6F      15.8134
     0100      8   20  00  00  00  00  00  00  6F      15.8163
     0100      8   20  00  00  00  00  00  00  6F      15.8191
     0100      8   20  00  00  00  00  00  00  6F      15.8219
     0100      8   20  00  00  00  00  00  00  6F      15.8247
     0100      8   20  00  00  00  00  00  00  6F      15.8275
     0100      8   20  00  00  00  00  00  00  6F      15.8303
     0100      8   20  00  00  00  00  00  00  6F      15.8331
     0100      8   20  00  00  00  00  00  00  6F      15.8359
     0100      8   20  00  00  00  00  00  00  6F      15.8387
     0100      8   20  00  00  00  00  00  00  6F      15.8415
     0100      8   20  00  00  00  00  00  00  6F      15.8443
     0100      8   20  00  00  00  00  00  00  6F      15.8471
     0100      8   20  00  00  00  00  00  00  6F      15.8499
     0100      8   20  00  00  00  00  00  00  6F      15.8527
     0100      8   20  00  00  00  00  00  00  6F      15.8555
     0100      8   20  00  00  00  00  00  00  6F      15.8583
     0100      8   20  00  00  00  00  00  00  6F      15.8611
     0100      8   20  00  00  00  00  00  00  6F      15.8639
     0100      8   20  00  00  00  00  00  00  6F      15.8667
     0100      8   20  00  00  00  00  00  00  6F      15.8695
     0100      8   20  00  00  00  00  00  00  6F      15.8723
     0100      8   20  00  00  00  00  00  00  6F      15.8751
     0100      8   20  00  00  00  00  00  00  6F      15.8779
     0100      8   20  00  00  00  00  00  00  6F      15.8808
     0100      8   20  00  00  00  00  00  00  6F      15.8836
     0100      8   20  00  00  00  00  00  00  6F      15.8864
     0100      8   20  00  00  00  00  00  00  6F      15.8892
     0100      8   20  00  00  00  00  00  00  6F      15.8920
     0100      8   20  00  00  00  00  00  00  6F      15.8948
     0100      8   20  00  00  00  00  00  00  6F      15.8976
     0100      8   20  00  00  00  00  00  00  6F      15.9004
     0100      8   20  00  00  00  00  00  00  6F      15.9032
     0100      8   20  00  00  00  00  00  00  6F      15.9060
     0100      8   20  00  00  00  00  00  00  6F      15.9088
     0100      8   20  00  00  00  00  00  00  6F      15.9116
     0100      8   20  00  00  00  00  00  00  6F      15.9144
     0100      8   20  00  00  00  00  00  00  6F      15.9172
     0100      8   20  00  00  00  00  00  00  6F      15.9200
     0100      8   20  00  00  00  00  00  00  6F      15.9228
     0100      8   20  00  00  00  00  00  00  6F      15.9256
     0100      8   20  00  00  00  00  00  00  6F      15.9284
     0100      8   20  00  00  00  00  00  00  6F      15.9312
     0100      8   20  00  00  00  00  00  00  6F      15.9340
     0100      8   20  00  00  00  00  00  00  6F      15.9368
     0100      8   20  00  00  00  00  00  00  6F      15.9396
     0100      8   20  00  00  00  00  00  00  6F      15.9424
     0100      8   20  00  00  00  00  00  00  6F      15.9452
     0100      8   20  00  00  00  00  00  00  6F      15.9481
     0100      8   20  00  00  00  00  00  00  6F      15.9509
     0100      8   20  00  00  00  00  00  00  6F      15.9537
     0100      8   20  00  00  00  00  00  00  6F      15.9565
     0100      8   20  00  00  00  00  00  00  6F      15.9593
     0100      8   20  00  00  00  00  00  00  6F      15.9621
     0100      8   20  00  00  00  00  00  00  6F      15.9649
     0100      8   20  00  00  00  00  00  00  6F      15.9677
     0100      8   20  00  00  00  00  00  00  6F      15.9705
     0100      8   20  00  00  00  00  00  00  6F      15.9733
     0100      8   20  00  00  00  00  00  00  6F      15.9761
     0100      8   20  00  00  00  00  00  00  6F      15.9789
     0100      8   20  00  00  00  00  00  00  6F      15.9817
     0100      8   20  00  00  00  00  00  00  6F      15.9845
     0100      8   20  00  00  00  00  00  00  6F      15.9873
     0100      8   20  00  00  00  00  00  00  6F      15.9901
     0100      8   20  00  00  00  00  00  00  6F      15.9929
     0100      8   20  00  00  00  00  00  00  6F      15.9957
     0100      8   20  00  00  00  00  00  00  6F      15.9985
     0100      8   20  00  00  00  00  00  00  6F      16.0013
     0100      8   20  00  00  00  00  00  00  6F      16.0041
     0100      8   20  00  00  00  00  00  00  6F      16.0069
     0100      8   20  00  00  00  00  00  00  6F      16.0097
     0100      8   20  00  00  00  00  00  00  6F      16.0126
     0100      8   20  00  00  00  00  00  00  6F      16.0154
     0100      8   20  00  00  00  00  00  00  6F      16.0182
     0100      8   20  00  00  00  00  00  00  6F      16.0210
     0100      8   20  00  00  00  00  00  00  6F      16.0238
     0100      8   20  00  00  00  00  00  00  6F      16.0266
     0100      8   20  00  00  00  00  00  00  6F      16.0294
     0100      8   20  00  00  00  00  00  00  6F      16.0322
     0100      8   20  00  00  00  00  00  00  6F      16.0350
     0100      8   20  00  00  00  00  00  00  6F      16.0378
     0100      8   20  00  00  00  00  00  00  6F      16.0406
     0100      8   20  00  00  00  00  00  00  6F      16.0434
     0100      8   20  00  00  00  00  00  00  6F      16.0462
     0100      8   20  00  00  00  00  00  00  6F      16.0490
     0100      8   20  00  00  00  00  00  00  6F      16.0518
     0100      8   20  00  00  00  00  00  00  6F      16.0546
     0100      8   20  00  00  00  00  00  00  6F      16.0574
     0100      8   20  00  00  00  00  00  00  6F      16.0602
     0100      8   20  00  00  00  00  00  00  6F      16.0630
     0100      8   20  00  00  00  00  00  00  6F      16.0658
     0100      8   20  00  00  00  00  00  00  6F      16.0686
     0100      8   20  00  00  00  00  00  00  6F      16.0714
     0100      8   20  00  00  00  00  00  00  6F      16.0743
     0100      8   20  00  00  00  00  00  00  6F      16.0771
     0100      8   20  00  00  00  00  00  00  6F      16.0799
     0100      8   20  00  00  00  00  00  00  6F      16.0827
     0100      8   20  00  00  00  00  00  00  6F      16.0855
     0100      8   20  00  00  00  00  00  00  6F      16.0883
     0100      8   20  00  00  00  00  00  00  6F      16.0911
     0100      8   20  00  00  00  00  00  00  6F      16.0939
     0100      8   20  00  00  00  00  00  00  6F      16.0967
     0100      8   20  00  00  00  00  00  00  6F      16.0995
     0100      8   20  00  00  00  00  00  00  6F      16.1023
     0100      8   20  00  00  00  00  00  00  6F      16.1051
     0100      8   20  00  00  00  00  00  00  6F      16.1079
     0100      8   20  00  00  00  00  00  00  6F      16.1107
     0100      8   20  00  00  00  00  00  00  6F      16.1135
     0100      8   20  00  00  00  00  00  00  6F      16.1163
     0100      8   20  00  00  00  00  00  00  6F      16.1191
     0100      8   20  00  00  00  00  00  00  6F      16.1219
     0100      8   20  00  00  00  00  00  00  6F      16.1247
     0100      8   20  00  00  00  00  00  00  6F      16.1275
     0100      8   20  00  00  00  00  00  00  6F      16.1303
     0100      8   20  00  00  00  00  00  00  6F      16.1331
     0100      8   20  00  00  00  00  00  00  6F      16.1359
     0100      8   20  00  00  00  00  00  00  6F      16.1388
     0100      8   20  00  00  00  00  00  00  6F      16.1416
     0100      8   20  00  00  00  00  00  00  6F      16.1444
     0100      8   20  00  00  00  00  00  00  6F      16.1472
     0100      8   20  00  00  00  00  00  00  6F      16.1500
     0100      8   20  00  00  00  00  00  00  6F      16.1528
     0100      8   20  00  00  00  00  00  00  6F      16.1556
     0100      8   20  00  00  00  00  00  00  6F      16.1584
     0100      8   20  00  00  00  00  00  00  6F      16.1612
     0100      8   20  00  00  00  00  00  00  6F      16.1640
     0100      8   20  00  00  00  00  00  00  6F      16.1668
     0100      8   20  00  00  00  00  00  00  6F      16.1696
     0100      8   20  00  00  00  00  00  00  6F      16.1724
     0100      8   20  00  00  00  00  00  00  6F      16.1752
     0100      8   20  00  00  00  00  00  00  6F      16.1780
     0100      8   20  00  00  00  00  00  00  6F      16.1808
     0100      8   20  00  00  00  00  00  00  6F      16.1836
     0100      8   20  00  00  00  00  00  00  6F      16.1864
     0100      8   20  00  00  00  00  00  00  6F      16.1892
     0100      8   20  00  00  00  00  00  00  6F      16.1920
     0100      8   20  00  00  00  00  00  00  6F      16.1948
     0100      8   20  00  00  00  00  00  00  6F      16.1976
     0100      8   20  00  00  00  00  00  00  6F      16.2004
     0100      8   20  00  00  00  00  00  00  6F      16.2033
     0100      8   20  00  00  00  00  00  00  6F      16.2061
     0100      8   20  00  00  00  00  00  00  6F      16.2089
     0100      8   20  00  00  00  00  00  00  6F      16.2117
     0100      8   20  00  00  00  00  00  00  6F      16.2145
     0100      8   20  00  00  00  00  00  00  6F      16.2173
     0100      8   20  00  00  00  00  00  00  6F      16.2201
     0100      8   20  00  00  00  00  00  00  6F      16.2229
     0100      8   20  00  00  00  00  00  00  6F      16.2257
     0100      8   20  00  00  00  00  00  00  6F      16.2285
     0100      8   20  00  00  00  00  00  00  6F      16.2313
     0100      8   20  00  00  00  00  00  00  6F      16.2341
     0100      8   20  00  00  00  00  00  00  6F      16.2369
     0100      8   20  00  00  00  00  00  00  6F      16.2397
     0100      8   20  00  00  00  00  00  00  6F      16.2425
     0100      8   20  00  00  00  00  00  00  6F      16.2453
     0100      8   20  00  00  00  00  00  00  6F      16.2481
     0100      8   20  00  00  00  00  00  00  6F      16.2509
     0100      8   20  00  00  00  00  00  00  6F      16.2537
     0100      8   20  00  00  00  00  00  00  6F      16.2565
     0100      8   20  00  00  00  00  00  00  6F      16.2593
     0100      8   20  00  00  00  00  00  00  6F      16.2621
     0100      8   20  00  00  00  00  00  00  6F      16.2649
     0100      8   20  00  00  00  00  00  00  6F      16.2678
     0100      8   20  00  00  00  00  00  00  6F      16.2706
     0100      8   20  00  00  00  00  00  00  6F      16.2734
     0100      8   20  00  00  00  00  00  00  6F      16.2762
     0100      8   20  00  00  00  00  00  00  6F      16.2790
     0100      8   20  00  00  00  00  00  00  6F      16.2818
     0100      8   20  00  00  00  00  00  00  6F      16.2846
     0100      8   20  00  00  00  00  00  00  6F      16.2874
     0100      8   20  00  00  00  00  00  00  6F      16.2902
     0100      8   20  00  00  00  00  00  00  6F      16.2930
     0100      8   20  00  00  00  00  00  00  6F      16.2958
     0100      8   20  00  00  00  00  00  00  6F      16.2986
     0100      8   20  00  00  00  00  00  00  6F      16.3014
     0100      8   20  00  00  00  00  00  00  6F      16.3042
     0100      8   20  00  00  00  00  00  00  6F      16.3070
     0100      8   20  00  00  00  00  00  00  6F      16.3098
     0100      8   20  00  00  00  00  00  00  6F      16.3126
     0100      8   20  00  00  00  00  00  00  6F      16.3154
     0100      8   20  00  00  00  00  00  00  6F      16.3182
     0100      8   20  00  00  00  00  00  00  6F      16.3210
     0100      8   20  00  00  00  00  00  00  6F      16.3238
     0100      8   20  00  00  00  00  00  00  6F      16.3266
     0100      8   20  00  00  00  00  00  00  6F      16.3294
     0100      8   20  00  00  00  00  00  00  6F      16.3323
     0100      8   20  00  00  00  00  00  00  6F      16.3351
     0100      8   20  00  00  00  00  00  00  6F      16.3379
     0100      8   20  00  00  00  00  00  00  6F      16.3407
     0100      8   20  00  00  00  00  00  00  6F      16.3435
     0100      8   20  00  00  00  00  00  00  6F      16.3463
     0100      8   20  00  00  00  00  00  00  6F      16.3491
     0100      8   20  00  00  00  00  00  00  6F      16.3519
     0100      8   20  00  00  00  00  00  00  6F      16.3547
     0100      8   20  00  00  00  00  00  00  6F      16.3575
     0100      8   20  00  00  00  00  00  00  6F      16.3603
     0100      8   20  00  00  00  00  00  00  6F      16.3631
     0100      8   20  00  00  00  00  00  00  6F      16.3659
     0100      8   20  00  00  00  00  00  00  6F      16.3687
     0100      8   20  00  00  00  00  00  00  6F      16.3715
     0100      8   20  00  00  00  00  00  00  6F      16.3743
     0100      8   20  00  00  00  00  00  00  6F      16.3771
     0100      8   20  00  00  00  00  00  00  6F      16.3799
     0100      8   20  00  00  00  00  00  00  6F      16.3827
     0100      8   20  00  00  00  00  00  00  6F      16.3855
     0100      8   20  00  00  00  00  00  00  6F      16.3883
     0100      8   20  00  00  00  00  00  00  6F      16.3911
     0100      8   20  00  00  00  00  00  00  6F      16.3939
     0100      8   20  00  00  00  00  00  00  6F      16.3968
     0100      8   20  00  00  00  00  00  00  6F      16.3996
     0100      8   20  00  00  00  00  00  00  6F      16.4024
     0100      8   20  00  00  00  00  00  00  6F      16.4052
     0100      8   20  00  00  00  00  00  00  6F      16.4080
     0100      8   20  00  00  00  00  00  00  6F      16.4108
     0100      8   20  00  00  00  00  00  00  6F      16.4136
     0100      8   20  00  00  00  00  00  00  6F      16.4164
     0100      8   20  00  00  00  00  00  00  6F      16.4192
     0100      8   20  00  00  00  00  00  00  6F      16.4220
     0100      8   20  00  00  00  00  00  00  6F      16.4248
     0100      8   20  00  00  00  00  00  00  6F      16.4276
     0100      8   20  00  00  00  00  00  00  6F      16.4304
     0100      8   20  00  00  00  00  00  00  6F      16.4332
     0100      8   20  00  00  00  00  00  00  6F      16.4360
     0100      8   20  00  00  00  00  00  00  6F      16.4388
     0100      8   20  00  00  00  00  00  00  6F      16.4416
     0100      8   20  00  00  00  00  00  00  6F      16.4444
     0100      8   20  00  00  00  00  00  00  6F      16.4472
     0100      8   20  00  00  00  00  00  00  6F      16.4500
     0100      8   20  00  00  00  00  00  00  6F      16.4528
     0100      8   20  00  00  00  00  00  00  6F      16.4556
     0100      8   20  00  00  00  00  00  00  6F      16.4584
     0100      8   20  00  00  00  00  00  00  6F      16.4613
     0100      8   20  00  00  00  00  00  00  6F      16.4641
     0100      8   20  00  00  00  00  00  00  6F      16.4669
     0100      8   20  00  00  00  00  00  00  6F      16.4697
     0100      8   20  00  00  00  00  00  00  6F      16.4725
     0100      8   20  00  00  00  00  00  00  6F      16.4753
     0100      8   20  00  00  00  00  00  00  6F      16.4781
     0100      8   20  00  00  00  00  00  00  6F      16.4809
     0100      8   20  00  00  00  00  00  00  6F      16.4837
     0100      8   20  00  00  00  00  00  00  6F      16.4865
     0100      8   20  00  00  00  00  00  00  6F      16.4893
     0100      8   20  00  00  00  00  00  00  6F      16.4921
     0100      8   20  00  00  00  00  00  00  6F      16.4949
     0100      8   20  00  00  00  00  00  00  6F      16.4977
     0100      8   20  00  00  00  00  00  00  6F      16.5005
     0100      8   20  00  00  00  00  00  00  6F      16.5033
     0100      8   20  00  00  00  00  00  00  6F      16.5061
     0100      8   20  00  00  00  00  00  00  6F      16.5089
     0100      8   20  00  00  00  00  00  00  6F      16.5117
     0100      8   20  00  00  00  00  00  00  6F      16.5145
     0100      8   20  00  00  00  00  00  00  6F      16.5173
     0100      8   20  00  00  00  00  00  00  6F      16.5201
     0100      8   20  00  00  00  00  00  00  6F      16.5229
     0100      8   20  00  00  00  00  00  00  6F      16.5258
     0100      8   20  00  00  00  00  00  00  6F      16.5286
     0100      8   20  00  00  00  00  00  00  6F      16.5314
     0100      8   20  00  00  00  00  00  00  6F      16.5342
     0100      8   20  00  00  00  00  00  00  6F      16.5370
     0100      8   20  00  00  00  00  00  00  6F      16.5398
     0100      8   20  00  00  00  00  00  00  6F      16.5426
     0100      8   20  00  00  00  00  00  00  6F      16.5454
     0100      8   20  00  00  00  00  00  00  6F      16.5482
     0100      8   20  00  00  00  00  00  00  6F      16.5510
     0100      8   20  00  00  00  00  00  00  6F      16.5538
     0100      8   20  00  00  00  00  00  00  6F      16.5566
     0100      8   20  00  00  00  00  00  00  6F      16.5594
     0100      8   20  00  00  00  00  00  00  6F      16.5622
     0100      8   20  00  00  00  00  00  00  6F      16.5650
     0100      8   20  00  00  00  00  00  00  6F      16.5678
     0100      8   20  00  00  00  00  00  00  6F      16.5706
     0100      8   20  00  00  00  00  00  00  6F      16.5734
     0100      8   20  00  00  00  00  00  00  6F      16.5762
     0100      8   20  00  00  00  00  00  00  6F      16.5790
     0100      8   20  00  00  00  00  00  00  6F      16.5818
     0100      8   20  00  00  00  00  00  00  6F      16.5846
     0100      8   20  00  00  00  00  00  00  6F      16.5875
     0100      8   20  00  00  00  00  00  00  6F      16.5903
     0100      8   20  00  00  00  00  00  00  6F      16.5931
     0100      8   20  00  00  00  00  00  00  6F      16.5959
     0100      8   20  00  00  00  00  00  00  6F      16.5987
     0100      8   20  00  00  00  00  00  00  6F      16.6015
     0100      8   20  00  00  00  00  00  00  6F      16.6043
     0100      8   20  00  00  00  00  00  00  6F      16.6071
     0100      8   20  00  00  00  00  00  00  6F      16.6099
     0100      8   20  00  00  00  00  00  00  6F      16.6127
     0100      8   20  00  00  00  00  00  00  6F      16.6155
     0100      8   20  00  00  00  00  00  00  6F      16.6183
     0100      8   20  00  00  00  00  00  00  6F      16.6211
     0100      8   20  00  00  00  00  00  00  6F      16.6239
     0100      8   20  00  00  00  00  00  00  6F      16.6267
     0100      8   20  00  00  00  00  00  00  6F      16.6295
     0100      8   20  00  00  00  00  00  00  6F      16.6323
     0100      8   20  00  00  00  00  00  00  6F      16.6351
     0100      8   20  00  00  00  00  00  00  6F      16.6379
     0100      8   20  00  00  00  00  00  00  6F      16.6407
     0100      8   20  00  00  00  00  00  00  6F      16.6435
     0100      8   20  00  00  00  00  00  00  6F      16.6463
     0100      8   20  00  00  00  00  00  00  6F      16.6491
     0100      8   20  00  00  00  00  00  00  6F      16.6520
     0100      8   20  00  00  00  00  00  00  6F      16.6548
     0100      8   20  00  00  00  00  00  00  6F      16.6576
     0100      8   20  00  00  00  00  00  00  6F      16.6604
     0100      8   20  00  00  00  00  00  00  6F      16.6632
     0100      8   20  00  00  00  00  00  00  6F      16.6660
     0100      8   20  00  00  00  00  00  00  6F      16.6688
     0100      8   20  00  00  00  00  00  00  6F      16.6716
     0100      8   20  00  00  00  00  00  00  6F      16.6744
     0100      8   20  00  00  00  00  00  00  6F      16.6772
     0100      8   20  00  00  00  00  00  00  6F      16.6800
     0100      8   20  00  00  00  00  00  00  6F      16.6828
     0100      8   20  00  00  00  00  00  00  6F      16.6856
     0100      8   20  00  00  00  00  00  00  6F      16.6884
     0100      8   20  00  00  00  00  00  00  6F      16.6912
     0100      8   20  00  00  00  00  00  00  6F      16.6940
     0100      8   20  00  00  00  00  00  00  6F      16.6968
     0100      8   20  00  00  00  00  00  00  6F      16.6996
     0100      8   20  00  00  00  00  00  00  6F      16.7024
     0100      8   20  00  00  00  00  00  00  6F      16.7052
     0100      8   20  00  00  00  00  00  00  6F      16.7080
     0100      8   20  00  00  00  00  00  00  6F      16.7108
     0100      8   20  00  00  00  00  00  00  6F      16.7136
     0100      8   20  00  00  00  00  00  00  6F      16.7164
     0100      8   20  00  00  00  00  00  00  6F      16.7193
     0100      8   20  00  00  00  00  00  00  6F      16.7221
     0100      8   20  00  00  00  00  00  00  6F      16.7249
     0100      8   20  00  00  00  00  00  00  6F      16.7277
     0100      8   20  00  00  00  00  00  00  6F      16.7305
     0100      8   20  00  00  00  00  00  00  6F      16.7333
     0100      8   20  00  00  00  00  00  00  6F      16.7361
     0100      8   20  00  00  00  00  00  00  6F      16.7389
     0100      8   20  00  00  00  00  00  00  6F      16.7417
     0100      8   20  00  00  00  00  00  00  6F      16.7445
     0100      8   20  00  00  00  00  00  00  6F      16.7473
     0100      8   20  00  00  00  00  00  00  6F      16.7501
     0100      8   20  00  00  00  00  00  00  6F      16.7529
     0100      8   20  00  00  00  00  00  00  6F      16.7557
     0100      8   20  00  00  00  00  00  00  6F      16.7585
     0100      8   20  00  00  00  00  00  00  6F      16.7613
     0100      8   20  00  00  00  00  00  00  6F      16.7641
     0100      8   20  00  00  00  00  00  00  6F      16.7669
     0100      8   20  00  00  00  00  00  00  6F      16.7697
     0100      8   20  00  00  00  00  00  00  6F      16.7725
     0100      8   20  00  00  00  00  00  00  6F      16.7753
     0100      8   20  00  00  00  00  00  00  6F      16.7781
     0100      8   20  00  00  00  00  00  00  6F      16.7810
     0100      8   20  00  00  00  00  00  00  6F      16.7838
     0100      8   20  00  00  00  00  00  00  6F      16.7866
     0100      8   20  00  00  00  00  00  00  6F      16.7894
     0100      8   20  00  00  00  00  00  00  6F      16.7922
     0100      8   20  00  00  00  00  00  00  6F      16.7950
     0100      8   20  00  00  00  00  00  00  6F      16.7978
     0100      8   20  00  00  00  00  00  00  6F      16.8006
     0100      8   20  00  00  00  00  00  00  6F      16.8034
     0100      8   20  00  00  00  00  00  00  6F      16.8062
     0100      8   20  00  00  00  00  00  00  6F      16.8090
     0100      8   20  00  00  00  00  00  00  6F      16.8118
     0100      8   20  00  00  00  00  00  00  6F      16.8146
     0100      8   20  00  00  00  00  00  00  6F      16.8174
     0100      8   20  00  00  00  00  00  00  6F      16.8202
     0100      8   20  00  00  00  00  00  00  6F      16.8230
     0100      8   20  00  00  00  00  00  00  6F      16.8258
     0100      8   20  00  00  00  00  00  00  6F      16.8286
     0100      8   20  00  00  00  00  00  00  6F      16.8314
     0100      8   20  00  00  00  00  00  00  6F      16.8342
     0100      8   20  00  00  00  00  00  00  6F      16.8370
     0100      8   20  00  00  00  00  00  00  6F      16.8398
     0100      8   20  00  00  00  00  00  00  6F      16.8426
     0100      8   20  00  00  00  00  00  00  6F      16.8455
     0100      8   20  00  00  00  00  00  00  6F      16.8483
     0100      8   20  00  00  00  00  00  00  6F      16.8511
     0100      8   20  00  00  00  00  00  00  6F      16.8539
     0100      8   20  00  00  00  00  00  00  6F      16.8567
     0100      8   20  00  00  00  00  00  00  6F      16.8595
     0100      8   20  00  00  00  00  00  00  6F      16.8623
     0100      8   20  00  00  00  00  00  00  6F      16.8651
     0100      8   20  00  00  00  00  00  00  6F      16.8679
     0100      8   20  00  00  00  00  00  00  6F      16.8707
     0100      8   20  00  00  00  00  00  00  6F      16.8735
     0100      8   20  00  00  00  00  00  00  6F      16.8763
     0100      8   20  00  00  00  00  00  00  6F      16.8791
     0100      8   20  00  00  00  00  00  00  6F      16.8819
     0100      8   20  00  00  00  00  00  00  6F      16.8847
     0100      8   20  00  00  00  00  00  00  6F      16.8875
     0100      8   20  00  00  00  00  00  00  6F      16.8903
     0100      8   20  00  00  00  00  00  00  6F      16.8931
     0100      8   20  00  00  00  00  00  00  6F      16.8959
     0100      8   20  00  00  00  00  00  00  6F      16.8987
     0100      8   20  00  00  00  00  00  00  6F      16.9015
     0100      8   20  00  00  00  00  00  00  6F      16.9043
     0100      8   20  00  00  00  00  00  00  6F      16.9071
     0100      8   20  00  00  00  00  00  00  6F      16.9100
     0100      8   20  00  00  00  00  00  00  6F      16.9128
     0100      8   20  00  00  00  00  00  00  6F      16.9156
     0100      8   20  00  00  00  00  00  00  6F      16.9184
     0100      8   20  00  00  00  00  00  00  6F      16.9212
     0100      8   20  00  00  00  00  00  00  6F      16.9240
     0100      8   20  00  00  00  00  00  00  6F      16.9268
     0100      8   20  00  00  00  00  00  00  6F      16.9296
     0100      8   20  00  00  00  00  00  00  6F      16.9324
     0100      8   20  00  00  00  00  00  00  6F      16.9352
     0100      8   20  00  00  00  00  00  00  6F      16.9380
     0100      8   20  00  00  00  00  00  00  6F      16.9408
     0100      8   20  00  00  00  00  00  00  6F      16.9436
     0100      8   20  00  00  00  00  00  00  6F      16.9464
     0100      8   20  00  00  00  00  00  00  6F      16.9492
     0100      8   20  00  00  00  00  00  00  6F      16.9520
     0100      8   20  00  00  00  00  00  00  6F      16.9548
     0100      8   20  00  00  00  00  00  00  6F      16.9576
     0100      8   20  00  00  00  00  00  00  6F      16.9604
     0100      8   20  00  00  00  00  00  00  6F      16.9632
     0100      8   20  00  00  00  00  00  00  6F      16.9660
     0100      8   20  00  00  00  00  00  00  6F      16.9688
     0100      8   20  00  00  00  00  00  00  6F      16.9716
     0100      8   20  00  00  00  00  00  00  6F      16.9745
     0100      8   20  00  00  00  00  00  00  6F      16.9773
     0100      8   20  00  00  00  00  00  00  6F      16.9801
     0100      8   20  00  00  00  00  00  00  6F      16.9829
     0100      8   20  00  00  00  00  00  00  6F      16.9857
     0100      8   20  00  00  00  00  00  00  6F      16.9885
     0100      8   20  00  00  00  00  00  00  6F      16.9913
     0100      8   20  00  00  00  00  00  00  6F      16.9941
     0100      8   20  00  00  00  00  00  00  6F      16.9969
     0100      8   20  00  00  00  00  00  00  6F      16.9997
     0100      8   20  00  00  00  00  00  00  6F      17.0025
     0100      8   20  00  00  00  00  00  00  6F      17.0053
     0100      8   20  00  00  00  00  00  00  6F      17.0081
     0100      8   20  00  00  00  00  00  00  6F      17.0109
     0100      8   20  00  00  00  00  00  00  6F      17.0137
     0100      8   20  00  00  00  00  00  00  6F      17.0165
     0100      8   20  00  00  00  00  00  00  6F      17.0193
     0100      8   20  00  00  00  00  00  00  6F      17.0221
     0100      8   20  00  00  00  00  00  00  6F      17.0249
     0100      8   20  00  00  00  00  00  00  6F      17.0277
     0100      8   20  00  00  00  00  00  00  6F      17.0305
     0100      8   20  00  00  00  00  00  00  6F      17.0333
     0100      8   20  00  00  00  00  00  00  6F      17.0361
     0100      8   20  00  00  00  00  00  00  6F      17.0390
     0100      8   20  00  00  00  00  00  00  6F      17.0418
     0100      8   20  00  00  00  00  00  00  6F      17.0446
     0100      8   20  00  00  00  00  00  00  6F      17.0474
     0100      8   20  00  00  00  00  00  00  6F      17.0502
     0100      8   20  00  00  00  00  00  00  6F      17.0530
     0100      8   20  00  00  00  00  00  00  6F      17.0558
     0100      8   20  00  00  00  00  00  00  6F      17.0586
     0100      8   20  00  00  00  00  00  00  6F      17.0614
     0100      8   20  00  00  00  00  00  00  6F      17.0642
     0100      8   20  00  00  00  00  00  00  6F      17.0670
     0100      8   20  00  00  00  00  00  00  6F      17.0698
     0100      8   20  00  00  00  00  00  00  6F      17.0726
     0100      8   20  00  00  00  00  00  00  6F      17.0754
     0100      8   20  00  00  00  00  00  00  6F      17.0782
     0100      8   20  00  00  00  00  00  00  6F      17.0810
     0100      8   20  00  00  00  00  00  00  6F      17.0838
     0100      8   20  00  00  00  00  00  00  6F      17.0866
     0100      8   20  00  00  00  00  00  00  6F      17.0894
     0100      8   20  00  00  00  00  00  00  6F      17.0922
     0100      8   20  00  00  00  00  00  00  6F      17.0950
     0100      8   20  00  00  00  00  00  00  6F      17.0978
     0100      8   20  00  00  00  00  00  00  6F      17.1006
     0100      8   20  00  00  00  00  00  00  6F      17.1035
     0100      8   20  00  00  00  00  00  00  6F      17.1063
     0100      8   20  00  00  00  00  00  00  6F      17.1091
     0100      8   20  00  00  00  00  00  00  6F      17.1119
     0100      8   20  00  00  00  00  00  00  6F      17.1147
     0100      8   20  00  00  00  00  00  00  6F      17.1175
     0100      8   20  00  00  00  00  00  00  6F      17.1203
     0100      8   20  00  00  00  00  00  00  6F      17.1231
     0100      8   20  00  00  00  00  00  00  6F      17.1259
     0100      8   20  00  00  00  00  00  00  6F      17.1287
     0100      8   20  00  00  00  00  00  00  6F      17.1315
     0100      8   20  00  00  00  00  00  00  6F      17.1343
     0100      8   20  00  00  00  00  00  00  6F      17.1371
     0100      8   20  00  00  00  00  00  00  6F      17.1399
     0100      8   20  00  00  00  00  00  00  6F      17.1427
     0100      8   20  00  00  00  00  00  00  6F      17.1455
     0100      8   20  00  00  00  00  00  00  6F      17.1483
     0100      8   20  00  00  00  00  00  00  6F      17.1511
     0100      8   20  00  00  00  00  00  00  6F      17.1539
     0100      8   20  00  00  00  00  00  00  6F      17.1567
     0100      8   20  00  00  00  00  00  00  6F      17.1595
     0100      8   20  00  00  00  00  00  00  6F      17.1623
     0100      8   20  00  00  00  00  00  00  6F      17.1651
     0100      8   20  00  00  00  00  00  00  6F      17.1680
     0100      8   20  00  00  00  00  00  00  6F      17.1708
     0100      8   20  00  00  00  00  00  00  6F      17.1736
     0100      8   20  00  00  00  00  00  00  6F      17.1764
     0100      8   20  00  00  00  00  00  00  6F      17.1792
     0100      8   20  00  00  00  00  00  00  6F      17.1820
     0100      8   20  00  00  00  00  00  00  6F      17.1848
     0100      8   20  00  00  00  00  00  00  6F      17.1876
     0100      8   20  00  00  00  00  00  00  6F      17.1904
     0100      8   20  00  00  00  00  00  00  6F      17.1932
     0100      8   20  00  00  00  00  00  00  6F      17.1960
     0100      8   20  00  00  00  00  00  00  6F      17.1988
     0100      8   20  00  00  00  00  00  00  6F      17.2016
     0100      8   20  00  00  00  00  00  00  6F      17.2044
     0100      8   20  00  00  00  00  00  00  6F      17.2072
     0100      8   20  00  00  00  00  00  00  6F      17.2100
     0100      8   20  00  00  00  00  00  00  6F      17.2128
     0100      8   20  00  00  00  00  00  00  6F      17.2156
     0100      8   20  00  00  00  00  00  00  6F      17.2184
     0100      8   20  00  00  00  00  00  00  6F      17.2212
     0100      8   20  00  00  00  00  00  00  6F      17.2240
     0100      8   20  00  00  00  00  00  00  6F      17.2268
     0100      8   20  00  00  00  00  00  00  6F      17.2296
     0100      8   20  00  00  00  00  00  00  6F      17.2325
     0100      8   20  00  00  00  00  00  00  6F      17.2353
     0100      8   20  00  00  00  00  00  00  6F      17.2381
     0100      8   20  00  00  00  00  00  00  6F      17.2409
     0100      8   20  00  00  00  00  00  00  6F      17.2437
     0100      8   20  00  00  00  00  00  00  6F      17.2465
     0100      8   20  00  00  00  00  00  00  6F      17.2493
     0100      8   20  00  00  00  00  00  00  6F      17.2521
     0100      8   20  00  00  00  00  00  00  6F      17.2549
     0100      8   20  00  00  00  00  00  00  6F      17.2577
     0100      8   20  00  00  00  00  00  00  6F      17.2605
     0100      8   20  00  00  00  00  00  00  6F      17.2633
     0100      8   20  00  00  00  00  00  00  6F      17.2661
     0100      8   20  00  00  00  00  00  00  6F      17.2689
     0100      8   20  00  00  00  00  00  00  6F      17.2717
     0100      8   20  00  00  00  00  00  00  6F      17.2745
     0100      8   20  00  00  00  00  00  00  6F      17.2773
     0100      8   20  00  00  00  00  00  00  6F      17.2801
     0100      8   20  00  00  00  00  00  00  6F      17.2829
     0100      8   20  00  00  00  00  00  00  6F      17.2857
     0100      8   20  00  00  00  00  00  00  6F      17.2885
     0100      8   20  00  00  00  00  00  00  6F      17.2913
     0100      8   20  00  00  00  00  00  00  6F      17.2942
     0100      8   20  00  00  00  00  00  00  6F      17.2970
     0100      8   20  00  00  00  00  00  00  6F      17.2998
     0100      8   20  00  00  00  00  00  00  6F      17.3026
     0100      8   20  00  00  00  00  00  00  6F      17.3054
     0100      8   20  00  00  00  00  00  00  6F      17.3082
     0100      8   20  00  00  00  00  00  00  6F      17.3110
     0100      8   20  00  00  00  00  00  00  6F      17.3138
     0100      8   20  00  00  00  00  00  00  6F      17.3166
     0100      8   20  00  00  00  00  00  00  6F      17.3194
     0100      8   20  00  00  00  00  00  00  6F      17.3222
     0100      8   20  00  00  00  00  00  00  6F      17.3250
     0100      8   20  00  00  00  00  00  00  6F      17.3278
     0100      8   20  00  00  00  00  00  00  6F      17.3306
     0100      8   20  00  00  00  00  00  00  6F      17.3334
     0100      8   20  00  00  00  00  00  00  6F      17.3362
     0100      8   20  00  00  00  00  00  00  6F      17.3390
     0100      8   20  00  00  00  00  00  00  6F      17.3418
     0100      8   20  00  00  00  00  00  00  6F      17.3446
     0100      8   20  00  00  00  00  00  00  6F      17.3474
     0100      8   20  00  00  00  00  00  00  6F      17.3502
     0100      8   20  00  00  00  00  00  00  6F      17.3530
     0100      8   20  00  00  00  00  00  00  6F      17.3558
     0100      8   20  00  00  00  00  00  00  6F      17.3587
     0100      8   20  00  00  00  00  00  00  6F      17.3615
     0100      8   20  00  00  00  00  00  00  6F      17.3643
     0100      8   20  00  00  00  00  00  00  6F      17.3671
     0100      8   20  00  00  00  00  00  00  6F      17.3699
     0100      8   20  00  00  00  00  00  00  6F      17.3727
     0100      8   20  00  00  00  00  00  00  6F      17.3755
     0100      8   20  00  00  00  00  00  00  6F      17.3783
     0100      8   20  00  00  00  00  00  00  6F      17.3811
     0100      8   20  00  00  00  00  00  00  6F      17.3839
     0100      8   20  00  00  00  00  00  00  6F      17.3867
     0100      8   20  00  00  00  00  00  00  6F      17.3895
     0100      8   20  00  00  00  00  00  00  6F      17.3923
     0100      8   20  00  00  00  00  00  00  6F      17.3951
     0100      8   20  00  00  00  00  00  00  6F      17.3979
     0100      8   20  00  00  00  00  00  00  6F      17.4007
     0100      8   20  00  00  00  00  00  00  6F      17.4035
     0100      8   20  00  00  00  00  00  00  6F      17.4063
     0100      8   20  00  00  00  00  00  00  6F      17.4091
     0100      8   20  00  00  00  00  00  00  6F      17.4119
     0100      8   20  00  00  00  00  00  00  6F      17.4147
     0100      8   20  00  00  00  00  00  00  6F      17.4175
     0100      8   20  00  00  00  00  00  00  6F      17.4203
     0100      8   20  00  00  00  00  00  00  6F      17.4232
     0100      8   20  00  00  00  00  00  00  6F      17.4260
     0100      8   20  00  00  00  00  00  00  6F      17.4288
     0100      8   20  00  00  00  00  00  00  6F      17.4316
     0100      8   20  00  00  00  00  00  00  6F      17.4344
     0100      8   20  00  00  00  00  00  00  6F      17.4372
     0100      8   20  00  00  00  00  00  00  6F      17.4400
     0100      8   20  00  00  00  00  00  00  6F      17.4428
     0100      8   20  00  00  00  00  00  00  6F      17.4456
     0100      8   20  00  00  00  00  00  00  6F      17.4484
     0100      8   20  00  00  00  00  00  00  6F      17.4512
     0100      8   20  00  00  00  00  00  00  6F      17.4540
     0100      8   20  00  00  00  00  00  00  6F      17.4568
     0100      8   20  00  00  00  00  00  00  6F      17.4596
     0100      8   20  00  00  00  00  00  00  6F      17.4624
     0100      8   20  00  00  00  00  00  00  6F      17.4652
     0100      8   20  00  00  00  00  00  00  6F      17.4680
     0100      8   20  00  00  00  00  00  00  6F      17.4708
     0100      8   20  00  00  00  00  00  00  6F      17.4736
     0100      8   20  00  00  00  00  00  00  6F      17.4764
     0100      8   20  00  00  00  00  00  00  6F      17.4792
     0100      8   20  00  00  00  00  00  00  6F      17.4820
     0100      8   20  00  00  00  00  00  00  6F      17.4848
     0100      8   20  00  00  00  00  00  00  6F      17.4877
     0100      8   20  00  00  00  00  00  00  6F      17.4905
     0100      8   20  00  00  00  00  00  00  6F      17.4933
     0100      8   20  00  00  00  00  00  00  6F      17.4961
     0100      8   20  00  00  00  00  00  00  6F      17.4989
     0100      8   20  00  00  00  00  00  00  6F      17.5017
     0100      8   20  00  00  00  00  00  00  6F      17.5045
     0100      8   20  00  00  00  00  00  00  6F      17.5073
     0100      8   20  00  00  00  00  00  00  6F      17.5101
     0100      8   20  00  00  00  00  00  00  6F      17.5129
     0100      8   20  00  00  00  00  00  00  6F      17.5157
     0100      8   20  00  00  00  00  00  00  6F      17.5185
     0100      8   20  00  00  00  00  00  00  6F      17.5213
     0100      8   20  00  00  00  00  00  00  6F      17.5241
     0100      8   20  00  00  00  00  00  00  6F      17.5269
     0100      8   20  00  00  00  00  00  00  6F      17.5297
     0100      8   20  00  00  00  00  00  00  6F      17.5325
     0100      8   20  00  00  00  00  00  00  6F      17.5353
     0100      8   20  00  00  00  00  00  00  6F      17.5381
     0100      8   20  00  00  00  00  00  00  6F      17.5409
     0100      8   20  00  00  00  00  00  00  6F      17.5437
     0100      8   20  00  00  00  00  00  00  6F      17.5465
     0100      8   20  00  00  00  00  00  00  6F      17.5493
     0100      8   20  00  00  00  00  00  00  6F      17.5522
     0100      8   20  00  00  00  00  00  00  6F      17.5550
     0100      8   20  00  00  00  00  00  00  6F      17.5578
     0100      8   20  00  00  00  00  00  00  6F      17.5606
     0100      8   20  00  00  00  00  00  00  6F      17.5634
     0100      8   20  00  00  00  00  00  00  6F      17.5662
     0100      8   20  00  00  00  00  00  00  6F      17.5690
     0100      8   20  00  00  00  00  00  00  6F      17.5718
     0100      8   20  00  00  00  00  00  00  6F      17.5746
     0100      8   20  00  00  00  00  00  00  6F      17.5774
     0100      8   20  00  00  00  00  00  00  6F      17.5802
     0100      8   20  00  00  00  00  00  00  6F      17.5830
     0100      8   20  00  00  00  00  00  00  6F      17.5858
     0100      8   20  00  00  00  00  00  00  6F      17.5886
     0100      8   20  00  00  00  00  00  00  6F      17.5914
     0100      8   20  00  00  00  00  00  00  6F      17.5942
     0100      8   20  00  00  00  00  00  00  6F      17.5970
     0100      8   20  00  00  00  00  00  00  6F      17.5998
     0100      8   20  00  00  00  00  00  00  6F      17.6026
     0100      8   20  00  00  00  00  00  00  6F      17.6054
     0100      8   20  00  00  00  00  00  00  6F      17.6082
     0100      8   20  00  00  00  00  00  00  6F      17.6110
     0100      8   20  00  00  00  00  00  00  6F      17.6138
     0100      8   20  00  00  00  00  00  00  6F      17.6167
     0100      8   20  00  00  00  00  00  00  6F      17.6195
     0100      8   20  00  00  00  00  00  00  6F      17.6223
     0100      8   20  00  00  00  00  00  00  6F      17.6251
     0100      8   20  00  00  00  00  00  00  6F      17.6279
     0100      8   20  00  00  00  00  00  00  6F      17.6307
     0100      8   20  00  00  00  00  00  00  6F      17.6335
     0100      8   20  00  00  00  00  00  00  6F      17.6363
     0100      8   20  00  00  00  00  00  00  6F      17.6391
     0100      8   20  00  00  00  00  00  00  6F      17.6419
     0100      8   20  00  00  00  00  00  00  6F      17.6447
     0100      8   20  00  00  00  00  00  00  6F      17.6475
     0100      8   20  00  00  00  00  00  00  6F      17.6503
     0100      8   20  00  00  00  00  00  00  6F      17.6531
     0100      8   20  00  00  00  00  00  00  6F      17.6559
     0100      8   20  00  00  00  00  00  00  6F      17.6587
     0100      8   20  00  00  00  00  00  00  6F      17.6615
     0100      8   20  00  00  00  00  00  00  6F      17.6643
     0100      8   20  00  00  00  00  00  00  6F      17.6671
     0100      8   20  00  00  00  00  00  00  6F      17.6699
     0100      8   20  00  00  00  00  00  00  6F      17.6727
     0100      8   20  00  00  00  00  00  00  6F      17.6755
     0100      8   20  00  00  00  00  00  00  6F      17.6783
     0100      8   20  00  00  00  00  00  00  6F      17.6812
     0100      8   20  00  00  00  00  00  00  6F      17.6840
     0100      8   20  00  00  00  00  00  00  6F      17.6868
     0100      8   20  00  00  00  00  00  00  6F      17.6896
     0100      8   20  00  00  00  00  00  00  6F      17.6924
     0100      8   20  00  00  00  00  00  00  6F      17.6952
     0100      8   20  00  00  00  00  00  00  6F      17.6980
     0100      8   20  00  00  00  00  00  00  6F      17.7008
     0100      8   20  00  00  00  00  00  00  6F      17.7036
     0100      8   20  00  00  00  00  00  00  6F      17.7064
     0100      8   20  00  00  00  00  00  00  6F      17.7092
     0100      8   20  00  00  00  00  00  00  6F      17.7120
     0100      8   20  00  00  00  00  00  00  6F      17.7148
     0100      8   20  00  00  00  00  00  00  6F      17.7176
     0100      8   20  00  00  00  00  00  00  6F      17.7204
     0100      8   20  00  00  00  00  00  00  6F      17.7232
     0100      8   20  00  00  00  00  00  00  6F      17.7260
     0100      8   20  00  00  00  00  00  00  6F      17.7288
     0100      8   20  00  00  00  00  00  00  6F      17.7316
     0100      8   20  00  00  00  00  00  00  6F      17.7344
     0100      8   20  00  00  00  00  00  00  6F      17.7372
