     0100      8   60  00  00  09  10  00  00  A8     405.6248
     0101      8   80  01  00  00  00  00  00  E7     405.6287
     0102      8   60  00  00  09  10  00  00  A8     405.6289
     0100      8   60  00  00  09  10  00  00  A8     405.6299
     0100      8   80  00  00  09  10  00  00  B8     405.6350
     0101      8   A0  01  00  00  00  00  00  88     405.6387
     0102      8   80  00  00  09  10  00  00  B8     405.6389
     0100      8   80  00  00  09  10  00  00  B8     405.6401
     0100      8   A0  00  00  09  10  00  00  D7     405.6452
     0101      8   C0  01  00  00  00  00  00  39     405.6486
     0102      8   A0  00  00  09  10  00  00  D7     405.6489
     0501      8   0E  00  00  00  00  00  00  01     405.6491
     0100      8   A0  00  00  09  10  00  00  D7     405.6503
     0100      8   C0  00  00  09  10  00  00  66     405.6554
     0101      8   E0  01  00  00  00  00  00  56     405.6587
     0102      8   C0  00  00  09  10  00  00  66     405.6589
     0100      8   C0  00  00  09  10  00  00  66     405.6605
     0100      8   E0  00  00  09  10  00  00  09     405.6656
     0101      8   00  01  00  00  00  00  00  46     405.6687
     0102      8   E0  00  00  09  10  00  00  09     405.6689
     0100      8   E0  00  00  09  10  00  00  09     405.6707
     0100      8   00  00  00  09  10  00  00  19     405.6758
     0101      8   20  01  00  00  00  00  00  29     405.6786
     0102      8   00  00  00  09  10  00  00  19     405.6789
     0100      8   00  00  00  09  10  00  00  19     405.6809
     0100      8   20  00  00  09  10  00  00  76     405.6860
     0101      8   40  01  00  00  00  00  00  98     405.6886
     0102      8   20  00  00  09  10  00  00  76     405.6889
     0100      8   20  00  00  09  10  00  00  76     405.6911
     0100      8   40  00  00  09  10  00  00  C7     405.6962
     0101      8   60  01  00  00  00  00  00  F7     405.6986
     0102      8   40  00  00  09  10  00  00  C7     405.6989
     0100      8   40  00  00  09  10  00  00  C7     405.7013
     0100      8   60  00  00  09  10  00  00  A8     405.7064
     0101      8   80  01  00  00  00  00  00  E7     405.7086
     0102      8   60  00  00  09  10  00  00  A8     405.7089
     0100      8   60  00  00  09  10  00  00  A8     405.7115
     0100      8   80  00  00  09  10  00  00  B8     405.7166
     0101      8   A0  01  00  00  00  00  00  88     405.7186
     0102      8   80  00  00  09  10  00  00  B8     405.7189
     0100      8   80  00  00  09  10  00  00  B8     405.7217
     0100      8   A0  00  00  09  10  00  00  D7     405.7268
     0101      8   C0  01  00  00  00  00  00  39     405.7286
     0102      8   A0  00  00  09  10  00  00  D7     405.7289
     0100      8   A0  00  00  09  10  00  00  D7     405.7319
     0100      8   C0  00  00  09  10  00  00  66     405.7370
     0101      8   E0  01  00  00  00  00  00  56     405.7386
     0102      8   C0  00  00  09  10  00  00  66     405.7389
     0100      8   C0  00  00  09  10  00  00  66     405.7421
     0100      8   E0  00  00  09  10  00  00  09     405.7472
     0101      8   00  01  00  00  00  00  00  46     405.7486
     0102      8   E0  00  00  09  10  00  00  09     405.7489
     0501      8   0E  00  00  00  00  00  00  01     405.7491
     0100      8   E0  00  00  09  10  00  00  09     405.7523
     0100      8   00  00  00  09  10  00  00  19     405.7574
     0101      8   20  01  00  00  00  00  00  29     405.7586
     0102      8   00  00  00  09  10  00  00  19     405.7589
     0100      8   00  00  00  09  10  00  00  19     405.7625
     0100      8   20  00  00  09  10  00  00  76     405.7676
     0101      8   40  01  00  00  00  00  00  98     405.7686
     0102      8   20  00  00  09  10  00  00  76     405.7689
     0100      8   20  00  00  09  10  00  00  76     405.7727
     0100      8   40  00  00  09  10  00  00  C7     405.7778
     0101      8   60  01  00  00  00  00  00  F7     405.7786
     0102      8   40  00  00  09  10  00  00  C7     405.7789
     0100      8   40  00  00  09  10  00  00  C7     405.7829
     0100      8   60  00  00  09  10  00  00  A8     405.7880
     0101      8   80  01  00  00  00  00  00  E7     405.7886
     0102      8   60  00  00  09  10  00  00  A8     405.7889
     0100      8   60  00  00  09  10  00  00  A8     405.7931
     0100      8   80  00  00  09  10  00  00  B8     405.7982
     0101      8   A0  01  00  00  00  00  00  88     405.7986
     0102      8   60  00  00  09  10  00  00  A8     405.7989
     0100      8   80  00  00  09  10  00  00  B8     405.8033
     0100      8   A0  00  00  09  10  00  00  D7     405.8084
     0101      8   C0  01  00  00  00  00  00  39     405.8086
     0102      8   80  00  00  09  10  00  00  B8     405.8089
     0100      8   A0  00  00  09  10  00  00  D7     405.8135
     0100      8   C0  00  00  09  10  00  00  66     405.8186
     0101      8   E0  01  00  00  00  00  00  56     405.8188
     0102      8   A0  00  00  09  10  00  00  D7     405.8191
     0100      8   C0  00  00  09  10  00  00  66     405.8237
     0101      8   00  01  00  00  00  00  00  46     405.8286
     0100      8   E0  00  00  09  10  00  00  09     405.8289
     0102      8   C0  00  00  09  10  00  00  66     405.8291
     0100      8   00  00  00  09  10  00  00  19     405.8339
     0101      8   20  01  00  00  00  00  00  29     405.8386
     0102      8   00  00  00  09  10  00  00  19     405.8389
     0100      8   00  00  00  09  10  00  00  19     405.8391
     0100      8   20  00  00  09  10  00  00  76     405.8441
     0101      8   40  01  00  00  00  00  00  98     405.8486
     0102      8   20  00  00  09  10  00  00  76     405.8489
     0501      8   0E  00  00  00  00  00  00  01     405.8491
     0100      8   20  00  00  09  10  00  00  76     405.8494
     0100      8   40  00  00  09  10  00  00  C7     405.8543
     0101      8   60  01  00  00  00  00  00  F7     405.8586
     0102      8   40  00  00  09  10  00  00  C7     405.8589
     0100      8   40  00  00  09  10  00  00  C7     405.8594
     0100      8   60  00  00  09  10  00  00  A8     405.8645
     0101      8   80  01  00  00  00  00  00  E7     405.8686
     0102      8   60  00  00  09  10  00  00  A8     405.8689
     0100      8   60  00  00  09  10  00  00  A8     405.8696
     0100      8   80  00  00  09  10  00  00  B8     405.8747
     0101      8   A0  01  00  00  00  00  00  88     405.8786
     0102      8   80  00  00  09  10  00  00  B8     405.8789
     0100      8   80  00  00  09  10  00  00  B8     405.8798
     0100      8   A0  00  00  09  10  00  00  D7     405.8849
     0101      8   C0  01  00  00  00  00  00  39     405.8886
     0102      8   A0  00  00  09  10  00  00  D7     405.8889
     0100      8   A0  00  00  09  10  00  00  D7     405.8900
     0100      8   C0  00  00  09  10  00  00  66     405.8951
     0101      8   E0  01  00  00  00  00  00  56     405.8986
     0102      8   C0  00  00  09  10  00  00  66     405.8989
     0100      8   C0  00  00  09  10  00  00  66     405.9002
     0100      8   E0  00  00  09  10  00  00  09     405.9053
     0101      8   00  01  00  00  00  00  00  46     405.9086
     0102      8   E0  00  00  09  10  00  00  09     405.9089
     0100      8   E0  00  00  09  10  00  00  09     405.9104
     0100      8   00  00  00  09  10  00  00  19     405.9155
     0101      8   20  01  00  00  00  00  00  29     405.9186
     0102      8   00  00  00  09  10  00  00  19     405.9189
     0100      8   00  00  00  09  10  00  00  19     405.9206
     0100      8   20  00  00  09  10  00  00  76     405.9257
     0101      8   40  01  00  00  00  00  00  98     405.9286
     0102      8   20  00  00  09  10  00  00  76     405.9289
     0100      8   20  00  00  09  10  00  00  76     405.9308
     0100      8   40  00  00  09  10  00  00  C7     405.9359
     0101      8   60  01  00  00  00  00  00  F7     405.9386
     0102      8   40  00  00  09  10  00  00  C7     405.9389
     0100      8   40  00  00  09  10  00  00  C7     405.9410
     0100      8   60  00  00  09  10  00  00  A8     405.9461
     0101      8   80  01  00  00  00  00  00  E7     405.9486
     0102      8   60  00  00  09  10  00  00  A8     405.9488
     0501      8   0E  00  00  00  00  00  00  01     405.9491
     0100      8   60  00  00  09  10  00  00  A8     405.9512
     0100      8   80  00  00  09  10  00  00  B8     405.9563
     0101      8   A0  01  00  00  00  00  00  88     405.9586
     0102      8   80  00  00  09  10  00  00  B8     405.9589
     0100      8   80  00  00  09  10  00  00  B8     405.9614
     0100      8   A0  00  00  09  10  00  00  D7     405.9665
     0101      8   C0  01  00  00  00  00  00  39     405.9686
     0102      8   A0  00  00  09  10  00  00  D7     405.9689
     0100      8   A0  00  00  09  10  00  00  D7     405.9716
     0100      8   C0  00  00  09  10  00  00  66     405.9767
     0101      8   E0  01  00  00  00  00  00  56     405.9786
     0102      8   C0  00  00  09  10  00  00  66     405.9788
     0100      8   C0  00  00  09  10  00  00  66     405.9818
     0100      8   E0  00  00  09  10  00  00  09     405.9869
     0101      8   00  01  00  00  00  00  00  46     405.9886
     0102      8   E0  00  00  09  10  00  00  09     405.9888
     0100      8   E0  00  00  09  10  00  00  09     405.9920
     0100      8   00  00  00  09  10  00  00  19     405.9971
     0101      8   20  01  00  00  00  00  00  29     405.9986
     0102      8   00  00  00  09  10  00  00  19     405.9988
     0100      8   00  00  00  09  10  00  00  19     406.0022
     0100      8   20  00  00  09  10  00  00  76     406.0073
     0101      8   40  01  00  00  00  00  00  98     406.0086
     0102      8   20  00  00  09  10  00  00  76     406.0088
     0100      8   20  00  00  09  10  00  00  76     406.0123
     0100      8   40  00  00  09  10  00  00  C7     406.0174
     0101      8   60  01  00  00  00  00  00  F7     406.0186
     0102      8   40  00  00  09  10  00  00  C7     406.0188
     0100      8   40  00  00  09  10  00  00  C7     406.0225
     0100      8   60  00  00  09  10  00  00  A8     406.0276
     0101      8   80  01  00  00  00  00  00  E7     406.0286
     0102      8   60  00  00  09  10  00  00  A8     406.0288
     0100      8   60  00  00  09  10  00  00  A8     406.0327
     0100      8   80  00  00  09  10  00  00  B8     406.0378
     0101      8   A0  01  00  00  00  00  00  88     406.0386
     0102      8   80  00  00  09  10  00  00  B8     406.0388
     0100      8   80  00  00  09  10  00  00  B8     406.0429
     0100      8   A0  00  00  09  10  00  00  D7     406.0480
     0101      8   C0  01  00  00  00  00  00  39     406.0486
     0102      8   A0  00  00  09  10  00  00  D7     406.0488
     0501      8   0E  00  00  00  00  00  00  01     406.0491
     0100      8   A0  00  00  09  10  00  00  D7     406.0531
     0100      8   C0  00  00  09  10  00  00  66     406.0582
     0101      8   E0  01  00  00  00  00  00  56     406.0586
     0102      8   A0  00  00  09  10  00  00  D7     406.0588
     0100      8   C0  00  00  09  10  00  00  66     406.0633
     0100      8   E0  00  00  09  10  00  00  09     406.0684
     0101      8   00  01  00  00  00  00  00  46     406.0687
     0102      8   C0  00  00  09  10  00  00  66     406.0689
     0100      8   E0  00  00  09  10  00  00  09     406.0735
     0101      8   20  01  00  00  00  00  00  29     406.0786
     0100      8   00  00  00  09  10  00  00  19     406.0788
     0102      8   E0  00  00  09  10  00  00  09     406.0791
     0100      8   20  00  00  09  10  00  00  76     406.0837
     0101      8   40  01  00  00  00  00  00  98     406.0886
     0100      8   20  00  00  09  10  00  00  76     406.0888
     0102      8   20  00  00  09  10  00  00  76     406.0891
     0100      8   40  00  00  09  10  00  00  C7     406.0939
     0101      8   60  01  00  00  00  00  00  F7     406.0986
     0102      8   40  00  00  09  10  00  00  C7     406.0988
     0100      8   40  00  00  09  10  00  00  C7     406.0991
     0100      8   60  00  00  09  10  00  00  A8     406.1041
     0101      8   80  01  00  00  00  00  00  E7     406.1086
     0102      8   60  00  00  09  10  00  00  A8     406.1088
     0100      8   60  00  00  09  10  00  00  A8     406.1092
     0100      8   80  00  00  09  10  00  00  B8     406.1143
     0101      8   A0  01  00  00  00  00  00  88     406.1186
     0102      8   80  00  00  09  10  00  00  B8     406.1188
     0100      8   80  00  00  09  10  00  00  B8     406.1194
     0100      8   A0  00  00  09  10  00  00  D7     406.1245
     0101      8   C0  01  00  00  00  00  00  39     406.1286
     0102      8   A0  00  00  09  10  00  00  D7     406.1288
     0100      8   A0  00  00  09  10  00  00  D7     406.1296
     0100      8   C0  00  00  09  10  00  00  66     406.1347
     0101      8   E0  01  00  00  00  00  00  56     406.1386
     0102      8   C0  00  00  09  10  00  00  66     406.1388
     0100      8   C0  00  00  09  10  00  00  66     406.1398
     0100      8   E0  00  00  09  10  00  00  09     406.1449
     0101      8   00  01  00  00  00  00  00  46     406.1486
     0102      8   E0  00  00  09  10  00  00  09     406.1488
     0501      8   0E  00  00  00  00  00  00  01     406.1491
     0100      8   E0  00  00  09  10  00  00  09     406.1500
     0100      8   00  00  00  09  10  00  00  19     406.1551
     0101      8   20  01  00  00  00  00  00  29     406.1586
     0102      8   00  00  00  09  10  00  00  19     406.1588
     0100      8   00  00  00  09  10  00  00  19     406.1602
     0100      8   20  00  00  09  10  00  00  76     406.1653
     0101      8   40  01  00  00  00  00  00  98     406.1686
     0102      8   20  00  00  09  10  00  00  76     406.1688
     0100      8   20  00  00  09  10  00  00  76     406.1704
     0100      8   40  00  00  09  10  00  00  C7     406.1755
     0101      8   60  01  00  00  00  00  00  F7     406.1786
     0102      8   40  00  00  09  10  00  00  C7     406.1788
     0100      8   40  00  00  09  10  00  00  C7     406.1806
     0100      8   60  00  00  09  10  00  00  A8     406.1857
     0101      8   80  01  00  00  00  00  00  E7     406.1886
     0102      8   60  00  00  09  10  00  00  A8     406.1888
     0100      8   60  00  00  09  10  00  00  A8     406.1908
     0100      8   80  00  00  09  10  00  00  B8     406.1959
     0101      8   A0  01  00  00  00  00  00  88     406.1986
     0102      8   80  00  00  09  10  00  00  B8     406.1988
     0100      8   80  00  00  09  10  00  00  B8     406.2010
     0100      8   A0  00  00  09  10  00  00  D7     406.2061
     0101      8   C0  01  00  00  00  00  00  39     406.2086
     0102      8   A0  00  00  09  10  00  00  D7     406.2088
     0100      8   A0  00  00  09  10  00  00  D7     406.2112
     0100      8   C0  00  00  09  10  00  00  66     406.2163
     0101      8   E0  01  00  00  00  00  00  56     406.2186
     0102      8   C0  00  00  09  10  00  00  66     406.2188
     0100      8   C0  00  00  09  10  00  00  66     406.2214
     0100      8   E0  00  00  09  10  00  00  09     406.2265
     0101      8   00  01  00  00  00  00  00  46     406.2286
     0102      8   E0  00  00  09  10  00  00  09     406.2288
     0100      8   E0  00  00  09  10  00  00  09     406.2316
     0100      8   00  00  00  09  10  00  00  19     406.2367
     0101      8   20  01  00  00  00  00  00  29     406.2386
     0102      8   00  00  00  09  10  00  00  19     406.2388
     0100      8   00  00  00  09  10  00  00  19     406.2418
     0100      8   20  00  00  09  10  00  00  76     406.2469
     0101      8   40  01  00  00  00  00  00  98     406.2486
     0102      8   20  00  00  09  10  00  00  76     406.2488
     0501      8   0E  00  00  00  00  00  00  01     406.2491
     0100      8   20  00  00  09  10  00  00  76     406.2520
     0100      8   40  00  00  09  10  00  00  C7     406.2571
     0101      8   60  01  00  00  00  00  00  F7     406.2586
     0102      8   40  00  00  09  10  00  00  C7     406.2588
     0100      8   40  00  00  09  10  00  00  C7     406.2622
     0100      8   60  00  00  09  10  00  00  A8     406.2673
     0101      8   80  01  00  00  00  00  00  E7     406.2686
     0102      8   60  00  00  09  10  00  00  A8     406.2688
     0100      8   60  00  00  09  10  00  00  A8     406.2724
     0100      8   80  00  00  09  10  00  00  B8     406.2775
     0101      8   A0  01  00  00  00  00  00  88     406.2786
     0102      8   80  00  00  09  10  00  00  B8     406.2788
     0100      8   80  00  00  09  10  00  00  B8     406.2826
     0100      8   A0  00  00  09  10  00  00  D7     406.2877
     0101      8   C0  01  00  00  00  00  00  39     406.2886
     0102      8   A0  00  00  09  10  00  00  D7     406.2888
     0100      8   A0  00  00  09  10  00  00  D7     406.2928
     0100      8   C0  00  00  09  10  00  00  66     406.2979
     0101      8   E0  01  00  00  00  00  00  56     406.2986
     0102      8   C0  00  00  09  10  00  00  66     406.2988
     0100      8   C0  00  00  09  10  00  00  66     406.3030
     0100      8   E0  00  00  09  10  00  00  09     406.3081
     0101      8   00  01  00  00  00  00  00  46     406.3086
     0102      8   C0  00  00  09  10  00  00  66     406.3088
     0100      8   E0  00  00  09  10  00  00  09     406.3132
     0100      8   00  00  00  09  10  00  00  19     406.3183
     0101      8   20  01  00  00  00  00  00  29     406.3186
     0102      8   E0  00  00  09  10  00  00  09     406.3188
     0100      8   00  00  00  09  10  00  00  19     406.3234
     0100      8   20  00  00  09  10  00  00  76     406.3285
     0101      8   40  01  00  00  00  00  00  98     406.3287
     0102      8   00  00  00  09  10  00  00  19     406.3290
     0100      8   20  00  00  09  10  00  00  76     406.3336
     0101      8   60  01  00  00  00  00  00  F7     406.3386
     0100      8   40  00  00  09  10  00  00  C7     406.3388
     0102      8   20  00  00  09  10  00  00  76     406.3390
     0100      8   60  00  00  09  10  00  00  A8     406.3438
     0101      8   80  01  00  00  00  00  00  E7     406.3486
     0102      8   60  00  00  09  10  00  00  A8     406.3488
     0100      8   60  00  00  09  10  00  00  A8     406.3490
     0501      8   0E  00  00  00  00  00  00  01     406.3493
     0100      8   80  00  00  09  10  00  00  B8     406.3540
     0101      8   A0  01  00  00  00  00  00  88     406.3586
     0102      8   80  00  00  09  10  00  00  B8     406.3588
     0100      8   80  00  00  09  10  00  00  B8     406.3591
     0100      8   A0  00  00  09  10  00  00  D7     406.3642
     0101      8   C0  01  00  00  00  00  00  39     406.3686
     0102      8   A0  00  00  09  10  00  00  D7     406.3688
     0100      8   A0  00  00  09  10  00  00  D7     406.3693
     0100      8   C0  00  00  09  10  00  00  66     406.3744
     0101      8   E0  01  00  00  00  00  00  56     406.3785
     0102      8   C0  00  00  09  10  00  00  66     406.3788
     0100      8   C0  00  00  09  10  00  00  66     406.3795
     0100      8   E0  00  00  09  10  00  00  09     406.3846
     0101      8   00  01  00  00  00  00  00  46     406.3886
     0102      8   E0  00  00  09  10  00  00  09     406.3888
     0100      8   E0  00  00  09  10  00  00  09     406.3897
     0100      8   00  00  00  09  10  00  00  19     406.3948
     0101      8   20  01  00  00  00  00  00  29     406.3985
     0102      8   00  00  00  09  10  00  00  19     406.3988
     0100      8   00  00  00  09  10  00  00  19     406.3999
     0100      8   20  00  00  09  10  00  00  76     406.4050
     0101      8   40  01  00  00  00  00  00  98     406.4085
     0102      8   20  00  00  09  10  00  00  76     406.4088
     0100      8   20  00  00  09  10  00  00  76     406.4101
     0100      8   40  00  00  09  10  00  00  C7     406.4152
     0101      8   60  01  00  00  00  00  00  F7     406.4185
     0102      8   40  00  00  09  10  00  00  C7     406.4188
     0100      8   40  00  00  09  10  00  00  C7     406.4203
     0100      8   60  00  00  09  10  00  00  A8     406.4254
     0101      8   80  01  00  00  00  00  00  E7     406.4285
     0102      8   60  00  00  09  10  00  00  A8     406.4288
     0100      8   60  00  00  09  10  00  00  A8     406.4305
     0100      8   80  00  00  09  10  00  00  B8     406.4356
     0101      8   A0  01  00  00  00  00  00  88     406.4385
     0102      8   80  00  00  09  10  00  00  B8     406.4388
     0100      8   80  00  00  09  10  00  00  B8     406.4407
     0100      8   A0  00  00  09  10  00  00  D7     406.4458
     0101      8   C0  01  00  00  00  00  00  39     406.4485
     0102      8   A0  00  00  09  10  00  00  D7     406.4488
     0501      8   0E  00  00  00  00  00  00  01     406.4490
     0100      8   A0  00  00  09  10  00  00  D7     406.4509
     0100      8   C0  00  00  09  10  00  00  66     406.4560
     0101      8   E0  01  00  00  00  00  00  56     406.4585
     0102      8   C0  00  00  09  10  00  00  66     406.4588
     0100      8   C0  00  00  09  10  00  00  66     406.4611
     0100      8   E0  00  00  09  10  00  00  09     406.4662
     0101      8   00  01  00  00  00  00  00  46     406.4685
     0102      8   E0  00  00  09  10  00  00  09     406.4688
     0100      8   E0  00  00  09  10  00  00  09     406.4713
     0100      8   00  00  00  09  10  00  00  19     406.4764
     0101      8   20  01  00  00  00  00  00  29     406.4785
     0102      8   00  00  00  09  10  00  00  19     406.4788
     0100      8   00  00  00  09  10  00  00  19     406.4815
     0100      8   20  00  00  09  10  00  00  76     406.4866
     0101      8   40  01  00  00  00  00  00  98     406.4885
     0102      8   20  00  00  09  10  00  00  76     406.4888
     0100      8   20  00  00  09  10  00  00  76     406.4917
     0100      8   40  00  00  09  10  00  00  C7     406.4968
     0101      8   60  01  00  00  00  00  00  F7     406.4985
     0102      8   40  00  00  09  10  00  00  C7     406.4988
     0100      8   40  00  00  09  10  00  00  C7     406.5019
     0100      8   60  00  00  09  10  00  00  A8     406.5069
     0101      8   80  01  00  00  00  00  00  E7     406.5085
     0102      8   60  00  00  09  10  00  00  A8     406.5088
     0100      8   60  00  00  09  10  00  00  A8     406.5121
     0100      8   80  00  00  09  10  00  00  B8     406.5171
     0101      8   A0  01  00  00  00  00  00  88     406.5185
     0102      8   80  00  00  09  10  00  00  B8     406.5188
     0100      8   80  00  00  09  10  00  00  B8     406.5222
     0100      8   A0  00  00  09  10  00  00  D7     406.5274
     0101      8   C0  01  00  00  00  00  00  39     406.5285
     0102      8   A0  00  00  09  10  00  00  D7     406.5288
     0100      8   A0  00  00  09  10  00  00  D7     406.5324
     0100      8   C0  00  00  09  10  00  00  66     406.5375
     0101      8   E0  01  00  00  00  00  00  56     406.5385
     0102      8   C0  00  00  09  10  00  00  66     406.5388
     0100      8   C0  00  00  09  10  00  00  66     406.5426
     0100      8   E0  00  00  09  10  00  00  09     406.5477
     0101      8   00  01  00  00  00  00  00  46     406.5485
     0102      8   E0  00  00  09  10  00  00  09     406.5488
     0501      8   0E  00  00  00  00  00  00  01     406.5490
     0100      8   E0  00  00  09  10  00  00  09     406.5528
     0100      8   00  00  00  09  10  00  00  19     406.5579
     0101      8   20  01  00  00  00  00  00  29     406.5585
     0102      8   00  00  00  09  10  00  00  19     406.5588
     0100      8   00  00  00  09  10  00  00  19     406.5630
     0100      8   20  00  00  09  10  00  00  76     406.5681
     0101      8   40  01  00  00  00  00  00  98     406.5685
     0102      8   00  00  00  09  10  00  00  19     406.5688
     0100      8   20  00  00  09  10  00  00  76     406.5732
     0100      8   40  00  00  09  10  00  00  C7     406.5783
     0101      8   60  01  00  00  00  00  00  F7     406.5786
     0102      8   20  00  00  09  10  00  00  76     406.5788
     0100      8   40  00  00  09  10  00  00  C7     406.5834
     0101      8   80  01  00  00  00  00  00  E7     406.5885
     0100      8   60  00  00  09  10  00  00  A8     406.5888
     0102      8   40  00  00  09  10  00  00  C7     406.5890
     0100      8   80  00  00  09  10  00  00  B8     406.5936
     0101      8   A0  01  00  00  00  00  00  88     406.5985
     0100      8   80  00  00  09  10  00  00  B8     406.5988
     0102      8   80  00  00  09  10  00  00  B8     406.5990
     0100      8   A0  00  00  09  10  00  00  D7     406.6038
     0101      8   C0  01  00  00  00  00  00  39     406.6085
     0102      8   A0  00  00  09  10  00  00  D7     406.6088
     0100      8   A0  00  00  09  10  00  00  D7     406.6090
     0100      8   C0  00  00  09  10  00  00  66     406.6140
     0101      8   E0  01  00  00  00  00  00  56     406.6185
     0102      8   C0  00  00  09  10  00  00  66     406.6188
     0100      8   C0  00  00  09  10  00  00  66     406.6191
     0100      8   E0  00  00  09  10  00  00  09     406.6242
     0101      8   00  01  00  00  00  00  00  46     406.6285
     0102      8   E0  00  00  09  10  00  00  09     406.6288
     0100      8   E0  00  00  09  10  00  00  09     406.6293
     0100      8   00  00  00  09  10  00  00  19     406.6344
     0101      8   20  01  00  00  00  00  00  29     406.6385
     0102      8   00  00  00  09  10  00  00  19     406.6388
     0100      8   00  00  00  09  10  00  00  19     406.6395
     0100      8   20  00  00  09  10  00  00  76     406.6446
     0101      8   40  01  00  00  00  00  00  98     406.6485
     0102      8   20  00  00  09  10  00  00  76     406.6488
     0501      8   0E  00  00  00  00  00  00  01     406.6490
     0100      8   20  00  00  09  10  00  00  76     406.6497
     0100      8   40  00  00  09  10  00  00  C7     406.6548
     0101      8   60  01  00  00  00  00  00  F7     406.6585
     0102      8   40  00  00  09  10  00  00  C7     406.6588
     0100      8   40  00  00  09  10  00  00  C7     406.6599
     0100      8   60  00  00  09  10  00  00  A8     406.6650
     0101      8   80  01  00  00  00  00  00  E7     406.6685
     0102      8   60  00  00  09  10  00  00  A8     406.6688
     0100      8   60  00  00  09  10  00  00  A8     406.6701
     0100      8   80  00  00  09  10  00  00  B8     406.6752
     0101      8   A0  01  00  00  00  00  00  88     406.6785
     0102      8   80  00  00  09  10  00  00  B8     406.6787
     0100      8   80  00  00  09  10  00  00  B8     406.6803
     0100      8   A0  00  00  09  10  00  00  D7     406.6854
     0101      8   C0  01  00  00  00  00  00  39     406.6885
     0102      8   A0  00  00  09  10  00  00  D7     406.6887
     0100      8   A0  00  00  09  10  00  00  D7     406.6905
     0100      8   C0  00  00  09  10  00  00  66     406.6956
     0101      8   E0  01  00  00  00  00  00  56     406.6985
     0102      8   C0  00  00  09  10  00  00  66     406.6987
     0100      8   C0  00  00  09  10  00  00  66     406.7007
     0100      8   E0  00  00  09  10  00  00  09     406.7058
     0101      8   00  01  00  00  00  00  00  46     406.7085
     0102      8   E0  00  00  09  10  00  00  09     406.7088
     0100      8   E0  00  00  09  10  00  00  09     406.7109
     0100      8   00  00  00  09  10  00  00  19     406.7160
     0101      8   20  01  00  00  00  00  00  29     406.7185
     0102      8   00  00  00  09  10  00  00  19     406.7187
     0100      8   00  00  00  09  10  00  00  19     406.7211
     0100      8   20  00  00  09  10  00  00  76     406.7262
     0101      8   40  01  00  00  00  00  00  98     406.7285
     0102      8   20  00  00  09  10  00  00  76     406.7287
     0100      8   20  00  00  09  10  00  00  76     406.7313
     0100      8   40  00  00  09  10  00  00  C7     406.7364
     0101      8   60  01  00  00  00  00  00  F7     406.7385
     0102      8   40  00  00  09  10  00  00  C7     406.7387
     0100      8   40  00  00  09  10  00  00  C7     406.7415
     0100      8   60  00  00  09  10  00  00  A8     406.7466
     0101      8   80  01  00  00  00  00  00  E7     406.7485
     0102      8   60  00  00  09  10  00  00  A8     406.7487
     0501      8   0E  00  00  00  00  00  00  01     406.7490
     0100      8   60  00  00  09  10  00  00  A8     406.7517
     0100      8   80  00  00  09  10  00  00  B8     406.7568
     0101      8   A0  01  00  00  00  00  00  88     406.7585
     0102      8   80  00  00  09  10  00  00  B8     406.7587
     0100      8   80  00  00  09  10  00  00  B8     406.7619
     0100      8   A0  00  00  09  10  00  00  D7     406.7670
     0101      8   C0  01  00  00  00  00  00  39     406.7685
     0102      8   A0  00  00  09  10  00  00  D7     406.7687
     0100      8   A0  00  00  09  10  00  00  D7     406.7721
     0100      8   C0  00  00  09  10  00  00  66     406.7772
     0101      8   E0  01  00  00  00  00  00  56     406.7785
     0102      8   C0  00  00  09  10  00  00  66     406.7787
     0100      8   C0  00  00  09  10  00  00  66     406.7823
     0100      8   E0  00  00  09  10  00  00  09     406.7874
     0101      8   00  01  00  00  00  00  00  46     406.7885
     0102      8   E0  00  00  09  10  00  00  09     406.7887
     0100      8   E0  00  00  09  10  00  00  09     406.7925
     0100      8   00  00  00  09  10  00  00  19     406.7976
     0101      8   20  01  00  00  00  00  00  29     406.7985
     0102      8   00  00  00  09  10  00  00  19     406.7987
     0100      8   00  00  00  09  10  00  00  19     406.8027
     0100      8   20  00  00  09  10  00  00  76     406.8078
     0101      8   40  01  00  00  00  00  00  98     406.8085
     0102      8   20  00  00  09  10  00  00  76     406.8087
     0100      8   20  00  00  09  10  00  00  76     406.8129
     0100      8   40  00  00  09  10  00  00  C7     406.8180
     0101      8   60  01  00  00  00  00  00  F7     406.8185
     0102      8   20  00  00  09  10  00  00  76     406.8187
     0100      8   40  00  00  09  10  00  00  C7     406.8231
     0100      8   60  00  00  09  10  00  00  A8     406.8282
     0101      8   80  01  00  00  00  00  00  E7     406.8285
     0102      8   40  00  00  09  10  00  00  C7     406.8287
     0100      8   60  00  00  09  10  00  00  A8     406.8333
     0100      8   80  00  00  09  10  00  00  B8     406.8384
     0101      8   A0  01  00  00  00  00  00  88     406.8386
     0102      8   60  00  00  09  10  00  00  A8     406.8389
     0100      8   80  00  00  09  10  00  00  B8     406.8435
     0101      8   C0  01  00  00  00  00  00  39     406.8485
     0100      8   A0  00  00  09  10  00  00  D7     406.8487
     0102      8   80  00  00  09  10  00  00  B8     406.8490
     0501      8   0E  00  00  00  00  00  00  01     406.8492
     0100      8   C0  00  00  09  10  00  00  66     406.8537
     0101      8   E0  01  00  00  00  00  00  56     406.8585
     0102      8   C0  00  00  09  10  00  00  66     406.8587
     0100      8   C0  00  00  09  10  00  00  66     406.8590
     0100      8   E0  00  00  09  10  00  00  09     406.8639
     0101      8   00  01  00  00  00  00  00  46     406.8685
     0102      8   E0  00  00  09  10  00  00  09     406.8687
     0100      8   E0  00  00  09  10  00  00  09     406.8690
     0100      8   00  00  00  09  10  00  00  19     406.8741
     0101      8   20  01  00  00  00  00  00  29     406.8785
     0102      8   00  00  00  09  10  00  00  19     406.8787
     0100      8   00  00  00  09  10  00  00  19     406.8792
     0100      8   20  00  00  09  10  00  00  76     406.8843
     0101      8   40  01  00  00  00  00  00  98     406.8885
     0102      8   20  00  00  09  10  00  00  76     406.8887
     0100      8   20  00  00  09  10  00  00  76     406.8894
     0100      8   40  00  00  09  10  00  00  C7     406.8945
     0101      8   60  01  00  00  00  00  00  F7     406.8985
     0102      8   40  00  00  09  10  00  00  C7     406.8987
     0100      8   40  00  00  09  10  00  00  C7     406.8996
     0100      8   60  00  00  09  10  00  00  A8     406.9047
     0101      8   80  01  00  00  00  00  00  E7     406.9085
     0102      8   60  00  00  09  10  00  00  A8     406.9087
     0100      8   60  00  00  09  10  00  00  A8     406.9098
     0100      8   80  00  00  09  10  00  00  B8     406.9149
     0101      8   A0  01  00  00  00  00  00  88     406.9185
     0102      8   80  00  00  09  10  00  00  B8     406.9187
     0100      8   80  00  00  09  10  00  00  B8     406.9200
     0100      8   A0  00  00  09  10  00  00  D7     406.9251
     0101      8   C0  01  00  00  00  00  00  39     406.9285
     0102      8   A0  00  00  09  10  00  00  D7     406.9287
     0100      8   A0  00  00  09  10  00  00  D7     406.9302
     0100      8   C0  00  00  09  10  00  00  66     406.9353
     0101      8   E0  01  00  00  00  00  00  56     406.9385
     0102      8   C0  00  00  09  10  00  00  66     406.9387
     0100      8   C0  00  00  09  10  00  00  66     406.9404
     0100      8   E0  00  00  09  10  00  00  09     406.9455
     0101      8   00  01  00  00  00  00  00  46     406.9485
     0102      8   E0  00  00  09  10  00  00  09     406.9487
     0501      8   0E  00  00  00  00  00  00  01     406.9490
     0100      8   E0  00  00  09  10  00  00  09     406.9506
     0100      8   00  00  00  09  10  00  00  19     406.9557
     0101      8   20  01  00  00  00  00  00  29     406.9585
     0102      8   00  00  00  09  10  00  00  19     406.9587
     0100      8   00  00  00  09  10  00  00  19     406.9608
     0100      8   20  00  00  09  10  00  00  76     406.9659
     0101      8   40  01  00  00  00  00  00  98     406.9685
     0102      8   20  00  00  09  10  00  00  76     406.9687
     0100      8   20  00  00  09  10  00  00  76     406.9710
     0100      8   40  00  00  09  10  00  00  C7     406.9761
     0101      8   60  01  00  00  00  00  00  F7     406.9785
     0102      8   40  00  00  09  10  00  00  C7     406.9787
     0100      8   40  00  00  09  10  00  00  C7     406.9812
     0100      8   60  00  00  09  10  00  00  A8     406.9863
     0101      8   80  01  00  00  00  00  00  E7     406.9885
     0102      8   60  00  00  09  10  00  00  A8     406.9887
     0100      8   60  00  00  09  10  00  00  A8     406.9914
     0100      8   80  00  00  09  10  00  00  B8     406.9965
     0101      8   A0  01  00  00  00  00  00  88     406.9985
     0102      8   80  00  00  09  10  00  00  B8     406.9987
     0100      8   80  00  00  09  10  00  00  B8     407.0016
     0100      8   A0  00  00  09  10  00  00  D7     407.0067
     0101      8   C0  01  00  00  00  00  00  39     407.0085
     0102      8   A0  00  00  09  10  00  00  D7     407.0087
     0100      8   A0  00  00  09  10  00  00  D7     407.0118
     0100      8   C0  00  00  09  10  00  00  66     407.0169
     0101      8   E0  01  00  00  00  00  00  56     407.0185
     0102      8   C0  00  00  09  10  00  00  66     407.0187
     0100      8   C0  00  00  09  10  00  00  66     407.0220
     0100      8   E0  00  00  09  10  00  00  09     407.0270
     0101      8   00  01  00  00  00  00  00  46     407.0285
     0102      8   E0  00  00  09  10  00  00  09     407.0287
     0100      8   E0  00  00  09  10  00  00  09     407.0321
     0100      8   00  00  00  09  10  00  00  19     407.0373
     0101      8   20  01  00  00  00  00  00  29     407.0385
     0102      8   00  00  00  09  10  00  00  19     407.0387
     0100      8   00  00  00  09  10  00  00  19     407.0424
     0100      8   20  00  00  09  10  00  00  76     407.0474
     0101      8   40  01  00  00  00  00  00  98     407.0485
     0102      8   20  00  00  09  10  00  00  76     407.0487
     0501      8   0E  00  00  00  00  00  00  01     407.0489
     0100      8   20  00  00  09  10  00  00  76     407.0525
     0100      8   40  00  00  09  10  00  00  C7     407.0576
     0101      8   60  01  00  00  00  00  00  F7     407.0585
     0102      8   40  00  00  09  10  00  00  C7     407.0587
     0100      8   40  00  00  09  10  00  00  C7     407.0627
     0100      8   60  00  00  09  10  00  00  A8     407.0678
     0101      8   80  01  00  00  00  00  00  E7     407.0685
     0102      8   60  00  00  09  10  00  00  A8     407.0687
     0100      8   60  00  00  09  10  00  00  A8     407.0729
     0100      8   80  00  00  09  10  00  00  B8     407.0780
     0101      8   A0  01  00  00  00  00  00  88     407.0784
     0102      8   60  00  00  09  10  00  00  A8     407.0787
     0100      8   80  00  00  09  10  00  00  B8     407.0831
     0100      8   A0  00  00  09  10  00  00  D7     407.0882
     0101      8   C0  01  00  00  00  00  00  39     407.0885
     0102      8   80  00  00  09  10  00  00  B8     407.0887
     0100      8   A0  00  00  09  10  00  00  D7     407.0933
     0100      8   C0  00  00  09  10  00  00  66     407.0984
     0101      8   E0  01  00  00  00  00  00  56     407.0987
     0102      8   A0  00  00  09  10  00  00  D7     407.0989
     0100      8   C0  00  00  09  10  00  00  66     407.1035
     0101      8   00  01  00  00  00  00  00  46     407.1084
     0100      8   E0  00  00  09  10  00  00  09     407.1087
     0102      8   C0  00  00  09  10  00  00  66     407.1089
     0100      8   00  00  00  09  10  00  00  19     407.1137
     0101      8   20  01  00  00  00  00  00  29     407.1184
     0102      8   00  00  00  09  10  00  00  19     407.1187
     0100      8   00  00  00  09  10  00  00  19     407.1189
     0100      8   20  00  00  09  10  00  00  76     407.1239
     0101      8   40  01  00  00  00  00  00  98     407.1284
     0102      8   20  00  00  09  10  00  00  76     407.1287
     0100      8   20  00  00  09  10  00  00  76     407.1290
     0100      8   40  00  00  09  10  00  00  C7     407.1341
     0101      8   60  01  00  00  00  00  00  F7     407.1384
     0102      8   40  00  00  09  10  00  00  C7     407.1387
     0100      8   40  00  00  09  10  00  00  C7     407.1392
     0100      8   60  00  00  09  10  00  00  A8     407.1443
     0101      8   80  01  00  00  00  00  00  E7     407.1484
     0102      8   60  00  00  09  10  00  00  A8     407.1487
     0501      8   0E  00  00  00  00  00  00  01     407.1489
     0100      8   60  00  00  09  10  00  00  A8     407.1494
     0100      8   80  00  00  09  10  00  00  B8     407.1545
     0101      8   A0  01  00  00  00  00  00  88     407.1584
     0102      8   80  00  00  09  10  00  00  B8     407.1587
     0100      8   80  00  00  09  10  00  00  B8     407.1596
     0100      8   A0  00  00  09  10  00  00  D7     407.1647
     0101      8   C0  01  00  00  00  00  00  39     407.1684
     0102      8   A0  00  00  09  10  00  00  D7     407.1687
     0100      8   A0  00  00  09  10  00  00  D7     407.1698
     0100      8   C0  00  00  09  10  00  00  66     407.1749
     0101      8   E0  01  00  00  00  00  00  56     407.1784
     0102      8   C0  00  00  09  10  00  00  66     407.1787
     0100      8   C0  00  00  09  10  00  00  66     407.1800
     0100      8   E0  00  00  09  10  00  00  09     407.1851
     0101      8   00  01  00  00  00  00  00  46     407.1884
     0102      8   E0  00  00  09  10  00  00  09     407.1887
     0100      8   E0  00  00  09  10  00  00  09     407.1902
     0100      8   00  00  00  09  10  00  00  19     407.1953
     0101      8   20  01  00  00  00  00  00  29     407.1984
     0102      8   00  00  00  09  10  00  00  19     407.1987
     0100      8   00  00  00  09  10  00  00  19     407.2004
     0100      8   20  00  00  09  10  00  00  76     407.2055
     0101      8   40  01  00  00  00  00  00  98     407.2084
     0102      8   20  00  00  09  10  00  00  76     407.2087
     0100      8   20  00  00  09  10  00  00  76     407.2106
     0100      8   40  00  00  09  10  00  00  C7     407.2157
     0101      8   60  01  00  00  00  00  00  F7     407.2184
     0102      8   40  00  00  09  10  00  00  C7     407.2187
     0100      8   40  00  00  09  10  00  00  C7     407.2208
     0100      8   60  00  00  09  10  00  00  A8     407.2259
     0101      8   80  01  00  00  00  00  00  E7     407.2284
     0102      8   60  00  00  09  10  00  00  A8     407.2287
     0100      8   60  00  00  09  10  00  00  A8     407.2310
     0100      8   80  00  00  09  10  00  00  B8     407.2361
     0101      8   A0  01  00  00  00  00  00  88     407.2384
     0102      8   80  00  00  09  10  00  00  B8     407.2387
     0100      8   80  00  00  09  10  00  00  B8     407.2412
     0100      8   A0  00  00  09  10  00  00  D7     407.2463
     0101      8   C0  01  00  00  00  00  00  39     407.2484
     0102      8   A0  00  00  09  10  00  00  D7     407.2487
     0501      8   0E  00  00  00  00  00  00  01     407.2489
     0100      8   A0  00  00  09  10  00  00  D7     407.2514
     0100      8   C0  00  00  09  10  00  00  66     407.2565
     0101      8   E0  01  00  00  00  00  00  56     407.2584
     0102      8   C0  00  00  09  10  00  00  66     407.2587
     0100      8   C0  00  00  09  10  00  00  66     407.2616
     0100      8   E0  00  00  09  10  00  00  09     407.2667
     0101      8   00  01  00  00  00  00  00  46     407.2684
     0102      8   E0  00  00  09  10  00  00  09     407.2687
     0100      8   E0  00  00  09  10  00  00  09     407.2718
     0100      8   00  00  00  09  10  00  00  19     407.2769
     0101      8   20  01  00  00  00  00  00  29     407.2784
     0102      8   00  00  00  09  10  00  00  19     407.2787
     0100      8   00  00  00  09  10  00  00  19     407.2820
     0100      8   20  00  00  09  10  00  00  76     407.2871
     0101      8   40  01  00  00  00  00  00  98     407.2884
     0102      8   20  00  00  09  10  00  00  76     407.2887
     0100      8   20  00  00  09  10  00  00  76     407.2922
     0100      8   40  00  00  09  10  00  00  C7     407.2973
     0101      8   60  01  00  00  00  00  00  F7     407.2984
     0102      8   40  00  00  09  10  00  00  C7     407.2987
     0100      8   40  00  00  09  10  00  00  C7     407.3024
     0100      8   60  00  00  09  10  00  00  A8     407.3075
     0101      8   80  01  00  00  00  00  00  E7     407.3084
     0102      8   60  00  00  09  10  00  00  A8     407.3087
     0100      8   60  00  00  09  10  00  00  A8     407.3126
     0100      8   80  00  00  09  10  00  00  B8     407.3177
     0101      8   A0  01  00  00  00  00  00  88     407.3184
     0102      8   80  00  00  09  10  00  00  B8     407.3187
     0100      8   80  00  00  09  10  00  00  B8     407.3228
     0100      8   A0  00  00  09  10  00  00  D7     407.3279
     0101      8   C0  01  00  00  00  00  00  39     407.3284
     0102      8   A0  00  00  09  10  00  00  D7     407.3287
     0100      8   A0  00  00  09  10  00  00  D7     407.3330
     0100      8   C0  00  00  09  10  00  00  66     407.3381
     0101      8   E0  01  00  00  00  00  00  56     407.3384
     0102      8   A0  00  00  09  10  00  00  D7     407.3387
     0100      8   C0  00  00  09  10  00  00  66     407.3432
     0100      8   E0  00  00  09  10  00  00  09     407.3483
     0101      8   00  01  00  00  00  00  00  46     407.3485
     0102      8   C0  00  00  09  10  00  00  66     407.3488
     0501      8   0E  00  00  00  00  00  00  01     407.3490
     0100      8   E0  00  00  09  10  00  00  09     407.3534
     0101      8   20  01  00  00  00  00  00  29     407.3584
     0100      8   00  00  00  09  10  00  00  19     407.3587
     0102      8   E0  00  00  09  10  00  00  09     407.3589
     0100      8   20  00  00  09  10  00  00  76     407.3636
     0101      8   40  01  00  00  00  00  00  98     407.3684
     0102      8   20  00  00  09  10  00  00  76     407.3687
     0100      8   20  00  00  09  10  00  00  76     407.3689
     0100      8   40  00  00  09  10  00  00  C7     407.3738
     0101      8   60  01  00  00  00  00  00  F7     407.3784
     0102      8   40  00  00  09  10  00  00  C7     407.3787
     0100      8   40  00  00  09  10  00  00  C7     407.3789
     0100      8   60  00  00  09  10  00  00  A8     407.3840
     0101      8   80  01  00  00  00  00  00  E7     407.3884
     0102      8   60  00  00  09  10  00  00  A8     407.3886
     0100      8   60  00  00  09  10  00  00  A8     407.3891
     0100      8   80  00  00  09  10  00  00  B8     407.3942
     0101      8   A0  01  00  00  00  00  00  88     407.3984
     0102      8   80  00  00  09  10  00  00  B8     407.3986
     0100      8   80  00  00  09  10  00  00  B8     407.3993
     0100      8   A0  00  00  09  10  00  00  D7     407.4044
     0101      8   C0  01  00  00  00  00  00  39     407.4084
     0102      8   A0  00  00  09  10  00  00  D7     407.4086
     0100      8   A0  00  00  09  10  00  00  D7     407.4095
     0100      8   C0  00  00  09  10  00  00  66     407.4146
     0101      8   E0  01  00  00  00  00  00  56     407.4184
     0102      8   C0  00  00  09  10  00  00  66     407.4186
     0100      8   C0  00  00  09  10  00  00  66     407.4197
     0100      8   E0  00  00  09  10  00  00  09     407.4248
     0101      8   00  01  00  00  00  00  00  46     407.4284
     0102      8   E0  00  00  09  10  00  00  09     407.4286
     0100      8   E0  00  00  09  10  00  00  09     407.4299
     0100      8   00  00  00  09  10  00  00  19     407.4350
     0101      8   20  01  00  00  00  00  00  29     407.4384
     0102      8   00  00  00  09  10  00  00  19     407.4386
     0100      8   00  00  00  09  10  00  00  19     407.4401
     0100      8   20  00  00  09  10  00  00  76     407.4452
     0101      8   40  01  00  00  00  00  00  98     407.4484
     0102      8   20  00  00  09  10  00  00  76     407.4486
     0501      8   0E  00  00  00  00  00  00  01     407.4489
     0100      8   20  00  00  09  10  00  00  76     407.4503
     0100      8   40  00  00  09  10  00  00  C7     407.4554
     0101      8   60  01  00  00  00  00  00  F7     407.4584
     0102      8   40  00  00  09  10  00  00  C7     407.4586
     0100      8   40  00  00  09  10  00  00  C7     407.4605
     0100      8   60  00  00  09  10  00  00  A8     407.4656
     0101      8   80  01  00  00  00  00  00  E7     407.4684
     0102      8   60  00  00  09  10  00  00  A8     407.4686
     0100      8   60  00  00  09  10  00  00  A8     407.4707
     0100      8   80  00  00  09  10  00  00  B8     407.4758
     0101      8   A0  01  00  00  00  00  00  88     407.4784
     0102      8   80  00  00  09  10  00  00  B8     407.4786
     0100      8   80  00  00  09  10  00  00  B8     407.4809
     0100      8   A0  00  00  09  10  00  00  D7     407.4860
     0101      8   C0  01  00  00  00  00  00  39     407.4884
     0102      8   A0  00  00  09  10  00  00  D7     407.4886
     0100      8   A0  00  00  09  10  00  00  D7     407.4911
     0100      8   C0  00  00  09  10  00  00  66     407.4962
     0101      8   E0  01  00  00  00  00  00  56     407.4984
     0102      8   C0  00  00  09  10  00  00  66     407.4986
     0100      8   C0  00  00  09  10  00  00  66     407.5013
     0100      8   E0  00  00  09  10  00  00  09     407.5064
     0101      8   00  01  00  00  00  00  00  46     407.5084
     0102      8   E0  00  00  09  10  00  00  09     407.5086
     0100      8   E0  00  00  09  10  00  00  09     407.5115
     0100      8   00  00  00  09  10  00  00  19     407.5166
     0101      8   20  01  00  00  00  00  00  29     407.5184
     0102      8   00  00  00  09  10  00  00  19     407.5186
     0100      8   00  00  00  09  10  00  00  19     407.5217
     0100      8   20  00  00  09  10  00  00  76     407.5268
     0101      8   40  01  00  00  00  00  00  98     407.5284
     0102      8   20  00  00  09  10  00  00  76     407.5286
     0100      8   20  00  00  09  10  00  00  76     407.5319
     0100      8   40  00  00  09  10  00  00  C7     407.5370
     0101      8   60  01  00  00  00  00  00  F7     407.5384
     0102      8   40  00  00  09  10  00  00  C7     407.5386
     0100      8   40  00  00  09  10  00  00  C7     407.5421
     0100      8   60  00  00  09  10  00  00  A8     407.5471
     0101      8   80  01  00  00  00  00  00  E7     407.5484
     0102      8   60  00  00  09  10  00  00  A8     407.5486
     0501      8   0E  00  00  00  00  00  00  01     407.5489
     0100      8   60  00  00  09  10  00  00  A8     407.5522
     0100      8   80  00  00  09  10  00  00  B8     407.5573
     0101      8   A0  01  00  00  00  00  00  88     407.5584
     0102      8   80  00  00  09  10  00  00  B8     407.5586
     0100      8   80  00  00  09  10  00  00  B8     407.5624
     0100      8   A0  00  00  09  10  00  00  D7     407.5675
     0101      8   C0  01  00  00  00  00  00  39     407.5684
     0102      8   A0  00  00  09  10  00  00  D7     407.5686
     0100      8   A0  00  00  09  10  00  00  D7     407.5726
     0100      8   C0  00  00  09  10  00  00  66     407.5777
     0101      8   E0  01  00  00  00  00  00  56     407.5784
     0102      8   C0  00  00  09  10  00  00  66     407.5786
     0100      8   C0  00  00  09  10  00  00  66     407.5828
     0100      8   E0  00  00  09  10  00  00  09     407.5879
     0101      8   00  01  00  00  00  00  00  46     407.5884
     0102      8   C0  00  00  09  10  00  00  66     407.5886
     0100      8   E0  00  00  09  10  00  00  09     407.5930
     0100      8   00  00  00  09  10  00  00  19     407.5981
     0101      8   20  01  00  00  00  00  00  29     407.5984
     0102      8   E0  00  00  09  10  00  00  09     407.5986
     0100      8   00  00  00  09  10  00  00  19     407.6032
     0100      8   20  00  00  09  10  00  00  76     407.6083
     0101      8   40  01  00  00  00  00  00  98     407.6086
     0102      8   00  00  00  09  10  00  00  19     407.6088
     0100      8   20  00  00  09  10  00  00  76     407.6134
     0101      8   60  01  00  00  00  00  00  F7     407.6184
     0100      8   40  00  00  09  10  00  00  C7     407.6186
     0102      8   20  00  00  09  10  00  00  76     407.6189
     0100      8   60  00  00  09  10  00  00  A8     407.6236
     0101      8   80  01  00  00  00  00  00  E7     407.6284
     0102      8   60  00  00  09  10  00  00  A8     407.6286
     0100      8   60  00  00  09  10  00  00  A8     407.6289
     0100      8   80  00  00  09  10  00  00  B8     407.6338
     0101      8   A0  01  00  00  00  00  00  88     407.6384
     0102      8   80  00  00  09  10  00  00  B8     407.6386
     0100      8   80  00  00  09  10  00  00  B8     407.6389
     0100      8   A0  00  00  09  10  00  00  D7     407.6440
     0101      8   C0  01  00  00  00  00  00  39     407.6484
     0102      8   A0  00  00  09  10  00  00  D7     407.6486
     0501      8   0E  00  00  00  00  00  00  01     407.6489
     0100      8   A0  00  00  09  10  00  00  D7     407.6491
     0100      8   C0  00  00  09  10  00  00  66     407.6542
     0101      8   E0  01  00  00  00  00  00  56     407.6584
     0102      8   C0  00  00  09  10  00  00  66     407.6586
     0100      8   C0  00  00  09  10  00  00  66     407.6593
     0100      8   E0  00  00  09  10  00  00  09     407.6644
     0101      8   00  01  00  00  00  00  00  46     407.6684
     0102      8   E0  00  00  09  10  00  00  09     407.6686
     0100      8   E0  00  00  09  10  00  00  09     407.6695
     0100      8   00  00  00  09  10  00  00  19     407.6746
     0101      8   20  01  00  00  00  00  00  29     407.6784
     0102      8   00  00  00  09  10  00  00  19     407.6786
     0100      8   00  00  00  09  10  00  00  19     407.6797
     0100      8   20  00  00  09  10  00  00  76     407.6848
     0101      8   40  01  00  00  00  00  00  98     407.6884
     0102      8   20  00  00  09  10  00  00  76     407.6886
     0100      8   20  00  00  09  10  00  00  76     407.6899
     0100      8   40  00  00  09  10  00  00  C7     407.6950
     0101      8   60  01  00  00  00  00  00  F7     407.6984
     0102      8   40  00  00  09  10  00  00  C7     407.6986
     0100      8   40  00  00  09  10  00  00  C7     407.7001
     0100      8   60  00  00  09  10  00  00  A8     407.7052
     0101      8   80  01  00  00  00  00  00  E7     407.7084
     0102      8   60  00  00  09  10  00  00  A8     407.7086
     0100      8   60  00  00  09  10  00  00  A8     407.7103
     0100      8   80  00  00  09  10  00  00  B8     407.7154
     0101      8   A0  01  00  00  00  00  00  88     407.7184
     0102      8   80  00  00  09  10  00  00  B8     407.7186
     0100      8   80  00  00  09  10  00  00  B8     407.7205
     0100      8   A0  00  00  09  10  00  00  D7     407.7256
     0101      8   C0  01  00  00  00  00  00  39     407.7284
     0102      8   A0  00  00  09  10  00  00  D7     407.7286
     0100      8   A0  00  00  09  10  00  00  D7     407.7307
     0100      8   C0  00  00  09  10  00  00  66     407.7358
     0101      8   E0  01  00  00  00  00  00  56     407.7384
     0102      8   C0  00  00  09  10  00  00  66     407.7386
     0100      8   C0  00  00  09  10  00  00  66     407.7409
     0100      8   E0  00  00  09  10  00  00  09     407.7460
     0101      8   00  01  00  00  00  00  00  46     407.7484
     0102      8   E0  00  00  09  10  00  00  09     407.7486
     0501      8   0E  00  00  00  00  00  00  01     407.7489
     0100      8   E0  00  00  09  10  00  00  09     407.7511
     0100      8   00  00  00  09  10  00  00  19     407.7562
     0101      8   20  01  00  00  00  00  00  29     407.7584
     0102      8   00  00  00  09  10  00  00  19     407.7586
     0100      8   00  00  00  09  10  00  00  19     407.7613
     0100      8   20  00  00  09  10  00  00  76     407.7664
     0101      8   40  01  00  00  00  00  00  98     407.7684
     0102      8   20  00  00  09  10  00  00  76     407.7686
     0100      8   20  00  00  09  10  00  00  76     407.7715
     0100      8   40  00  00  09  10  00  00  C7     407.7766
     0101      8   60  01  00  00  00  00  00  F7     407.7784
     0102      8   40  00  00  09  10  00  00  C7     407.7786
     0100      8   40  00  00  09  10  00  00  C7     407.7817
     0100      8   60  00  00  09  10  00  00  A8     407.7868
     0101      8   80  01  00  00  00  00  00  E7     407.7883
     0102      8   60  00  00  09  10  00  00  A8     407.7886
     0100      8   60  00  00  09  10  00  00  A8     407.7919
     0100      8   80  00  00  09  10  00  00  B8     407.7970
     0101      8   A0  01  00  00  00  00  00  88     407.7983
     0102      8   80  00  00  09  10  00  00  B8     407.7986
     0100      8   80  00  00  09  10  00  00  B8     407.8021
     0100      8   A0  00  00  09  10  00  00  D7     407.8072
     0101      8   C0  01  00  00  00  00  00  39     407.8084
     0102      8   A0  00  00  09  10  00  00  D7     407.8086
     0100      8   A0  00  00  09  10  00  00  D7     407.8123
     0100      8   C0  00  00  09  10  00  00  66     407.8174
     0101      8   E0  01  00  00  00  00  00  56     407.8183
     0102      8   C0  00  00  09  10  00  00  66     407.8186
     0100      8   C0  00  00  09  10  00  00  66     407.8225
     0100      8   E0  00  00  09  10  00  00  09     407.8276
     0101      8   00  01  00  00  00  00  00  46     407.8283
     0102      8   E0  00  00  09  10  00  00  09     407.8286
     0100      8   E0  00  00  09  10  00  00  09     407.8327
     0100      8   00  00  00  09  10  00  00  19     407.8378
     0101      8   20  01  00  00  00  00  00  29     407.8383
     0102      8   00  00  00  09  10  00  00  19     407.8386
     0100      8   00  00  00  09  10  00  00  19     407.8429
     0100      8   20  00  00  09  10  00  00  76     407.8480
     0101      8   40  01  00  00  00  00  00  98     407.8483
     0102      8   00  00  00  09  10  00  00  19     407.8486
     0501      8   0E  00  00  00  00  00  00  01     407.8488
     0100      8   20  00  00  09  10  00  00  76     407.8531
     0100      8   40  00  00  09  10  00  00  C7     407.8582
     0101      8   60  01  00  00  00  00  00  F7     407.8584
     0102      8   20  00  00  09  10  00  00  76     407.8587
     0100      8   40  00  00  09  10  00  00  C7     407.8633
     0101      8   80  01  00  00  00  00  00  E7     407.8683
     0100      8   60  00  00  09  10  00  00  A8     407.8686
     0102      8   40  00  00  09  10  00  00  C7     407.8688
     0100      8   80  00  00  09  10  00  00  B8     407.8735
     0101      8   A0  01  00  00  00  00  00  88     407.8783
     0102      8   80  00  00  09  10  00  00  B8     407.8786
     0100      8   80  00  00  09  10  00  00  B8     407.8788
     0100      8   A0  00  00  09  10  00  00  D7     407.8837
     0101      8   C0  01  00  00  00  00  00  39     407.8883
     0102      8   A0  00  00  09  10  00  00  D7     407.8886
     0100      8   A0  00  00  09  10  00  00  D7     407.8888
     0100      8   C0  00  00  09  10  00  00  66     407.8939
     0101      8   E0  01  00  00  00  00  00  56     407.8983
     0102      8   C0  00  00  09  10  00  00  66     407.8986
     0100      8   C0  00  00  09  10  00  00  66     407.8990
     0100      8   E0  00  00  09  10  00  00  09     407.9041
     0101      8   00  01  00  00  00  00  00  46     407.9083
     0102      8   E0  00  00  09  10  00  00  09     407.9086
     0100      8   E0  00  00  09  10  00  00  09     407.9092
     0100      8   00  00  00  09  10  00  00  19     407.9143
     0101      8   20  01  00  00  00  00  00  29     407.9183
     0102      8   00  00  00  09  10  00  00  19     407.9186
     0100      8   00  00  00  09  10  00  00  19     407.9194
     0100      8   20  00  00  09  10  00  00  76     407.9245
     0101      8   40  01  00  00  00  00  00  98     407.9283
     0102      8   20  00  00  09  10  00  00  76     407.9286
     0100      8   20  00  00  09  10  00  00  76     407.9296
     0100      8   40  00  00  09  10  00  00  C7     407.9347
     0101      8   60  01  00  00  00  00  00  F7     407.9383
     0102      8   40  00  00  09  10  00  00  C7     407.9386
     0100      8   40  00  00  09  10  00  00  C7     407.9398
     0100      8   60  00  00  09  10  00  00  A8     407.9449
     0101      8   80  01  00  00  00  00  00  E7     407.9483
     0102      8   60  00  00  09  10  00  00  A8     407.9486
     0501      8   0E  00  00  00  00  00  00  01     407.9488
     0100      8   60  00  00  09  10  00  00  A8     407.9500
     0100      8   80  00  00  09  10  00  00  B8     407.9551
     0101      8   A0  01  00  00  00  00  00  88     407.9583
     0102      8   80  00  00  09  10  00  00  B8     407.9586
     0100      8   80  00  00  09  10  00  00  B8     407.9602
     0100      8   A0  00  00  09  10  00  00  D7     407.9653
     0101      8   C0  01  00  00  00  00  00  39     407.9683
     0102      8   A0  00  00  09  10  00  00  D7     407.9686
     0100      8   A0  00  00  09  10  00  00  D7     407.9704
     0100      8   C0  00  00  09  10  00  00  66     407.9755
     0101      8   E0  01  00  00  00  00  00  56     407.9783
     0102      8   C0  00  00  09  10  00  00  66     407.9786
     0100      8   C0  00  00  09  10  00  00  66     407.9806
     0100      8   E0  00  00  09  10  00  00  09     407.9857
     0101      8   00  01  00  00  00  00  00  46     407.9883
     0102      8   E0  00  00  09  10  00  00  09     407.9886
     0100      8   E0  00  00  09  10  00  00  09     407.9908
     0100      8   00  00  00  09  10  00  00  19     407.9959
     0101      8   20  01  00  00  00  00  00  29     407.9983
     0102      8   00  00  00  09  10  00  00  19     407.9986
     0100      8   00  00  00  09  10  00  00  19     408.0010
     0100      8   20  00  00  09  10  00  00  76     408.0061
     0101      8   40  01  00  00  00  00  00  98     408.0083
     0102      8   20  00  00  09  10  00  00  76     408.0086
     0100      8   20  00  00  09  10  00  00  76     408.0112
     0100      8   40  00  00  09  10  00  00  C7     408.0163
     0101      8   60  01  00  00  00  00  00  F7     408.0183
     0102      8   40  00  00  09  10  00  00  C7     408.0186
     0100      8   40  00  00  09  10  00  00  C7     408.0214
     0100      8   60  00  00  09  10  00  00  A8     408.0265
     0101      8   80  01  00  00  00  00  00  E7     408.0283
     0102      8   60  00  00  09  10  00  00  A8     408.0286
     0100      8   60  00  00  09  10  00  00  A8     408.0316
     0100      8   80  00  00  09  10  00  00  B8     408.0367
     0101      8   A0  01  00  00  00  00  00  88     408.0383
     0102      8   80  00  00  09  10  00  00  B8     408.0386
     0100      8   80  00  00  09  10  00  00  B8     408.0418
     0100      8   A0  00  00  09  10  00  00  D7     408.0469
     0101      8   C0  01  00  00  00  00  00  39     408.0483
     0102      8   A0  00  00  09  10  00  00  D7     408.0486
     0501      8   0E  00  00  00  00  00  00  01     408.0488
     0100      8   A0  00  00  09  10  00  00  D7     408.0520
     0100      8   C0  00  00  09  10  00  00  66     408.0571
     0101      8   E0  01  00  00  00  00  00  56     408.0583
     0102      8   C0  00  00  09  10  00  00  66     408.0586
     0100      8   C0  00  00  09  10  00  00  66     408.0621
     0100      8   E0  00  00  09  10  00  00  09     408.0672
     0101      8   00  01  00  00  00  00  00  46     408.0683
     0102      8   E0  00  00  09  10  00  00  09     408.0686
     0100      8   E0  00  00  09  10  00  00  09     408.0723
     0100      8   00  00  00  09  10  00  00  19     408.0775
     0101      8   20  01  00  00  00  00  00  29     408.0783
     0102      8   00  00  00  09  10  00  00  19     408.0786
     0100      8   00  00  00  09  10  00  00  19     408.0826
     0100      8   20  00  00  09  10  00  00  76     408.0876
     0101      8   40  01  00  00  00  00  00  98     408.0883
     0102      8   20  00  00  09  10  00  00  76     408.0885
     0100      8   20  00  00  09  10  00  00  76     408.0927
     0100      8   40  00  00  09  10  00  00  C7     408.0978
     0101      8   60  01  00  00  00  00  00  F7     408.0983
     0102      8   20  00  00  09  10  00  00  76     408.0986
     0100      8   40  00  00  09  10  00  00  C7     408.1029
     0100      8   60  00  00  09  10  00  00  A8     408.1080
     0101      8   80  01  00  00  00  00  00  E7     408.1083
     0102      8   40  00  00  09  10  00  00  C7     408.1086
     0100      8   60  00  00  09  10  00  00  A8     408.1131
     0100      8   80  00  00  09  10  00  00  B8     408.1182
     0101      8   A0  01  00  00  00  00  00  88     408.1185
     0102      8   60  00  00  09  10  00  00  A8     408.1187
     0100      8   80  00  00  09  10  00  00  B8     408.1233
     0101      8   C0  01  00  00  00  00  00  39     408.1283
     0100      8   A0  00  00  09  10  00  00  D7     408.1286
     0102      8   80  00  00  09  10  00  00  B8     408.1288
     0100      8   C0  00  00  09  10  00  00  66     408.1335
     0101      8   E0  01  00  00  00  00  00  56     408.1383
     0102      8   C0  00  00  09  10  00  00  66     408.1385
     0100      8   C0  00  00  09  10  00  00  66     408.1388
     0100      8   E0  00  00  09  10  00  00  09     408.1437
     0101      8   00  01  00  00  00  00  00  46     408.1483
     0102      8   E0  00  00  09  10  00  00  09     408.1485
     0501      8   0E  00  00  00  00  00  00  01     408.1488
     0100      8   E0  00  00  09  10  00  00  09     408.1490
     0100      8   00  00  00  09  10  00  00  19     408.1539
     0101      8   20  01  00  00  00  00  00  29     408.1583
     0102      8   00  00  00  09  10  00  00  19     408.1585
     0100      8   00  00  00  09  10  00  00  19     408.1590
     0100      8   20  00  00  09  10  00  00  76     408.1641
     0101      8   40  01  00  00  00  00  00  98     408.1683
     0102      8   20  00  00  09  10  00  00  76     408.1685
     0100      8   20  00  00  09  10  00  00  76     408.1692
     0100      8   40  00  00  09  10  00  00  C7     408.1743
     0101      8   60  01  00  00  00  00  00  F7     408.1783
     0102      8   40  00  00  09  10  00  00  C7     408.1785
     0100      8   40  00  00  09  10  00  00  C7     408.1794
     0100      8   60  00  00  09  10  00  00  A8     408.1845
     0101      8   80  01  00  00  00  00  00  E7     408.1883
     0102      8   60  00  00  09  10  00  00  A8     408.1885
     0100      8   60  00  00  09  10  00  00  A8     408.1896
     0100      8   80  00  00  09  10  00  00  B8     408.1947
     0101      8   A0  01  00  00  00  00  00  88     408.1983
     0102      8   80  00  00  09  10  00  00  B8     408.1985
     0100      8   80  00  00  09  10  00  00  B8     408.1998
     0100      8   A0  00  00  09  10  00  00  D7     408.2049
     0101      8   C0  01  00  00  00  00  00  39     408.2083
     0102      8   A0  00  00  09  10  00  00  D7     408.2085
     0100      8   A0  00  00  09  10  00  00  D7     408.2100
     0100      8   C0  00  00  09  10  00  00  66     408.2151
     0101      8   E0  01  00  00  00  00  00  56     408.2183
     0102      8   C0  00  00  09  10  00  00  66     408.2185
     0100      8   C0  00  00  09  10  00  00  66     408.2202
     0100      8   E0  00  00  09  10  00  00  09     408.2253
     0101      8   00  01  00  00  00  00  00  46     408.2283
     0102      8   E0  00  00  09  10  00  00  09     408.2285
     0100      8   E0  00  00  09  10  00  00  09     408.2304
     0100      8   00  00  00  09  10  00  00  19     408.2355
     0101      8   20  01  00  00  00  00  00  29     408.2383
     0102      8   00  00  00  09  10  00  00  19     408.2385
     0100      8   00  00  00  09  10  00  00  19     408.2406
     0100      8   20  00  00  09  10  00  00  76     408.2457
     0101      8   40  01  00  00  00  00  00  98     408.2483
     0102      8   20  00  00  09  10  00  00  76     408.2485
     0501      8   0E  00  00  00  00  00  00  01     408.2488
     0100      8   20  00  00  09  10  00  00  76     408.2508
     0100      8   40  00  00  09  10  00  00  C7     408.2559
     0101      8   60  01  00  00  00  00  00  F7     408.2583
     0102      8   40  00  00  09  10  00  00  C7     408.2585
     0100      8   40  00  00  09  10  00  00  C7     408.2610
     0100      8   60  00  00  09  10  00  00  A8     408.2661
     0101      8   80  01  00  00  00  00  00  E7     408.2683
     0102      8   60  00  00  09  10  00  00  A8     408.2685
     0100      8   60  00  00  09  10  00  00  A8     408.2712
     0100      8   80  00  00  09  10  00  00  B8     408.2763
     0101      8   A0  01  00  00  00  00  00  88     408.2783
     0102      8   80  00  00  09  10  00  00  B8     408.2785
     0100      8   80  00  00  09  10  00  00  B8     408.2814
     0100      8   A0  00  00  09  10  00  00  D7     408.2865
     0101      8   C0  01  00  00  00  00  00  39     408.2883
     0102      8   A0  00  00  09  10  00  00  D7     408.2885
     0100      8   A0  00  00  09  10  00  00  D7     408.2916
     0100      8   C0  00  00  09  10  00  00  66     408.2967
     0101      8   E0  01  00  00  00  00  00  56     408.2983
     0102      8   C0  00  00  09  10  00  00  66     408.2985
     0100      8   C0  00  00  09  10  00  00  66     408.3018
     0100      8   E0  00  00  09  10  00  00  09     408.3069
     0101      8   00  01  00  00  00  00  00  46     408.3083
     0102      8   E0  00  00  09  10  00  00  09     408.3085
     0100      8   E0  00  00  09  10  00  00  09     408.3120
     0100      8   00  00  00  09  10  00  00  19     408.3171
     0101      8   20  01  00  00  00  00  00  29     408.3183
     0102      8   00  00  00  09  10  00  00  19     408.3185
     0100      8   00  00  00  09  10  00  00  19     408.3222
     0100      8   20  00  00  09  10  00  00  76     408.3273
     0101      8   40  01  00  00  00  00  00  98     408.3283
     0102      8   20  00  00  09  10  00  00  76     408.3285
     0100      8   20  00  00  09  10  00  00  76     408.3324
     0100      8   40  00  00  09  10  00  00  C7     408.3375
     0101      8   60  01  00  00  00  00  00  F7     408.3383
     0102      8   40  00  00  09  10  00  00  C7     408.3385
     0100      8   40  00  00  09  10  00  00  C7     408.3426
     0100      8   60  00  00  09  10  00  00  A8     408.3477
     0101      8   80  01  00  00  00  00  00  E7     408.3483
     0102      8   60  00  00  09  10  00  00  A8     408.3485
     0501      8   0E  00  00  00  00  00  00  01     408.3488
     0100      8   60  00  00  09  10  00  00  A8     408.3528
     0100      8   80  00  00  09  10  00  00  B8     408.3579
     0101      8   A0  01  00  00  00  00  00  88     408.3583
     0102      8   60  00  00  09  10  00  00  A8     408.3585
     0100      8   80  00  00  09  10  00  00  B8     408.3630
     0100      8   A0  00  00  09  10  00  00  D7     408.3681
     0101      8   C0  01  00  00  00  00  00  39     408.3683
     0102      8   80  00  00  09  10  00  00  B8     408.3686
     0100      8   A0  00  00  09  10  00  00  D7     408.3732
     0101      8   E0  01  00  00  00  00  00  56     408.3783
     0100      8   C0  00  00  09  10  00  00  66     408.3785
     0102      8   A0  00  00  09  10  00  00  D7     408.3788
     0100      8   E0  00  00  09  10  00  00  09     408.3834
     0101      8   00  01  00  00  00  00  00  46     408.3883
     0100      8   E0  00  00  09  10  00  00  09     408.3885
     0102      8   E0  00  00  09  10  00  00  09     408.3888
     0100      8   00  00  00  09  10  00  00  19     408.3936
     0101      8   20  01  00  00  00  00  00  29     408.3983
     0102      8   00  00  00  09  10  00  00  19     408.3985
     0100      8   00  00  00  09  10  00  00  19     408.3988
     0100      8   20  00  00  09  10  00  00  76     408.4038
     0101      8   40  01  00  00  00  00  00  98     408.4083
     0102      8   20  00  00  09  10  00  00  76     408.4085
     0100      8   20  00  00  09  10  00  00  76     408.4089
     0100      8   40  00  00  09  10  00  00  C7     408.4140
     0101      8   60  01  00  00  00  00  00  F7     408.4183
     0102      8   40  00  00  09  10  00  00  C7     408.4185
     0100      8   40  00  00  09  10  00  00  C7     408.4191
     0100      8   60  00  00  09  10  00  00  A8     408.4242
     0101      8   80  01  00  00  00  00  00  E7     408.4283
     0102      8   60  00  00  09  10  00  00  A8     408.4285
     0100      8   60  00  00  09  10  00  00  A8     408.4293
     0100      8   80  00  00  09  10  00  00  B8     408.4344
     0101      8   A0  01  00  00  00  00  00  88     408.4383
     0102      8   80  00  00  09  10  00  00  B8     408.4385
     0100      8   80  00  00  09  10  00  00  B8     408.4395
     0100      8   A0  00  00  09  10  00  00  D7     408.4446
     0101      8   C0  01  00  00  00  00  00  39     408.4483
     0102      8   A0  00  00  09  10  00  00  D7     408.4485
     0501      8   0E  00  00  00  00  00  00  01     408.4488
     0100      8   A0  00  00  09  10  00  00  D7     408.4497
     0100      8   C0  00  00  09  10  00  00  66     408.4548
     0101      8   E0  01  00  00  00  00  00  56     408.4583
     0102      8   C0  00  00  09  10  00  00  66     408.4585
     0100      8   C0  00  00  09  10  00  00  66     408.4599
     0100      8   E0  00  00  09  10  00  00  09     408.4650
     0101      8   00  01  00  00  00  00  00  46     408.4683
     0102      8   E0  00  00  09  10  00  00  09     408.4685
     0100      8   E0  00  00  09  10  00  00  09     408.4701
     0100      8   00  00  00  09  10  00  00  19     408.4752
     0101      8   20  01  00  00  00  00  00  29     408.4783
     0102      8   00  00  00  09  10  00  00  19     408.4785
     0100      8   00  00  00  09  10  00  00  19     408.4803
     0100      8   20  00  00  09  10  00  00  76     408.4854
     0101      8   40  01  00  00  00  00  00  98     408.4882
     0102      8   20  00  00  09  10  00  00  76     408.4885
     0100      8   20  00  00  09  10  00  00  76     408.4905
     0100      8   40  00  00  09  10  00  00  C7     408.4956
     0101      8   60  01  00  00  00  00  00  F7     408.4983
     0102      8   40  00  00  09  10  00  00  C7     408.4985
     0100      8   40  00  00  09  10  00  00  C7     408.5007
     0100      8   60  00  00  09  10  00  00  A8     408.5058
     0101      8   80  01  00  00  00  00  00  E7     408.5082
     0102      8   60  00  00  09  10  00  00  A8     408.5085
     0100      8   60  00  00  09  10  00  00  A8     408.5109
     0100      8   80  00  00  09  10  00  00  B8     408.5160
     0101      8   A0  01  00  00  00  00  00  88     408.5182
     0102      8   80  00  00  09  10  00  00  B8     408.5185
     0100      8   80  00  00  09  10  00  00  B8     408.5211
     0100      8   A0  00  00  09  10  00  00  D7     408.5262
     0101      8   C0  01  00  00  00  00  00  39     408.5282
     0102      8   A0  00  00  09  10  00  00  D7     408.5285
     0100      8   A0  00  00  09  10  00  00  D7     408.5313
     0100      8   C0  00  00  09  10  00  00  66     408.5364
     0101      8   E0  01  00  00  00  00  00  56     408.5382
     0102      8   C0  00  00  09  10  00  00  66     408.5385
     0100      8   C0  00  00  09  10  00  00  66     408.5415
     0100      8   E0  00  00  09  10  00  00  09     408.5466
     0101      8   00  01  00  00  00  00  00  46     408.5482
     0102      8   E0  00  00  09  10  00  00  09     408.5485
     0501      8   0E  00  00  00  00  00  00  01     408.5487
     0100      8   E0  00  00  09  10  00  00  09     408.5517
     0100      8   00  00  00  09  10  00  00  19     408.5568
     0101      8   20  01  00  00  00  00  00  29     408.5582
     0102      8   00  00  00  09  10  00  00  19     408.5585
     0100      8   00  00  00  09  10  00  00  19     408.5619
     0100      8   20  00  00  09  10  00  00  76     408.5670
     0101      8   40  01  00  00  00  00  00  98     408.5682
     0102      8   20  00  00  09  10  00  00  76     408.5685
     0100      8   20  00  00  09  10  00  00  76     408.5721
     0100      8   40  00  00  09  10  00  00  C7     408.5772
     0101      8   60  01  00  00  00  00  00  F7     408.5782
     0102      8   40  00  00  09  10  00  00  C7     408.5785
     0100      8   40  00  00  09  10  00  00  C7     408.5822
     0100      8   60  00  00  09  10  00  00  A8     408.5873
     0101      8   80  01  00  00  00  00  00  E7     408.5882
     0102      8   60  00  00  09  10  00  00  A8     408.5885
     0100      8   60  00  00  09  10  00  00  A8     408.5924
     0100      8   80  00  00  09  10  00  00  B8     408.5975
     0101      8   A0  01  00  00  00  00  00  88     408.5982
     0102      8   80  00  00  09  10  00  00  B8     408.5985
     0100      8   80  00  00  09  10  00  00  B8     408.6026
     0100      8   A0  00  00  09  10  00  00  D7     408.6077
     0101      8   C0  01  00  00  00  00  00  39     408.6082
     0102      8   80  00  00  09  10  00  00  B8     408.6085
     0100      8   A0  00  00  09  10  00  00  D7     408.6128
     0100      8   C0  00  00  09  10  00  00  66     408.6179
     0101      8   E0  01  00  00  00  00  00  56     408.6182
     0102      8   A0  00  00  09  10  00  00  D7     408.6185
     0100      8   C0  00  00  09  10  00  00  66     408.6230
     0100      8   E0  00  00  09  10  00  00  09     408.6281
     0101      8   00  04  00  00  00  00  00  05     408.6284
     0102      8   C0  00  00  09  10  00  00  66     408.6286
     0100      8   E0  00  00  09  10  00  00  09     408.6332
     0101      8   20  1B  00  00  00  00  00  BB     408.6382
     0100      8   00  00  00  09  10  00  00  19     408.6385
     0102      8   E0  00  00  09  10  00  00  09     408.6387
     0100      8   20  00  00  09  10  00  00  76     408.6434
     0101      8   40  3F  00  00  00  00  00  27     408.6482
     0102      8   20  00  00  09  10  00  00  76     408.6485
     0100      8   20  00  00  09  10  00  00  76     408.6487
     0501      8   0E  00  00  00  00  00  00  01     408.6490
     0100      8   40  00  00  09  10  00  00  C7     408.6536
     0101      8   60  58  00  00  00  00  00  FF     408.6582
     0102      8   40  00  00  09  10  00  00  C7     408.6585
     0100      8   40  00  00  09  10  00  00  C7     408.6587
     0100      8   60  00  00  09  10  00  00  A8     408.6638
     0101      8   80  7A  00  00  00  00  00  4B     408.6682
     0102      8   60  00  00  09  10  00  00  A8     408.6685
     0100      8   60  00  00  09  10  00  00  A8     408.6689
     0100      8   80  00  00  09  10  00  00  B8     408.6740
     0101      8   A0  94  00  00  00  00  00  7F     408.6782
     0102      8   80  00  00  09  10  00  00  B8     408.6785
     0100      8   80  00  00  09  10  00  00  B8     408.6791
     0100      8   A0  00  00  09  10  00  00  D7     408.6842
     0101      8   C0  A7  00  00  00  00  00  38     408.6882
     0102      8   A0  00  00  09  10  00  00  D7     408.6885
     0100      8   A0  00  00  09  10  00  00  D7     408.6893
     0100      8   C0  00  00  09  10  00  00  66     408.6944
     0101      8   E0  C8  00  00  00  00  00  EA     408.6982
     0102      8   C0  00  00  09  10  00  00  66     408.6985
     0100      8   C0  00  00  09  10  00  00  66     408.6995
     0100      8   E0  00  00  09  10  00  00  09     408.7046
     0101      8   00  E0  00  00  00  00  00  D8     408.7082
     0102      8   E0  00  00  09  10  00  00  09     408.7085
     0100      8   E0  00  00  09  10  00  00  09     408.7097
     0100      8   00  00  00  09  10  00  00  19     408.7148
     0101      8   21  10  00  00  00  00  00  26     408.7182
     0102      8   00  00  00  09  10  00  00  19     408.7185
     0100      8   00  00  00  09  10  00  00  19     408.7199
     0100      8   20  00  00  09  10  00  00  76     408.7250
     0101      8   41  29  00  00  00  00  00  E7     408.7282
     0102      8   20  00  00  09  10  00  00  76     408.7285
     0100      8   20  00  00  09  10  00  00  76     408.7301
     0100      8   40  00  00  09  10  00  00  C7     408.7352
     0101      8   61  33  00  00  00  00  00  1A     408.7382
     0102      8   40  00  00  09  10  00  00  C7     408.7385
     0100      8   40  00  00  09  10  00  00  C7     408.7403
     0100      8   60  00  00  09  10  00  00  A8     408.7454
     0101      8   81  3F  00  00  00  00  00  05     408.7482
     0102      8   60  00  00  09  10  00  00  A8     408.7485
     0501      8   0E  00  00  00  00  00  00  01     408.7487
     0100      8   60  00  00  09  10  00  00  A8     408.7505
     0100      8   80  00  00  09  10  00  00  B8     408.7556
     0101      8   A1  4B  00  00  00  00  00  03     408.7582
     0102      8   80  00  00  09  10  00  00  B8     408.7585
     0100      8   80  00  00  09  10  00  00  B8     408.7607
     0100      8   A0  00  00  09  10  00  00  D7     408.7658
     0101      8   C1  56  00  00  00  00  00  EF     408.7682
     0102      8   A0  00  00  09  10  00  00  D7     408.7685
     0100      8   A0  00  00  09  10  00  00  D7     408.7709
     0100      8   C0  00  00  09  10  00  00  66     408.7760
     0101      8   E1  5B  00  00  00  00  00  C9     408.7782
     0102      8   C0  00  00  09  10  00  00  66     408.7784
     0100      8   C0  00  00  09  10  00  00  66     408.7811
     0100      8   E0  00  00  09  10  00  00  09     408.7862
     0101      8   01  5F  00  00  00  00  00  DC     408.7882
     0102      8   E0  00  00  09  10  00  00  09     408.7885
     0100      8   E0  00  00  09  10  00  00  09     408.7913
     0100      8   00  00  00  09  10  00  00  19     408.7963
     0101      8   21  62  00  00  00  00  00  C6     408.7982
     0102      8   00  00  00  09  10  00  00  19     408.7985
     0100      8   00  00  00  09  10  00  00  19     408.8013
     0100      8   20  00  00  09  10  00  00  76     408.8064
     0101      8   41  64  00  00  00  00  00  FE     408.8082
     0102      8   20  00  00  09  10  00  00  76     408.8084
     0100      8   20  00  00  09  10  00  00  76     408.8114
     0100      8   40  00  00  09  10  00  00  C7     408.8164
     0101      8   61  68  00  00  00  00  00  9E     408.8182
     0102      8   40  00  00  09  10  00  00  C7     408.8184
     0100      8   40  00  00  09  10  00  00  C7     408.8214
     0100      8   60  00  00  09  10  00  00  A8     408.8264
     0101      8   81  6B  00  00  00  00  00  44     408.8282
     0102      8   60  00  00  09  10  00  00  A8     408.8284
     0100      8   60  00  00  09  10  00  00  A8     408.8314
     0100      8   80  00  00  09  10  00  00  B8     408.8364
     0101      8   A1  6C  00  00  00  00  00  E4     408.8382
     0102      8   80  00  00  09  10  00  00  B8     408.8384
     0100      8   80  00  00  09  10  00  00  B8     408.8414
     0100      8   A0  00  00  09  10  00  00  D7     408.8465
     0101      8   C1  6D  00  00  00  00  00  13     408.8482
     0102      8   A0  00  00  09  10  00  00  D7     408.8484
     0501      8   0E  00  00  00  00  00  00  01     408.8487
     0100      8   A0  00  00  09  10  00  00  D7     408.8515
     0100      8   C0  00  00  09  10  00  00  66     408.8565
     0101      8   E1  6E  00  00  00  00  00  B6     408.8582
     0102      8   C0  00  00  09  10  00  00  66     408.8584
     0100      8   C0  00  00  09  10  00  00  66     408.8615
     0100      8   E0  00  00  09  10  00  00  09     408.8665
     0101      8   01  70  00  00  00  00  00  31     408.8682
     0102      8   E0  00  00  09  10  00  00  09     408.8684
     0100      8   E0  00  00  09  10  00  00  09     408.8715
     0100      8   00  00  00  09  10  00  00  19     408.8766
     0101      8   21  70  00  00  00  00  00  5E     408.8782
     0102      8   00  00  00  09  10  00  00  19     408.8784
     0100      8   00  00  00  09  10  00  00  19     408.8816
     0100      8   20  00  00  09  10  00  00  76     408.8866
     0101      8   41  71  00  00  00  00  00  A9     408.8882
     0102      8   20  00  00  09  10  00  00  76     408.8884
     0100      8   20  00  00  09  10  00  00  76     408.8916
     0100      8   40  00  00  09  10  00  00  C7     408.8966
     0101      8   61  71  00  00  00  00  00  C6     408.8982
     0102      8   40  00  00  09  10  00  00  C7     408.8984
     0100      8   40  00  00  09  10  00  00  C7     408.9016
     0100      8   60  00  00  09  10  00  00  A8     408.9066
     0101      8   81  71  00  00  00  00  00  D6     408.9082
     0102      8   60  00  00  09  10  00  00  A8     408.9084
     0100      8   60  00  00  09  10  00  00  A8     408.9116
     0100      8   80  00  00  09  10  00  00  B8     408.9167
     0101      8   A1  72  00  00  00  00  00  73     408.9182
     0102      8   80  00  00  09  10  00  00  B8     408.9184
     0100      8   80  00  00  09  10  00  00  B8     408.9217
     0100      8   A0  00  00  09  10  00  00  D7     408.9267
     0101      8   C1  72  00  00  00  00  00  C2     408.9282
     0102      8   A0  00  00  09  10  00  00  D7     408.9284
     0100      8   A0  00  00  09  10  00  00  D7     408.9317
     0100      8   C0  00  00  09  10  00  00  66     408.9367
     0101      8   E1  72  00  00  00  00  00  AD     408.9382
     0102      8   C0  00  00  09  10  00  00  66     408.9384
     0100      8   C0  00  00  09  10  00  00  66     408.9417
     0100      8   E0  00  00  09  10  00  00  09     408.9467
     0101      8   01  72  00  00  00  00  00  BD     408.9482
     0102      8   E0  00  00  09  10  00  00  09     408.9484
     0501      8   0E  00  00  00  00  00  00  01     408.9487
     0100      8   E0  00  00  09  10  00  00  09     408.9518
     0100      8   00  00  00  09  10  00  00  19     408.9568
     0101      8   21  72  00  00  00  00  00  D2     408.9582
     0102      8   00  00  00  09  10  00  00  19     408.9584
     0100      8   00  00  00  09  10  00  00  19     408.9618
     0100      8   20  00  00  09  10  00  00  76     408.9668
     0101      8   41  72  00  00  00  00  00  63     408.9682
     0102      8   20  00  00  09  10  00  00  76     408.9684
     0100      8   20  00  00  09  10  00  00  76     408.9718
     0100      8   40  00  00  09  10  00  00  C7     408.9768
     0101      8   61  72  00  00  00  00  00  0C     408.9782
     0102      8   40  00  00  09  10  00  00  C7     408.9784
     0100      8   40  00  00  09  10  00  00  C7     408.9819
     0100      8   60  00  00  09  10  00  00  A8     408.9869
     0101      8   81  73  00  00  00  00  00  5A     408.9882
     0102      8   60  00  00  09  10  00  00  A8     408.9884
     0100      8   60  00  00  09  10  00  00  A8     408.9919
     0100      8   80  00  00  09  10  00  00  B8     408.9969
     0101      8   A1  73  00  00  00  00  00  35     408.9982
     0102      8   80  00  00  09  10  00  00  B8     408.9984
     0100      8   80  00  00  09  10  00  00  B8     409.0019
     0100      8   A0  00  00  09  10  00  00  D7     409.0069
     0101      8   C1  73  00  00  00  00  00  84     409.0082
     0102      8   A0  00  00  09  10  00  00  D7     409.0084
     0100      8   A0  00  00  09  10  00  00  D7     409.0119
     0100      8   C0  00  00  09  10  00  00  66     409.0169
     0101      8   E1  73  00  00  00  00  00  EB     409.0182
     0102      8   C0  00  00  09  10  00  00  66     409.0184
     0100      8   C0  00  00  09  10  00  00  66     409.0220
     0100      8   E0  00  00  09  10  00  00  09     409.0270
     0101      8   01  73  00  00  00  00  00  FB     409.0282
     0102      8   E0  00  00  09  10  00  00  09     409.0284
     0100      8   E0  00  00  09  10  00  00  09     409.0320
     0100      8   00  00  00  09  10  00  00  19     409.0370
     0101      8   21  73  00  00  00  00  00  94     409.0382
     0102      8   00  00  00  09  10  00  00  19     409.0384
     0100      8   00  00  00  09  10  00  00  19     409.0420
     0100      8   20  00  00  09  10  00  00  76     409.0470
     0101      8   41  73  00  00  00  00  00  25     409.0482
     0102      8   20  00  00  09  10  00  00  76     409.0484
     0501      8   0E  00  00  00  00  00  00  01     409.0487
     0100      8   20  00  00  09  10  00  00  76     409.0520
     0100      8   40  00  00  09  10  00  00  C7     409.0571
     0101      8   61  73  00  00  00  00  00  4A     409.0582
     0102      8   40  00  00  09  10  00  00  C7     409.0584
     0100      8   40  00  00  09  10  00  00  C7     409.0621
     0100      8   60  00  00  09  10  00  00  A8     409.0671
     0101      8   81  73  00  00  00  00  00  5A     409.0682
     0102      8   60  00  00  09  10  00  00  A8     409.0684
     0100      8   60  00  00  09  10  00  00  A8     409.0721
     0100      8   80  00  00  09  10  00  00  B8     409.0771
     0101      8   A1  73  00  00  00  00  00  35     409.0782
     0102      8   80  00  00  09  10  00  00  B8     409.0784
     0100      8   80  00  00  09  10  00  00  B8     409.0821
     0100      8   A0  00  00  09  10  00  00  D7     409.0871
     0101      8   C1  73  00  00  00  00  00  84     409.0882
     0102      8   A0  00  00  09  10  00  00  D7     409.0884
     0100      8   A0  00  00  09  10  00  00  D7     409.0922
     0100      8   C0  00  00  09  10  00  00  66     409.0972
     0101      8   E1  73  00  00  00  00  00  EB     409.0982
     0102      8   C0  00  00  09  10  00  00  66     409.0984
     0100      8   C0  00  00  09  10  00  00  66     409.1022
     0100      8   E0  00  00  09  10  00  00  09     409.1072
     0101      8   01  73  00  00  00  00  00  FB     409.1082
     0102      8   E0  00  00  09  10  00  00  09     409.1084
     0100      8   E0  00  00  09  10  00  00  09     409.1122
     0100      8   00  00  00  09  10  00  00  19     409.1172
     0101      8   21  73  00  00  00  00  00  94     409.1182
     0102      8   00  00  00  09  10  00  00  19     409.1184
     0100      8   00  00  00  09  10  00  00  19     409.1222
     0100      8   20  00  00  09  10  00  00  76     409.1273
     0101      8   41  73  00  00  00  00  00  25     409.1282
     0102      8   20  00  00  09  10  00  00  76     409.1284
     0100      8   20  00  00  09  10  00  00  76     409.1323
     0100      8   40  00  00  09  10  00  00  C7     409.1373
     0101      8   61  73  00  00  00  00  00  4A     409.1382
     0102      8   40  00  00  09  10  00  00  C7     409.1384
     0100      8   40  00  00  09  10  00  00  C7     409.1423
     0100      8   60  00  00  09  10  00  00  A8     409.1473
     0101      8   81  73  00  00  00  00  00  5A     409.1482
     0102      8   60  00  00  09  10  00  00  A8     409.1484
     0501      8   0E  00  00  00  00  00  00  01     409.1487
     0100      8   60  00  00  09  10  00  00  A8     409.1523
     0100      8   80  00  00  09  10  00  00  B8     409.1573
     0101      8   A1  73  00  00  00  00  00  35     409.1581
     0102      8   80  00  00  09  10  00  00  B8     409.1584
     0100      8   80  00  00  09  10  00  00  B8     409.1623
     0100      8   A0  00  00  09  10  00  00  D7     409.1674
     0101      8   C1  73  00  00  00  00  00  84     409.1682
     0102      8   A0  00  00  09  10  00  00  D7     409.1684
     0100      8   A0  00  00  09  10  00  00  D7     409.1724
     0100      8   C0  00  00  09  10  00  00  66     409.1774
     0101      8   E1  73  00  00  00  00  00  EB     409.1781
     0102      8   C0  00  00  09  10  00  00  66     409.1784
     0100      8   C0  00  00  09  10  00  00  66     409.1824
     0100      8   E0  00  00  09  10  00  00  09     409.1874
     0101      8   01  73  00  00  00  00  00  FB     409.1882
     0102      8   E0  00  00  09  10  00  00  09     409.1884
     0100      8   E0  00  00  09  10  00  00  09     409.1924
     0100      8   00  00  00  09  10  00  00  19     409.1975
     0101      8   21  73  00  00  00  00  00  94     409.1981
     0102      8   00  00  00  09  10  00  00  19     409.1984
     0100      8   00  00  00  09  10  00  00  19     409.2025
     0100      8   20  00  00  09  10  00  00  76     409.2075
     0101      8   41  73  00  00  00  00  00  25     409.2081
     0102      8   20  00  00  09  10  00  00  76     409.2084
     0100      8   20  00  00  09  10  00  00  76     409.2125
     0100      8   40  00  00  09  10  00  00  C7     409.2175
     0101      8   61  73  00  00  00  00  00  4A     409.2181
     0102      8   40  00  00  09  10  00  00  C7     409.2184
     0100      8   40  00  00  09  10  00  00  C7     409.2225
     0100      8   60  00  00  09  10  00  00  A8     409.2275
     0101      8   81  73  00  00  00  00  00  5A     409.2281
     0102      8   60  00  00  09  10  00  00  A8     409.2284
     0100      8   60  00  00  09  10  00  00  A8     409.2325
     0100      8   80  00  00  09  10  00  00  B8     409.2376
     0101      8   A1  73  00  00  00  00  00  35     409.2381
     0102      8   80  00  00  09  10  00  00  B8     409.2384
     0100      8   80  00  00  09  10  00  00  B8     409.2426
     0100      8   A0  00  00  09  10  00  00  D7     409.2476
     0101      8   C1  73  00  00  00  00  00  84     409.2481
     0102      8   A0  00  00  09  10  00  00  D7     409.2484
     0501      8   0E  00  00  00  00  00  00  01     409.2486
     0100      8   A0  00  00  09  10  00  00  D7     409.2526
     0100      8   C0  00  00  09  10  00  00  66     409.2576
     0101      8   E1  73  00  00  00  00  00  EB     409.2581
     0102      8   C0  00  00  09  10  00  00  66     409.2584
     0100      8   C0  00  00  09  10  00  00  66     409.2626
     0100      8   E0  00  00  09  10  00  00  09     409.2676
     0101      8   01  73  00  00  00  00  00  FB     409.2681
     0102      8   C0  00  00  09  10  00  00  66     409.2684
     0100      8   E0  00  00  09  10  00  00  09     409.2727
     0100      8   00  00  00  09  10  00  00  19     409.2777
     0101      8   21  73  00  00  00  00  00  94     409.2781
     0102      8   E0  00  00  09  10  00  00  09     409.2784
     0100      8   00  00  00  09  10  00  00  19     409.2827
     0100      8   20  00  00  09  10  00  00  76     409.2877
     0101      8   41  73  00  00  00  00  00  25     409.2881
     0102      8   00  00  00  09  10  00  00  19     409.2884
     0100      8   20  00  00  09  10  00  00  76     409.2927
     0100      8   40  00  00  09  10  00  00  C7     409.2977
     0101      8   61  73  00  00  00  00  00  4A     409.2981
     0102      8   20  00  00  09  10  00  00  76     409.2984
     0100      8   40  00  00  09  10  00  00  C7     409.3027
     0100      8   60  00  00  09  10  00  00  A8     409.3078
     0101      8   81  73  00  00  00  00  00  5A     409.3081
     0102      8   40  00  00  09  10  00  00  C7     409.3084
     0100      8   60  00  00  09  10  00  00  A8     409.3128
     0100      8   80  00  00  09  10  00  00  B8     409.3178
     0101      8   A1  73  00  00  00  00  00  35     409.3181
     0102      8   60  00  00  09  10  00  00  A8     409.3184
     0100      8   80  00  00  09  10  00  00  B8     409.3228
     0100      8   A0  00  00  09  10  00  00  D7     409.3278
     0101      8   C1  73  00  00  00  00  00  84     409.3281
     0102      8   80  00  00  09  10  00  00  B8     409.3284
     0100      8   A0  00  00  09  10  00  00  D7     409.3328
     0100      8   C0  00  00  09  10  00  00  66     409.3378
     0101      8   E1  73  00  00  00  00  00  EB     409.3381
     0102      8   A0  00  00  09  10  00  00  D7     409.3384
     0100      8   C0  00  00  09  10  00  00  66     409.3429
     0100      8   E0  00  00  09  10  00  00  09     409.3479
     0101      8   01  73  00  00  00  00  00  FB     409.3481
     0102      8   C0  00  00  09  10  00  00  66     409.3484
     0501      8   0E  00  00  00  00  00  00  01     409.3486
     0100      8   E0  00  00  09  10  00  00  09     409.3529
     0100      8   00  00  00  09  10  00  00  19     409.3579
     0101      8   21  73  00  00  00  00  00  94     409.3581
     0102      8   E0  00  00  09  10  00  00  09     409.3584
     0100      8   00  00  00  09  10  00  00  19     409.3629
     0100      8   20  00  00  09  10  00  00  76     409.3679
     0101      8   41  73  00  00  00  00  00  25     409.3682
     0102      8   00  00  00  09  10  00  00  19     409.3684
     0100      8   20  00  00  09  10  00  00  76     409.3729
     0100      8   40  00  00  09  10  00  00  C7     409.3780
     0101      8   61  73  00  00  00  00  00  4A     409.3782
     0102      8   20  00  00  09  10  00  00  76     409.3784
     0100      8   40  00  00  09  10  00  00  C7     409.3830
     0100      8   60  00  00  09  10  00  00  A8     409.3880
     0101      8   81  73  00  00  00  00  00  5A     409.3882
     0102      8   40  00  00  09  10  00  00  C7     409.3885
     0100      8   60  00  00  09  10  00  00  A8     409.3930
     0100      8   80  00  00  09  10  00  00  B8     409.3980
     0101      8   A1  73  00  00  00  00  00  35     409.3982
     0102      8   60  00  00  09  10  00  00  A8     409.3985
     0100      8   80  00  00  09  10  00  00  B8     409.4030
     0100      8   A0  00  00  09  10  00  00  D7     409.4080
     0101      8   C1  73  00  00  00  00  00  84     409.4083
     0102      8   80  00  00  09  10  00  00  B8     409.4085
     0100      8   A0  00  00  09  10  00  00  D7     409.4131
     0100      8   C0  00  00  09  10  00  00  66     409.4181
     0101      8   E1  73  00  00  00  00  00  EB     409.4183
     0102      8   A0  00  00  09  10  00  00  D7     409.4185
     0100      8   C0  00  00  09  10  00  00  66     409.4231
     0100      8   E0  00  00  09  10  00  00  09     409.4281
     0101      8   01  73  00  00  00  00  00  FB     409.4283
     0102      8   C0  00  00  09  10  00  00  66     409.4286
     0100      8   E0  00  00  09  10  00  00  09     409.4331
     0101      8   21  73  00  00  00  00  00  94     409.4381
     0100      8   00  00  00  09  10  00  00  19     409.4384
     0102      8   E0  00  00  09  10  00  00  09     409.4386
     0100      8   20  00  00  09  10  00  00  76     409.4431
     0101      8   41  73  00  00  00  00  00  25     409.4481
     0100      8   20  00  00  09  10  00  00  76     409.4484
     0102      8   20  00  00  09  10  00  00  76     409.4486
     0501      8   0E  00  00  00  00  00  00  01     409.4489
     0100      8   40  00  00  09  10  00  00  C7     409.4532
     0101      8   61  73  00  00  00  00  00  4A     409.4581
     0100      8   40  00  00  09  10  00  00  C7     409.4584
     0102      8   40  00  00  09  10  00  00  C7     409.4586
     0100      8   60  00  00  09  10  00  00  A8     409.4632
     0101      8   81  73  00  00  00  00  00  5A     409.4681
     0100      8   60  00  00  09  10  00  00  A8     409.4684
     0102      8   60  00  00  09  10  00  00  A8     409.4686
     0100      8   80  00  00  09  10  00  00  B8     409.4732
     0101      8   A1  73  00  00  00  00  00  35     409.4781
     0100      8   80  00  00  09  10  00  00  B8     409.4783
     0102      8   80  00  00  09  10  00  00  B8     409.4786
     0100      8   A0  00  00  09  10  00  00  D7     409.4832
     0101      8   C1  73  00  00  00  00  00  84     409.4881
     0100      8   A0  00  00  09  10  00  00  D7     409.4884
     0102      8   A0  00  00  09  10  00  00  D7     409.4886
     0100      8   C0  00  00  09  10  00  00  66     409.4933
     0101      8   E1  73  00  00  00  00  00  EB     409.4981
     0100      8   C0  00  00  09  10  00  00  66     409.4984
     0102      8   C0  00  00  09  10  00  00  66     409.4986
     0100      8   E0  00  00  09  10  00  00  09     409.5033
     0101      8   01  73  00  00  00  00  00  FB     409.5081
     0100      8   E0  00  00  09  10  00  00  09     409.5084
     0102      8   E0  00  00  09  10  00  00  09     409.5086
     0100      8   00  00  00  09  10  00  00  19     409.5133
     0101      8   21  73  00  00  00  00  00  94     409.5181
     0102      8   00  00  00  09  10  00  00  19     409.5183
     0100      8   00  00  00  09  10  00  00  19     409.5186
     0100      8   20  00  00  09  10  00  00  76     409.5234
     0101      8   41  73  00  00  00  00  00  25     409.5281
     0102      8   20  00  00  09  10  00  00  76     409.5283
     0100      8   20  00  00  09  10  00  00  76     409.5286
     0100      8   40  00  00  09  10  00  00  C7     409.5334
     0101      8   61  73  00  00  00  00  00  4A     409.5381
     0102      8   40  00  00  09  10  00  00  C7     409.5383
     0100      8   40  00  00  09  10  00  00  C7     409.5386
     0100      8   60  00  00  09  10  00  00  A8     409.5434
     0101      8   81  73  00  00  00  00  00  5A     409.5481
     0102      8   60  00  00  09  10  00  00  A8     409.5483
     0100      8   60  00  00  09  10  00  00  A8     409.5486
     0501      8   0E  00  00  00  00  00  00  01     409.5488
     0100      8   80  00  00  09  10  00  00  B8     409.5534
     0101      8   A1  73  00  00  00  00  00  35     409.5581
     0102      8   80  00  00  09  10  00  00  B8     409.5583
     0100      8   80  00  00  09  10  00  00  B8     409.5586
     0100      8   A0  00  00  09  10  00  00  D7     409.5635
     0101      8   C1  73  00  00  00  00  00  84     409.5681
     0102      8   A0  00  00  09  10  00  00  D7     409.5683
     0100      8   A0  00  00  09  10  00  00  D7     409.5686
     0100      8   C0  00  00  09  10  00  00  66     409.5735
     0101      8   E1  73  00  00  00  00  00  EB     409.5781
     0102      8   C0  00  00  09  10  00  00  66     409.5783
     0100      8   C0  00  00  09  10  00  00  66     409.5786
     0100      8   E0  00  00  09  10  00  00  09     409.5835
     0101      8   01  73  00  00  00  00  00  FB     409.5881
     0102      8   E0  00  00  09  10  00  00  09     409.5883
     0100      8   E0  00  00  09  10  00  00  09     409.5886
     0100      8   00  00  00  09  10  00  00  19     409.5936
     0101      8   21  73  00  00  00  00  00  94     409.5981
     0102      8   00  00  00  09  10  00  00  19     409.5983
     0100      8   00  00  00  09  10  00  00  19     409.5986
     0100      8   20  00  00  09  10  00  00  76     409.6036
     0101      8   41  73  00  00  00  00  00  25     409.6081
     0102      8   20  00  00  09  10  00  00  76     409.6083
     0100      8   20  00  00  09  10  00  00  76     409.6086
     0100      8   40  00  00  09  10  00  00  C7     409.6136
     0101      8   61  73  00  00  00  00  00  4A     409.6181
     0102      8   40  00  00  09  10  00  00  C7     409.6183
     0100      8   40  00  00  09  10  00  00  C7     409.6186
     0100      8   60  00  00  09  10  00  00  A8     409.6236
     0101      8   81  73  00  00  00  00  00  5A     409.6281
     0102      8   60  00  00  09  10  00  00  A8     409.6283
     0100      8   60  00  00  09  10  00  00  A8     409.6287
     0100      8   80  00  00  09  10  00  00  B8     409.6337
     0101      8   A1  73  00  00  00  00  00  35     409.6381
     0102      8   80  00  00  09  10  00  00  B8     409.6383
     0100      8   80  00  00  09  10  00  00  B8     409.6387
     0100      8   A0  00  00  09  10  00  00  D7     409.6437
     0101      8   C1  73  00  00  00  00  00  84     409.6481
     0102      8   A0  00  00  09  10  00  00  D7     409.6483
     0501      8   0E  00  00  00  00  00  00  01     409.6486
     0100      8   A0  00  00  09  10  00  00  D7     409.6488
     0100      8   C0  00  00  09  10  00  00  66     409.6537
     0101      8   E1  73  00  00  00  00  00  EB     409.6581
     0102      8   C0  00  00  09  10  00  00  66     409.6583
     0100      8   C0  00  00  09  10  00  00  66     409.6587
     0100      8   E0  00  00  09  10  00  00  09     409.6638
     0101      8   01  73  00  00  00  00  00  FB     409.6681
     0102      8   E0  00  00  09  10  00  00  09     409.6683
     0100      8   E0  00  00  09  10  00  00  09     409.6688
     0100      8   00  00  00  09  10  00  00  19     409.6738
     0101      8   21  73  00  00  00  00  00  94     409.6781
     0102      8   00  00  00  09  10  00  00  19     409.6783
     0100      8   00  00  00  09  10  00  00  19     409.6788
     0100      8   20  00  00  09  10  00  00  76     409.6838
     0101      8   41  73  00  00  00  00  00  25     409.6881
     0102      8   20  00  00  09  10  00  00  76     409.6883
     0100      8   20  00  00  09  10  00  00  76     409.6888
     0100      8   40  00  00  09  10  00  00  C7     409.6938
     0101      8   61  73  00  00  00  00  00  4A     409.6981
     0102      8   40  00  00  09  10  00  00  C7     409.6983
     0100      8   40  00  00  09  10  00  00  C7     409.6988
     0100      8   60  00  00  09  10  00  00  A8     409.7039
     0101      8   81  73  00  00  00  00  00  5A     409.7081
     0102      8   60  00  00  09  10  00  00  A8     409.7083
     0100      8   60  00  00  09  10  00  00  A8     409.7089
     0100      8   80  00  00  09  10  00  00  B8     409.7139
     0101      8   A1  73  00  00  00  00  00  35     409.7181
     0102      8   80  00  00  09  10  00  00  B8     409.7183
     0100      8   80  00  00  09  10  00  00  B8     409.7189
     0100      8   A0  00  00  09  10  00  00  D7     409.7239
     0101      8   C1  73  00  00  00  00  00  84     409.7281
     0102      8   A0  00  00  09  10  00  00  D7     409.7283
     0100      8   A0  00  00  09  10  00  00  D7     409.7289
     0100      8   C0  00  00  09  10  00  00  66     409.7339
     0101      8   E1  73  00  00  00  00  00  EB     409.7381
     0102      8   C0  00  00  09  10  00  00  66     409.7383
     0100      8   C0  00  00  09  10  00  00  66     409.7390
     0100      8   E0  00  00  09  10  00  00  09     409.7440
     0101      8   01  73  00  00  00  00  00  FB     409.7481
     0102      8   E0  00  00  09  10  00  00  09     409.7483
     0501      8   0E  00  00  00  00  00  00  01     409.7486
     0100      8   E0  00  00  09  10  00  00  09     409.7490
     0100      8   00  00  00  09  10  00  00  19     409.7540
     0101      8   21  73  00  00  00  00  00  94     409.7581
     0102      8   00  00  00  09  10  00  00  19     409.7583
     0100      8   00  00  00  09  10  00  00  19     409.7590
     0100      8   20  00  00  09  10  00  00  76     409.7640
     0101      8   41  73  00  00  00  00  00  25     409.7681
     0102      8   20  00  00  09  10  00  00  76     409.7683
     0100      8   20  00  00  09  10  00  00  76     409.7691
     0100      8   40  00  00  09  10  00  00  C7     409.7741
     0101      8   61  73  00  00  00  00  00  4A     409.7781
     0102      8   40  00  00  09  10  00  00  C7     409.7783
     0100      8   40  00  00  09  10  00  00  C7     409.7791
     0100      8   60  00  00  09  10  00  00  A8     409.7841
     0101      8   81  73  00  00  00  00  00  5A     409.7881
     0102      8   60  00  00  09  10  00  00  A8     409.7883
     0100      8   60  00  00  09  10  00  00  A8     409.7891
     0100      8   80  00  00  09  10  00  00  B8     409.7941
     0101      8   A1  73  00  00  00  00  00  35     409.7981
     0102      8   80  00  00  09  10  00  00  B8     409.7983
     0100      8   80  00  00  09  10  00  00  B8     409.7991
     0100      8   A0  00  00  09  10  00  00  D7     409.8041
     0101      8   C1  73  00  00  00  00  00  84     409.8081
     0102      8   A0  00  00  09  10  00  00  D7     409.8083
     0100      8   A0  00  00  09  10  00  00  D7     409.8092
     0100      8   C0  00  00  09  10  00  00  66     409.8142
     0101      8   E1  73  00  00  00  00  00  EB     409.8181
     0102      8   C0  00  00  09  10  00  00  66     409.8183
     0100      8   C0  00  00  09  10  00  00  66     409.8192
     0100      8   E0  00  00  09  10  00  00  09     409.8242
     0101      8   01  73  00  00  00  00  00  FB     409.8281
     0102      8   E0  00  00  09  10  00  00  09     409.8283
     0100      8   E0  00  00  09  10  00  00  09     409.8292
     0100      8   00  00  00  09  10  00  00  19     409.8342
     0101      8   21  73  00  00  00  00  00  94     409.8381
     0102      8   00  00  00  09  10  00  00  19     409.8383
     0100      8   00  00  00  09  10  00  00  19     409.8392
     0100      8   20  00  00  09  10  00  00  76     409.8443
     0101      8   41  73  00  00  00  00  00  25     409.8481
     0102      8   20  00  00  09  10  00  00  76     409.8483
     0501      8   0E  00  00  00  00  00  00  01     409.8485
     0100      8   20  00  00  09  10  00  00  76     409.8493
     0100      8   40  00  00  09  10  00  00  C7     409.8543
     0101      8   61  73  00  00  00  00  00  4A     409.8581
     0102      8   40  00  00  09  10  00  00  C7     409.8583
     0100      8   40  00  00  09  10  00  00  C7     409.8593
     0100      8   60  00  00  09  10  00  00  A8     409.8643
     0101      8   81  73  00  00  00  00  00  5A     409.8681
     0102      8   60  00  00  09  10  00  00  A8     409.8683
     0100      8   60  00  00  09  10  00  00  A8     409.8693
     0100      8   80  00  00  09  10  00  00  B8     409.8743
     0101      8   A1  73  00  00  00  00  00  35     409.8780
     0102      8   80  00  00  09  10  00  00  B8     409.8783
     0100      8   80  00  00  09  10  00  00  B8     409.8794
     0100      8   A0  00  00  09  10  00  00  D7     409.8844
     0101      8   C1  73  00  00  00  00  00  84     409.8881
     0102      8   A0  00  00  09  10  00  00  D7     409.8883
     0100      8   A0  00  00  09  10  00  00  D7     409.8894
     0100      8   C0  00  00  09  10  00  00  66     409.8944
     0101      8   E1  73  00  00  00  00  00  EB     409.8981
     0102      8   C0  00  00  09  10  00  00  66     409.8983
     0100      8   C0  00  00  09  10  00  00  66     409.8994
     0100      8   E0  00  00  09  10  00  00  09     409.9044
     0101      8   01  73  00  00  00  00  00  FB     409.9081
     0102      8   E0  00  00  09  10  00  00  09     409.9083
     0100      8   E0  00  00  09  10  00  00  09     409.9094
     0100      8   00  00  00  09  10  00  00  19     409.9145
     0101      8   21  73  00  00  00  00  00  94     409.9180
     0102      8   00  00  00  09  10  00  00  19     409.9183
     0100      8   00  00  00  09  10  00  00  19     409.9195
     0100      8   20  00  00  09  10  00  00  76     409.9245
     0101      8   41  73  00  00  00  00  00  25     409.9280
     0102      8   20  00  00  09  10  00  00  76     409.9283
     0100      8   20  00  00  09  10  00  00  76     409.9295
     0100      8   40  00  00  09  10  00  00  C7     409.9345
     0101      8   61  73  00  00  00  00  00  4A     409.9380
     0102      8   40  00  00  09  10  00  00  C7     409.9383
     0100      8   40  00  00  09  10  00  00  C7     409.9395
     0100      8   60  00  00  09  10  00  00  A8     409.9445
     0101      8   81  73  00  00  00  00  00  5A     409.9480
     0102      8   60  00  00  09  10  00  00  A8     409.9483
     0501      8   0E  00  00  00  00  00  00  01     409.9485
     0100      8   60  00  00  09  10  00  00  A8     409.9495
     0100      8   80  00  00  09  10  00  00  B8     409.9546
     0101      8   A1  73  00  00  00  00  00  35     409.9580
     0102      8   80  00  00  09  10  00  00  B8     409.9583
     0100      8   80  00  00  09  10  00  00  B8     409.9596
     0100      8   A0  00  00  09  10  00  00  D7     409.9646
     0101      8   C1  73  00  00  00  00  00  84     409.9680
     0102      8   A0  00  00  09  10  00  00  D7     409.9683
     0100      8   A0  00  00  09  10  00  00  D7     409.9696
     0100      8   C0  00  00  09  10  00  00  66     409.9746
     0101      8   E1  73  00  00  00  00  00  EB     409.9780
     0102      8   C0  00  00  09  10  00  00  66     409.9783
     0100      8   C0  00  00  09  10  00  00  66     409.9796
     0100      8   E0  00  00  09  10  00  00  09     409.9846
     0101      8   01  73  00  00  00  00  00  FB     409.9880
     0102      8   E0  00  00  09  10  00  00  09     409.9883
     0100      8   E0  00  00  09  10  00  00  09     409.9897
     0100      8   00  00  00  09  10  00  00  19     409.9947
     0101      8   21  73  00  00  00  00  00  94     409.9980
     0102      8   00  00  00  09  10  00  00  19     409.9983
     0100      8   00  00  00  09  10  00  00  19     409.9997
     0100      8   20  00  00  09  10  00  00  76     410.0047
     0101      8   41  73  00  00  00  00  00  25     410.0080
     0102      8   20  00  00  09  10  00  00  76     410.0083
     0100      8   20  00  00  09  10  00  00  76     410.0097
     0100      8   40  00  00  09  10  00  00  C7     410.0147
     0101      8   61  73  00  00  00  00  00  4A     410.0180
     0102      8   40  00  00  09  10  00  00  C7     410.0183
     0100      8   40  00  00  09  10  00  00  C7     410.0197
     0100      8   60  00  00  09  10  00  00  A8     410.0248
     0101      8   81  73  00  00  00  00  00  5A     410.0280
     0102      8   60  00  00  09  10  00  00  A8     410.0283
     0100      8   60  00  00  09  10  00  00  A8     410.0298
     0100      8   80  00  00  09  10  00  00  B8     410.0348
     0101      8   A1  73  00  00  00  00  00  35     410.0380
     0102      8   80  00  00  09  10  00  00  B8     410.0383
     0100      8   80  00  00  09  10  00  00  B8     410.0398
     0100      8   A0  00  00  09  10  00  00  D7     410.0448
     0101      8   C1  73  00  00  00  00  00  84     410.0480
     0102      8   A0  00  00  09  10  00  00  D7     410.0483
     0501      8   0E  00  00  00  00  00  00  01     410.0485
     0100      8   A0  00  00  09  10  00  00  D7     410.0498
     0100      8   C0  00  00  09  10  00  00  66     410.0548
     0101      8   E1  73  00  00  00  00  00  EB     410.0580
     0102      8   C0  00  00  09  10  00  00  66     410.0583
     0100      8   C0  00  00  09  10  00  00  66     410.0599
     0100      8   E0  00  00  09  10  00  00  09     410.0649
     0101      8   01  73  00  00  00  00  00  FB     410.0680
     0102      8   E0  00  00  09  10  00  00  09     410.0683
     0100      8   E0  00  00  09  10  00  00  09     410.0699
     0100      8   00  00  00  09  10  00  00  19     410.0749
     0101      8   21  73  00  00  00  00  00  94     410.0780
     0102      8   00  00  00  09  10  00  00  19     410.0783
     0100      8   00  00  00  09  10  00  00  19     410.0799
     0100      8   20  00  00  09  10  00  00  76     410.0849
     0101      8   41  73  00  00  00  00  00  25     410.0880
     0102      8   20  00  00  09  10  00  00  76     410.0883
     0100      8   20  00  00  09  10  00  00  76     410.0899
     0100      8   40  00  00  09  10  00  00  C7     410.0950
     0101      8   61  73  00  00  00  00  00  4A     410.0980
     0102      8   40  00  00  09  10  00  00  C7     410.0983
     0100      8   40  00  00  09  10  00  00  C7     410.1000
     0100      8   60  00  00  09  10  00  00  A8     410.1050
     0101      8   81  73  00  00  00  00  00  5A     410.1080
     0102      8   60  00  00  09  10  00  00  A8     410.1083
     0100      8   60  00  00  09  10  00  00  A8     410.1100
     0100      8   80  00  00  09  10  00  00  B8     410.1150
     0101      8   A1  73  00  00  00  00  00  35     410.1180
     0102      8   80  00  00  09  10  00  00  B8     410.1183
     0100      8   80  00  00  09  10  00  00  B8     410.1200
     0100      8   A0  00  00  09  10  00  00  D7     410.1250
     0101      8   C1  73  00  00  00  00  00  84     410.1280
     0102      8   A0  00  00  09  10  00  00  D7     410.1283
     0100      8   A0  00  00  09  10  00  00  D7     410.1301
     0100      8   C0  00  00  09  10  00  00  66     410.1351
     0101      8   E1  73  00  00  00  00  00  EB     410.1380
     0102      8   C0  00  00  09  10  00  00  66     410.1383
     0100      8   C0  00  00  09  10  00  00  66     410.1401
     0100      8   E0  00  00  09  10  00  00  09     410.1451
     0101      8   01  73  00  00  00  00  00  FB     410.1480
     0102      8   E0  00  00  09  10  00  00  09     410.1483
     0501      8   0E  00  00  00  00  00  00  01     410.1485
     0100      8   E0  00  00  09  10  00  00  09     410.1501
     0100      8   00  00  00  09  10  00  00  19     410.1551
     0101      8   21  73  00  00  00  00  00  94     410.1580
     0102      8   00  00  00  09  10  00  00  19     410.1583
     0100      8   00  00  00  09  10  00  00  19     410.1602
     0100      8   20  00  00  09  10  00  00  76     410.1652
     0101      8   41  73  00  00  00  00  00  25     410.1680
     0102      8   20  00  00  09  10  00  00  76     410.1683
     0100      8   20  00  00  09  10  00  00  76     410.1702
     0100      8   40  00  00  09  10  00  00  C7     410.1752
     0101      8   61  73  00  00  00  00  00  4A     410.1780
     0102      8   40  00  00  09  10  00  00  C7     410.1782
     0100      8   40  00  00  09  10  00  00  C7     410.1802
     0100      8   60  00  00  09  10  00  00  A8     410.1852
     0101      8   81  73  00  00  00  00  00  5A     410.1880
     0102      8   60  00  00  09  10  00  00  A8     410.1883
     0100      8   60  00  00  09  10  00  00  A8     410.1902
     0100      8   80  00  00  09  10  00  00  B8     410.1952
     0101      8   A1  73  00  00  00  00  00  35     410.1980
     0102      8   80  00  00  09  10  00  00  B8     410.1982
     0100      8   80  00  00  09  10  00  00  B8     410.2002
     0100      8   A0  00  00  09  10  00  00  D7     410.2053
     0101      8   C1  73  00  00  00  00  00  84     410.2080
     0102      8   A0  00  00  09  10  00  00  D7     410.2083
     0100      8   A0  00  00  09  10  00  00  D7     410.2103
     0100      8   C0  00  00  09  10  00  00  66     410.2153
     0101      8   E1  73  00  00  00  00  00  EB     410.2180
     0102      8   C0  00  00  09  10  00  00  66     410.2182
     0100      8   C0  00  00  09  10  00  00  66     410.2203
     0100      8   E0  00  00  09  10  00  00  09     410.2253
     0101      8   01  73  00  00  00  00  00  FB     410.2280
     0102      8   E0  00  00  09  10  00  00  09     410.2282
     0100      8   E0  00  00  09  10  00  00  09     410.2303
     0100      8   00  00  00  09  10  00  00  19     410.2354
     0101      8   21  73  00  00  00  00  00  94     410.2380
     0102      8   00  00  00  09  10  00  00  19     410.2382
     0100      8   00  00  00  09  10  00  00  19     410.2404
     0100      8   20  00  00  09  10  00  00  76     410.2454
     0101      8   41  73  00  00  00  00  00  25     410.2480
     0102      8   20  00  00  09  10  00  00  76     410.2482
     0501      8   0E  00  00  00  00  00  00  01     410.2485
     0100      8   20  00  00  09  10  00  00  76     410.2504
     0100      8   40  00  00  09  10  00  00  C7     410.2554
     0101      8   61  73  00  00  00  00  00  4A     410.2580
     0102      8   40  00  00  09  10  00  00  C7     410.2582
     0100      8   40  00  00  09  10  00  00  C7     410.2604
     0100      8   60  00  00  09  10  00  00  A8     410.2654
     0101      8   81  73  00  00  00  00  00  5A     410.2680
     0102      8   60  00  00  09  10  00  00  A8     410.2682
     0100      8   60  00  00  09  10  00  00  A8     410.2704
     0100      8   80  00  00  09  10  00  00  B8     410.2755
     0101      8   A1  73  00  00  00  00  00  35     410.2780
     0102      8   80  00  00  09  10  00  00  B8     410.2782
     0100      8   80  00  00  09  10  00  00  B8     410.2805
     0100      8   A0  00  00  09  10  00  00  D7     410.2855
     0101      8   C1  73  00  00  00  00  00  84     410.2880
     0102      8   A0  00  00  09  10  00  00  D7     410.2882
     0100      8   A0  00  00  09  10  00  00  D7     410.2905
     0100      8   C0  00  00  09  10  00  00  66     410.2955
     0101      8   E1  73  00  00  00  00  00  EB     410.2980
     0102      8   C0  00  00  09  10  00  00  66     410.2982
     0100      8   C0  00  00  09  10  00  00  66     410.3005
     0100      8   E0  00  00  09  10  00  00  09     410.3056
     0101      8   01  73  00  00  00  00  00  FB     410.3080
     0102      8   E0  00  00  09  10  00  00  09     410.3082
     0100      8   E0  00  00  09  10  00  00  09     410.3106
     0100      8   00  00  00  09  10  00  00  19     410.3156
     0101      8   21  73  00  00  00  00  00  94     410.3180
     0102      8   00  00  00  09  10  00  00  19     410.3182
     0100      8   00  00  00  09  10  00  00  19     410.3206
     0100      8   20  00  00  09  10  00  00  76     410.3256
     0101      8   41  73  00  00  00  00  00  25     410.3280
     0102      8   20  00  00  09  10  00  00  76     410.3282
     0100      8   20  00  00  09  10  00  00  76     410.3306
     0100      8   40  00  00  09  10  00  00  C7     410.3356
     0101      8   61  73  00  00  00  00  00  4A     410.3380
     0102      8   40  00  00  09  10  00  00  C7     410.3382
     0100      8   40  00  00  09  10  00  00  C7     410.3406
     0100      8   60  00  00  09  10  00  00  A8     410.3457
     0101      8   81  73  00  00  00  00  00  5A     410.3480
     0102      8   60  00  00  09  10  00  00  A8     410.3482
     0501      8   0E  00  00  00  00  00  00  01     410.3485
     0100      8   60  00  00  09  10  00  00  A8     410.3507
     0100      8   80  00  00  09  10  00  00  B8     410.3557
     0101      8   A1  73  00  00  00  00  00  35     410.3580
     0102      8   80  00  00  09  10  00  00  B8     410.3582
     0100      8   80  00  00  09  10  00  00  B8     410.3607
     0100      8   A0  00  00  09  10  00  00  D7     410.3657
     0101      8   C1  73  00  00  00  00  00  84     410.3680
     0102      8   A0  00  00  09  10  00  00  D7     410.3682
     0100      8   A0  00  00  09  10  00  00  D7     410.3707
     0100      8   C0  00  00  09  10  00  00  66     410.3757
     0101      8   E1  73  00  00  00  00  00  EB     410.3780
     0102      8   C0  00  00  09  10  00  00  66     410.3782
     0100      8   C0  00  00  09  10  00  00  66     410.3808
     0100      8   E0  00  00  09  10  00  00  09     410.3858
     0101      8   01  73  00  00  00  00  00  FB     410.3880
     0102      8   E0  00  00  09  10  00  00  09     410.3882
     0100      8   E0  00  00  09  10  00  00  09     410.3908
     0100      8   00  00  00  09  10  00  00  19     410.3958
     0101      8   21  73  00  00  00  00  00  94     410.3980
     0102      8   00  00  00  09  10  00  00  19     410.3982
     0100      8   00  00  00  09  10  00  00  19     410.4008
     0100      8   20  00  00  09  10  00  00  76     410.4058
     0101      8   41  73  00  00  00  00  00  25     410.4080
     0102      8   20  00  00  09  10  00  00  76     410.4082
     0100      8   20  00  00  09  10  00  00  76     410.4108
     0100      8   40  00  00  09  10  00  00  C7     410.4159
     0101      8   61  73  00  00  00  00  00  4A     410.4180
     0102      8   40  00  00  09  10  00  00  C7     410.4182
     0100      8   40  00  00  09  10  00  00  C7     410.4209
     0100      8   60  00  00  09  10  00  00  A8     410.4259
     0101      8   81  73  00  00  00  00  00  5A     410.4280
     0102      8   60  00  00  09  10  00  00  A8     410.4282
     0100      8   60  00  00  09  10  00  00  A8     410.4309
     0100      8   80  00  00  09  10  00  00  B8     410.4359
     0101      8   A1  73  00  00  00  00  00  35     410.4380
     0102      8   80  00  00  09  10  00  00  B8     410.4382
     0100      8   80  00  00  09  10  00  00  B8     410.4409
     0100      8   A0  00  00  09  10  00  00  D7     410.4459
     0101      8   C1  73  00  00  00  00  00  84     410.4480
     0102      8   A0  00  00  09  10  00  00  D7     410.4482
     0501      8   0E  00  00  00  00  00  00  01     410.4485
     0100      8   A0  00  00  09  10  00  00  D7     410.4510
     0100      8   C0  00  00  09  10  00  00  66     410.4560
     0101      8   E1  73  00  00  00  00  00  EB     410.4580
     0102      8   C0  00  00  09  10  00  00  66     410.4582
     0100      8   C0  00  00  09  10  00  00  66     410.4610
     0100      8   E0  00  00  09  10  00  00  09     410.4660
     0101      8   01  73  00  00  00  00  00  FB     410.4680
     0102      8   E0  00  00  09  10  00  00  09     410.4682
     0100      8   E0  00  00  09  10  00  00  09     410.4710
     0100      8   00  00  00  09  10  00  00  19     410.4760
     0101      8   21  73  00  00  00  00  00  94     410.4780
     0102      8   00  00  00  09  10  00  00  19     410.4782
     0100      8   00  00  00  09  10  00  00  19     410.4810
     0100      8   20  00  00  09  10  00  00  76     410.4861
     0101      8   41  73  00  00  00  00  00  25     410.4880
     0102      8   20  00  00  09  10  00  00  76     410.4882
     0100      8   20  00  00  09  10  00  00  76     410.4911
     0100      8   40  00  00  09  10  00  00  C7     410.4961
     0101      8   61  73  00  00  00  00  00  4A     410.4980
     0102      8   40  00  00  09  10  00  00  C7     410.4982
     0100      8   40  00  00  09  10  00  00  C7     410.5011
     0100      8   60  00  00  09  10  00  00  A8     410.5061
     0101      8   81  73  00  00  00  00  00  5A     410.5080
     0102      8   60  00  00  09  10  00  00  A8     410.5082
     0100      8   60  00  00  09  10  00  00  A8     410.5111
     0100      8   80  00  00  09  10  00  00  B8     410.5161
     0101      8   A1  73  00  00  00  00  00  35     410.5180
     0102      8   80  00  00  09  10  00  00  B8     410.5182
     0100      8   80  00  00  09  10  00  00  B8     410.5211
     0100      8   A0  00  00  09  10  00  00  D7     410.5262
     0101      8   C1  73  00  00  00  00  00  84     410.5280
     0102      8   A0  00  00  09  10  00  00  D7     410.5282
     0100      8   A0  00  00  09  10  00  00  D7     410.5312
     0100      8   C0  00  00  09  10  00  00  66     410.5362
     0101      8   E1  73  00  00  00  00  00  EB     410.5380
     0102      8   C0  00  00  09  10  00  00  66     410.5382
     0100      8   C0  00  00  09  10  00  00  66     410.5412
     0100      8   E0  00  00  09  10  00  00  09     410.5462
     0101      8   01  73  00  00  00  00  00  FB     410.5480
     0102      8   E0  00  00  09  10  00  00  09     410.5482
     0501      8   0E  00  00  00  00  00  00  01     410.5485
     0100      8   E0  00  00  09  10  00  00  09     410.5512
     0100      8   00  00  00  09  10  00  00  19     410.5563
     0101      8   21  73  00  00  00  00  00  94     410.5580
     0102      8   00  00  00  09  10  00  00  19     410.5582
     0100      8   00  00  00  09  10  00  00  19     410.5613
     0100      8   20  00  00  09  10  00  00  76     410.5663
     0101      8   41  73  00  00  00  00  00  25     410.5680
     0102      8   20  00  00  09  10  00  00  76     410.5682
     0100      8   20  00  00  09  10  00  00  76     410.5713
     0100      8   40  00  00  09  10  00  00  C7     410.5763
     0101      8   61  73  00  00  00  00  00  4A     410.5780
     0102      8   40  00  00  09  10  00  00  C7     410.5782
     0100      8   40  00  00  09  10  00  00  C7     410.5813
     0100      8   60  00  00  09  10  00  00  A8     410.5863
     0101      8   81  73  00  00  00  00  00  5A     410.5880
     0102      8   60  00  00  09  10  00  00  A8     410.5882
     0100      8   60  00  00  09  10  00  00  A8     410.5913
     0100      8   80  00  00  09  10  00  00  B8     410.5964
     0101      8   A1  73  00  00  00  00  00  35     410.5979
     0102      8   80  00  00  09  10  00  00  B8     410.5982
     0100      8   80  00  00  09  10  00  00  B8     410.6014
     0100      8   A0  00  00  09  10  00  00  D7     410.6064
     0101      8   C1  73  00  00  00  00  00  84     410.6080
     0102      8   A0  00  00  09  10  00  00  D7     410.6082
     0100      8   A0  00  00  09  10  00  00  D7     410.6114
     0100      8   C0  00  00  09  10  00  00  66     410.6164
     0101      8   E1  73  00  00  00  00  00  EB     410.6179
     0102      8   C0  00  00  09  10  00  00  66     410.6182
     0100      8   C0  00  00  09  10  00  00  66     410.6214
     0100      8   E0  00  00  09  10  00  00  09     410.6264
     0101      8   01  73  00  00  00  00  00  FB     410.6280
     0102      8   E0  00  00  09  10  00  00  09     410.6282
     0100      8   E0  00  00  09  10  00  00  09     410.6315
     0100      8   00  00  00  09  10  00  00  19     410.6365
     0101      8   21  73  00  00  00  00  00  94     410.6379
     0102      8   00  00  00  09  10  00  00  19     410.6382
     0100      8   00  00  00  09  10  00  00  19     410.6415
     0100      8   20  00  00  09  10  00  00  76     410.6465
     0101      8   41  73  00  00  00  00  00  25     410.6479
     0102      8   20  00  00  09  10  00  00  76     410.6482
     0501      8   0E  00  00  00  00  00  00  01     410.6484
     0100      8   20  00  00  09  10  00  00  76     410.6515
     0100      8   40  00  00  09  10  00  00  C7     410.6565
     0101      8   61  73  00  00  00  00  00  4A     410.6579
     0102      8   40  00  00  09  10  00  00  C7     410.6582
     0100      8   40  00  00  09  10  00  00  C7     410.6615
     0100      8   60  00  00  09  10  00  00  A8     410.6666
     0101      8   81  73  00  00  00  00  00  5A     410.6679
     0102      8   60  00  00  09  10  00  00  A8     410.6682
     0100      8   60  00  00  09  10  00  00  A8     410.6716
     0100      8   80  00  00  09  10  00  00  B8     410.6766
     0101      8   A1  73  00  00  00  00  00  35     410.6779
     0102      8   80  00  00  09  10  00  00  B8     410.6782
     0100      8   80  00  00  09  10  00  00  B8     410.6816
     0100      8   A0  00  00  09  10  00  00  D7     410.6866
     0101      8   C1  73  00  00  00  00  00  84     410.6879
     0102      8   A0  00  00  09  10  00  00  D7     410.6882
     0100      8   A0  00  00  09  10  00  00  D7     410.6916
     0100      8   C0  00  00  09  10  00  00  66     410.6966
     0101      8   E1  73  00  00  00  00  00  EB     410.6979
     0102      8   C0  00  00  09  10  00  00  66     410.6982
     0100      8   C0  00  00  09  10  00  00  66     410.7017
     0100      8   E0  00  00  09  10  00  00  09     410.7067
     0101      8   01  73  00  00  00  00  00  FB     410.7079
     0102      8   E0  00  00  09  10  00  00  09     410.7082
     0100      8   E0  00  00  09  10  00  00  09     410.7117
     0100      8   00  00  00  09  10  00  00  19     410.7167
     0101      8   21  73  00  00  00  00  00  94     410.7179
     0102      8   00  00  00  09  10  00  00  19     410.7182
     0100      8   00  00  00  09  10  00  00  19     410.7217
     0100      8   20  00  00  09  10  00  00  76     410.7267
     0101      8   41  73  00  00  00  00  00  25     410.7279
     0102      8   20  00  00  09  10  00  00  76     410.7282
     0100      8   20  00  00  09  10  00  00  76     410.7317
     0100      8   40  00  00  09  10  00  00  C7     410.7368
     0101      8   61  73  00  00  00  00  00  4A     410.7379
     0102      8   40  00  00  09  10  00  00  C7     410.7382
     0100      8   40  00  00  09  10  00  00  C7     410.7418
     0100      8   60  00  00  09  10  00  00  A8     410.7468
     0101      8   81  73  00  00  00  00  00  5A     410.7479
     0102      8   60  00  00  09  10  00  00  A8     410.7482
     0501      8   0E  00  00  00  00  00  00  01     410.7484
     0100      8   60  00  00  09  10  00  00  A8     410.7518
     0100      8   80  00  00  09  10  00  00  B8     410.7568
     0101      8   A1  73  00  00  00  00  00  35     410.7579
     0102      8   80  00  00  09  10  00  00  B8     410.7582
     0100      8   80  00  00  09  10  00  00  B8     410.7618
     0100      8   A0  00  00  09  10  00  00  D7     410.7668
     0101      8   C1  73  00  00  00  00  00  84     410.7679
     0102      8   A0  00  00  09  10  00  00  D7     410.7682
     0100      8   A0  00  00  09  10  00  00  D7     410.7719
     0100      8   C0  00  00  09  10  00  00  66     410.7769
     0101      8   E1  73  00  00  00  00  00  EB     410.7779
     0102      8   C0  00  00  09  10  00  00  66     410.7782
     0100      8   C0  00  00  09  10  00  00  66     410.7819
     0100      8   E0  00  00  09  10  00  00  09     410.7869
     0101      8   01  73  00  00  00  00  00  FB     410.7879
     0102      8   E0  00  00  09  10  00  00  09     410.7882
     0100      8   E0  00  00  09  10  00  00  09     410.7919
     0100      8   00  00  00  09  10  00  00  19     410.7969
     0101      8   21  73  00  00  00  00  00  94     410.7979
     0102      8   00  00  00  09  10  00  00  19     410.7982
     0100      8   00  00  00  09  10  00  00  19     410.8019
     0100      8   20  00  00  09  10  00  00  76     410.8069
     0101      8   41  73  00  00  00  00  00  25     410.8079
     0102      8   20  00  00  09  10  00  00  76     410.8082
     0100      8   20  00  00  09  10  00  00  76     410.8120
     0100      8   40  00  00  09  10  00  00  C7     410.8170
     0101      8   61  73  00  00  00  00  00  4A     410.8179
     0102      8   40  00  00  09  10  00  00  C7     410.8182
     0100      8   40  00  00  09  10  00  00  C7     410.8220
     0100      8   60  00  00  09  10  00  00  A8     410.8270
     0101      8   81  73  00  00  00  00  00  5A     410.8279
     0102      8   60  00  00  09  10  00  00  A8     410.8282
     0100      8   60  00  00  09  10  00  00  A8     410.8320
     0100      8   80  00  00  09  10  00  00  B8     410.8370
     0101      8   A1  73  00  00  00  00  00  35     410.8379
     0102      8   80  00  00  09  10  00  00  B8     410.8382
     0100      8   80  00  00  09  10  00  00  B8     410.8421
     0100      8   A0  00  00  09  10  00  00  D7     410.8471
     0101      8   C1  73  00  00  00  00  00  84     410.8479
     0102      8   A0  00  00  09  10  00  00  D7     410.8482
     0501      8   0E  00  00  00  00  00  00  01     410.8484
     0100      8   A0  00  00  09  10  00  00  D7     410.8521
     0100      8   C0  00  00  09  10  00  00  66     410.8571
     0101      8   E1  73  00  00  00  00  00  EB     410.8579
     0102      8   C0  00  00  09  10  00  00  66     410.8582
     0100      8   C0  00  00  09  10  00  00  66     410.8621
     0100      8   E0  00  00  09  10  00  00  09     410.8671
     0101      8   01  73  00  00  00  00  00  FB     410.8679
     0102      8   E0  00  00  09  10  00  00  09     410.8682
     0100      8   E0  00  00  09  10  00  00  09     410.8721
     0100      8   00  00  00  09  10  00  00  19     410.8771
     0101      8   21  73  00  00  00  00  00  94     410.8779
     0102      8   00  00  00  09  10  00  00  19     410.8782
     0100      8   00  00  00  09  10  00  00  19     410.8822
     0100      8   20  00  00  09  10  00  00  76     410.8872
     0101      8   41  73  00  00  00  00  00  25     410.8879
     0102      8   20  00  00  09  10  00  00  76     410.8882
     0100      8   20  00  00  09  10  00  00  76     410.8922
     0100      8   40  00  00  09  10  00  00  C7     410.8972
     0101      8   61  73  00  00  00  00  00  4A     410.8979
     0102      8   40  00  00  09  10  00  00  C7     410.8981
     0100      8   40  00  00  09  10  00  00  C7     410.9022
     0100      8   60  00  00  09  10  00  00  A8     410.9072
     0101      8   81  73  00  00  00  00  00  5A     410.9079
     0102      8   60  00  00  09  10  00  00  A8     410.9082
     0100      8   60  00  00  09  10  00  00  A8     410.9122
     0100      8   80  00  00  09  10  00  00  B8     410.9173
     0101      8   A1  73  00  00  00  00  00  35     410.9179
     0102      8   80  00  00  09  10  00  00  B8     410.9181
     0100      8   80  00  00  09  10  00  00  B8     410.9223
     0100      8   A0  00  00  09  10  00  00  D7     410.9273
     0101      8   C1  73  00  00  00  00  00  84     410.9279
     0102      8   A0  00  00  09  10  00  00  D7     410.9282
     0100      8   A0  00  00  09  10  00  00  D7     410.9323
     0100      8   C0  00  00  09  10  00  00  66     410.9373
     0101      8   E1  73  00  00  00  00  00  EB     410.9379
     0102      8   C0  00  00  09  10  00  00  66     410.9381
     0100      8   C0  00  00  09  10  00  00  66     410.9423
     0100      8   E0  00  00  09  10  00  00  09     410.9473
     0101      8   01  73  00  00  00  00  00  FB     410.9479
     0102      8   E0  00  00  09  10  00  00  09     410.9481
     0501      8   0E  00  00  00  00  00  00  01     410.9484
     0100      8   E0  00  00  09  10  00  00  09     410.9524
     0100      8   00  00  00  09  10  00  00  19     410.9574
     0101      8   21  73  00  00  00  00  00  94     410.9579
     0102      8   00  00  00  09  10  00  00  19     410.9581
     0100      8   00  00  00  09  10  00  00  19     410.9624
     0100      8   20  00  00  09  10  00  00  76     410.9674
     0101      8   41  73  00  00  00  00  00  25     410.9679
     0102      8   00  00  00  09  10  00  00  19     410.9681
     0100      8   20  00  00  09  10  00  00  76     410.9724
     0100      8   40  00  00  09  10  00  00  C7     410.9774
     0101      8   61  73  00  00  00  00  00  4A     410.9779
     0102      8   20  00  00  09  10  00  00  76     410.9781
     0100      8   40  00  00  09  10  00  00  C7     410.9824
     0100      8   60  00  00  09  10  00  00  A8     410.9875
     0101      8   81  73  00  00  00  00  00  5A     410.9879
     0102      8   40  00  00  09  10  00  00  C7     410.9881
     0100      8   60  00  00  09  10  00  00  A8     410.9925
     0100      8   80  00  00  09  10  00  00  B8     410.9975
     0101      8   A1  73  00  00  00  00  00  35     410.9979
     0102      8   60  00  00  09  10  00  00  A8     410.9981
     0100      8   80  00  00  09  10  00  00  B8     411.0025
     0100      8   A0  00  00  09  10  00  00  D7     411.0075
     0101      8   C1  73  00  00  00  00  00  84     411.0079
     0102      8   80  00  00  09  10  00  00  B8     411.0081
     0100      8   A0  00  00  09  10  00  00  D7     411.0125
     0100      8   C0  00  00  09  10  00  00  66     411.0175
     0101      8   E1  73  00  00  00  00  00  EB     411.0179
     0102      8   A0  00  00  09  10  00  00  D7     411.0181
     0100      8   C0  00  00  09  10  00  00  66     411.0226
     0100      8   E0  00  00  09  10  00  00  09     411.0276
     0101      8   01  73  00  00  00  00  00  FB     411.0279
     0102      8   C0  00  00  09  10  00  00  66     411.0281
     0100      8   E0  00  00  09  10  00  00  09     411.0326
     0100      8   00  00  00  09  10  00  00  19     411.0376
     0101      8   21  73  00  00  00  00  00  94     411.0379
     0102      8   E0  00  00  09  10  00  00  09     411.0381
     0100      8   00  00  00  09  10  00  00  19     411.0426
     0100      8   20  00  00  09  10  00  00  76     411.0476
     0101      8   41  73  00  00  00  00  00  25     411.0479
     0102      8   00  00  00  09  10  00  00  19     411.0481
     0501      8   0E  00  00  00  00  00  00  01     411.0484
     0100      8   20  00  00  09  10  00  00  76     411.0526
     0100      8   40  00  00  09  10  00  00  C7     411.0577
     0101      8   61  73  00  00  00  00  00  4A     411.0579
     0102      8   20  00  00  09  10  00  00  76     411.0581
     0100      8   40  00  00  09  10  00  00  C7     411.0627
     0100      8   60  00  00  09  10  00  00  A8     411.0677
     0101      8   81  73  00  00  00  00  00  5A     411.0679
     0102      8   40  00  00  09  10  00  00  C7     411.0682
     0100      8   60  00  00  09  10  00  00  A8     411.0727
     0100      8   80  00  00  09  10  00  00  B8     411.0777
     0101      8   A1  73  00  00  00  00  00  35     411.0779
     0102      8   60  00  00  09  10  00  00  A8     411.0782
     0100      8   80  00  00  09  10  00  00  B8     411.0827
     0100      8   A0  00  00  09  10  00  00  D7     411.0877
     0101      8   C1  73  00  00  00  00  00  84     411.0880
     0102      8   80  00  00  09  10  00  00  B8     411.0882
     0100      8   A0  00  00  09  10  00  00  D7     411.0928
     0100      8   C0  00  00  09  10  00  00  66     411.0978
     0101      8   E1  73  00  00  00  00  00  EB     411.0980
     0102      8   A0  00  00  09  10  00  00  D7     411.0982
     0100      8   C0  00  00  09  10  00  00  66     411.1028
     0100      8   E0  00  00  09  10  00  00  09     411.1078
     0101      8   01  73  00  00  00  00  00  FB     411.1080
     0102      8   C0  00  00  09  10  00  00  66     411.1083
     0100      8   E0  00  00  09  10  00  00  09     411.1128
     0100      8   00  00  00  09  10  00  00  19     411.1178
     0101      8   21  73  00  00  00  00  00  94     411.1181
     0102      8   E0  00  00  09  10  00  00  09     411.1183
     0100      8   00  00  00  09  10  00  00  19     411.1228
     0100      8   20  00  00  09  10  00  00  76     411.1278
     0101      8   41  73  00  00  00  00  00  25     411.1281
     0102      8   00  00  00  09  10  00  00  19     411.1283
     0100      8   20  00  00  09  10  00  00  76     411.1329
     0100      8   40  00  00  09  10  00  00  C7     411.1379
     0101      8   61  73  00  00  00  00  00  4A     411.1381
     0102      8   20  00  00  09  10  00  00  76     411.1384
     0100      8   40  00  00  09  10  00  00  C7     411.1429
     0101      8   81  73  00  00  00  00  00  5A     411.1479
     0100      8   60  00  00  09  10  00  00  A8     411.1481
     0102      8   40  00  00  09  10  00  00  C7     411.1484
     0501      8   0E  00  00  00  00  00  00  01     411.1486
     0100      8   80  00  00  09  10  00  00  B8     411.1529
     0101      8   A1  73  00  00  00  00  00  35     411.1579
     0100      8   80  00  00  09  10  00  00  B8     411.1581
     0102      8   80  00  00  09  10  00  00  B8     411.1584
     0100      8   A0  00  00  09  10  00  00  D7     411.1629
     0101      8   C1  73  00  00  00  00  00  84     411.1679
     0100      8   A0  00  00  09  10  00  00  D7     411.1681
     0102      8   A0  00  00  09  10  00  00  D7     411.1684
     0100      8   C0  00  00  09  10  00  00  66     411.1730
     0101      8   E1  73  00  00  00  00  00  EB     411.1779
     0100      8   C0  00  00  09  10  00  00  66     411.1781
     0102      8   C0  00  00  09  10  00  00  66     411.1784
     0100      8   E0  00  00  09  10  00  00  09     411.1830
     0101      8   01  73  00  00  00  00  00  FB     411.1879
     0100      8   E0  00  00  09  10  00  00  09     411.1881
     0102      8   E0  00  00  09  10  00  00  09     411.1884
     0100      8   00  00  00  09  10  00  00  19     411.1930
     0101      8   21  73  00  00  00  00  00  94     411.1979
     0100      8   00  00  00  09  10  00  00  19     411.1981
     0102      8   00  00  00  09  10  00  00  19     411.1984
     0100      8   20  00  00  09  10  00  00  76     411.2031
     0101      8   41  73  00  00  00  00  00  25     411.2079
     0100      8   20  00  00  09  10  00  00  76     411.2081
     0102      8   20  00  00  09  10  00  00  76     411.2084
     0100      8   40  00  00  09  10  00  00  C7     411.2131
     0101      8   61  73  00  00  00  00  00  4A     411.2179
     0100      8   40  00  00  09  10  00  00  C7     411.2181
     0102      8   40  00  00  09  10  00  00  C7     411.2183
     0100      8   60  00  00  09  10  00  00  A8     411.2231
     0101      8   81  73  00  00  00  00  00  5A     411.2279
     0102      8   60  00  00  09  10  00  00  A8     411.2281
     0100      8   60  00  00  09  10  00  00  A8     411.2284
     0100      8   80  00  00  09  10  00  00  B8     411.2331
     0101      8   A1  73  00  00  00  00  00  35     411.2379
     0102      8   80  00  00  09  10  00  00  B8     411.2381
     0100      8   80  00  00  09  10  00  00  B8     411.2383
     0100      8   A0  00  00  09  10  00  00  D7     411.2432
     0101      8   C1  73  00  00  00  00  00  84     411.2479
     0102      8   A0  00  00  09  10  00  00  D7     411.2481
     0100      8   A0  00  00  09  10  00  00  D7     411.2484
     0501      8   0E  00  00  00  00  00  00  01     411.2486
     0100      8   C0  00  00  09  10  00  00  66     411.2532
     0101      8   E1  73  00  00  00  00  00  EB     411.2579
     0102      8   C0  00  00  09  10  00  00  66     411.2581
     0100      8   C0  00  00  09  10  00  00  66     411.2583
     0100      8   E0  00  00  09  10  00  00  09     411.2632
     0101      8   01  73  00  00  00  00  00  FB     411.2679
     0102      8   E0  00  00  09  10  00  00  09     411.2681
     0100      8   E0  00  00  09  10  00  00  09     411.2684
     0100      8   00  00  00  09  10  00  00  19     411.2733
     0101      8   21  73  00  00  00  00  00  94     411.2779
     0102      8   00  00  00  09  10  00  00  19     411.2781
     0100      8   00  00  00  09  10  00  00  19     411.2783
     0100      8   20  00  00  09  10  00  00  76     411.2833
     0101      8   41  73  00  00  00  00  00  25     411.2879
     0102      8   20  00  00  09  10  00  00  76     411.2881
     0100      8   20  00  00  09  10  00  00  76     411.2883
     0100      8   40  00  00  09  10  00  00  C7     411.2933
     0101      8   61  73  00  00  00  00  00  4A     411.2979
     0102      8   40  00  00  09  10  00  00  C7     411.2981
     0100      8   40  00  00  09  10  00  00  C7     411.2983
     0100      8   60  00  00  09  10  00  00  A8     411.3033
     0101      8   81  73  00  00  00  00  00  5A     411.3079
     0102      8   60  00  00  09  10  00  00  A8     411.3081
     0100      8   60  00  00  09  10  00  00  A8     411.3084
     0100      8   80  00  00  09  10  00  00  B8     411.3134
     0101      8   A1  73  00  00  00  00  00  35     411.3178
     0102      8   80  00  00  09  10  00  00  B8     411.3181
     0100      8   80  00  00  09  10  00  00  B8     411.3184
     0100      8   A0  00  00  09  10  00  00  D7     411.3234
     0101      8   C1  73  00  00  00  00  00  84     411.3278
     0102      8   A0  00  00  09  10  00  00  D7     411.3281
     0100      8   A0  00  00  09  10  00  00  D7     411.3284
     0100      8   C0  00  00  09  10  00  00  66     411.3334
     0101      8   E1  73  00  00  00  00  00  EB     411.3378
     0102      8   C0  00  00  09  10  00  00  66     411.3381
     0100      8   C0  00  00  09  10  00  00  66     411.3384
     0100      8   E0  00  00  09  10  00  00  09     411.3434
     0101      8   01  73  00  00  00  00  00  FB     411.3479
     0102      8   E0  00  00  09  10  00  00  09     411.3481
     0501      8   0E  00  00  00  00  00  00  01     411.3483
     0100      8   E0  00  00  09  10  00  00  09     411.3486
     0100      8   00  00  00  09  10  00  00  19     411.3535
     0101      8   21  73  00  00  00  00  00  94     411.3578
     0102      8   00  00  00  09  10  00  00  19     411.3581
     0100      8   00  00  00  09  10  00  00  19     411.3585
     0100      8   20  00  00  09  10  00  00  76     411.3635
     0101      8   41  73  00  00  00  00  00  25     411.3678
     0102      8   20  00  00  09  10  00  00  76     411.3681
     0100      8   20  00  00  09  10  00  00  76     411.3685
     0100      8   40  00  00  09  10  00  00  C7     411.3735
     0101      8   61  73  00  00  00  00  00  4A     411.3778
     0102      8   40  00  00  09  10  00  00  C7     411.3781
     0100      8   40  00  00  09  10  00  00  C7     411.3786
     0100      8   60  00  00  09  10  00  00  A8     411.3836
     0101      8   81  73  00  00  00  00  00  5A     411.3878
     0102      8   60  00  00  09  10  00  00  A8     411.3881
     0100      8   60  00  00  09  10  00  00  A8     411.3886
     0100      8   80  00  00  09  10  00  00  B8     411.3936
     0101      8   A1  73  00  00  00  00  00  35     411.3978
     0102      8   80  00  00  09  10  00  00  B8     411.3981
     0100      8   80  00  00  09  10  00  00  B8     411.3986
     0100      8   A0  00  00  09  10  00  00  D7     411.4036
     0101      8   C1  73  00  00  00  00  00  84     411.4078
     0102      8   A0  00  00  09  10  00  00  D7     411.4081
     0100      8   A0  00  00  09  10  00  00  D7     411.4086
     0100      8   C0  00  00  09  10  00  00  66     411.4136
     0101      8   E1  73  00  00  00  00  00  EB     411.4178
     0102      8   C0  00  00  09  10  00  00  66     411.4181
     0100      8   C0  00  00  09  10  00  00  66     411.4187
     0100      8   E0  00  00  09  10  00  00  09     411.4237
     0101      8   01  73  00  00  00  00  00  FB     411.4278
     0102      8   E0  00  00  09  10  00  00  09     411.4281
     0100      8   E0  00  00  09  10  00  00  09     411.4287
     0100      8   00  00  00  09  10  00  00  19     411.4337
     0101      8   21  73  00  00  00  00  00  94     411.4378
     0102      8   00  00  00  09  10  00  00  19     411.4381
     0100      8   00  00  00  09  10  00  00  19     411.4387
     0100      8   20  00  00  09  10  00  00  76     411.4437
     0101      8   41  73  00  00  00  00  00  25     411.4478
     0102      8   20  00  00  09  10  00  00  76     411.4481
     0501      8   0E  00  00  00  00  00  00  01     411.4483
     0100      8   20  00  00  09  10  00  00  76     411.4487
     0100      8   40  00  00  09  10  00  00  C7     411.4538
     0101      8   61  73  00  00  00  00  00  4A     411.4578
     0102      8   40  00  00  09  10  00  00  C7     411.4581
     0100      8   40  00  00  09  10  00  00  C7     411.4588
     0100      8   60  00  00  09  10  00  00  A8     411.4638
     0101      8   81  73  00  00  00  00  00  5A     411.4678
     0102      8   60  00  00  09  10  00  00  A8     411.4681
     0100      8   60  00  00  09  10  00  00  A8     411.4688
     0100      8   80  00  00  09  10  00  00  B8     411.4738
     0101      8   A1  73  00  00  00  00  00  35     411.4778
     0102      8   80  00  00  09  10  00  00  B8     411.4781
     0100      8   80  00  00  09  10  00  00  B8     411.4788
     0100      8   A0  00  00  09  10  00  00  D7     411.4838
     0101      8   C1  73  00  00  00  00  00  84     411.4878
     0102      8   A0  00  00  09  10  00  00  D7     411.4881
     0100      8   A0  00  00  09  10  00  00  D7     411.4889
     0100      8   C0  00  00  09  10  00  00  66     411.4939
     0101      8   E1  73  00  00  00  00  00  EB     411.4978
     0102      8   C0  00  00  09  10  00  00  66     411.4981
     0100      8   C0  00  00  09  10  00  00  66     411.4989
     0100      8   E0  00  00  09  10  00  00  09     411.5039
     0101      8   01  73  00  00  00  00  00  FB     411.5078
     0102      8   E0  00  00  09  10  00  00  09     411.5081
     0100      8   E0  00  00  09  10  00  00  09     411.5089
     0100      8   00  00  00  09  10  00  00  19     411.5139
     0101      8   21  73  00  00  00  00  00  94     411.5178
     0102      8   00  00  00  09  10  00  00  19     411.5181
     0100      8   00  00  00  09  10  00  00  19     411.5189
     0100      8   20  00  00  09  10  00  00  76     411.5240
     0101      8   41  73  00  00  00  00  00  25     411.5278
     0102      8   20  00  00  09  10  00  00  76     411.5281
     0100      8   20  00  00  09  10  00  00  76     411.5290
     0100      8   40  00  00  09  10  00  00  C7     411.5340
     0101      8   61  73  00  00  00  00  00  4A     411.5378
     0102      8   40  00  00  09  10  00  00  C7     411.5381
     0100      8   40  00  00  09  10  00  00  C7     411.5390
     0100      8   60  00  00  09  10  00  00  A8     411.5440
     0101      8   81  73  00  00  00  00  00  5A     411.5478
     0102      8   60  00  00  09  10  00  00  A8     411.5481
     0501      8   0E  00  00  00  00  00  00  01     411.5483
     0100      8   60  00  00  09  10  00  00  A8     411.5490
     0100      8   80  00  00  09  10  00  00  B8     411.5540
     0101      8   A1  73  00  00  00  00  00  35     411.5578
     0102      8   80  00  00  09  10  00  00  B8     411.5581
     0100      8   80  00  00  09  10  00  00  B8     411.5591
     0100      8   A0  00  00  09  10  00  00  D7     411.5641
     0101      8   C1  73  00  00  00  00  00  84     411.5678
     0102      8   A0  00  00  09  10  00  00  D7     411.5681
     0100      8   A0  00  00  09  10  00  00  D7     411.5691
     0100      8   C0  00  00  09  10  00  00  66     411.5741
     0101      8   E1  73  00  00  00  00  00  EB     411.5778
     0102      8   C0  00  00  09  10  00  00  66     411.5781
     0100      8   C0  00  00  09  10  00  00  66     411.5791
     0100      8   E0  00  00  09  10  00  00  09     411.5841
     0101      8   01  73  00  00  00  00  00  FB     411.5878
     0102      8   E0  00  00  09  10  00  00  09     411.5881
     0100      8   E0  00  00  09  10  00  00  09     411.5891
     0100      8   00  00  00  09  10  00  00  19     411.5942
     0101      8   21  73  00  00  00  00  00  94     411.5978
     0102      8   00  00  00  09  10  00  00  19     411.5981
     0100      8   00  00  00  09  10  00  00  19     411.5992
     0100      8   20  00  00  09  10  00  00  76     411.6042
     0101      8   41  73  00  00  00  00  00  25     411.6078
     0102      8   20  00  00  09  10  00  00  76     411.6081
     0100      8   20  00  00  09  10  00  00  76     411.6092
     0100      8   40  00  00  09  10  00  00  C7     411.6142
     0101      8   61  73  00  00  00  00  00  4A     411.6178
     0102      8   40  00  00  09  10  00  00  C7     411.6180
     0100      8   40  00  00  09  10  00  00  C7     411.6192
     0100      8   60  00  00  09  10  00  00  A8     411.6242
     0101      8   81  73  00  00  00  00  00  5A     411.6278
     0102      8   60  00  00  09  10  00  00  A8     411.6281
     0100      8   60  00  00  09  10  00  00  A8     411.6292
     0100      8   80  00  00  09  10  00  00  B8     411.6343
     0101      8   A1  73  00  00  00  00  00  35     411.6378
     0102      8   80  00  00  09  10  00  00  B8     411.6380
     0100      8   80  00  00  09  10  00  00  B8     411.6393
     0100      8   A0  00  00  09  10  00  00  D7     411.6443
     0101      8   C1  73  00  00  00  00  00  84     411.6478
     0102      8   A0  00  00  09  10  00  00  D7     411.6480
     0501      8   0E  00  00  00  00  00  00  01     411.6483
     0100      8   A0  00  00  09  10  00  00  D7     411.6493
     0100      8   C0  00  00  09  10  00  00  66     411.6543
     0101      8   E1  73  00  00  00  00  00  EB     411.6578
     0102      8   C0  00  00  09  10  00  00  66     411.6580
     0100      8   C0  00  00  09  10  00  00  66     411.6593
     0100      8   E0  00  00  09  10  00  00  09     411.6641
     0101      8   01  73  00  00  00  00  00  FB     411.6678
     0102      8   E0  00  00  09  10  00  00  09     411.6680
     0100      8   E0  00  00  09  10  00  00  09     411.6689
     0100      8   00  00  01  09  10  00  00  73     411.6736
     0101      8   21  73  00  00  00  00  00  94     411.6778
     0102      8   00  00  01  09  10  00  00  73     411.6780
     0100      8   00  00  01  09  10  00  00  73     411.6784
     0100      8   20  00  01  09  10  00  00  1C     411.6831
     0101      8   41  73  00  00  00  00  00  25     411.6878
     0100      8   20  00  01  09  10  00  00  1C     411.6880
     0102      8   20  00  01  09  10  00  00  1C     411.6883
     0100      8   40  00  01  09  10  00  00  AD     411.6926
     0100      8   40  00  01  09  10  00  00  AD     411.6974
     0101      8   61  73  00  00  00  00  00  4A     411.6978
     0102      8   40  00  01  09  10  00  00  AD     411.6980
     0100      8   40  00  01  09  10  00  00  AD     411.7022
     0100      8   60  00  02  09  10  00  00  7C     411.7069
     0101      8   81  73  00  00  00  00  00  5A     411.7078
     0102      8   60  00  02  09  10  00  00  7C     411.7080
     0100      8   60  00  02  09  10  00  00  7C     411.7117
     0100      8   80  00  02  09  10  00  00  6C     411.7164
     0101      8   A1  73  00  00  00  00  00  35     411.7178
     0102      8   80  00  02  09  10  00  00  6C     411.7180
     0100      8   80  00  02  09  10  00  00  6C     411.7212
     0100      8   A0  00  02  09  10  00  00  03     411.7260
     0101      8   C1  73  00  00  00  00  00  84     411.7278
     0102      8   A0  00  02  09  10  00  00  03     411.7280
     0100      8   A0  00  02  09  10  00  00  03     411.7307
     0100      8   C0  00  03  09  10  00  00  D8     411.7355
     0101      8   E1  73  00  00  00  00  00  EB     411.7378
     0102      8   C0  00  03  09  10  00  00  D8     411.7380
     0100      8   C0  00  03  09  10  00  00  D8     411.7402
     0100      8   E0  00  03  09  10  00  00  B7     411.7450
     0101      8   01  73  00  00  00  00  00  FB     411.7478
     0102      8   E0  00  03  09  10  00  00  B7     411.7480
     0501      8   0E  00  00  00  00  00  00  01     411.7483
     0100      8   E0  00  03  09  10  00  00  B7     411.7498
     0100      8   00  00  03  09  10  00  00  A7     411.7545
     0101      8   21  73  00  00  00  00  00  94     411.7578
     0102      8   00  00  03  09  10  00  00  A7     411.7580
     0100      8   00  00  03  09  10  00  00  A7     411.7593
     0100      8   20  00  03  09  10  00  00  C8     411.7640
     0101      8   41  73  00  00  00  00  00  25     411.7678
     0102      8   20  00  03  09  10  00  00  C8     411.7680
     0100      8   20  00  03  09  10  00  00  C8     411.7688
     0100      8   40  00  04  09  10  00  00  72     411.7735
     0101      8   61  73  00  00  00  00  00  4A     411.7778
     0102      8   40  00  04  09  10  00  00  72     411.7780
     0100      8   40  00  04  09  10  00  00  72     411.7783
     0100      8   60  00  04  09  10  00  00  1D     411.7831
     0101      8   81  73  00  00  00  00  00  5A     411.7878
     0100      8   60  00  04  09  10  00  00  1D     411.7880
     0102      8   60  00  04  09  10  00  00  1D     411.7883
     0100      8   80  00  04  09  10  00  00  0D     411.7926
     0100      8   80  00  04  09  10  00  00  0D     411.7974
     0101      8   A1  73  00  00  00  00  00  35     411.7978
     0102      8   80  00  04  09  10  00  00  0D     411.7980
     0100      8   80  00  04  09  10  00  00  0D     411.8021
     0100      8   A0  00  05  09  10  00  00  08     411.8069
     0101      8   C1  73  00  00  00  00  00  84     411.8078
     0102      8   A0  00  05  09  10  00  00  08     411.8080
     0100      8   A0  00  05  09  10  00  00  08     411.8116
     0100      8   C0  00  05  09  10  00  00  B9     411.8164
     0101      8   E1  73  00  00  00  00  00  EB     411.8178
     0102      8   C0  00  05  09  10  00  00  B9     411.8180
     0100      8   C0  00  05  09  10  00  00  B9     411.8211
     0100      8   E0  00  06  09  10  00  00  68     411.8259
     0101      8   01  73  00  00  00  00  00  FB     411.8278
     0102      8   E0  00  06  09  10  00  00  68     411.8280
     0100      8   E0  00  06  09  10  00  00  68     411.8307
     0100      8   00  00  06  09  10  00  00  78     411.8354
     0101      8   21  73  00  00  00  00  00  94     411.8378
     0102      8   00  00  06  09  10  00  00  78     411.8380
     0100      8   00  00  06  09  10  00  00  78     411.8402
     0100      8   20  00  06  09  10  00  00  17     411.8449
     0101      8   41  73  00  00  00  00  00  25     411.8478
     0102      8   20  00  06  09  10  00  00  17     411.8480
     0501      8   0E  00  00  00  00  00  00  01     411.8483
     0100      8   20  00  06  09  10  00  00  17     411.8497
     0100      8   40  00  07  09  10  00  00  CC     411.8545
     0101      8   61  73  00  00  00  00  00  4A     411.8578
     0102      8   40  00  07  09  10  00  00  CC     411.8580
     0100      8   40  00  07  09  10  00  00  CC     411.8592
     0100      8   60  00  07  09  10  00  00  A3     411.8640
     0101      8   81  73  00  00  00  00  00  5A     411.8678
     0102      8   60  00  07  09  10  00  00  A3     411.8680
     0100      8   60  00  07  09  10  00  00  A3     411.8687
     0100      8   80  00  07  09  10  00  00  B3     411.8735
     0101      8   A1  73  00  00  00  00  00  35     411.8778
     0102      8   80  00  07  09  10  00  00  B3     411.8780
     0100      8   80  00  07  09  10  00  00  B3     411.8783
     0100      8   A0  00  08  09  10  00  00  A0     411.8830
     0100      8   A0  00  08  09  10  00  00  A0     411.8878
     0101      8   C1  73  00  00  00  00  00  84     411.8880
     0102      8   A0  00  08  09  10  00  00  A0     411.8883
     0100      8   A0  00  08  09  10  00  00  A0     411.8925
     0100      8   C0  00  08  09  10  00  00  11     411.8973
     0101      8   E1  73  00  00  00  00  00  EB     411.8978
     0102      8   A0  00  08  09  10  00  00  A0     411.8980
     0100      8   C0  00  08  09  10  00  00  11     411.9020
     0100      8   E0  00  08  09  10  00  00  7E     411.9068
     0101      8   01  73  00  00  00  00  00  FB     411.9078
     0102      8   E0  00  08  09  10  00  00  7E     411.9080
     0100      8   E0  00  08  09  10  00  00  7E     411.9116
     0100      8   00  00  08  09  10  00  00  6E     411.9163
     0101      8   21  73  00  00  00  00  00  94     411.9178
     0102      8   00  00  08  09  10  00  00  6E     411.9180
     0100      8   00  00  08  09  10  00  00  6E     411.9211
     0100      8   20  00  08  09  10  00  00  01     411.9258
     0101      8   41  73  00  00  00  00  00  25     411.9278
     0102      8   20  00  08  09  10  00  00  01     411.9280
     0100      8   20  00  08  09  10  00  00  01     411.9306
     0100      8   40  00  08  09  10  00  00  B0     411.9354
     0101      8   61  73  00  00  00  00  00  4A     411.9378
     0102      8   40  00  08  09  10  00  00  B0     411.9380
     0100      8   40  00  08  09  10  00  00  B0     411.9401
     0100      8   60  00  08  09  10  00  00  DF     411.9449
     0101      8   81  73  00  00  00  00  00  5A     411.9478
     0102      8   60  00  08  09  10  00  00  DF     411.9480
     0501      8   0E  00  00  00  00  00  00  01     411.9483
     0100      8   60  00  08  09  10  00  00  DF     411.9496
     0100      8   80  00  08  09  10  00  00  CF     411.9544
     0101      8   A1  73  00  00  00  00  00  35     411.9578
     0102      8   80  00  08  09  10  00  00  CF     411.9580
     0100      8   80  00  08  09  10  00  00  CF     411.9592
     0100      8   A0  00  09  09  10  00  00  CA     411.9639
     0101      8   C1  73  00  00  00  00  00  84     411.9678
     0102      8   A0  00  09  09  10  00  00  CA     411.9680
     0100      8   A0  00  09  09  10  00  00  CA     411.9687
     0100      8   C0  00  09  09  10  00  00  7B     411.9734
     0101      8   E1  73  00  00  00  00  00  EB     411.9778
     0102      8   C0  00  09  09  10  00  00  7B     411.9780
     0100      8   C0  00  09  09  10  00  00  7B     411.9782
     0100      8   E0  00  09  09  10  00  00  14     411.9829
     0100      8   E0  00  09  09  10  00  00  14     411.9877
     0101      8   01  73  00  00  00  00  00  FB     411.9880
     0102      8   E0  00  09  09  10  00  00  14     411.9882
     0100      8   E0  00  09  09  10  00  00  14     411.9925
     0100      8   00  00  09  09  10  00  00  04     411.9972
     0101      8   21  73  00  00  00  00  00  94     411.9978
     0102      8   00  00  09  09  10  00  00  04     411.9980
     0100      8   00  00  09  09  10  00  00  04     412.0020
     0100      8   20  00  09  09  10  00  00  6B     412.0067
     0101      8   41  73  00  00  00  00  00  25     412.0078
     0102      8   20  00  09  09  10  00  00  6B     412.0080
     0100      8   20  00  09  09  10  00  00  6B     412.0115
     0100      8   40  00  09  09  10  00  00  DA     412.0163
     0101      8   61  73  00  00  00  00  00  4A     412.0178
     0102      8   40  00  09  09  10  00  00  DA     412.0180
     0100      8   40  00  09  09  10  00  00  DA     412.0210
     0100      8   60  00  09  09  10  00  00  B5     412.0258
     0101      8   81  73  00  00  00  00  00  5A     412.0278
     0102      8   60  00  09  09  10  00  00  B5     412.0280
     0100      8   60  00  09  09  10  00  00  B5     412.0305
     0100      8   80  00  09  09  10  00  00  A5     412.0353
     0101      8   A1  73  00  00  00  00  00  35     412.0377
     0102      8   80  00  09  09  10  00  00  A5     412.0380
     0100      8   80  00  09  09  10  00  00  A5     412.0401
     0100      8   A0  00  09  09  10  00  00  CA     412.0448
     0101      8   C1  73  00  00  00  00  00  84     412.0477
     0102      8   A0  00  09  09  10  00  00  CA     412.0480
     0501      8   0E  00  00  00  00  00  00  01     412.0482
     0100      8   A0  00  09  09  10  00  00  CA     412.0496
     0100      8   C0  00  09  09  10  00  00  7B     412.0543
     0101      8   E1  73  00  00  00  00  00  EB     412.0577
     0102      8   C0  00  09  09  10  00  00  7B     412.0580
     0100      8   C0  00  09  09  10  00  00  7B     412.0591
     0100      8   E0  00  09  09  10  00  00  14     412.0638
     0101      8   01  73  00  00  00  00  00  FB     412.0678
     0102      8   E0  00  09  09  10  00  00  14     412.0680
     0100      8   E0  00  09  09  10  00  00  14     412.0686
     0100      8   00  00  09  09  10  00  00  04     412.0734
     0101      8   21  73  00  00  00  00  00  94     412.0777
     0102      8   00  00  09  09  10  00  00  04     412.0780
     0100      8   00  00  09  09  10  00  00  04     412.0782
     0100      8   20  00  09  09  10  00  00  6B     412.0829
     0100      8   20  00  09  09  10  00  00  6B     412.0876
     0101      8   41  73  00  00  00  00  00  25     412.0879
     0102      8   20  00  09  09  10  00  00  6B     412.0881
     0100      8   20  00  09  09  10  00  00  6B     412.0924
     0100      8   40  00  09  09  10  00  00  DA     412.0972
     0101      8   61  73  00  00  00  00  00  4A     412.0977
     0102      8   40  00  09  09  10  00  00  DA     412.0980
     0100      8   40  00  09  09  10  00  00  DA     412.1019
     0100      8   60  00  09  09  10  00  00  B5     412.1067
     0101      8   81  73  00  00  00  00  00  5A     412.1077
     0102      8   60  00  09  09  10  00  00  B5     412.1080
     0100      8   60  00  09  09  10  00  00  B5     412.1114
     0100      8   80  00  09  09  10  00  00  A5     412.1162
     0101      8   A1  73  00  00  00  00  00  35     412.1177
     0102      8   80  00  09  09  10  00  00  A5     412.1180
     0100      8   80  00  09  09  10  00  00  A5     412.1210
     0100      8   A0  00  09  09  10  00  00  CA     412.1257
     0101      8   C1  73  00  00  00  00  00  84     412.1277
     0102      8   A0  00  09  09  10  00  00  CA     412.1280
     0100      8   A0  00  09  09  10  00  00  CA     412.1305
     0100      8   C0  00  09  09  10  00  00  7B     412.1352
     0101      8   E1  73  00  00  00  00  00  EB     412.1377
     0102      8   C0  00  09  09  10  00  00  7B     412.1380
     0100      8   C0  00  09  09  10  00  00  7B     412.1400
     0100      8   E0  00  09  09  10  00  00  14     412.1448
     0101      8   01  73  00  00  00  00  00  FB     412.1477
     0102      8   E0  00  09  09  10  00  00  14     412.1480
     0501      8   0E  00  00  00  00  00  00  01     412.1482
     0100      8   E0  00  09  09  10  00  00  14     412.1495
     0100      8   00  00  09  09  10  00  00  04     412.1543
     0101      8   21  73  00  00  00  00  00  94     412.1577
     0102      8   00  00  09  09  10  00  00  04     412.1580
     0100      8   00  00  09  09  10  00  00  04     412.1590
     0100      8   20  00  09  09  10  00  00  6B     412.1638
     0101      8   41  73  00  00  00  00  00  25     412.1677
     0102      8   20  00  09  09  10  00  00  6B     412.1680
     0100      8   20  00  09  09  10  00  00  6B     412.1686
     0100      8   40  00  09  09  10  00  00  DA     412.1733
     0101      8   61  73  00  00  00  00  00  4A     412.1777
     0102      8   40  00  09  09  10  00  00  DA     412.1780
     0100      8   40  00  09  09  10  00  00  DA     412.1782
     0100      8   60  00  09  09  10  00  00  B5     412.1828
     0100      8   60  00  09  09  10  00  00  B5     412.1876
     0101      8   81  73  00  00  00  00  00  5A     412.1878
     0102      8   60  00  09  09  10  00  00  B5     412.1881
     0100      8   60  00  09  09  10  00  00  B5     412.1923
     0100      8   80  00  09  09  10  00  00  A5     412.1971
     0101      8   A1  73  00  00  00  00  00  35     412.1977
     0102      8   80  00  09  09  10  00  00  A5     412.1980
     0100      8   80  00  09  09  10  00  00  A5     412.2019
     0100      8   A0  00  09  09  10  00  00  CA     412.2066
     0101      8   C1  73  00  00  00  00  00  84     412.2077
     0102      8   A0  00  09  09  10  00  00  CA     412.2080
     0100      8   A0  00  09  09  10  00  00  CA     412.2114
     0100      8   C0  00  09  09  10  00  00  7B     412.2161
     0101      8   E1  73  00  00  00  00  00  EB     412.2177
     0102      8   C0  00  09  09  10  00  00  7B     412.2180
     0100      8   C0  00  09  09  10  00  00  7B     412.2209
     0100      8   E0  00  09  09  10  00  00  14     412.2257
     0101      8   01  73  00  00  00  00  00  FB     412.2277
     0102      8   E0  00  09  09  10  00  00  14     412.2280
     0100      8   E0  00  09  09  10  00  00  14     412.2304
     0100      8   00  00  09  09  10  00  00  04     412.2352
     0101      8   21  73  00  00  00  00  00  94     412.2377
     0102      8   00  00  09  09  10  00  00  04     412.2380
     0100      8   00  00  09  09  10  00  00  04     412.2399
     0100      8   20  00  09  09  10  00  00  6B     412.2447
     0101      8   41  73  00  00  00  00  00  25     412.2477
     0102      8   20  00  09  09  10  00  00  6B     412.2480
     0501      8   0E  00  00  00  00  00  00  01     412.2482
     0100      8   20  00  09  09  10  00  00  6B     412.2495
     0100      8   40  00  09  09  10  00  00  DA     412.2542
     0101      8   61  73  00  00  00  00  00  4A     412.2577
     0102      8   40  00  09  09  10  00  00  DA     412.2579
     0100      8   40  00  09  09  10  00  00  DA     412.2590
     0100      8   60  00  09  09  10  00  00  B5     412.2637
     0101      8   81  73  00  00  00  00  00  5A     412.2677
     0102      8   60  00  09  09  10  00  00  B5     412.2680
     0100      8   60  00  09  09  10  00  00  B5     412.2685
     0100      8   80  00  09  09  10  00  00  A5     412.2733
     0101      8   A1  73  00  00  00  00  00  35     412.2777
     0102      8   80  00  09  09  10  00  00  A5     412.2780
     0100      8   80  00  09  09  10  00  00  A5     412.2782
     0100      8   A0  00  09  09  10  00  00  CA     412.2828
     0100      8   A0  00  09  09  10  00  00  CA     412.2875
     0101      8   C1  73  00  00  00  00  00  84     412.2878
     0102      8   A0  00  09  09  10  00  00  CA     412.2880
     0100      8   A0  00  09  09  10  00  00  CA     412.2923
     0100      8   C0  00  09  09  10  00  00  7B     412.2970
     0101      8   E1  73  00  00  00  00  00  EB     412.2977
     0102      8   C0  00  09  09  10  00  00  7B     412.2979
     0100      8   C0  00  09  09  10  00  00  7B     412.3018
     0100      8   E0  00  09  09  10  00  00  14     412.3066
     0101      8   01  73  00  00  00  00  00  FB     412.3077
     0102      8   E0  00  09  09  10  00  00  14     412.3080
     0100      8   E0  00  09  09  10  00  00  14     412.3113
     0100      8   00  00  09  09  10  00  00  04     412.3161
     0101      8   21  73  00  00  00  00  00  94     412.3177
     0102      8   00  00  09  09  10  00  00  04     412.3180
     0100      8   00  00  09  09  10  00  00  04     412.3208
     0100      8   20  00  09  09  10  00  00  6B     412.3256
     0101      8   41  73  00  00  00  00  00  25     412.3277
     0102      8   20  00  09  09  10  00  00  6B     412.3279
     0100      8   20  00  09  09  10  00  00  6B     412.3304
     0100      8   40  00  09  09  10  00  00  DA     412.3351
     0101      8   61  73  00  00  00  00  00  4A     412.3377
     0102      8   40  00  09  09  10  00  00  DA     412.3379
     0100      8   40  00  09  09  10  00  00  DA     412.3399
     0100      8   60  00  09  09  10  00  00  B5     412.3446
     0101      8   81  73  00  00  00  00  00  5A     412.3477
     0102      8   60  00  09  09  10  00  00  B5     412.3479
     0501      8   0E  00  00  00  00  00  00  01     412.3482
     0100      8   60  00  09  09  10  00  00  B5     412.3494
     0100      8   80  00  09  09  10  00  00  A5     412.3542
     0101      8   A1  73  00  00  00  00  00  35     412.3577
     0102      8   80  00  09  09  10  00  00  A5     412.3579
     0100      8   80  00  09  09  10  00  00  A5     412.3589
     0100      8   A0  00  09  09  10  00  00  CA     412.3637
     0101      8   C1  73  00  00  00  00  00  84     412.3677
     0102      8   A0  00  09  09  10  00  00  CA     412.3679
     0100      8   A0  00  09  09  10  00  00  CA     412.3684
     0100      8   C0  00  09  09  10  00  00  7B     412.3732
     0101      8   E1  73  00  00  00  00  00  EB     412.3777
     0102      8   C0  00  09  09  10  00  00  7B     412.3779
     0100      8   C0  00  09  09  10  00  00  7B     412.3782
     0100      8   E0  00  09  09  10  00  00  14     412.3827
     0100      8   E0  00  09  09  10  00  00  14     412.3875
     0101      8   01  73  00  00  00  00  00  FB     412.3877
     0102      8   E0  00  09  09  10  00  00  14     412.3880
     0100      8   E0  00  09  09  10  00  00  14     412.3922
     0100      8   00  00  09  09  10  00  00  04     412.3970
     0101      8   21  73  00  00  00  00  00  94     412.3977
     0102      8   00  00  09  09  10  00  00  04     412.3979
     0100      8   00  00  09  09  10  00  00  04     412.4017
     0100      8   20  00  09  09  10  00  00  6B     412.4065
     0101      8   41  73  00  00  00  00  00  25     412.4077
     0102      8   20  00  09  09  10  00  00  6B     412.4079
     0100      8   20  00  09  09  10  00  00  6B     412.4113
     0100      8   40  00  09  09  10  00  00  DA     412.4160
     0101      8   61  73  00  00  00  00  00  4A     412.4177
     0102      8   40  00  09  09  10  00  00  DA     412.4179
     0100      8   40  00  09  09  10  00  00  DA     412.4208
     0100      8   60  00  09  09  10  00  00  B5     412.4255
     0101      8   81  73  00  00  00  00  00  5A     412.4277
     0102      8   60  00  09  09  10  00  00  B5     412.4279
     0100      8   60  00  09  09  10  00  00  B5     412.4303
     0100      8   80  00  09  09  10  00  00  A5     412.4351
     0101      8   A1  73  00  00  00  00  00  35     412.4377
     0102      8   80  00  09  09  10  00  00  A5     412.4379
     0100      8   80  00  09  09  10  00  00  A5     412.4398
     0100      8   A0  00  09  09  10  00  00  CA     412.4446
     0101      8   C1  73  00  00  00  00  00  84     412.4477
     0102      8   A0  00  09  09  10  00  00  CA     412.4479
     0501      8   0E  00  00  00  00  00  00  01     412.4482
     0100      8   A0  00  09  09  10  00  00  CA     412.4493
     0100      8   C0  00  09  09  10  00  00  7B     412.4541
     0101      8   E1  73  00  00  00  00  00  EB     412.4577
     0102      8   C0  00  09  09  10  00  00  7B     412.4579
     0100      8   C0  00  09  09  10  00  00  7B     412.4589
     0100      8   E0  00  09  09  10  00  00  14     412.4636
     0101      8   01  73  00  00  00  00  00  FB     412.4677
     0102      8   E0  00  09  09  10  00  00  14     412.4679
     0100      8   E0  00  09  09  10  00  00  14     412.4684
     0100      8   00  00  09  09  10  00  00  04     412.4731
     0101      8   21  73  00  00  00  00  00  94     412.4777
     0100      8   00  00  09  09  10  00  00  04     412.4779
     0102      8   00  00  09  09  10  00  00  04     412.4782
     0100      8   20  00  09  09  10  00  00  6B     412.4827
     0100      8   20  00  09  09  10  00  00  6B     412.4874
     0101      8   41  73  00  00  00  00  00  25     412.4877
     0102      8   20  00  09  09  10  00  00  6B     412.4879
     0100      8   20  00  09  09  10  00  00  6B     412.4922
     0100      8   40  00  09  09  10  00  00  DA     412.4969
     0101      8   61  73  00  00  00  00  00  4A     412.4977
     0102      8   40  00  09  09  10  00  00  DA     412.4979
     0100      8   40  00  09  09  10  00  00  DA     412.5017
     0100      8   60  00  09  09  10  00  00  B5     412.5064
     0101      8   81  73  00  00  00  00  00  5A     412.5077
     0102      8   60  00  09  09  10  00  00  B5     412.5079
     0100      8   60  00  09  09  10  00  00  B5     412.5112
     0100      8   80  00  09  09  10  00  00  A5     412.5160
     0101      8   A1  73  00  00  00  00  00  35     412.5177
     0102      8   80  00  09  09  10  00  00  A5     412.5179
     0100      8   80  00  09  09  10  00  00  A5     412.5207
     0100      8   A0  00  09  09  10  00  00  CA     412.5255
     0101      8   C1  73  00  00  00  00  00  84     412.5277
     0102      8   A0  00  09  09  10  00  00  CA     412.5279
     0100      8   A0  00  09  09  10  00  00  CA     412.5302
     0100      8   C0  00  09  09  10  00  00  7B     412.5350
     0101      8   E1  73  00  00  00  00  00  EB     412.5377
     0102      8   C0  00  09  09  10  00  00  7B     412.5379
     0100      8   C0  00  09  09  10  00  00  7B     412.5398
     0100      8   E0  00  09  09  10  00  00  14     412.5445
     0101      8   01  73  00  00  00  00  00  FB     412.5477
     0102      8   E0  00  09  09  10  00  00  14     412.5479
     0501      8   0E  00  00  00  00  00  00  01     412.5482
     0100      8   E0  00  09  09  10  00  00  14     412.5493
     0100      8   00  00  09  09  10  00  00  04     412.5540
     0101      8   21  73  00  00  00  00  00  94     412.5577
     0102      8   00  00  09  09  10  00  00  04     412.5579
     0100      8   00  00  09  09  10  00  00  04     412.5588
     0100      8   20  00  09  09  10  00  00  6B     412.5636
     0101      8   41  73  00  00  00  00  00  25     412.5677
     0102      8   20  00  09  09  10  00  00  6B     412.5679
     0100      8   20  00  09  09  10  00  00  6B     412.5683
     0100      8   40  00  09  09  10  00  00  DA     412.5731
     0101      8   61  73  00  00  00  00  00  4A     412.5777
     0100      8   40  00  09  09  10  00  00  DA     412.5779
     0102      8   40  00  09  09  10  00  00  DA     412.5781
     0100      8   60  00  09  09  10  00  00  B5     412.5826
     0100      8   60  00  09  09  10  00  00  B5     412.5873
     0101      8   81  73  00  00  00  00  00  5A     412.5877
     0102      8   60  00  09  09  10  00  00  B5     412.5879
     0100      8   60  00  09  09  10  00  00  B5     412.5921
     0100      8   80  00  09  09  10  00  00  A5     412.5969
     0101      8   A1  73  00  00  00  00  00  35     412.5977
     0102      8   80  00  09  09  10  00  00  A5     412.5979
     0100      8   80  00  09  09  10  00  00  A5     412.6016
     0100      8   A0  00  09  09  10  00  00  CA     412.6064
     0101      8   C1  73  00  00  00  00  00  84     412.6077
     0102      8   A0  00  09  09  10  00  00  CA     412.6079
     0100      8   A0  00  09  09  10  00  00  CA     412.6112
     0100      8   C0  00  09  09  10  00  00  7B     412.6159
     0101      8   E1  73  00  00  00  00  00  EB     412.6177
     0102      8   C0  00  09  09  10  00  00  7B     412.6179
     0100      8   C0  00  09  09  10  00  00  7B     412.6207
     0100      8   E0  00  09  09  10  00  00  14     412.6254
     0101      8   01  73  00  00  00  00  00  FB     412.6277
     0102      8   E0  00  09  09  10  00  00  14     412.6279
     0100      8   E0  00  09  09  10  00  00  14     412.6302
     0100      8   00  00  09  09  10  00  00  04     412.6349
     0101      8   21  73  00  00  00  00  00  94     412.6377
     0102      8   00  00  09  09  10  00  00  04     412.6379
     0100      8   00  00  09  09  10  00  00  04     412.6397
     0100      8   20  00  09  09  10  00  00  6B     412.6445
     0101      8   41  73  00  00  00  00  00  25     412.6477
     0102      8   20  00  09  09  10  00  00  6B     412.6479
     0501      8   0E  00  00  00  00  00  00  01     412.6482
     0100      8   20  00  09  09  10  00  00  6B     412.6492
     0100      8   40  00  09  09  10  00  00  DA     412.6540
     0101      8   61  73  00  00  00  00  00  4A     412.6577
     0102      8   40  00  09  09  10  00  00  DA     412.6579
     0100      8   40  00  09  09  10  00  00  DA     412.6587
     0100      8   60  00  09  09  10  00  00  B5     412.6635
     0101      8   81  73  00  00  00  00  00  5A     412.6677
     0102      8   60  00  09  09  10  00  00  B5     412.6679
     0100      8   60  00  09  09  10  00  00  B5     412.6683
     0100      8   80  00  09  09  10  00  00  A5     412.6730
     0101      8   A1  73  00  00  00  00  00  35     412.6777
     0100      8   80  00  09  09  10  00  00  A5     412.6779
     0102      8   80  00  09  09  10  00  00  A5     412.6781
     0100      8   A0  00  09  09  10  00  00  CA     412.6825
     0100      8   A0  00  09  09  10  00  00  CA     412.6873
     0101      8   C1  73  00  00  00  00  00  84     412.6877
     0102      8   A0  00  09  09  10  00  00  CA     412.6879
     0100      8   A0  00  09  09  10  00  00  CA     412.6921
     0100      8   C0  00  09  09  10  00  00  7B     412.6968
     0101      8   E1  73  00  00  00  00  00  EB     412.6977
     0102      8   C0  00  09  09  10  00  00  7B     412.6979
     0100      8   C0  00  09  09  10  00  00  7B     412.7016
     0100      8   E0  00  09  09  10  00  00  14     412.7063
     0101      8   01  73  00  00  00  00  00  FB     412.7077
     0102      8   E0  00  09  09  10  00  00  14     412.7079
     0100      8   E0  00  09  09  10  00  00  14     412.7111
     0100      8   00  00  09  09  10  00  00  04     412.7158
     0101      8   21  73  00  00  00  00  00  94     412.7177
     0102      8   00  00  09  09  10  00  00  04     412.7179
     0100      8   00  00  09  09  10  00  00  04     412.7206
     0100      8   20  00  09  09  10  00  00  6B     412.7254
     0101      8   41  73  00  00  00  00  00  25     412.7276
     0102      8   20  00  09  09  10  00  00  6B     412.7279
     0100      8   20  00  09  09  10  00  00  6B     412.7301
     0100      8   40  00  09  09  10  00  00  DA     412.7349
     0101      8   61  73  00  00  00  00  00  4A     412.7376
     0102      8   40  00  09  09  10  00  00  DA     412.7379
     0100      8   40  00  09  09  10  00  00  DA     412.7396
     0100      8   60  00  09  09  10  00  00  B5     412.7444
     0101      8   81  73  00  00  00  00  00  5A     412.7477
     0102      8   60  00  09  09  10  00  00  B5     412.7479
     0501      8   0E  00  00  00  00  00  00  01     412.7481
     0100      8   60  00  09  09  10  00  00  B5     412.7492
     0100      8   80  00  09  09  10  00  00  A5     412.7539
     0101      8   A1  73  00  00  00  00  00  35     412.7576
     0102      8   80  00  09  09  10  00  00  A5     412.7579
     0100      8   80  00  09  09  10  00  00  A5     412.7587
     0100      8   A0  00  09  09  10  00  00  CA     412.7634
     0101      8   C1  73  00  00  00  00  00  84     412.7676
     0102      8   A0  00  09  09  10  00  00  CA     412.7679
     0100      8   A0  00  09  09  10  00  00  CA     412.7682
     0100      8   C0  00  09  09  10  00  00  7B     412.7730
     0101      8   E1  73  00  00  00  00  00  EB     412.7776
     0100      8   C0  00  09  09  10  00  00  7B     412.7779
     0102      8   C0  00  09  09  10  00  00  7B     412.7781
     0100      8   E0  00  09  09  10  00  00  14     412.7825
     0100      8   E0  00  09  09  10  00  00  14     412.7872
     0101      8   01  73  00  00  00  00  00  FB     412.7876
     0102      8   E0  00  09  09  10  00  00  14     412.7879
     0100      8   E0  00  09  09  10  00  00  14     412.7920
     0100      8   00  00  09  09  10  00  00  04     412.7968
     0101      8   21  73  00  00  00  00  00  94     412.7976
     0102      8   00  00  09  09  10  00  00  04     412.7979
     0100      8   00  00  09  09  10  00  00  04     412.8015
     0100      8   20  00  09  09  10  00  00  6B     412.8063
     0101      8   41  73  00  00  00  00  00  25     412.8076
     0102      8   20  00  09  09  10  00  00  6B     412.8079
     0100      8   20  00  09  09  10  00  00  6B     412.8110
     0100      8   40  00  09  09  10  00  00  DA     412.8158
     0101      8   61  73  00  00  00  00  00  4A     412.8176
     0102      8   40  00  09  09  10  00  00  DA     412.8179
     0100      8   40  00  09  09  10  00  00  DA     412.8205
     0100      8   60  00  09  09  10  00  00  B5     412.8253
     0101      8   81  73  00  00  00  00  00  5A     412.8276
     0102      8   60  00  09  09  10  00  00  B5     412.8279
     0100      8   60  00  09  09  10  00  00  B5     412.8301
     0100      8   80  00  09  09  10  00  00  A5     412.8348
     0101      8   A1  73  00  00  00  00  00  35     412.8376
     0102      8   80  00  09  09  10  00  00  A5     412.8379
     0100      8   80  00  09  09  10  00  00  A5     412.8396
     0100      8   A0  00  09  09  10  00  00  CA     412.8443
     0101      8   C1  73  00  00  00  00  00  84     412.8476
     0102      8   A0  00  09  09  10  00  00  CA     412.8479
     0501      8   0E  00  00  00  00  00  00  01     412.8481
     0100      8   A0  00  09  09  10  00  00  CA     412.8491
     0100      8   C0  00  09  09  10  00  00  7B     412.8539
     0101      8   E1  73  00  00  00  00  00  EB     412.8576
     0102      8   C0  00  09  09  10  00  00  7B     412.8579
     0100      8   C0  00  09  09  10  00  00  7B     412.8586
     0100      8   E0  00  09  09  10  00  00  14     412.8634
     0101      8   01  73  00  00  00  00  00  FB     412.8676
     0102      8   E0  00  09  09  10  00  00  14     412.8679
     0100      8   E0  00  09  09  10  00  00  14     412.8681
     0100      8   00  00  09  09  10  00  00  04     412.8729
     0101      8   21  73  00  00  00  00  00  94     412.8776
     0100      8   00  00  09  09  10  00  00  04     412.8779
     0102      8   00  00  09  09  10  00  00  04     412.8781
     0100      8   20  00  09  09  10  00  00  6B     412.8824
     0100      8   20  00  09  09  10  00  00  6B     412.8872
     0101      8   41  73  00  00  00  00  00  25     412.8876
     0102      8   20  00  09  09  10  00  00  6B     412.8879
     0100      8   20  00  09  09  10  00  00  6B     412.8919
     0100      8   40  00  09  09  10  00  00  DA     412.8967
     0101      8   61  73  00  00  00  00  00  4A     412.8976
     0102      8   40  00  09  09  10  00  00  DA     412.8979
     0100      8   40  00  09  09  10  00  00  DA     412.9014
     0100      8   60  00  09  09  10  00  00  B5     412.9062
     0101      8   81  73  00  00  00  00  00  5A     412.9076
     0102      8   60  00  09  09  10  00  00  B5     412.9079
     0100      8   60  00  09  09  10  00  00  B5     412.9110
     0100      8   80  00  09  09  10  00  00  A5     412.9157
     0101      8   A1  73  00  00  00  00  00  35     412.9176
     0102      8   80  00  09  09  10  00  00  A5     412.9179
     0100      8   80  00  09  09  10  00  00  A5     412.9205
     0100      8   A0  00  09  09  10  00  00  CA     412.9252
     0101      8   C1  73  00  00  00  00  00  84     412.9276
     0102      8   A0  00  09  09  10  00  00  CA     412.9279
     0100      8   A0  00  09  09  10  00  00  CA     412.9300
     0100      8   C0  00  09  09  10  00  00  7B     412.9348
     0101      8   E1  73  00  00  00  00  00  EB     412.9376
     0102      8   C0  00  09  09  10  00  00  7B     412.9379
     0100      8   C0  00  09  09  10  00  00  7B     412.9395
     0100      8   E0  00  09  09  10  00  00  14     412.9443
     0101      8   01  73  00  00  00  00  00  FB     412.9476
     0102      8   E0  00  09  09  10  00  00  14     412.9479
     0501      8   0E  00  00  00  00  00  00  01     412.9481
     0100      8   E0  00  09  09  10  00  00  14     412.9490
     0100      8   00  00  09  09  10  00  00  04     412.9538
     0101      8   21  73  00  00  00  00  00  94     412.9576
     0102      8   00  00  09  09  10  00  00  04     412.9579
     0100      8   00  00  09  09  10  00  00  04     412.9586
     0100      8   20  00  09  09  10  00  00  6B     412.9633
     0101      8   41  73  00  00  00  00  00  25     412.9676
     0102      8   20  00  09  09  10  00  00  6B     412.9679
     0100      8   20  00  09  09  10  00  00  6B     412.9681
     0100      8   40  00  09  09  10  00  00  DA     412.9728
     0100      8   40  00  09  09  10  00  00  DA     412.9776
     0101      8   61  73  00  00  00  00  00  4A     412.9778
     0102      8   40  00  09  09  10  00  00  DA     412.9781
     0100      8   40  00  09  09  10  00  00  DA     412.9824
     0100      8   60  00  09  09  10  00  00  B5     412.9871
     0101      8   81  73  00  00  00  00  00  5A     412.9876
     0102      8   40  00  09  09  10  00  00  DA     412.9879
     0100      8   60  00  09  09  10  00  00  B5     412.9919
     0100      8   80  00  09  09  10  00  00  A5     412.9966
     0101      8   A1  73  00  00  00  00  00  35     412.9976
     0102      8   80  00  09  09  10  00  00  A5     412.9979
     0100      8   80  00  09  09  10  00  00  A5     413.0014
     0100      8   A0  00  09  09  10  00  00  CA     413.0062
     0101      8   C1  73  00  00  00  00  00  84     413.0076
     0102      8   A0  00  09  09  10  00  00  CA     413.0078
     0100      8   A0  00  09  09  10  00  00  CA     413.0109
     0100      8   C0  00  09  09  10  00  00  7B     413.0157
     0101      8   E1  73  00  00  00  00  00  EB     413.0176
     0102      8   C0  00  09  09  10  00  00  7B     413.0178
     0100      8   C0  00  09  09  10  00  00  7B     413.0204
     0100      8   E0  00  09  09  10  00  00  14     413.0252
     0101      8   01  73  00  00  00  00  00  FB     413.0276
     0102      8   E0  00  09  09  10  00  00  14     413.0279
     0100      8   E0  00  09  09  10  00  00  14     413.0300
     0100      8   00  00  09  09  10  00  00  04     413.0347
     0101      8   21  73  00  00  00  00  00  94     413.0376
     0102      8   00  00  09  09  10  00  00  04     413.0379
     0100      8   00  00  09  09  10  00  00  04     413.0395
     0100      8   20  00  09  09  10  00  00  6B     413.0442
     0101      8   41  73  00  00  00  00  00  25     413.0476
     0102      8   20  00  09  09  10  00  00  6B     413.0478
     0501      8   0E  00  00  00  00  00  00  01     413.0481
     0100      8   20  00  09  09  10  00  00  6B     413.0490
     0100      8   40  00  09  09  10  00  00  DA     413.0537
     0101      8   61  73  00  00  00  00  00  4A     413.0576
     0102      8   40  00  09  09  10  00  00  DA     413.0578
     0100      8   40  00  09  09  10  00  00  DA     413.0585
     0100      8   60  00  09  09  10  00  00  B5     413.0633
     0101      8   81  73  00  00  00  00  00  5A     413.0676
     0102      8   60  00  09  09  10  00  00  B5     413.0678
     0100      8   60  00  09  09  10  00  00  B5     413.0681
     0100      8   80  00  09  09  10  00  00  A5     413.0728
     0100      8   80  00  09  09  10  00  00  A5     413.0775
     0101      8   A1  73  00  00  00  00  00  35     413.0778
     0102      8   80  00  09  09  10  00  00  A5     413.0780
     0100      8   80  00  09  09  10  00  00  A5     413.0823
     0100      8   A0  00  09  09  10  00  00  CA     413.0871
     0101      8   C1  73  00  00  00  00  00  84     413.0876
     0102      8   A0  00  09  09  10  00  00  CA     413.0878
     0100      8   A0  00  09  09  10  00  00  CA     413.0918
     0100      8   C0  00  09  09  10  00  00  7B     413.0966
     0101      8   E1  73  00  00  00  00  00  EB     413.0976
     0102      8   C0  00  09  09  10  00  00  7B     413.0978
     0100      8   C0  00  09  09  10  00  00  7B     413.1013
     0100      8   E0  00  09  09  10  00  00  14     413.1061
     0101      8   01  73  00  00  00  00  00  FB     413.1076
     0102      8   E0  00  09  09  10  00  00  14     413.1078
     0100      8   E0  00  09  09  10  00  00  14     413.1109
     0100      8   00  00  09  09  10  00  00  04     413.1156
     0101      8   21  73  00  00  00  00  00  94     413.1176
     0102      8   00  00  09  09  10  00  00  04     413.1178
     0100      8   00  00  09  09  10  00  00  04     413.1204
     0100      8   20  00  09  09  10  00  00  6B     413.1251
     0101      8   41  73  00  00  00  00  00  25     413.1276
     0102      8   20  00  09  09  10  00  00  6B     413.1278
     0100      8   20  00  09  09  10  00  00  6B     413.1299
     0100      8   40  00  09  09  10  00  00  DA     413.1346
     0101      8   61  73  00  00  00  00  00  4A     413.1376
     0102      8   40  00  09  09  10  00  00  DA     413.1378
     0100      8   40  00  09  09  10  00  00  DA     413.1394
     0100      8   60  00  09  09  10  00  00  B5     413.1442
     0101      8   81  73  00  00  00  00  00  5A     413.1476
     0102      8   60  00  09  09  10  00  00  B5     413.1478
     0501      8   0E  00  00  00  00  00  00  01     413.1481
     0100      8   60  00  09  09  10  00  00  B5     413.1489
     0100      8   80  00  09  09  10  00  00  A5     413.1537
     0101      8   A1  73  00  00  00  00  00  35     413.1576
     0102      8   80  00  09  09  10  00  00  A5     413.1578
     0100      8   80  00  09  09  10  00  00  A5     413.1584
     0100      8   A0  00  09  09  10  00  00  CA     413.1632
     0101      8   C1  73  00  00  00  00  00  84     413.1676
     0102      8   A0  00  09  09  10  00  00  CA     413.1678
     0100      8   A0  00  09  09  10  00  00  CA     413.1681
     0100      8   C0  00  09  09  10  00  00  7B     413.1727
     0100      8   C0  00  09  09  10  00  00  7B     413.1775
     0101      8   E1  73  00  00  00  00  00  EB     413.1777
     0102      8   C0  00  09  09  10  00  00  7B     413.1780
     0100      8   C0  00  09  09  10  00  00  7B     413.1822
     0100      8   E0  00  09  09  10  00  00  14     413.1870
     0101      8   01  73  00  00  00  00  00  FB     413.1876
     0102      8   E0  00  09  09  10  00  00  14     413.1878
     0100      8   E0  00  09  09  10  00  00  14     413.1918
     0100      8   00  00  09  09  10  00  00  04     413.1965
     0101      8   21  73  00  00  00  00  00  94     413.1976
     0102      8   00  00  09  09  10  00  00  04     413.1978
     0100      8   00  00  09  09  10  00  00  04     413.2013
     0100      8   20  00  09  09  10  00  00  6B     413.2060
     0101      8   41  73  00  00  00  00  00  25     413.2076
     0102      8   20  00  09  09  10  00  00  6B     413.2078
     0100      8   20  00  09  09  10  00  00  6B     413.2108
     0100      8   40  00  09  09  10  00  00  DA     413.2155
     0101      8   61  73  00  00  00  00  00  4A     413.2176
     0102      8   40  00  09  09  10  00  00  DA     413.2178
     0100      8   40  00  09  09  10  00  00  DA     413.2203
     0100      8   60  00  09  09  10  00  00  B5     413.2251
     0101      8   81  73  00  00  00  00  00  5A     413.2276
     0102      8   60  00  09  09  10  00  00  B5     413.2278
     0100      8   60  00  09  09  10  00  00  B5     413.2298
     0100      8   80  00  09  09  10  00  00  A5     413.2346
     0101      8   A1  73  00  00  00  00  00  35     413.2376
     0102      8   80  00  09  09  10  00  00  A5     413.2378
     0100      8   80  00  09  09  10  00  00  A5     413.2393
     0100      8   A0  00  09  09  10  00  00  CA     413.2441
     0101      8   C1  73  00  00  00  00  00  84     413.2476
     0102      8   A0  00  09  09  10  00  00  CA     413.2478
     0501      8   0E  00  00  00  00  00  00  01     413.2481
     0100      8   A0  00  09  09  10  00  00  CA     413.2489
     0100      8   C0  00  09  09  10  00  00  7B     413.2536
     0101      8   E1  73  00  00  00  00  00  EB     413.2576
     0102      8   C0  00  09  09  10  00  00  7B     413.2578
     0100      8   C0  00  09  09  10  00  00  7B     413.2584
     0100      8   E0  00  09  09  10  00  00  14     413.2631
     0101      8   01  73  00  00  00  00  00  FB     413.2676
     0102      8   E0  00  09  09  10  00  00  14     413.2678
     0100      8   E0  00  09  09  10  00  00  14     413.2681
     0100      8   00  00  09  09  10  00  00  04     413.2727
     0100      8   00  00  09  09  10  00  00  04     413.2774
     0101      8   21  73  00  00  00  00  00  94     413.2777
     0102      8   00  00  09  09  10  00  00  04     413.2779
     0100      8   00  00  09  09  10  00  00  04     413.2822
     0100      8   20  00  09  09  10  00  00  6B     413.2869
     0101      8   41  73  00  00  00  00  00  25     413.2876
     0102      8   20  00  09  09  10  00  00  6B     413.2878
     0100      8   20  00  09  09  10  00  00  6B     413.2917
     0100      8   40  00  09  09  10  00  00  DA     413.2965
     0101      8   61  73  00  00  00  00  00  4A     413.2976
     0102      8   40  00  09  09  10  00  00  DA     413.2978
     0100      8   40  00  09  09  10  00  00  DA     413.3012
     0100      8   60  00  09  09  10  00  00  B5     413.3060
     0101      8   81  73  00  00  00  00  00  5A     413.3076
     0102      8   60  00  09  09  10  00  00  B5     413.3078
     0100      8   60  00  09  09  10  00  00  B5     413.3107
     0100      8   80  00  09  09  10  00  00  A5     413.3155
     0101      8   A1  73  00  00  00  00  00  35     413.3176
     0102      8   80  00  09  09  10  00  00  A5     413.3178
     0100      8   80  00  09  09  10  00  00  A5     413.3202
     0100      8   A0  00  09  09  10  00  00  CA     413.3250
     0101      8   C1  73  00  00  00  00  00  84     413.3276
     0102      8   A0  00  09  09  10  00  00  CA     413.3278
     0100      8   A0  00  09  09  10  00  00  CA     413.3298
     0100      8   C0  00  09  09  10  00  00  7B     413.3345
     0101      8   E1  73  00  00  00  00  00  EB     413.3376
     0102      8   C0  00  09  09  10  00  00  7B     413.3378
     0100      8   C0  00  09  09  10  00  00  7B     413.3393
     0100      8   E0  00  09  09  10  00  00  14     413.3440
     0101      8   01  73  00  00  00  00  00  FB     413.3476
     0102      8   E0  00  09  09  10  00  00  14     413.3478
     0501      8   0E  00  00  00  00  00  00  01     413.3481
     0100      8   E0  00  09  09  10  00  00  14     413.3488
     0100      8   00  00  09  09  10  00  00  04     413.3536
     0101      8   21  73  00  00  00  00  00  94     413.3576
     0102      8   00  00  09  09  10  00  00  04     413.3578
     0100      8   00  00  09  09  10  00  00  04     413.3583
     0100      8   20  00  09  09  10  00  00  6B     413.3631
     0101      8   41  73  00  00  00  00  00  25     413.3676
     0102      8   20  00  09  09  10  00  00  6B     413.3678
     0100      8   20  00  09  09  10  00  00  6B     413.3680
     0100      8   40  00  09  09  10  00  00  DA     413.3726
     0100      8   40  00  09  09  10  00  00  DA     413.3774
     0101      8   61  73  00  00  00  00  00  4A     413.3776
     0102      8   40  00  09  09  10  00  00  DA     413.3778
     0100      8   40  00  09  09  10  00  00  DA     413.3821
     0100      8   60  00  09  09  10  00  00  B5     413.3869
     0101      8   81  73  00  00  00  00  00  5A     413.3876
     0102      8   60  00  09  09  10  00  00  B5     413.3878
     0100      8   60  00  09  09  10  00  00  B5     413.3916
     0100      8   80  00  09  09  10  00  00  A5     413.3964
     0101      8   A1  73  00  00  00  00  00  35     413.3976
     0102      8   80  00  09  09  10  00  00  A5     413.3978
     0100      8   80  00  09  09  10  00  00  A5     413.4012
     0100      8   A0  00  09  09  10  00  00  CA     413.4059
     0101      8   C1  73  00  00  00  00  00  84     413.4076
     0102      8   A0  00  09  09  10  00  00  CA     413.4078
     0100      8   A0  00  09  09  10  00  00  CA     413.4107
     0100      8   C0  00  09  09  10  00  00  7B     413.4154
     0101      8   E1  73  00  00  00  00  00  EB     413.4176
     0102      8   C0  00  09  09  10  00  00  7B     413.4178
     0100      8   C0  00  09  09  10  00  00  7B     413.4202
     0100      8   E0  00  09  09  10  00  00  14     413.4249
     0101      8   01  73  00  00  00  00  00  FB     413.4276
     0102      8   E0  00  09  09  10  00  00  14     413.4278
     0100      8   E0  00  09  09  10  00  00  14     413.4297
     0100      8   00  00  09  09  10  00  00  04     413.4345
     0101      8   21  73  00  00  00  00  00  94     413.4376
     0102      8   00  00  09  09  10  00  00  04     413.4378
     0100      8   00  00  09  09  10  00  00  04     413.4392
     0100      8   20  00  09  09  10  00  00  6B     413.4440
     0101      8   41  73  00  00  00  00  00  25     413.4476
     0102      8   20  00  09  09  10  00  00  6B     413.4478
     0501      8   0E  00  00  00  00  00  00  01     413.4480
     0100      8   20  00  09  09  10  00  00  6B     413.4488
     0100      8   40  00  09  09  10  00  00  DA     413.4535
     0101      8   61  73  00  00  00  00  00  4A     413.4575
     0102      8   40  00  09  09  10  00  00  DA     413.4578
     0100      8   40  00  09  09  10  00  00  DA     413.4583
     0100      8   60  00  09  09  10  00  00  B5     413.4630
     0101      8   81  73  00  00  00  00  00  5A     413.4676
     0100      8   60  00  09  09  10  00  00  B5     413.4678
     0102      8   60  00  09  09  10  00  00  B5     413.4680
     0100      8   80  00  09  09  10  00  00  A5     413.4725
     0100      8   80  00  09  09  10  00  00  A5     413.4773
     0101      8   A1  73  00  00  00  00  00  35     413.4775
     0102      8   80  00  09  09  10  00  00  A5     413.4778
     0100      8   80  00  09  09  10  00  00  A5     413.4821
     0100      8   A0  00  09  09  10  00  00  CA     413.4868
     0101      8   C1  73  00  00  00  00  00  84     413.4875
     0102      8   A0  00  09  09  10  00  00  CA     413.4878
     0100      8   A0  00  09  09  10  00  00  CA     413.4916
     0100      8   C0  00  09  09  10  00  00  7B     413.4963
     0101      8   E1  73  00  00  00  00  00  EB     413.4975
     0102      8   C0  00  09  09  10  00  00  7B     413.4978
     0100      8   C0  00  09  09  10  00  00  7B     413.5011
     0100      8   E0  00  09  09  10  00  00  14     413.5059
     0101      8   01  73  00  00  00  00  00  FB     413.5075
     0102      8   E0  00  09  09  10  00  00  14     413.5078
     0100      8   E0  00  09  09  10  00  00  14     413.5106
     0100      8   00  00  09  09  10  00  00  04     413.5154
     0101      8   21  73  00  00  00  00  00  94     413.5175
     0102      8   00  00  09  09  10  00  00  04     413.5178
     0100      8   00  00  09  09  10  00  00  04     413.5201
     0100      8   20  00  09  09  10  00  00  6B     413.5249
     0101      8   41  73  00  00  00  00  00  25     413.5275
     0102      8   20  00  09  09  10  00  00  6B     413.5278
     0100      8   20  00  09  09  10  00  00  6B     413.5296
     0100      8   40  00  09  09  10  00  00  DA     413.5344
     0101      8   61  73  00  00  00  00  00  4A     413.5375
     0102      8   40  00  09  09  10  00  00  DA     413.5378
     0100      8   40  00  09  09  10  00  00  DA     413.5392
     0100      8   60  00  09  09  10  00  00  B5     413.5439
     0101      8   81  73  00  00  00  00  00  5A     413.5475
     0102      8   60  00  09  09  10  00  00  B5     413.5478
     0501      8   0E  00  00  00  00  00  00  01     413.5480
     0100      8   60  00  09  09  10  00  00  B5     413.5487
     0100      8   80  00  09  09  10  00  00  A5     413.5534
     0101      8   A1  73  00  00  00  00  00  35     413.5575
     0102      8   80  00  09  09  10  00  00  A5     413.5578
     0100      8   80  00  09  09  10  00  00  A5     413.5582
     0100      8   A0  00  09  09  10  00  00  CA     413.5630
     0101      8   C1  73  00  00  00  00  00  84     413.5675
     0100      8   A0  00  09  09  10  00  00  CA     413.5678
     0102      8   A0  00  09  09  10  00  00  CA     413.5680
     0100      8   C0  00  09  09  10  00  00  7B     413.5725
     0100      8   C0  00  09  09  10  00  00  7B     413.5772
     0101      8   E1  73  00  00  00  00  00  EB     413.5775
     0102      8   C0  00  09  09  10  00  00  7B     413.5778
     0100      8   C0  00  09  09  10  00  00  7B     413.5820
     0100      8   E0  00  09  09  10  00  00  14     413.5868
     0101      8   01  73  00  00  00  00  00  FB     413.5875
     0102      8   E0  00  09  09  10  00  00  14     413.5878
     0100      8   E0  00  09  09  10  00  00  14     413.5915
     0100      8   00  00  09  09  10  00  00  04     413.5963
     0101      8   21  73  00  00  00  00  00  94     413.5975
     0102      8   00  00  09  09  10  00  00  04     413.5978
     0100      8   00  00  09  09  10  00  00  04     413.6010
     0100      8   20  00  09  09  10  00  00  6B     413.6058
     0101      8   41  73  00  00  00  00  00  25     413.6075
     0102      8   20  00  09  09  10  00  00  6B     413.6078
     0100      8   20  00  09  09  10  00  00  6B     413.6106
     0100      8   40  00  09  09  10  00  00  DA     413.6153
     0101      8   61  73  00  00  00  00  00  4A     413.6175
     0102      8   40  00  09  09  10  00  00  DA     413.6178
     0100      8   40  00  09  09  10  00  00  DA     413.6201
     0100      8   60  00  09  09  10  00  00  B5     413.6248
     0101      8   81  73  00  00  00  00  00  5A     413.6275
     0102      8   60  00  09  09  10  00  00  B5     413.6278
     0100      8   60  00  09  09  10  00  00  B5     413.6296
     0100      8   80  00  09  09  10  00  00  A5     413.6343
     0101      8   A1  73  00  00  00  00  00  35     413.6375
     0102      8   80  00  09  09  10  00  00  A5     413.6378
     0100      8   80  00  09  09  10  00  00  A5     413.6391
     0100      8   A0  00  09  09  10  00  00  CA     413.6439
     0101      8   C1  73  00  00  00  00  00  84     413.6475
     0102      8   A0  00  09  09  10  00  00  CA     413.6478
     0501      8   0E  00  00  00  00  00  00  01     413.6480
     0100      8   A0  00  09  09  10  00  00  CA     413.6486
     0100      8   C0  00  09  09  10  00  00  7B     413.6534
     0101      8   E1  73  00  00  00  00  00  EB     413.6575
     0102      8   C0  00  09  09  10  00  00  7B     413.6578
     0100      8   C0  00  09  09  10  00  00  7B     413.6581
     0100      8   E0  00  09  09  10  00  00  14     413.6629
     0101      8   01  73  00  00  00  00  00  FB     413.6675
     0100      8   E0  00  09  09  10  00  00  14     413.6678
     0102      8   E0  00  09  09  10  00  00  14     413.6680
     0100      8   00  00  09  09  10  00  00  04     413.6724
     0100      8   00  00  09  09  10  00  00  04     413.6772
     0101      8   21  73  00  00  00  00  00  94     413.6775
     0102      8   00  00  09  09  10  00  00  04     413.6778
     0100      8   00  00  09  09  10  00  00  04     413.6819
     0100      8   20  00  09  09  10  00  00  6B     413.6867
     0101      8   41  73  00  00  00  00  00  25     413.6875
     0102      8   20  00  09  09  10  00  00  6B     413.6878
     0100      8   20  00  09  09  10  00  00  6B     413.6915
     0100      8   40  00  09  09  10  00  00  DA     413.6962
     0101      8   61  73  00  00  00  00  00  4A     413.6975
     0102      8   40  00  09  09  10  00  00  DA     413.6977
     0100      8   40  00  09  09  10  00  00  DA     413.7010
     0100      8   60  00  09  09  10  00  00  B5     413.7057
     0101      8   81  73  00  00  00  00  00  5A     413.7075
     0102      8   60  00  09  09  10  00  00  B5     413.7078
     0100      8   60  00  09  09  10  00  00  B5     413.7105
     0100      8   80  00  09  09  10  00  00  A5     413.7153
     0101      8   A1  73  00  00  00  00  00  35     413.7175
     0102      8   80  00  09  09  10  00  00  A5     413.7178
     0100      8   80  00  09  09  10  00  00  A5     413.7200
     0100      8   A0  00  09  09  10  00  00  CA     413.7248
     0101      8   C1  73  00  00  00  00  00  84     413.7275
     0102      8   A0  00  09  09  10  00  00  CA     413.7277
     0100      8   A0  00  09  09  10  00  00  CA     413.7295
     0100      8   C0  00  09  09  10  00  00  7B     413.7343
     0101      8   E1  73  00  00  00  00  00  EB     413.7375
     0102      8   C0  00  09  09  10  00  00  7B     413.7377
     0100      8   C0  00  09  09  10  00  00  7B     413.7390
     0100      8   E0  00  09  09  10  00  00  14     413.7438
     0101      8   01  73  00  00  00  00  00  FB     413.7475
     0102      8   E0  00  09  09  10  00  00  14     413.7478
     0501      8   0E  00  00  00  00  00  00  01     413.7480
     0100      8   E0  00  09  09  10  00  00  14     413.7486
     0100      8   00  00  09  09  10  00  00  04     413.7533
     0101      8   21  73  00  00  00  00  00  94     413.7575
     0102      8   00  00  09  09  10  00  00  04     413.7578
     0100      8   00  00  09  09  10  00  00  04     413.7581
     0100      8   20  00  09  09  10  00  00  6B     413.7628
     0101      8   41  73  00  00  00  00  00  25     413.7675
     0100      8   20  00  09  09  10  00  00  6B     413.7678
     0102      8   20  00  09  09  10  00  00  6B     413.7680
     0100      8   40  00  09  09  10  00  00  DA     413.7724
     0100      8   40  00  09  09  10  00  00  DA     413.7771
     0101      8   61  73  00  00  00  00  00  4A     413.7775
     0102      8   40  00  09  09  10  00  00  DA     413.7777
     0100      8   40  00  09  09  10  00  00  DA     413.7819
     0100      8   60  00  09  09  10  00  00  B5     413.7866
     0101      8   81  73  00  00  00  00  00  5A     413.7875
     0102      8   60  00  09  09  10  00  00  B5     413.7877
     0100      8   60  00  09  09  10  00  00  B5     413.7914
     0100      8   80  00  09  09  10  00  00  A5     413.7962
     0101      8   A1  73  00  00  00  00  00  35     413.7975
     0102      8   80  00  09  09  10  00  00  A5     413.7977
     0100      8   80  00  09  09  10  00  00  A5     413.8009
     0100      8   A0  00  09  09  10  00  00  CA     413.8057
     0101      8   C1  73  00  00  00  00  00  84     413.8075
     0102      8   A0  00  09  09  10  00  00  CA     413.8077
     0100      8   A0  00  09  09  10  00  00  CA     413.8104
     0100      8   C0  00  09  09  10  00  00  7B     413.8152
     0101      8   E1  73  00  00  00  00  00  EB     413.8175
     0102      8   C0  00  09  09  10  00  00  7B     413.8177
     0100      8   C0  00  09  09  10  00  00  7B     413.8200
     0100      8   E0  00  09  09  10  00  00  14     413.8247
     0101      8   01  73  00  00  00  00  00  FB     413.8275
     0102      8   E0  00  09  09  10  00  00  14     413.8277
     0100      8   E0  00  09  09  10  00  00  14     413.8295
     0100      8   00  00  09  09  10  00  00  04     413.8342
     0101      8   21  73  00  00  00  00  00  94     413.8375
     0102      8   00  00  09  09  10  00  00  04     413.8377
     0100      8   00  00  09  09  10  00  00  04     413.8390
     0100      8   20  00  09  09  10  00  00  6B     413.8437
     0101      8   41  73  00  00  00  00  00  25     413.8475
     0102      8   20  00  09  09  10  00  00  6B     413.8477
     0501      8   0E  00  00  00  00  00  00  01     413.8480
     0100      8   20  00  09  09  10  00  00  6B     413.8485
     0100      8   40  00  09  09  10  00  00  DA     413.8533
     0101      8   61  73  00  00  00  00  00  4A     413.8575
     0102      8   40  00  09  09  10  00  00  DA     413.8577
     0100      8   40  00  09  09  10  00  00  DA     413.8580
     0100      8   60  00  09  09  10  00  00  B5     413.8628
     0101      8   81  73  00  00  00  00  00  5A     413.8675
     0100      8   60  00  09  09  10  00  00  B5     413.8677
     0102      8   60  00  09  09  10  00  00  B5     413.8680
     0100      8   80  00  09  09  10  00  00  A5     413.8723
     0100      8   80  00  09  09  10  00  00  A5     413.8771
     0101      8   A1  73  00  00  00  00  00  35     413.8775
     0102      8   80  00  09  09  10  00  00  A5     413.8777
     0100      8   80  00  09  09  10  00  00  A5     413.8818
     0100      8   A0  00  09  09  10  00  00  CA     413.8866
     0101      8   C1  73  00  00  00  00  00  84     413.8875
     0102      8   A0  00  09  09  10  00  00  CA     413.8877
     0100      8   A0  00  09  09  10  00  00  CA     413.8913
     0100      8   C0  00  09  09  10  00  00  7B     413.8961
     0101      8   E1  73  00  00  00  00  00  EB     413.8975
     0102      8   C0  00  09  09  10  00  00  7B     413.8977
     0100      8   C0  00  09  09  10  00  00  7B     413.9009
     0100      8   E0  00  09  09  10  00  00  14     413.9056
     0101      8   01  73  00  00  00  00  00  FB     413.9075
     0102      8   E0  00  09  09  10  00  00  14     413.9077
     0100      8   E0  00  09  09  10  00  00  14     413.9104
     0100      8   00  00  09  09  10  00  00  04     413.9151
     0101      8   21  73  00  00  00  00  00  94     413.9175
     0102      8   00  00  09  09  10  00  00  04     413.9177
     0100      8   00  00  09  09  10  00  00  04     413.9199
     0100      8   20  00  09  09  10  00  00  6B     413.9247
     0101      8   41  73  00  00  00  00  00  25     413.9275
     0102      8   20  00  09  09  10  00  00  6B     413.9277
     0100      8   20  00  09  09  10  00  00  6B     413.9294
     0100      8   40  00  09  09  10  00  00  DA     413.9342
     0101      8   61  73  00  00  00  00  00  4A     413.9375
     0102      8   40  00  09  09  10  00  00  DA     413.9377
     0100      8   40  00  09  09  10  00  00  DA     413.9389
     0100      8   60  00  09  09  10  00  00  B5     413.9437
     0101      8   81  73  00  00  00  00  00  5A     413.9475
     0102      8   60  00  09  09  10  00  00  B5     413.9477
     0501      8   0E  00  00  00  00  00  00  01     413.9480
     0100      8   60  00  09  09  10  00  00  B5     413.9484
     0100      8   80  00  09  09  10  00  00  A5     413.9532
     0101      8   A1  73  00  00  00  00  00  35     413.9575
     0102      8   80  00  09  09  10  00  00  A5     413.9577
     0100      8   80  00  09  09  10  00  00  A5     413.9580
     0100      8   A0  00  09  09  10  00  00  CA     413.9627
     0101      8   C1  73  00  00  00  00  00  84     413.9675
     0100      8   A0  00  09  09  10  00  00  CA     413.9677
     0102      8   A0  00  09  09  10  00  00  CA     413.9680
     0100      8   C0  00  09  09  10  00  00  7B     413.9722
     0100      8   C0  00  09  09  10  00  00  7B     413.9770
     0101      8   E1  73  00  00  00  00  00  EB     413.9775
     0102      8   C0  00  09  09  10  00  00  7B     413.9777
     0100      8   C0  00  09  09  10  00  00  7B     413.9818
     0100      8   E0  00  09  09  10  00  00  14     413.9865
     0101      8   01  73  00  00  00  00  00  FB     413.9875
     0102      8   E0  00  09  09  10  00  00  14     413.9877
     0100      8   E0  00  09  09  10  00  00  14     413.9913
     0100      8   00  00  09  09  10  00  00  04     413.9960
     0101      8   21  73  00  00  00  00  00  94     413.9975
     0102      8   00  00  09  09  10  00  00  04     413.9977
     0100      8   00  00  09  09  10  00  00  04     414.0008
     0100      8   20  00  09  09  10  00  00  6B     414.0056
     0101      8   41  73  00  00  00  00  00  25     414.0075
     0102      8   20  00  09  09  10  00  00  6B     414.0077
     0100      8   20  00  09  09  10  00  00  6B     414.0103
     0100      8   40  00  09  09  10  00  00  DA     414.0151
     0101      8   61  73  00  00  00  00  00  4A     414.0175
     0102      8   40  00  09  09  10  00  00  DA     414.0177
     0100      8   40  00  09  09  10  00  00  DA     414.0198
     0100      8   60  00  09  09  10  00  00  B5     414.0246
     0101      8   81  73  00  00  00  00  00  5A     414.0275
     0102      8   60  00  09  09  10  00  00  B5     414.0277
     0100      8   60  00  09  09  10  00  00  B5     414.0293
     0100      8   80  00  09  09  10  00  00  A5     414.0341
     0101      8   A1  73  00  00  00  00  00  35     414.0375
     0102      8   80  00  09  09  10  00  00  A5     414.0377
     0100      8   80  00  09  09  10  00  00  A5     414.0389
     0100      8   A0  00  09  09  10  00  00  CA     414.0436
     0101      8   C1  73  00  00  00  00  00  84     414.0475
     0102      8   A0  00  09  09  10  00  00  CA     414.0477
     0501      8   0E  00  00  00  00  00  00  01     414.0480
     0100      8   A0  00  09  09  10  00  00  CA     414.0484
     0100      8   C0  00  09  09  10  00  00  7B     414.0531
     0101      8   E1  73  00  00  00  00  00  EB     414.0575
     0102      8   C0  00  09  09  10  00  00  7B     414.0577
     0100      8   C0  00  09  09  10  00  00  7B     414.0579
     0100      8   E0  00  09  09  10  00  00  14     414.0627
     0100      8   E0  00  09  09  10  00  00  14     414.0674
     0101      8   01  73  00  00  00  00  00  FB     414.0677
     0102      8   E0  00  09  09  10  00  00  14     414.0679
     0100      8   E0  00  09  09  10  00  00  14     414.0722
     0100      8   00  00  09  09  10  00  00  04     414.0769
     0101      8   21  73  00  00  00  00  00  94     414.0775
     0102      8   E0  00  09  09  10  00  00  14     414.0777
     0100      8   00  00  09  09  10  00  00  04     414.0817
     0100      8   20  00  09  09  10  00  00  6B     414.0865
     0101      8   41  73  00  00  00  00  00  25     414.0875
     0102      8   20  00  09  09  10  00  00  6B     414.0877
     0100      8   20  00  09  09  10  00  00  6B     414.0912
     0100      8   40  00  09  09  10  00  00  DA     414.0960
     0101      8   61  73  00  00  00  00  00  4A     414.0975
     0102      8   40  00  09  09  10  00  00  DA     414.0977
     0100      8   40  00  09  09  10  00  00  DA     414.1007
     0100      8   60  00  09  09  10  00  00  B5     414.1055
     0101      8   81  73  00  00  00  00  00  5A     414.1075
     0102      8   60  00  09  09  10  00  00  B5     414.1077
     0100      8   60  00  09  09  10  00  00  B5     414.1103
     0100      8   80  00  09  09  10  00  00  A5     414.1150
     0101      8   A1  73  00  00  00  00  00  35     414.1175
     0102      8   80  00  09  09  10  00  00  A5     414.1177
     0100      8   80  00  09  09  10  00  00  A5     414.1198
     0100      8   A0  00  09  09  10  00  00  CA     414.1245
     0101      8   C1  73  00  00  00  00  00  84     414.1275
     0102      8   A0  00  09  09  10  00  00  CA     414.1277
     0100      8   A0  00  09  09  10  00  00  CA     414.1293
     0100      8   C0  00  09  09  10  00  00  7B     414.1341
     0101      8   E1  73  00  00  00  00  00  EB     414.1375
     0102      8   C0  00  09  09  10  00  00  7B     414.1377
     0100      8   C0  00  09  09  10  00  00  7B     414.1388
     0100      8   E0  00  09  09  10  00  00  14     414.1436
     0101      8   01  73  00  00  00  00  00  FB     414.1475
     0102      8   E0  00  09  09  10  00  00  14     414.1477
     0501      8   0E  00  00  00  00  00  00  01     414.1479
     0100      8   E0  00  09  09  10  00  00  14     414.1483
     0100      8   00  00  09  09  10  00  00  04     414.1531
     0101      8   21  73  00  00  00  00  00  94     414.1574
     0102      8   00  00  09  09  10  00  00  04     414.1577
     0100      8   00  00  09  09  10  00  00  04     414.1579
     0100      8   20  00  09  09  10  00  00  6B     414.1626
     0100      8   20  00  09  09  10  00  00  6B     414.1674
     0101      8   41  73  00  00  00  00  00  25     414.1676
     0102      8   20  00  09  09  10  00  00  6B     414.1679
     0100      8   20  00  09  09  10  00  00  6B     414.1721
     0100      8   40  00  09  09  10  00  00  DA     414.1769
     0101      8   61  73  00  00  00  00  00  4A     414.1774
     0102      8   40  00  09  09  10  00  00  DA     414.1777
     0100      8   40  00  09  09  10  00  00  DA     414.1816
     0100      8   60  00  09  09  10  00  00  B5     414.1864
     0101      8   81  73  00  00  00  00  00  5A     414.1874
     0102      8   60  00  09  09  10  00  00  B5     414.1877
     0100      8   60  00  09  09  10  00  00  B5     414.1912
     0100      8   80  00  09  09  10  00  00  A5     414.1959
     0101      8   A1  73  00  00  00  00  00  35     414.1974
     0102      8   80  00  09  09  10  00  00  A5     414.1977
     0100      8   80  00  09  09  10  00  00  A5     414.2007
     0100      8   A0  00  09  09  10  00  00  CA     414.2054
     0101      8   C1  73  00  00  00  00  00  84     414.2074
     0102      8   A0  00  09  09  10  00  00  CA     414.2077
     0100      8   A0  00  09  09  10  00  00  CA     414.2102
     0100      8   C0  00  09  09  10  00  00  7B     414.2150
     0101      8   E1  73  00  00  00  00  00  EB     414.2174
     0102      8   C0  00  09  09  10  00  00  7B     414.2177
     0100      8   C0  00  09  09  10  00  00  7B     414.2197
     0100      8   E0  00  09  09  10  00  00  14     414.2245
     0101      8   01  73  00  00  00  00  00  FB     414.2274
     0102      8   E0  00  09  09  10  00  00  14     414.2277
     0100      8   E0  00  09  09  10  00  00  14     414.2292
     0100      8   00  00  09  09  10  00  00  04     414.2340
     0101      8   21  73  00  00  00  00  00  94     414.2374
     0102      8   00  00  09  09  10  00  00  04     414.2377
     0100      8   00  00  09  09  10  00  00  04     414.2388
     0100      8   20  00  09  09  10  00  00  6B     414.2435
     0101      8   41  73  00  00  00  00  00  25     414.2474
     0102      8   20  00  09  09  10  00  00  6B     414.2477
     0501      8   0E  00  00  00  00  00  00  01     414.2479
     0100      8   20  00  09  09  10  00  00  6B     414.2483
     0100      8   40  00  09  09  10  00  00  DA     414.2530
     0101      8   61  73  00  00  00  00  00  4A     414.2574
     0102      8   40  00  09  09  10  00  00  DA     414.2577
     0100      8   40  00  09  09  10  00  00  DA     414.2579
     0100      8   60  00  09  09  10  00  00  B5     414.2626
     0100      8   60  00  09  09  10  00  00  B5     414.2673
     0101      8   81  73  00  00  00  00  00  5A     414.2675
     0102      8   60  00  09  09  10  00  00  B5     414.2678
     0100      8   60  00  09  09  10  00  00  B5     414.2721
     0100      8   80  00  09  09  10  00  00  A5     414.2768
     0101      8   A1  73  00  00  00  00  00  35     414.2774
     0102      8   80  00  09  09  10  00  00  A5     414.2777
     0100      8   80  00  09  09  10  00  00  A5     414.2816
     0100      8   A0  00  09  09  10  00  00  CA     414.2863
     0101      8   C1  73  00  00  00  00  00  84     414.2874
     0102      8   A0  00  09  09  10  00  00  CA     414.2877
     0100      8   A0  00  09  09  10  00  00  CA     414.2911
     0100      8   C0  00  09  09  10  00  00  7B     414.2959
     0101      8   E1  73  00  00  00  00  00  EB     414.2974
     0102      8   C0  00  09  09  10  00  00  7B     414.2977
     0100      8   C0  00  09  09  10  00  00  7B     414.3006
     0100      8   E0  00  09  09  10  00  00  14     414.3054
     0101      8   01  73  00  00  00  00  00  FB     414.3074
     0102      8   E0  00  09  09  10  00  00  14     414.3077
     0100      8   E0  00  09  09  10  00  00  14     414.3101
     0100      8   00  00  09  09  10  00  00  04     414.3149
     0101      8   21  73  00  00  00  00  00  94     414.3174
     0102      8   00  00  09  09  10  00  00  04     414.3177
     0100      8   00  00  09  09  10  00  00  04     414.3197
     0100      8   20  00  09  09  10  00  00  6B     414.3244
     0101      8   41  73  00  00  00  00  00  25     414.3274
     0102      8   20  00  09  09  10  00  00  6B     414.3277
     0100      8   20  00  09  09  10  00  00  6B     414.3292
     0100      8   40  00  09  09  10  00  00  DA     414.3339
     0101      8   61  73  00  00  00  00  00  4A     414.3374
     0102      8   40  00  09  09  10  00  00  DA     414.3377
     0100      8   40  00  09  09  10  00  00  DA     414.3387
     0100      8   60  00  09  09  10  00  00  B5     414.3435
     0101      8   81  73  00  00  00  00  00  5A     414.3474
     0102      8   60  00  09  09  10  00  00  B5     414.3477
     0501      8   0E  00  00  00  00  00  00  01     414.3479
     0100      8   60  00  09  09  10  00  00  B5     414.3482
     0100      8   80  00  09  09  10  00  00  A5     414.3530
     0101      8   A1  73  00  00  00  00  00  35     414.3574
     0102      8   80  00  09  09  10  00  00  A5     414.3577
     0100      8   80  00  09  09  10  00  00  A5     414.3579
     0100      8   A0  00  09  09  10  00  00  CA     414.3625
     0100      8   A0  00  09  09  10  00  00  CA     414.3672
     0101      8   C1  73  00  00  00  00  00  84     414.3675
     0102      8   A0  00  09  09  10  00  00  CA     414.3677
     0100      8   A0  00  09  09  10  00  00  CA     414.3720
     0100      8   C0  00  09  09  10  00  00  7B     414.3768
     0101      8   E1  73  00  00  00  00  00  EB     414.3774
     0102      8   C0  00  09  09  10  00  00  7B     414.3777
     0100      8   C0  00  09  09  10  00  00  7B     414.3815
     0100      8   E0  00  09  09  10  00  00  14     414.3863
     0101      8   01  73  00  00  00  00  00  FB     414.3874
     0102      8   E0  00  09  09  10  00  00  14     414.3877
     0100      8   E0  00  09  09  10  00  00  14     414.3910
     0100      8   00  00  09  09  10  00  00  04     414.3958
     0101      8   21  73  00  00  00  00  00  94     414.3974
     0102      8   00  00  09  09  10  00  00  04     414.3977
     0100      8   00  00  09  09  10  00  00  04     414.4006
     0100      8   20  00  09  09  10  00  00  6B     414.4053
     0101      8   41  73  00  00  00  00  00  25     414.4074
     0102      8   20  00  09  09  10  00  00  6B     414.4077
     0100      8   20  00  09  09  10  00  00  6B     414.4101
     0100      8   40  00  09  09  10  00  00  DA     414.4148
     0101      8   61  73  00  00  00  00  00  4A     414.4174
     0102      8   40  00  09  09  10  00  00  DA     414.4176
     0100      8   40  00  09  09  10  00  00  DA     414.4196
     0100      8   60  00  09  09  10  00  00  B5     414.4244
     0101      8   81  73  00  00  00  00  00  5A     414.4274
     0102      8   60  00  09  09  10  00  00  B5     414.4277
     0100      8   60  00  09  09  10  00  00  B5     414.4291
     0100      8   80  00  09  09  10  00  00  A5     414.4339
     0101      8   A1  73  00  00  00  00  00  35     414.4374
     0102      8   80  00  09  09  10  00  00  A5     414.4376
     0100      8   80  00  09  09  10  00  00  A5     414.4386
     0100      8   A0  00  09  09  10  00  00  CA     414.4434
     0101      8   C1  73  00  00  00  00  00  84     414.4474
     0102      8   A0  00  09  09  10  00  00  CA     414.4476
     0501      8   0E  00  00  00  00  00  00  01     414.4479
     0100      8   A0  00  09  09  10  00  00  CA     414.4482
     0100      8   C0  00  09  09  10  00  00  7B     414.4529
     0101      8   E1  73  00  00  00  00  00  EB     414.4574
     0102      8   C0  00  09  09  10  00  00  7B     414.4576
     0100      8   C0  00  09  09  10  00  00  7B     414.4579
     0100      8   E0  00  09  09  10  00  00  14     414.4624
     0100      8   E0  00  09  09  10  00  00  14     414.4672
     0101      8   01  73  00  00  00  00  00  FB     414.4674
     0102      8   E0  00  09  09  10  00  00  14     414.4677
     0100      8   E0  00  09  09  10  00  00  14     414.4719
     0100      8   00  00  09  09  10  00  00  04     414.4767
     0101      8   21  73  00  00  00  00  00  94     414.4774
     0102      8   00  00  09  09  10  00  00  04     414.4776
     0100      8   00  00  09  09  10  00  00  04     414.4815
     0100      8   20  00  09  09  10  00  00  6B     414.4862
     0101      8   41  73  00  00  00  00  00  25     414.4874
     0102      8   20  00  09  09  10  00  00  6B     414.4876
     0100      8   20  00  09  09  10  00  00  6B     414.4910
     0100      8   40  00  09  09  10  00  00  DA     414.4957
     0101      8   61  73  00  00  00  00  00  4A     414.4974
     0102      8   40  00  09  09  10  00  00  DA     414.4976
     0100      8   40  00  09  09  10  00  00  DA     414.5005
     0100      8   60  00  09  09  10  00  00  B5     414.5053
     0101      8   81  73  00  00  00  00  00  5A     414.5074
     0102      8   60  00  09  09  10  00  00  B5     414.5076
     0100      8   60  00  09  09  10  00  00  B5     414.5100
     0100      8   80  00  09  09  10  00  00  A5     414.5148
     0101      8   A1  73  00  00  00  00  00  35     414.5174
     0102      8   80  00  09  09  10  00  00  A5     414.5176
     0100      8   80  00  09  09  10  00  00  A5     414.5195
     0100      8   A0  00  09  09  10  00  00  CA     414.5243
     0101      8   C1  73  00  00  00  00  00  84     414.5274
     0102      8   A0  00  09  09  10  00  00  CA     414.5276
     0100      8   A0  00  09  09  10  00  00  CA     414.5291
     0100      8   C0  00  09  09  10  00  00  7B     414.5338
     0101      8   E1  73  00  00  00  00  00  EB     414.5374
     0102      8   C0  00  09  09  10  00  00  7B     414.5376
     0100      8   C0  00  09  09  10  00  00  7B     414.5386
     0100      8   E0  00  09  09  10  00  00  14     414.5433
     0101      8   01  73  00  00  00  00  00  FB     414.5474
     0102      8   E0  00  09  09  10  00  00  14     414.5476
     0501      8   0E  00  00  00  00  00  00  01     414.5479
     0100      8   E0  00  09  09  10  00  00  14     414.5481
     0100      8   00  00  09  09  10  00  00  04     414.5529
     0101      8   21  73  00  00  00  00  00  94     414.5574
     0100      8   00  00  09  09  10  00  00  04     414.5576
     0102      8   00  00  09  09  10  00  00  04     414.5579
     0100      8   20  00  09  09  10  00  00  6B     414.5624
     0100      8   20  00  09  09  10  00  00  6B     414.5671
     0101      8   41  73  00  00  00  00  00  25     414.5674
     0102      8   20  00  09  09  10  00  00  6B     414.5676
     0100      8   20  00  09  09  10  00  00  6B     414.5719
     0100      8   40  00  09  09  10  00  00  DA     414.5766
     0101      8   61  73  00  00  00  00  00  4A     414.5774
     0102      8   40  00  09  09  10  00  00  DA     414.5776
     0100      8   40  00  09  09  10  00  00  DA     414.5814
     0100      8   60  00  09  09  10  00  00  B5     414.5862
     0101      8   81  73  00  00  00  00  00  5A     414.5874
     0102      8   60  00  09  09  10  00  00  B5     414.5876
     0100      8   60  00  09  09  10  00  00  B5     414.5909
     0100      8   80  00  09  09  10  00  00  A5     414.5957
     0101      8   A1  73  00  00  00  00  00  35     414.5974
     0102      8   80  00  09  09  10  00  00  A5     414.5976
     0100      8   80  00  09  09  10  00  00  A5     414.6004
     0100      8   A0  00  09  09  10  00  00  CA     414.6052
     0101      8   C1  73  00  00  00  00  00  84     414.6074
     0102      8   A0  00  09  09  10  00  00  CA     414.6076
     0100      8   A0  00  09  09  10  00  00  CA     414.6100
     0100      8   C0  00  09  09  10  00  00  7B     414.6147
     0101      8   E1  73  00  00  00  00  00  EB     414.6174
     0102      8   C0  00  09  09  10  00  00  7B     414.6176
     0100      8   C0  00  09  09  10  00  00  7B     414.6195
     0100      8   E0  00  09  09  10  00  00  14     414.6242
     0101      8   01  73  00  00  00  00  00  FB     414.6274
     0102      8   E0  00  09  09  10  00  00  14     414.6276
     0100      8   E0  00  09  09  10  00  00  14     414.6290
     0100      8   00  00  09  09  10  00  00  04     414.6338
     0101      8   21  73  00  00  00  00  00  94     414.6374
     0102      8   00  00  09  09  10  00  00  04     414.6376
     0100      8   00  00  09  09  10  00  00  04     414.6385
     0100      8   20  00  09  09  10  00  00  6B     414.6433
     0101      8   41  73  00  00  00  00  00  25     414.6474
     0102      8   20  00  09  09  10  00  00  6B     414.6476
     0501      8   0E  00  00  00  00  00  00  01     414.6479
     0100      8   20  00  09  09  10  00  00  6B     414.6481
     0100      8   40  00  09  09  10  00  00  DA     414.6528
     0101      8   61  73  00  00  00  00  00  4A     414.6574
     0100      8   40  00  09  09  10  00  00  DA     414.6576
     0102      8   40  00  09  09  10  00  00  DA     414.6579
     0100      8   60  00  09  09  10  00  00  B5     414.6623
     0100      8   60  00  09  09  10  00  00  B5     414.6671
     0101      8   81  73  00  00  00  00  00  5A     414.6674
     0102      8   60  00  09  09  10  00  00  B5     414.6676
     0100      8   60  00  09  09  10  00  00  B5     414.6718
     0100      8   80  00  09  09  10  00  00  A5     414.6766
     0101      8   A1  73  00  00  00  00  00  35     414.6774
     0102      8   80  00  09  09  10  00  00  A5     414.6776
     0100      8   80  00  09  09  10  00  00  A5     414.6814
     0100      8   A0  00  09  09  10  00  00  CA     414.6861
     0101      8   C1  73  00  00  00  00  00  84     414.6874
     0102      8   A0  00  09  09  10  00  00  CA     414.6876
     0100      8   A0  00  09  09  10  00  00  CA     414.6909
     0100      8   C0  00  09  09  10  00  00  7B     414.6956
     0101      8   E1  73  00  00  00  00  00  EB     414.6974
     0102      8   C0  00  09  09  10  00  00  7B     414.6976
     0100      8   C0  00  09  09  10  00  00  7B     414.7004
     0100      8   E0  00  09  09  10  00  00  14     414.7051
     0101      8   01  73  00  00  00  00  00  FB     414.7074
     0102      8   E0  00  09  09  10  00  00  14     414.7076
     0100      8   E0  00  09  09  10  00  00  14     414.7099
     0100      8   00  00  09  09  10  00  00  04     414.7147
     0101      8   21  73  00  00  00  00  00  94     414.7174
     0102      8   00  00  09  09  10  00  00  04     414.7176
     0100      8   00  00  09  09  10  00  00  04     414.7194
     0100      8   20  00  09  09  10  00  00  6B     414.7242
     0101      8   41  73  00  00  00  00  00  25     414.7274
     0102      8   20  00  09  09  10  00  00  6B     414.7276
     0100      8   20  00  09  09  10  00  00  6B     414.7289
     0100      8   40  00  09  09  10  00  00  DA     414.7337
     0101      8   61  73  00  00  00  00  00  4A     414.7374
     0102      8   40  00  09  09  10  00  00  DA     414.7376
     0100      8   40  00  09  09  10  00  00  DA     414.7385
     0100      8   60  00  09  09  10  00  00  B5     414.7432
     0101      8   81  73  00  00  00  00  00  5A     414.7474
     0102      8   60  00  09  09  10  00  00  B5     414.7476
     0501      8   0E  00  00  00  00  00  00  01     414.7479
     0100      8   60  00  09  09  10  00  00  B5     414.7481
     0100      8   80  00  09  09  10  00  00  A5     414.7527
     0101      8   A1  73  00  00  00  00  00  35     414.7574
     0100      8   80  00  09  09  10  00  00  A5     414.7576
     0102      8   80  00  09  09  10  00  00  A5     414.7578
     0100      8   A0  00  09  09  10  00  00  CA     414.7623
     0100      8   A0  00  09  09  10  00  00  CA     414.7670
     0101      8   C1  73  00  00  00  00  00  84     414.7674
     0102      8   A0  00  09  09  10  00  00  CA     414.7676
     0100      8   A0  00  09  09  10  00  00  CA     414.7718
     0100      8   C0  00  09  09  10  00  00  7B     414.7765
     0101      8   E1  73  00  00  00  00  00  EB     414.7774
     0102      8   C0  00  09  09  10  00  00  7B     414.7776
     0100      8   C0  00  09  09  10  00  00  7B     414.7813
     0100      8   E0  00  09  09  10  00  00  14     414.7860
     0101      8   01  73  00  00  00  00  00  FB     414.7874
     0102      8   E0  00  09  09  10  00  00  14     414.7876
     0100      8   E0  00  09  09  10  00  00  14     414.7908
     0100      8   00  00  09  09  10  00  00  04     414.7956
     0101      8   21  73  00  00  00  00  00  94     414.7974
     0102      8   00  00  09  09  10  00  00  04     414.7976
     0100      8   00  00  09  09  10  00  00  04     414.8003
     0100      8   20  00  09  09  10  00  00  6B     414.8051
     0101      8   41  73  00  00  00  00  00  25     414.8074
     0102      8   20  00  09  09  10  00  00  6B     414.8076
     0100      8   20  00  09  09  10  00  00  6B     414.8098
     0100      8   40  00  09  09  10  00  00  DA     414.8146
     0101      8   61  73  00  00  00  00  00  4A     414.8174
     0102      8   40  00  09  09  10  00  00  DA     414.8176
     0100      8   40  00  09  09  10  00  00  DA     414.8194
     0100      8   60  00  09  09  10  00  00  B5     414.8241
     0101      8   81  73  00  00  00  00  00  5A     414.8274
     0102      8   60  00  09  09  10  00  00  B5     414.8276
     0100      8   60  00  09  09  10  00  00  B5     414.8289
     0100      8   80  00  09  09  10  00  00  A5     414.8336
     0101      8   A1  73  00  00  00  00  00  35     414.8373
     0102      8   80  00  09  09  10  00  00  A5     414.8376
     0100      8   80  00  09  09  10  00  00  A5     414.8384
     0100      8   A0  00  09  09  10  00  00  CA     414.8432
     0101      8   C1  73  00  00  00  00  00  84     414.8473
     0102      8   A0  00  09  09  10  00  00  CA     414.8476
     0501      8   0E  00  00  00  00  00  00  01     414.8478
     0100      8   A0  00  09  09  10  00  00  CA     414.8481
     0100      8   C0  00  09  09  10  00  00  7B     414.8527
     0101      8   E1  73  00  00  00  00  00  EB     414.8574
     0100      8   C0  00  09  09  10  00  00  7B     414.8576
     0102      8   C0  00  09  09  10  00  00  7B     414.8578
     0100      8   E0  00  09  09  10  00  00  14     414.8622
     0100      8   E0  00  09  09  10  00  00  14     414.8669
     0101      8   01  73  00  00  00  00  00  FB     414.8674
     0102      8   E0  00  09  09  10  00  00  14     414.8676
     0100      8   E0  00  09  09  10  00  00  14     414.8717
     0100      8   00  00  09  09  10  00  00  04     414.8765
     0101      8   21  73  00  00  00  00  00  94     414.8773
     0102      8   00  00  09  09  10  00  00  04     414.8776
     0100      8   00  00  09  09  10  00  00  04     414.8812
     0100      8   20  00  09  09  10  00  00  6B     414.8860
     0101      8   41  73  00  00  00  00  00  25     414.8874
     0102      8   20  00  09  09  10  00  00  6B     414.8876
     0100      8   20  00  09  09  10  00  00  6B     414.8907
     0100      8   40  00  09  09  10  00  00  DA     414.8955
     0101      8   61  73  00  00  00  00  00  4A     414.8973
     0102      8   40  00  09  09  10  00  00  DA     414.8976
     0100      8   40  00  09  09  10  00  00  DA     414.9003
     0100      8   60  00  09  09  10  00  00  B5     414.9050
     0101      8   81  73  00  00  00  00  00  5A     414.9073
     0102      8   60  00  09  09  10  00  00  B5     414.9076
     0100      8   60  00  09  09  10  00  00  B5     414.9098
     0100      8   80  00  09  09  10  00  00  A5     414.9145
     0101      8   A1  73  00  00  00  00  00  35     414.9173
     0102      8   80  00  09  09  10  00  00  A5     414.9176
     0100      8   80  00  09  09  10  00  00  A5     414.9193
     0100      8   A0  00  09  09  10  00  00  CA     414.9241
     0101      8   C1  73  00  00  00  00  00  84     414.9273
     0102      8   A0  00  09  09  10  00  00  CA     414.9276
     0100      8   A0  00  09  09  10  00  00  CA     414.9288
     0100      8   C0  00  09  09  10  00  00  7B     414.9336
     0101      8   E1  73  00  00  00  00  00  EB     414.9373
     0102      8   C0  00  09  09  10  00  00  7B     414.9376
     0100      8   C0  00  09  09  10  00  00  7B     414.9383
     0100      8   E0  00  09  09  10  00  00  14     414.9431
     0101      8   01  73  00  00  00  00  00  FB     414.9473
     0102      8   E0  00  09  09  10  00  00  14     414.9476
     0501      8   0E  00  00  00  00  00  00  01     414.9478
     0100      8   E0  00  09  09  10  00  00  14     414.9481
     0100      8   00  00  09  09  10  00  00  04     414.9526
     0101      8   21  73  00  00  00  00  00  94     414.9573
     0100      8   00  00  09  09  10  00  00  04     414.9576
     0102      8   00  00  09  09  10  00  00  04     414.9578
     0100      8   20  00  09  09  10  00  00  6B     414.9621
     0100      8   20  00  09  09  10  00  00  6B     414.9669
     0101      8   41  73  00  00  00  00  00  25     414.9673
     0102      8   20  00  09  09  10  00  00  6B     414.9676
     0100      8   20  00  09  09  10  00  00  6B     414.9717
     0100      8   40  00  09  09  10  00  00  DA     414.9764
     0101      8   61  73  00  00  00  00  00  4A     414.9773
     0102      8   40  00  09  09  10  00  00  DA     414.9776
     0100      8   40  00  09  09  10  00  00  DA     414.9812
     0100      8   60  00  09  09  10  00  00  B5     414.9859
     0101      8   81  73  00  00  00  00  00  5A     414.9873
     0102      8   60  00  09  09  10  00  00  B5     414.9876
     0100      8   60  00  09  09  10  00  00  B5     414.9907
     0100      8   80  00  09  09  10  00  00  A5     414.9954
     0101      8   A1  73  00  00  00  00  00  35     414.9973
     0102      8   80  00  09  09  10  00  00  A5     414.9976
     0100      8   80  00  09  09  10  00  00  A5     415.0002
     0100      8   A0  00  09  09  10  00  00  CA     415.0050
     0101      8   C1  73  00  00  00  00  00  84     415.0073
     0102      8   A0  00  09  09  10  00  00  CA     415.0076
     0100      8   A0  00  09  09  10  00  00  CA     415.0097
     0100      8   C0  00  09  09  10  00  00  7B     415.0145
     0101      8   E1  73  00  00  00  00  00  EB     415.0173
     0102      8   C0  00  09  09  10  00  00  7B     415.0176
     0100      8   C0  00  09  09  10  00  00  7B     415.0192
     0100      8   E0  00  09  09  10  00  00  14     415.0240
     0101      8   01  73  00  00  00  00  00  FB     415.0273
     0102      8   E0  00  09  09  10  00  00  14     415.0276
     0100      8   E0  00  09  09  10  00  00  14     415.0288
     0100      8   00  00  09  09  10  00  00  04     415.0335
     0101      8   21  73  00  00  00  00  00  94     415.0373
     0102      8   00  00  09  09  10  00  00  04     415.0376
     0100      8   00  00  09  09  10  00  00  04     415.0383
     0100      8   20  00  09  09  10  00  00  6B     415.0430
     0101      8   41  73  00  00  00  00  00  25     415.0473
     0102      8   20  00  09  09  10  00  00  6B     415.0476
     0100      8   20  00  09  09  10  00  00  6B     415.0478
     0501      8   0E  00  00  00  00  00  00  01     415.0481
     0100      8   40  00  09  09  10  00  00  DA     415.0526
     0100      8   40  00  09  09  10  00  00  DA     415.0573
     0101      8   61  73  00  00  00  00  00  4A     415.0576
     0102      8   40  00  09  09  10  00  00  DA     415.0578
     0100      8   40  00  09  09  10  00  00  DA     415.0621
     0100      8   60  00  09  09  10  00  00  B5     415.0668
     0101      8   81  73  00  00  00  00  00  5A     415.0673
     0102      8   40  00  09  09  10  00  00  DA     415.0676
     0100      8   60  00  09  09  10  00  00  B5     415.0716
     0100      8   80  00  09  09  10  00  00  A5     415.0763
     0101      8   A1  73  00  00  00  00  00  35     415.0773
     0102      8   80  00  09  09  10  00  00  A5     415.0776
     0100      8   80  00  09  09  10  00  00  A5     415.0811
     0100      8   A0  00  09  09  10  00  00  CA     415.0859
     0101      8   C1  73  00  00  00  00  00  84     415.0873
     0102      8   A0  00  09  09  10  00  00  CA     415.0876
     0100      8   A0  00  09  09  10  00  00  CA     415.0906
     0100      8   C0  00  09  09  10  00  00  7B     415.0954
     0101      8   E1  73  00  00  00  00  00  EB     415.0973
     0102      8   C0  00  09  09  10  00  00  7B     415.0976
     0100      8   C0  00  09  09  10  00  00  7B     415.1002
     0100      8   E0  00  09  09  10  00  00  14     415.1049
     0101      8   01  73  00  00  00  00  00  FB     415.1073
     0102      8   E0  00  09  09  10  00  00  14     415.1076
     0100      8   E0  00  09  09  10  00  00  14     415.1097
     0100      8   00  00  09  09  10  00  00  04     415.1144
     0101      8   21  73  00  00  00  00  00  94     415.1173
     0102      8   00  00  09  09  10  00  00  04     415.1176
     0100      8   00  00  09  09  10  00  00  04     415.1192
     0100      8   20  00  09  09  10  00  00  6B     415.1239
     0101      8   41  73  00  00  00  00  00  25     415.1273
     0102      8   20  00  09  09  10  00  00  6B     415.1276
     0100      8   20  00  09  09  10  00  00  6B     415.1287
     0100      8   40  00  09  09  10  00  00  DA     415.1335
     0101      8   61  73  00  00  00  00  00  4A     415.1373
     0102      8   40  00  09  09  10  00  00  DA     415.1375
     0100      8   40  00  09  09  10  00  00  DA     415.1382
     0100      8   60  00  09  09  10  00  00  B5     415.1430
     0101      8   81  73  00  00  00  00  00  5A     415.1473
     0102      8   60  00  09  09  10  00  00  B5     415.1476
     0100      8   60  00  09  09  10  00  00  B5     415.1478
     0501      8   0E  00  00  00  00  00  00  01     415.1480
     0100      8   80  00  09  09  10  00  00  A5     415.1525
     0100      8   80  00  09  09  10  00  00  A5     415.1573
     0101      8   A1  73  00  00  00  00  00  35     415.1575
     0102      8   80  00  09  09  10  00  00  A5     415.1577
     0100      8   80  00  09  09  10  00  00  A5     415.1620
     0100      8   A0  00  09  09  10  00  00  CA     415.1668
     0101      8   C1  73  00  00  00  00  00  84     415.1673
     0102      8   A0  00  09  09  10  00  00  CA     415.1675
     0100      8   A0  00  09  09  10  00  00  CA     415.1715
     0100      8   C0  00  09  09  10  00  00  7B     415.1763
     0101      8   E1  73  00  00  00  00  00  EB     415.1773
     0102      8   C0  00  09  09  10  00  00  7B     415.1775
     0100      8   C0  00  09  09  10  00  00  7B     415.1810
     0100      8   E0  00  09  09  10  00  00  14     415.1858
     0101      8   01  73  00  00  00  00  00  FB     415.1873
     0102      8   E0  00  09  09  10  00  00  14     415.1876
     0100      8   E0  00  09  09  10  00  00  14     415.1906
     0100      8   00  00  09  09  10  00  00  04     415.1953
     0101      8   21  73  00  00  00  00  00  94     415.1973
     0102      8   00  00  09  09  10  00  00  04     415.1975
     0100      8   00  00  09  09  10  00  00  04     415.2001
     0100      8   20  00  09  09  10  00  00  6B     415.2048
     0101      8   41  73  00  00  00  00  00  25     415.2073
     0102      8   20  00  09  09  10  00  00  6B     415.2075
     0100      8   20  00  09  09  10  00  00  6B     415.2096
     0100      8   40  00  09  09  10  00  00  DA     415.2144
     0101      8   61  73  00  00  00  00  00  4A     415.2173
     0102      8   40  00  09  09  10  00  00  DA     415.2175
     0100      8   40  00  09  09  10  00  00  DA     415.2191
     0100      8   60  00  09  09  10  00  00  B5     415.2239
     0101      8   81  73  00  00  00  00  00  5A     415.2273
     0102      8   60  00  09  09  10  00  00  B5     415.2275
     0100      8   60  00  09  09  10  00  00  B5     415.2286
     0100      8   80  00  09  09  10  00  00  A5     415.2334
     0101      8   A1  73  00  00  00  00  00  35     415.2373
     0102      8   80  00  09  09  10  00  00  A5     415.2375
     0100      8   80  00  09  09  10  00  00  A5     415.2382
     0100      8   A0  00  09  09  10  00  00  CA     415.2429
     0101      8   C1  73  00  00  00  00  00  84     415.2473
     0102      8   A0  00  09  09  10  00  00  CA     415.2475
     0100      8   A0  00  09  09  10  00  00  CA     415.2478
     0501      8   0E  00  00  00  00  00  00  01     415.2480
     0100      8   C0  00  09  09  10  00  00  7B     415.2524
     0100      8   C0  00  09  09  10  00  00  7B     415.2572
     0101      8   E1  73  00  00  00  00  00  EB     415.2574
     0102      8   C0  00  09  09  10  00  00  7B     415.2577
     0100      8   C0  00  09  09  10  00  00  7B     415.2620
     0100      8   E0  00  09  09  10  00  00  14     415.2667
     0101      8   01  73  00  00  00  00  00  FB     415.2673
     0102      8   E0  00  09  09  10  00  00  14     415.2675
     0100      8   E0  00  09  09  10  00  00  14     415.2715
     0100      8   00  00  09  09  10  00  00  04     415.2762
     0101      8   21  73  00  00  00  00  00  94     415.2773
     0102      8   00  00  09  09  10  00  00  04     415.2775
     0100      8   00  00  09  09  10  00  00  04     415.2810
     0100      8   20  00  09  09  10  00  00  6B     415.2857
     0101      8   41  73  00  00  00  00  00  25     415.2873
     0102      8   20  00  09  09  10  00  00  6B     415.2875
     0100      8   20  00  09  09  10  00  00  6B     415.2905
     0100      8   40  00  09  09  10  00  00  DA     415.2953
     0101      8   61  73  00  00  00  00  00  4A     415.2973
     0102      8   40  00  09  09  10  00  00  DA     415.2975
     0100      8   40  00  09  09  10  00  00  DA     415.3000
     0100      8   60  00  09  09  10  00  00  B5     415.3048
     0101      8   81  73  00  00  00  00  00  5A     415.3073
     0102      8   60  00  09  09  10  00  00  B5     415.3075
     0100      8   60  00  09  09  10  00  00  B5     415.3095
     0100      8   80  00  09  09  10  00  00  A5     415.3143
     0101      8   A1  73  00  00  00  00  00  35     415.3173
     0102      8   80  00  09  09  10  00  00  A5     415.3175
     0100      8   80  00  09  09  10  00  00  A5     415.3191
     0100      8   A0  00  09  09  10  00  00  CA     415.3238
     0101      8   C1  73  00  00  00  00  00  84     415.3273
     0102      8   A0  00  09  09  10  00  00  CA     415.3275
     0100      8   A0  00  09  09  10  00  00  CA     415.3286
     0100      8   C0  00  08  09  10  00  00  11     415.3333
     0101      8   E1  73  00  00  00  00  00  EB     415.3373
     0102      8   C0  00  08  09  10  00  00  11     415.3375
     0100      8   C0  00  08  09  10  00  00  11     415.3381
     0100      8   E0  00  08  09  10  00  00  7E     415.3429
     0101      8   01  73  00  00  00  00  00  FB     415.3473
     0102      8   E0  00  08  09  10  00  00  7E     415.3475
     0100      8   E0  00  08  09  10  00  00  7E     415.3478
     0501      8   0E  00  00  00  00  00  00  01     415.3480
     0100      8   00  00  08  09  10  00  00  6E     415.3524
     0100      8   00  00  08  09  10  00  00  6E     415.3571
     0101      8   21  73  00  00  00  00  00  94     415.3574
     0102      8   00  00  08  09  10  00  00  6E     415.3576
     0100      8   00  00  08  09  10  00  00  6E     415.3619
     0100      8   20  00  08  09  10  00  00  01     415.3667
     0101      8   41  73  00  00  00  00  00  25     415.3673
     0102      8   20  00  08  09  10  00  00  01     415.3675
     0100      8   20  00  08  09  10  00  00  01     415.3714
     0100      8   40  00  08  09  10  00  00  B0     415.3762
     0101      8   61  73  00  00  00  00  00  4A     415.3773
     0102      8   40  00  08  09  10  00  00  B0     415.3775
     0100      8   40  00  08  09  10  00  00  B0     415.3809
     0100      8   60  00  07  09  10  00  00  A3     415.3857
     0101      8   81  73  00  00  00  00  00  5A     415.3873
     0102      8   60  00  07  09  10  00  00  A3     415.3875
     0100      8   60  00  07  09  10  00  00  A3     415.3904
     0100      8   80  00  07  09  10  00  00  B3     415.3952
     0101      8   A1  73  00  00  00  00  00  35     415.3973
     0102      8   80  00  07  09  10  00  00  B3     415.3975
     0100      8   80  00  07  09  10  00  00  B3     415.4000
     0100      8   A0  00  06  09  10  00  00  B6     415.4047
     0101      8   C1  73  00  00  00  00  00  84     415.4073
     0102      8   A0  00  06  09  10  00  00  B6     415.4075
     0100      8   A0  00  06  09  10  00  00  B6     415.4095
     0100      8   C0  00  05  09  10  00  00  B9     415.4142
     0101      8   E1  73  00  00  00  00  00  EB     415.4173
     0102      8   C0  00  05  09  10  00  00  B9     415.4175
     0100      8   C0  00  05  09  10  00  00  B9     415.4190
     0100      8   E0  00  05  09  10  00  00  D6     415.4238
     0101      8   01  73  00  00  00  00  00  FB     415.4273
     0102      8   E0  00  05  09  10  00  00  D6     415.4275
     0100      8   E0  00  05  09  10  00  00  D6     415.4285
     0100      8   00  00  04  09  10  00  00  AC     415.4333
     0101      8   21  73  00  00  00  00  00  94     415.4373
     0102      8   00  00  04  09  10  00  00  AC     415.4375
     0100      8   00  00  04  09  10  00  00  AC     415.4380
     0100      8   20  00  04  09  10  00  00  C3     415.4428
     0101      8   41  73  00  00  00  00  00  25     415.4473
     0102      8   20  00  04  09  10  00  00  C3     415.4475
     0100      8   20  00  04  09  10  00  00  C3     415.4478
     0501      8   0E  00  00  00  00  00  00  01     415.4480
     0100      8   40  00  03  09  10  00  00  79     415.4523
     0100      8   40  00  03  09  10  00  00  79     415.4571
     0101      8   61  73  00  00  00  00  00  4A     415.4573
     0102      8   40  00  03  09  10  00  00  79     415.4576
     0100      8   40  00  03  09  10  00  00  79     415.4618
     0100      8   60  00  03  09  10  00  00  16     415.4666
     0101      8   81  73  00  00  00  00  00  5A     415.4673
     0102      8   60  00  03  09  10  00  00  16     415.4675
     0100      8   60  00  03  09  10  00  00  16     415.4714
     0100      8   80  00  02  09  10  00  00  6C     415.4761
     0101      8   A1  73  00  00  00  00  00  35     415.4773
     0102      8   80  00  02  09  10  00  00  6C     415.4775
     0100      8   80  00  02  09  10  00  00  6C     415.4809
     0100      8   A0  00  02  09  10  00  00  03     415.4856
     0101      8   C1  73  00  00  00  00  00  84     415.4873
     0102      8   A0  00  02  09  10  00  00  03     415.4875
     0100      8   A0  00  02  09  10  00  00  03     415.4904
     0100      8   C0  00  01  09  10  00  00  0C     415.4951
     0101      8   E1  73  00  00  00  00  00  EB     415.4973
     0102      8   C0  00  01  09  10  00  00  0C     415.4975
     0100      8   C0  00  01  09  10  00  00  0C     415.4999
     0100      8   E0  00  01  09  10  00  00  63     415.5047
     0101      8   01  73  00  00  00  00  00  FB     415.5073
     0102      8   E0  00  01  09  10  00  00  63     415.5075
     0100      8   E0  00  01  09  10  00  00  63     415.5097
     0100      8   00  00  00  09  10  00  00  19     415.5147
     0101      8   21  73  00  00  00  00  00  94     415.5173
     0102      8   00  00  00  09  10  00  00  19     415.5175
     0100      8   00  00  00  09  10  00  00  19     415.5197
     0100      8   20  00  00  09  10  00  00  76     415.5247
     0101      8   41  73  00  00  00  00  00  25     415.5273
     0102      8   20  00  00  09  10  00  00  76     415.5275
     0100      8   20  00  00  09  10  00  00  76     415.5297
     0100      8   40  00  00  09  10  00  00  C7     415.5348
     0101      8   61  73  00  00  00  00  00  4A     415.5372
     0102      8   40  00  00  09  10  00  00  C7     415.5375
     0100      8   40  00  00  09  10  00  00  C7     415.5398
     0100      8   60  00  00  09  10  00  00  A8     415.5448
     0101      8   81  73  00  00  00  00  00  5A     415.5473
     0102      8   60  00  00  09  10  00  00  A8     415.5475
     0501      8   0E  00  00  00  00  00  00  01     415.5477
     0100      8   60  00  00  09  10  00  00  A8     415.5498
     0100      8   80  00  00  09  10  00  00  B8     415.5548
     0101      8   A1  73  00  00  00  00  00  35     415.5573
     0102      8   80  00  00  09  10  00  00  B8     415.5575
     0100      8   80  00  00  09  10  00  00  B8     415.5598
     0100      8   A0  00  00  09  10  00  00  D7     415.5648
     0101      8   C1  73  00  00  00  00  00  84     415.5672
     0102      8   A0  00  00  09  10  00  00  D7     415.5675
     0100      8   A0  00  00  09  10  00  00  D7     415.5699
     0100      8   C0  00  00  09  10  00  00  66     415.5749
     0101      8   E1  73  00  00  00  00  00  EB     415.5773
     0102      8   C0  00  00  09  10  00  00  66     415.5775
     0100      8   C0  00  00  09  10  00  00  66     415.5799
     0100      8   E0  00  00  09  10  00  00  09     415.5849
     0101      8   01  73  00  00  00  00  00  FB     415.5873
     0102      8   E0  00  00  09  10  00  00  09     415.5875
     0100      8   E0  00  00  09  10  00  00  09     415.5899
     0100      8   00  00  00  09  10  00  00  19     415.5949
     0101      8   21  73  00  00  00  00  00  94     415.5972
     0102      8   00  00  00  09  10  00  00  19     415.5975
     0100      8   00  00  00  09  10  00  00  19     415.5999
     0100      8   20  00  00  09  10  00  00  76     415.6050
     0101      8   41  73  00  00  00  00  00  25     415.6072
     0102      8   20  00  00  09  10  00  00  76     415.6075
     0100      8   20  00  00  09  10  00  00  76     415.6100
     0100      8   40  00  00  09  10  00  00  C7     415.6150
     0101      8   61  73  00  00  00  00  00  4A     415.6172
     0102      8   40  00  00  09  10  00  00  C7     415.6175
     0100      8   40  00  00  09  10  00  00  C7     415.6200
     0100      8   60  00  00  09  10  00  00  A8     415.6250
     0101      8   81  73  00  00  00  00  00  5A     415.6272
     0102      8   60  00  00  09  10  00  00  A8     415.6275
     0100      8   60  00  00  09  10  00  00  A8     415.6300
     0100      8   80  00  00  09  10  00  00  B8     415.6350
     0101      8   A1  73  00  00  00  00  00  35     415.6372
     0102      8   80  00  00  09  10  00  00  B8     415.6375
     0100      8   80  00  00  09  10  00  00  B8     415.6400
     0100      8   A0  00  00  09  10  00  00  D7     415.6451
     0101      8   C1  73  00  00  00  00  00  84     415.6472
     0102      8   A0  00  00  09  10  00  00  D7     415.6475
     0501      8   0E  00  00  00  00  00  00  01     415.6477
     0100      8   A0  00  00  09  10  00  00  D7     415.6501
     0100      8   C0  00  00  09  10  00  00  66     415.6551
     0101      8   E1  73  00  00  00  00  00  EB     415.6572
     0102      8   C0  00  00  09  10  00  00  66     415.6575
     0100      8   C0  00  00  09  10  00  00  66     415.6601
     0100      8   E0  00  00  09  10  00  00  09     415.6651
     0101      8   01  73  00  00  00  00  00  FB     415.6672
     0102      8   E0  00  00  09  10  00  00  09     415.6675
     0100      8   E0  00  00  09  10  00  00  09     415.6701
     0100      8   00  00  00  09  10  00  00  19     415.6752
     0101      8   21  73  00  00  00  00  00  94     415.6772
     0102      8   00  00  00  09  10  00  00  19     415.6775
     0100      8   00  00  00  09  10  00  00  19     415.6802
     0100      8   20  00  00  09  10  00  00  76     415.6852
     0101      8   41  73  00  00  00  00  00  25     415.6872
     0102      8   20  00  00  09  10  00  00  76     415.6875
     0100      8   20  00  00  09  10  00  00  76     415.6902
     0100      8   40  00  00  09  10  00  00  C7     415.6952
     0101      8   61  73  00  00  00  00  00  4A     415.6972
     0102      8   40  00  00  09  10  00  00  C7     415.6975
     0100      8   40  00  00  09  10  00  00  C7     415.7002
     0100      8   60  00  00  09  10  00  00  A8     415.7052
     0101      8   81  73  00  00  00  00  00  5A     415.7072
     0102      8   60  00  00  09  10  00  00  A8     415.7075
     0100      8   60  00  00  09  10  00  00  A8     415.7103
     0100      8   80  00  00  09  10  00  00  B8     415.7153
     0101      8   A1  73  00  00  00  00  00  35     415.7172
     0102      8   80  00  00  09  10  00  00  B8     415.7175
     0100      8   80  00  00  09  10  00  00  B8     415.7203
     0100      8   A0  00  00  09  10  00  00  D7     415.7253
     0101      8   C1  73  00  00  00  00  00  84     415.7272
     0102      8   A0  00  00  09  10  00  00  D7     415.7275
     0100      8   A0  00  00  09  10  00  00  D7     415.7303
     0100      8   C0  00  00  09  10  00  00  66     415.7353
     0101      8   E1  73  00  00  00  00  00  EB     415.7372
     0102      8   C0  00  00  09  10  00  00  66     415.7375
     0100      8   C0  00  00  09  10  00  00  66     415.7403
     0100      8   E0  00  00  09  10  00  00  09     415.7453
     0101      8   01  73  00  00  00  00  00  FB     415.7472
     0102      8   E0  00  00  09  10  00  00  09     415.7475
     0501      8   0E  00  00  00  00  00  00  01     415.7477
     0100      8   E0  00  00  09  10  00  00  09     415.7504
     0100      8   00  00  00  09  10  00  00  19     415.7554
     0101      8   21  73  00  00  00  00  00  94     415.7572
     0102      8   00  00  00  09  10  00  00  19     415.7575
     0100      8   00  00  00  09  10  00  00  19     415.7604
     0100      8   20  00  00  09  10  00  00  76     415.7654
     0101      8   41  73  00  00  00  00  00  25     415.7672
     0102      8   20  00  00  09  10  00  00  76     415.7675
     0100      8   20  00  00  09  10  00  00  76     415.7704
     0100      8   40  00  00  09  10  00  00  C7     415.7754
     0101      8   61  73  00  00  00  00  00  4A     415.7772
     0102      8   40  00  00  09  10  00  00  C7     415.7775
     0100      8   40  00  00  09  10  00  00  C7     415.7804
     0100      8   60  00  00  09  10  00  00  A8     415.7855
     0101      8   81  73  00  00  00  00  00  5A     415.7872
     0102      8   60  00  00  09  10  00  00  A8     415.7875
     0100      8   60  00  00  09  10  00  00  A8     415.7905
     0100      8   80  00  00  09  10  00  00  B8     415.7955
     0101      8   A1  73  00  00  00  00  00  35     415.7972
     0102      8   80  00  00  09  10  00  00  B8     415.7975
     0100      8   80  00  00  09  10  00  00  B8     415.8005
     0100      8   A0  00  00  09  10  00  00  D7     415.8055
     0101      8   C1  73  00  00  00  00  00  84     415.8072
     0102      8   A0  00  00  09  10  00  00  D7     415.8075
     0100      8   A0  00  00  09  10  00  00  D7     415.8105
     0100      8   C0  00  00  09  10  00  00  66     415.8155
     0101      8   E1  73  00  00  00  00  00  EB     415.8172
     0102      8   C0  00  00  09  10  00  00  66     415.8175
     0100      8   C0  00  00  09  10  00  00  66     415.8206
     0100      8   E0  00  00  09  10  00  00  09     415.8256
     0101      8   01  73  00  00  00  00  00  FB     415.8272
     0102      8   E0  00  00  09  10  00  00  09     415.8275
     0100      8   E0  00  00  09  10  00  00  09     415.8306
     0100      8   00  00  00  09  10  00  00  19     415.8356
     0101      8   21  73  00  00  00  00  00  94     415.8372
     0102      8   00  00  00  09  10  00  00  19     415.8375
     0100      8   00  00  00  09  10  00  00  19     415.8406
     0100      8   20  00  00  09  10  00  00  76     415.8456
     0101      8   41  73  00  00  00  00  00  25     415.8472
     0102      8   20  00  00  09  10  00  00  76     415.8475
     0501      8   0E  00  00  00  00  00  00  01     415.8477
     0100      8   20  00  00  09  10  00  00  76     415.8506
     0100      8   40  00  00  09  10  00  00  C7     415.8557
     0101      8   61  73  00  00  00  00  00  4A     415.8572
     0102      8   40  00  00  09  10  00  00  C7     415.8575
     0100      8   40  00  00  09  10  00  00  C7     415.8607
     0100      8   60  00  00  09  10  00  00  A8     415.8657
     0101      8   81  73  00  00  00  00  00  5A     415.8672
     0102      8   60  00  00  09  10  00  00  A8     415.8675
     0100      8   60  00  00  09  10  00  00  A8     415.8707
     0100      8   80  00  00  09  10  00  00  B8     415.8757
     0101      8   A1  73  00  00  00  00  00  35     415.8772
     0102      8   80  00  00  09  10  00  00  B8     415.8774
     0100      8   80  00  00  09  10  00  00  B8     415.8807
     0100      8   A0  00  00  09  10  00  00  D7     415.8857
     0101      8   C1  73  00  00  00  00  00  84     415.8872
     0102      8   A0  00  00  09  10  00  00  D7     415.8875
     0100      8   A0  00  00  09  10  00  00  D7     415.8908
     0100      8   C0  00  00  09  10  00  00  66     415.8958
     0101      8   E1  73  00  00  00  00  00  EB     415.8972
     0102      8   C0  00  00  09  10  00  00  66     415.8974
     0100      8   C0  00  00  09  10  00  00  66     415.9008
     0100      8   E0  00  00  09  10  00  00  09     415.9058
     0101      8   01  73  00  00  00  00  00  FB     415.9072
     0102      8   E0  00  00  09  10  00  00  09     415.9075
     0100      8   E0  00  00  09  10  00  00  09     415.9108
     0100      8   00  00  00  09  10  00  00  19     415.9158
     0101      8   21  73  00  00  00  00  00  94     415.9172
     0102      8   00  00  00  09  10  00  00  19     415.9174
     0100      8   00  00  00  09  10  00  00  19     415.9208
     0100      8   20  00  00  09  10  00  00  76     415.9258
     0101      8   41  73  00  00  00  00  00  25     415.9272
     0102      8   20  00  00  09  10  00  00  76     415.9274
     0100      8   20  00  00  09  10  00  00  76     415.9309
     0100      8   40  00  00  09  10  00  00  C7     415.9359
     0101      8   61  73  00  00  00  00  00  4A     415.9372
     0102      8   40  00  00  09  10  00  00  C7     415.9374
     0100      8   40  00  00  09  10  00  00  C7     415.9409
     0100      8   60  00  00  09  10  00  00  A8     415.9459
     0101      8   81  73  00  00  00  00  00  5A     415.9472
     0102      8   60  00  00  09  10  00  00  A8     415.9474
     0501      8   0E  00  00  00  00  00  00  01     415.9477
     0100      8   60  00  00  09  10  00  00  A8     415.9509
     0100      8   80  00  00  09  10  00  00  B8     415.9559
     0101      8   A1  73  00  00  00  00  00  35     415.9572
     0102      8   80  00  00  09  10  00  00  B8     415.9574
     0100      8   80  00  00  09  10  00  00  B8     415.9609
     0100      8   A0  00  00  09  10  00  00  D7     415.9660
     0101      8   C1  73  00  00  00  00  00  84     415.9672
     0102      8   A0  00  00  09  10  00  00  D7     415.9674
     0100      8   A0  00  00  09  10  00  00  D7     415.9710
     0100      8   C0  00  00  09  10  00  00  66     415.9760
     0101      8   E1  73  00  00  00  00  00  EB     415.9772
     0102      8   C0  00  00  09  10  00  00  66     415.9774
     0100      8   C0  00  00  09  10  00  00  66     415.9810
     0100      8   E0  00  00  09  10  00  00  09     415.9860
     0101      8   01  73  00  00  00  00  00  FB     415.9872
     0102      8   E0  00  00  09  10  00  00  09     415.9874
     0100      8   E0  00  00  09  10  00  00  09     415.9910
     0100      8   00  00  00  09  10  00  00  19     415.9960
     0101      8   21  73  00  00  00  00  00  94     415.9972
     0102      8   00  00  00  09  10  00  00  19     415.9974
     0100      8   00  00  00  09  10  00  00  19     416.0011
     0100      8   20  00  00  09  10  00  00  76     416.0061
     0101      8   41  73  00  00  00  00  00  25     416.0072
     0102      8   20  00  00  09  10  00  00  76     416.0074
     0100      8   20  00  00  09  10  00  00  76     416.0111
     0100      8   40  00  00  09  10  00  00  C7     416.0161
     0101      8   61  73  00  00  00  00  00  4A     416.0172
     0102      8   40  00  00  09  10  00  00  C7     416.0174
     0100      8   40  00  00  09  10  00  00  C7     416.0211
     0100      8   60  00  00  09  10  00  00  A8     416.0261
     0101      8   81  73  00  00  00  00  00  5A     416.0272
     0102      8   60  00  00  09  10  00  00  A8     416.0274
     0100      8   60  00  00  09  10  00  00  A8     416.0311
     0100      8   80  00  00  09  10  00  00  B8     416.0362
     0101      8   A1  73  00  00  00  00  00  35     416.0372
     0102      8   80  00  00  09  10  00  00  B8     416.0374
     0100      8   80  00  00  09  10  00  00  B8     416.0412
     0100      8   A0  00  00  09  10  00  00  D7     416.0462
     0101      8   C1  73  00  00  00  00  00  84     416.0472
     0102      8   A0  00  00  09  10  00  00  D7     416.0474
     0501      8   0E  00  00  00  00  00  00  01     416.0477
     0100      8   A0  00  00  09  10  00  00  D7     416.0512
     0100      8   C0  00  00  09  10  00  00  66     416.0562
     0101      8   E1  73  00  00  00  00  00  EB     416.0572
     0102      8   C0  00  00  09  10  00  00  66     416.0574
     0100      8   C0  00  00  09  10  00  00  66     416.0612
     0100      8   E0  00  00  09  10  00  00  09     416.0662
     0101      8   01  73  00  00  00  00  00  FB     416.0672
     0102      8   E0  00  00  09  10  00  00  09     416.0674
     0100      8   E0  00  00  09  10  00  00  09     416.0713
     0100      8   00  00  00  09  10  00  00  19     416.0763
     0101      8   21  73  00  00  00  00  00  94     416.0772
     0102      8   00  00  00  09  10  00  00  19     416.0774
     0100      8   00  00  00  09  10  00  00  19     416.0813
     0100      8   20  00  00  09  10  00  00  76     416.0863
     0101      8   41  73  00  00  00  00  00  25     416.0872
     0102      8   20  00  00  09  10  00  00  76     416.0874
     0100      8   20  00  00  09  10  00  00  76     416.0913
     0100      8   40  00  00  09  10  00  00  C7     416.0963
     0101      8   61  73  00  00  00  00  00  4A     416.0972
     0102      8   40  00  00  09  10  00  00  C7     416.0974
     0100      8   40  00  00  09  10  00  00  C7     416.1013
     0100      8   60  00  00  09  10  00  00  A8     416.1064
     0101      8   81  73  00  00  00  00  00  5A     416.1072
     0102      8   60  00  00  09  10  00  00  A8     416.1074
     0100      8   60  00  00  09  10  00  00  A8     416.1114
     0100      8   80  00  00  09  10  00  00  B8     416.1164
     0101      8   A1  73  00  00  00  00  00  35     416.1172
     0102      8   80  00  00  09  10  00  00  B8     416.1174
     0100      8   80  00  00  09  10  00  00  B8     416.1214
     0100      8   A0  00  00  09  10  00  00  D7     416.1264
     0101      8   C1  73  00  00  00  00  00  84     416.1272
     0102      8   A0  00  00  09  10  00  00  D7     416.1274
     0100      8   A0  00  00  09  10  00  00  D7     416.1314
     0100      8   C0  00  00  09  10  00  00  66     416.1364
     0101      8   E1  73  00  00  00  00  00  EB     416.1372
     0102      8   C0  00  00  09  10  00  00  66     416.1374
     0100      8   C0  00  00  09  10  00  00  66     416.1414
     0100      8   E0  00  00  09  10  00  00  09     416.1462
     0101      8   01  73  00  00  00  00  00  FB     416.1472
     0102      8   E0  00  00  09  10  00  00  09     416.1474
     0501      8   0E  00  00  00  00  00  00  01     416.1477
     0100      8   E0  00  00  09  10  00  00  09     416.1510
     0100      8   00  00  01  09  10  00  00  73     416.1557
     0101      8   21  73  00  00  00  00  00  94     416.1572
     0102      8   00  00  01  09  10  00  00  73     416.1574
     0100      8   00  00  01  09  10  00  00  73     416.1605
     0100      8   20  00  01  09  10  00  00  1C     416.1652
     0101      8   41  73  00  00  00  00  00  25     416.1672
     0102      8   20  00  01  09  10  00  00  1C     416.1674
     0100      8   20  00  01  09  10  00  00  1C     416.1700
     0100      8   40  00  01  09  10  00  00  AD     416.1748
     0101      8   61  73  00  00  00  00  00  4A     416.1772
     0102      8   40  00  01  09  10  00  00  AD     416.1774
     0100      8   40  00  01  09  10  00  00  AD     416.1795
     0100      8   60  00  02  09  10  00  00  7C     416.1843
     0101      8   81  73  00  00  00  00  00  5A     416.1872
     0102      8   60  00  02  09  10  00  00  7C     416.1874
     0100      8   60  00  02  09  10  00  00  7C     416.1890
     0100      8   80  00  02  09  10  00  00  6C     416.1938
     0101      8   A1  73  00  00  00  00  00  35     416.1972
     0102      8   80  00  02  09  10  00  00  6C     416.1974
     0100      8   80  00  02  09  10  00  00  6C     416.1986
     0100      8   A0  00  03  09  10  00  00  69     416.2033
     0101      8   C1  73  00  00  00  00  00  84     416.2072
     0102      8   A0  00  03  09  10  00  00  69     416.2074
     0100      8   A0  00  03  09  10  00  00  69     416.2081
     0100      8   C0  00  04  09  10  00  00  D3     416.2128
     0101      8   E1  73  00  00  00  00  00  EB     416.2172
     0102      8   C0  00  04  09  10  00  00  D3     416.2174
     0100      8   C0  00  04  09  10  00  00  D3     416.2176
     0100      8   E0  00  04  09  10  00  00  BC     416.2224
     0100      8   E0  00  04  09  10  00  00  BC     416.2271
     0101      8   01  73  00  00  00  00  00  FB     416.2274
     0102      8   E0  00  04  09  10  00  00  BC     416.2276
     0100      8   E0  00  04  09  10  00  00  BC     416.2319
     0100      8   00  00  05  09  10  00  00  C6     416.2366
     0101      8   21  73  00  00  00  00  00  94     416.2372
     0102      8   E0  00  04  09  10  00  00  C6     416.2374
     0100      8   00  00  05  09  10  00  00  C6     416.2414
     0100      8   20  00  06  09  10  00  00  17     416.2462
     0101      8   41  73  00  00  00  00  00  25     416.2472
     0102      8   20  00  06  09  10  00  00  17     416.2474
     0501      8   0E  00  00  00  00  00  00  01     416.2477
     0100      8   20  00  06  09  10  00  00  17     416.2509
     0100      8   40  00  07  09  10  00  00  CC     416.2557
     0101      8   61  73  00  00  00  00  00  4A     416.2572
     0102      8   40  00  07  09  10  00  00  CC     416.2574
     0100      8   40  00  07  09  10  00  00  CC     416.2604
     0100      8   60  00  08  09  10  00  00  DF     416.2652
     0101      8   81  73  00  00  00  00  00  5A     416.2672
     0102      8   60  00  08  09  10  00  00  DF     416.2674
     0100      8   60  00  08  09  10  00  00  DF     416.2699
     0100      8   80  00  08  09  10  00  00  CF     416.2747
     0101      8   A1  73  00  00  00  00  00  35     416.2771
     0102      8   80  00  08  09  10  00  00  CF     416.2774
     0100      8   80  00  08  09  10  00  00  CF     416.2795
     0100      8   A0  00  08  09  10  00  00  A0     416.2842
     0101      8   C1  73  00  00  00  00  00  84     416.2871
     0102      8   A0  00  08  09  10  00  00  A0     416.2874
     0100      8   A0  00  08  09  10  00  00  A0     416.2890
     0100      8   C0  00  08  09  10  00  00  11     416.2937
     0101      8   E1  73  00  00  00  00  00  EB     416.2971
     0102      8   C0  00  08  09  10  00  00  11     416.2974
     0100      8   C0  00  08  09  10  00  00  11     416.2985
     0100      8   E0  00  09  09  10  00  00  14     416.3033
     0101      8   01  73  00  00  00  00  00  FB     416.3072
     0102      8   E0  00  09  09  10  00  00  14     416.3074
     0100      8   E0  00  09  09  10  00  00  14     416.3080
     0100      8   00  00  09  09  10  00  00  04     416.3128
     0101      8   21  73  00  00  00  00  00  94     416.3171
     0102      8   00  00  09  09  10  00  00  04     416.3174
     0100      8   00  00  09  09  10  00  00  04     416.3176
     0100      8   20  00  09  09  10  00  00  6B     416.3223
     0100      8   20  00  09  09  10  00  00  6B     416.3271
     0101      8   41  73  00  00  00  00  00  25     416.3273
     0102      8   20  00  09  09  10  00  00  6B     416.3275
     0100      8   20  00  09  09  10  00  00  6B     416.3318
     0100      8   40  00  09  09  10  00  00  DA     416.3366
     0101      8   61  73  00  00  00  00  00  4A     416.3371
     0102      8   40  00  09  09  10  00  00  DA     416.3374
     0100      8   40  00  09  09  10  00  00  DA     416.3413
     0100      8   60  00  09  09  10  00  00  B5     416.3461
     0101      8   81  73  00  00  00  00  00  5A     416.3471
     0102      8   60  00  09  09  10  00  00  B5     416.3474
     0501      8   0E  00  00  00  00  00  00  01     416.3476
     0100      8   60  00  09  09  10  00  00  B5     416.3508
     0100      8   80  00  09  09  10  00  00  A5     416.3556
     0101      8   A1  73  00  00  00  00  00  35     416.3571
     0102      8   80  00  09  09  10  00  00  A5     416.3574
     0100      8   80  00  09  09  10  00  00  A5     416.3604
     0100      8   A0  00  09  09  10  00  00  CA     416.3651
     0101      8   C1  73  00  00  00  00  00  84     416.3671
     0102      8   A0  00  09  09  10  00  00  CA     416.3674
     0100      8   A0  00  09  09  10  00  00  CA     416.3699
     0100      8   C0  00  09  09  10  00  00  7B     416.3746
     0101      8   E1  73  00  00  00  00  00  EB     416.3771
     0102      8   C0  00  09  09  10  00  00  7B     416.3774
     0100      8   C0  00  09  09  10  00  00  7B     416.3794
     0100      8   E0  00  09  09  10  00  00  14     416.3842
     0101      8   01  73  00  00  00  00  00  FB     416.3871
     0102      8   E0  00  09  09  10  00  00  14     416.3874
     0100      8   E0  00  09  09  10  00  00  14     416.3889
     0100      8   00  00  09  09  10  00  00  04     416.3937
     0101      8   21  73  00  00  00  00  00  94     416.3971
     0102      8   00  00  09  09  10  00  00  04     416.3974
     0100      8   00  00  09  09  10  00  00  04     416.3984
     0100      8   20  00  09  09  10  00  00  6B     416.4032
     0101      8   41  73  00  00  00  00  00  25     416.4071
     0102      8   20  00  09  09  10  00  00  6B     416.4074
     0100      8   20  00  09  09  10  00  00  6B     416.4080
     0100      8   40  00  09  09  10  00  00  DA     416.4127
     0101      8   61  73  00  00  00  00  00  4A     416.4171
     0102      8   40  00  09  09  10  00  00  DA     416.4174
     0100      8   40  00  09  09  10  00  00  DA     416.4176
     0100      8   60  00  09  09  10  00  00  B5     416.4222
     0100      8   60  00  09  09  10  00  00  B5     416.4270
     0101      8   81  73  00  00  00  00  00  5A     416.4272
     0102      8   60  00  09  09  10  00  00  B5     416.4275
     0100      8   60  00  09  09  10  00  00  B5     416.4317
     0100      8   80  00  09  09  10  00  00  A5     416.4365
     0101      8   A1  73  00  00  00  00  00  35     416.4371
     0102      8   80  00  09  09  10  00  00  A5     416.4374
     0100      8   80  00  09  09  10  00  00  A5     416.4413
     0100      8   A0  00  09  09  10  00  00  CA     416.4460
     0101      8   C1  73  00  00  00  00  00  84     416.4471
     0102      8   A0  00  09  09  10  00  00  CA     416.4474
     0501      8   0E  00  00  00  00  00  00  01     416.4476
     0100      8   A0  00  09  09  10  00  00  CA     416.4508
     0100      8   C0  00  09  09  10  00  00  7B     416.4556
     0101      8   E1  73  00  00  00  00  00  EB     416.4571
     0102      8   C0  00  09  09  10  00  00  7B     416.4574
     0100      8   C0  00  09  09  10  00  00  7B     416.4603
     0100      8   E0  00  09  09  10  00  00  14     416.4651
     0101      8   01  73  00  00  00  00  00  FB     416.4671
     0102      8   E0  00  09  09  10  00  00  14     416.4674
     0100      8   E0  00  09  09  10  00  00  14     416.4698
     0100      8   00  00  09  09  10  00  00  04     416.4746
     0101      8   21  73  00  00  00  00  00  94     416.4771
     0102      8   00  00  09  09  10  00  00  04     416.4774
     0100      8   00  00  09  09  10  00  00  04     416.4793
     0100      8   20  00  09  09  10  00  00  6B     416.4841
     0101      8   41  73  00  00  00  00  00  25     416.4871
     0102      8   20  00  09  09  10  00  00  6B     416.4874
     0100      8   20  00  09  09  10  00  00  6B     416.4889
     0100      8   40  00  09  09  10  00  00  DA     416.4936
     0101      8   61  73  00  00  00  00  00  4A     416.4971
     0102      8   40  00  09  09  10  00  00  DA     416.4974
     0100      8   40  00  09  09  10  00  00  DA     416.4984
     0100      8   60  00  09  09  10  00  00  B5     416.5031
     0101      8   81  73  00  00  00  00  00  5A     416.5071
     0102      8   60  00  09  09  10  00  00  B5     416.5074
     0100      8   60  00  09  09  10  00  00  B5     416.5079
     0100      8   80  00  09  09  10  00  00  A5     416.5127
     0101      8   A1  73  00  00  00  00  00  35     416.5171
     0102      8   80  00  09  09  10  00  00  A5     416.5174
     0100      8   80  00  09  09  10  00  00  A5     416.5176
     0100      8   A0  00  09  09  10  00  00  CA     416.5222
     0100      8   A0  00  09  09  10  00  00  CA     416.5269
     0101      8   C1  73  00  00  00  00  00  84     416.5272
     0102      8   A0  00  09  09  10  00  00  CA     416.5274
     0100      8   A0  00  09  09  10  00  00  CA     416.5317
     0100      8   C0  00  09  09  10  00  00  7B     416.5365
     0101      8   E1  73  00  00  00  00  00  EB     416.5371
     0102      8   C0  00  09  09  10  00  00  7B     416.5373
     0100      8   C0  00  09  09  10  00  00  7B     416.5412
     0100      8   E0  00  09  09  10  00  00  14     416.5460
     0101      8   01  73  00  00  00  00  00  FB     416.5471
     0102      8   E0  00  09  09  10  00  00  14     416.5474
     0501      8   0E  00  00  00  00  00  00  01     416.5476
     0100      8   E0  00  09  09  10  00  00  14     416.5507
     0100      8   00  00  09  09  10  00  00  04     416.5555
     0101      8   21  73  00  00  00  00  00  94     416.5571
     0102      8   00  00  09  09  10  00  00  04     416.5574
     0100      8   00  00  09  09  10  00  00  04     416.5602
     0100      8   20  00  09  09  10  00  00  6B     416.5650
     0101      8   41  73  00  00  00  00  00  25     416.5671
     0102      8   20  00  09  09  10  00  00  6B     416.5674
     0100      8   20  00  09  09  10  00  00  6B     416.5698
     0100      8   40  00  09  09  10  00  00  DA     416.5745
     0101      8   61  73  00  00  00  00  00  4A     416.5771
     0102      8   40  00  09  09  10  00  00  DA     416.5773
     0100      8   40  00  09  09  10  00  00  DA     416.5793
     0100      8   60  00  09  09  10  00  00  B5     416.5840
     0101      8   81  73  00  00  00  00  00  5A     416.5871
     0102      8   60  00  09  09  10  00  00  B5     416.5873
     0100      8   60  00  09  09  10  00  00  B5     416.5888
     0100      8   80  00  09  09  10  00  00  A5     416.5936
     0101      8   A1  73  00  00  00  00  00  35     416.5971
     0102      8   80  00  09  09  10  00  00  A5     416.5973
     0100      8   80  00  09  09  10  00  00  A5     416.5983
     0100      8   A0  00  09  09  10  00  00  CA     416.6031
     0101      8   C1  73  00  00  00  00  00  84     416.6071
     0102      8   A0  00  09  09  10  00  00  CA     416.6073
     0100      8   A0  00  09  09  10  00  00  CA     416.6078
     0100      8   C0  00  09  09  10  00  00  7B     416.6126
     0101      8   E1  73  00  00  00  00  00  EB     416.6171
     0102      8   C0  00  09  09  10  00  00  7B     416.6173
     0100      8   C0  00  09  09  10  00  00  7B     416.6176
     0100      8   E0  00  09  09  10  00  00  14     416.6221
     0100      8   E0  00  09  09  10  00  00  14     416.6269
     0101      8   01  73  00  00  00  00  00  FB     416.6271
     0102      8   E0  00  09  09  10  00  00  14     416.6274
     0100      8   E0  00  09  09  10  00  00  14     416.6316
     0100      8   00  00  09  09  10  00  00  04     416.6364
     0101      8   21  73  00  00  00  00  00  94     416.6371
     0102      8   00  00  09  09  10  00  00  04     416.6373
     0100      8   00  00  09  09  10  00  00  04     416.6412
     0100      8   20  00  09  09  10  00  00  6B     416.6459
     0101      8   41  73  00  00  00  00  00  25     416.6471
     0102      8   20  00  09  09  10  00  00  6B     416.6473
     0501      8   0E  00  00  00  00  00  00  01     416.6476
     0100      8   20  00  09  09  10  00  00  6B     416.6507
     0100      8   40  00  09  09  10  00  00  DA     416.6554
     0101      8   61  73  00  00  00  00  00  4A     416.6571
     0102      8   40  00  09  09  10  00  00  DA     416.6573
     0100      8   40  00  09  09  10  00  00  DA     416.6602
     0100      8   60  00  09  09  10  00  00  B5     416.6649
     0101      8   81  73  00  00  00  00  00  5A     416.6671
     0102      8   60  00  09  09  10  00  00  B5     416.6673
     0100      8   60  00  09  09  10  00  00  B5     416.6697
     0100      8   80  00  09  09  10  00  00  A5     416.6745
     0101      8   A1  73  00  00  00  00  00  35     416.6771
     0102      8   80  00  09  09  10  00  00  A5     416.6773
     0100      8   80  00  09  09  10  00  00  A5     416.6792
     0100      8   A0  00  09  09  10  00  00  CA     416.6840
     0101      8   C1  73  00  00  00  00  00  84     416.6871
     0102      8   A0  00  09  09  10  00  00  CA     416.6873
     0100      8   A0  00  09  09  10  00  00  CA     416.6887
     0100      8   C0  00  09  09  10  00  00  7B     416.6935
     0101      8   E1  73  00  00  00  00  00  EB     416.6971
     0102      8   C0  00  09  09  10  00  00  7B     416.6973
     0100      8   C0  00  09  09  10  00  00  7B     416.6983
     0100      8   E0  00  09  09  10  00  00  14     416.7030
     0101      8   01  73  00  00  00  00  00  FB     416.7071
     0102      8   E0  00  09  09  10  00  00  14     416.7073
     0100      8   E0  00  09  09  10  00  00  14     416.7078
     0100      8   00  00  09  09  10  00  00  04     416.7125
     0101      8   21  73  00  00  00  00  00  94     416.7171
     0100      8   00  00  09  09  10  00  00  04     416.7173
     0102      8   00  00  09  09  10  00  00  04     416.7176
     0100      8   20  00  09  09  10  00  00  6B     416.7221
     0100      8   20  00  09  09  10  00  00  6B     416.7268
     0101      8   41  73  00  00  00  00  00  25     416.7271
     0102      8   20  00  09  09  10  00  00  6B     416.7273
     0100      8   20  00  09  09  10  00  00  6B     416.7316
     0100      8   40  00  09  09  10  00  00  DA     416.7363
     0101      8   61  73  00  00  00  00  00  4A     416.7371
     0102      8   40  00  09  09  10  00  00  DA     416.7373
     0100      8   40  00  09  09  10  00  00  DA     416.7411
     0100      8   60  00  09  09  10  00  00  B5     416.7458
     0101      8   81  73  00  00  00  00  00  5A     416.7471
     0102      8   60  00  09  09  10  00  00  B5     416.7473
     0501      8   0E  00  00  00  00  00  00  01     416.7476
     0100      8   60  00  09  09  10  00  00  B5     416.7506
     0100      8   80  00  09  09  10  00  00  A5     416.7554
     0101      8   A1  73  00  00  00  00  00  35     416.7571
     0102      8   80  00  09  09  10  00  00  A5     416.7573
     0100      8   80  00  09  09  10  00  00  A5     416.7601
     0100      8   A0  00  09  09  10  00  00  CA     416.7649
     0101      8   C1  73  00  00  00  00  00  84     416.7671
     0102      8   A0  00  09  09  10  00  00  CA     416.7673
     0100      8   A0  00  09  09  10  00  00  CA     416.7696
     0100      8   C0  00  09  09  10  00  00  7B     416.7744
     0101      8   E1  73  00  00  00  00  00  EB     416.7771
     0102      8   C0  00  09  09  10  00  00  7B     416.7773
     0100      8   C0  00  09  09  10  00  00  7B     416.7792
     0100      8   E0  00  09  09  10  00  00  14     416.7839
     0101      8   01  73  00  00  00  00  00  FB     416.7871
     0102      8   E0  00  09  09  10  00  00  14     416.7873
     0100      8   E0  00  09  09  10  00  00  14     416.7887
     0100      8   00  00  09  09  10  00  00  04     416.7934
     0101      8   21  73  00  00  00  00  00  94     416.7971
     0102      8   00  00  09  09  10  00  00  04     416.7973
     0100      8   00  00  09  09  10  00  00  04     416.7982
     0100      8   20  00  09  09  10  00  00  6B     416.8030
     0101      8   41  73  00  00  00  00  00  25     416.8071
     0102      8   20  00  09  09  10  00  00  6B     416.8073
     0100      8   20  00  09  09  10  00  00  6B     416.8077
     0100      8   40  00  09  09  10  00  00  DA     416.8125
     0101      8   61  73  00  00  00  00  00  4A     416.8171
     0100      8   40  00  09  09  10  00  00  DA     416.8173
     0102      8   40  00  09  09  10  00  00  DA     416.8176
     0100      8   60  00  09  09  10  00  00  B5     416.8220
     0100      8   60  00  09  09  10  00  00  B5     416.8268
     0101      8   81  73  00  00  00  00  00  5A     416.8271
     0102      8   60  00  09  09  10  00  00  B5     416.8273
     0100      8   60  00  09  09  10  00  00  B5     416.8315
     0100      8   80  00  09  09  10  00  00  A5     416.8363
     0101      8   A1  73  00  00  00  00  00  35     416.8371
     0102      8   80  00  09  09  10  00  00  A5     416.8373
     0100      8   80  00  09  09  10  00  00  A5     416.8410
     0100      8   A0  00  09  09  10  00  00  CA     416.8458
     0101      8   C1  73  00  00  00  00  00  84     416.8471
     0102      8   A0  00  09  09  10  00  00  CA     416.8473
     0501      8   0E  00  00  00  00  00  00  01     416.8476
     0100      8   A0  00  09  09  10  00  00  CA     416.8506
     0100      8   C0  00  09  09  10  00  00  7B     416.8553
     0101      8   E1  73  00  00  00  00  00  EB     416.8571
     0102      8   C0  00  09  09  10  00  00  7B     416.8573
     0100      8   C0  00  09  09  10  00  00  7B     416.8601
     0100      8   E0  00  09  09  10  00  00  14     416.8648
     0101      8   01  73  00  00  00  00  00  FB     416.8671
     0102      8   E0  00  09  09  10  00  00  14     416.8673
     0100      8   E0  00  09  09  10  00  00  14     416.8696
     0100      8   00  00  09  09  10  00  00  04     416.8744
     0101      8   21  73  00  00  00  00  00  94     416.8771
     0102      8   00  00  09  09  10  00  00  04     416.8773
     0100      8   00  00  09  09  10  00  00  04     416.8791
     0100      8   20  00  09  09  10  00  00  6B     416.8839
     0101      8   41  73  00  00  00  00  00  25     416.8871
     0102      8   20  00  09  09  10  00  00  6B     416.8873
     0100      8   20  00  09  09  10  00  00  6B     416.8886
     0100      8   40  00  09  09  10  00  00  DA     416.8934
     0101      8   61  73  00  00  00  00  00  4A     416.8971
     0102      8   40  00  09  09  10  00  00  DA     416.8973
     0100      8   40  00  09  09  10  00  00  DA     416.8981
     0100      8   60  00  09  09  10  00  00  B5     416.9029
     0101      8   81  73  00  00  00  00  00  5A     416.9071
     0102      8   60  00  09  09  10  00  00  B5     416.9073
     0100      8   60  00  09  09  10  00  00  B5     416.9077
     0100      8   80  00  09  09  10  00  00  A5     416.9124
     0101      8   A1  73  00  00  00  00  00  35     416.9171
     0100      8   80  00  09  09  10  00  00  A5     416.9173
     0102      8   80  00  09  09  10  00  00  A5     416.9175
     0100      8   A0  00  09  09  10  00  00  CA     416.9219
     0100      8   A0  00  09  09  10  00  00  CA     416.9267
     0101      8   C1  73  00  00  00  00  00  84     416.9271
     0102      8   A0  00  09  09  10  00  00  CA     416.9273
     0100      8   A0  00  09  09  10  00  00  CA     416.9315
     0100      8   C0  00  09  09  10  00  00  7B     416.9362
     0101      8   E1  73  00  00  00  00  00  EB     416.9371
     0102      8   C0  00  09  09  10  00  00  7B     416.9373
     0100      8   C0  00  09  09  10  00  00  7B     416.9410
     0100      8   E0  00  09  09  10  00  00  14     416.9457
     0101      8   01  73  00  00  00  00  00  FB     416.9471
     0102      8   E0  00  09  09  10  00  00  14     416.9473
     0501      8   0E  00  00  00  00  00  00  01     416.9476
     0100      8   E0  00  09  09  10  00  00  14     416.9505
     0100      8   00  00  09  09  10  00  00  04     416.9553
     0101      8   21  73  00  00  00  00  00  94     416.9571
     0102      8   00  00  09  09  10  00  00  04     416.9573
     0100      8   00  00  09  09  10  00  00  04     416.9600
     0100      8   20  00  09  09  10  00  00  6B     416.9648
     0101      8   41  73  00  00  00  00  00  25     416.9671
     0102      8   20  00  09  09  10  00  00  6B     416.9673
     0100      8   20  00  09  09  10  00  00  6B     416.9695
     0100      8   40  00  09  09  10  00  00  DA     416.9743
     0101      8   61  73  00  00  00  00  00  4A     416.9770
     0102      8   40  00  09  09  10  00  00  DA     416.9773
     0100      8   40  00  09  09  10  00  00  DA     416.9790
     0100      8   60  00  09  09  10  00  00  B5     416.9838
     0101      8   81  73  00  00  00  00  00  5A     416.9871
     0102      8   60  00  09  09  10  00  00  B5     416.9873
     0100      8   60  00  09  09  10  00  00  B5     416.9886
     0100      8   80  00  09  09  10  00  00  A5     416.9933
     0101      8   A1  73  00  00  00  00  00  35     416.9970
     0102      8   80  00  09  09  10  00  00  A5     416.9973
     0100      8   80  00  09  09  10  00  00  A5     416.9981
     0100      8   A0  00  09  09  10  00  00  CA     417.0028
     0101      8   C1  73  00  00  00  00  00  84     417.0070
     0102      8   A0  00  09  09  10  00  00  CA     417.0073
     0100      8   A0  00  09  09  10  00  00  CA     417.0076
     0100      8   C0  00  08  09  10  00  00  11     417.0124
     0101      8   E1  73  00  00  00  00  00  EB     417.0170
     0100      8   C0  00  08  09  10  00  00  11     417.0173
     0102      8   C0  00  08  09  10  00  00  11     417.0175
     0100      8   E0  00  08  09  10  00  00  7E     417.0219
     0100      8   E0  00  08  09  10  00  00  7E     417.0266
     0101      8   01  73  00  00  00  00  00  FB     417.0271
     0102      8   E0  00  08  09  10  00  00  7E     417.0273
     0100      8   E0  00  08  09  10  00  00  7E     417.0314
     0100      8   00  00  08  09  10  00  00  6E     417.0362
     0101      8   21  73  00  00  00  00  00  94     417.0370
     0102      8   00  00  08  09  10  00  00  6E     417.0373
     0100      8   00  00  08  09  10  00  00  6E     417.0409
     0100      8   20  00  06  09  10  00  00  17     417.0457
     0101      8   41  73  00  00  00  00  00  25     417.0470
     0102      8   20  00  06  09  10  00  00  17     417.0473
     0501      8   0E  00  00  00  00  00  00  01     417.0475
     0100      8   20  00  06  09  10  00  00  17     417.0504
     0100      8   40  00  05  09  10  00  00  18     417.0552
     0101      8   61  73  00  00  00  00  00  4A     417.0570
     0102      8   40  00  05  09  10  00  00  18     417.0573
     0100      8   40  00  05  09  10  00  00  18     417.0600
     0100      8   60  00  04  09  10  00  00  1D     417.0647
     0101      8   81  73  00  00  00  00  00  5A     417.0670
     0102      8   60  00  04  09  10  00  00  1D     417.0673
     0100      8   60  00  04  09  10  00  00  1D     417.0695
     0100      8   80  00  03  09  10  00  00  06     417.0742
     0101      8   A1  73  00  00  00  00  00  35     417.0770
     0102      8   80  00  03  09  10  00  00  06     417.0773
     0100      8   80  00  03  09  10  00  00  06     417.0790
     0100      8   A0  00  02  09  10  00  00  03     417.0837
     0101      8   C1  73  00  00  00  00  00  84     417.0870
     0102      8   A0  00  02  09  10  00  00  03     417.0873
     0100      8   A0  00  02  09  10  00  00  03     417.0888
     0100      8   C0  00  00  09  10  00  00  66     417.0938
     0101      8   E1  73  00  00  00  00  00  EB     417.0970
     0102      8   C0  00  00  09  10  00  00  66     417.0973
     0100      8   C0  00  00  09  10  00  00  66     417.0988
     0100      8   E0  00  00  09  10  00  00  09     417.1038
     0101      8   01  73  00  00  00  00  00  FB     417.1070
     0102      8   E0  00  00  09  10  00  00  09     417.1073
     0100      8   E0  00  00  09  10  00  00  09     417.1088
     0100      8   00  00  00  09  10  00  00  19     417.1138
     0101      8   21  73  00  00  00  00  00  94     417.1170
     0102      8   00  00  00  09  10  00  00  19     417.1173
     0100      8   00  00  00  09  10  00  00  19     417.1189
     0100      8   20  00  00  09  10  00  00  76     417.1239
     0101      8   41  73  00  00  00  00  00  25     417.1270
     0102      8   20  00  00  09  10  00  00  76     417.1273
     0100      8   20  00  00  09  10  00  00  76     417.1289
     0100      8   40  00  00  09  10  00  00  C7     417.1339
     0101      8   61  73  00  00  00  00  00  4A     417.1370
     0102      8   40  00  00  09  10  00  00  C7     417.1373
     0100      8   40  00  00  09  10  00  00  C7     417.1389
     0100      8   60  00  00  09  10  00  00  A8     417.1439
     0101      8   81  73  00  00  00  00  00  5A     417.1470
     0102      8   60  00  00  09  10  00  00  A8     417.1473
     0501      8   0E  00  00  00  00  00  00  01     417.1475
     0100      8   60  00  00  09  10  00  00  A8     417.1489
     0100      8   80  00  00  09  10  00  00  B8     417.1539
     0101      8   A1  73  00  00  00  00  00  35     417.1570
     0102      8   80  00  00  09  10  00  00  B8     417.1573
     0100      8   80  00  00  09  10  00  00  B8     417.1590
     0100      8   A0  00  00  09  10  00  00  D7     417.1640
     0101      8   C1  73  00  00  00  00  00  84     417.1670
     0102      8   A0  00  00  09  10  00  00  D7     417.1673
     0100      8   A0  00  00  09  10  00  00  D7     417.1690
     0100      8   C0  00  00  09  10  00  00  66     417.1740
     0101      8   E1  73  00  00  00  00  00  EB     417.1770
     0102      8   C0  00  00  09  10  00  00  66     417.1773
     0100      8   C0  00  00  09  10  00  00  66     417.1790
     0100      8   E0  00  00  09  10  00  00  09     417.1840
     0101      8   01  73  00  00  00  00  00  FB     417.1870
     0102      8   E0  00  00  09  10  00  00  09     417.1873
     0100      8   E0  00  00  09  10  00  00  09     417.1890
     0100      8   00  00  00  09  10  00  00  19     417.1941
     0101      8   21  73  00  00  00  00  00  94     417.1970
     0102      8   00  00  00  09  10  00  00  19     417.1973
     0100      8   00  00  00  09  10  00  00  19     417.1991
     0100      8   20  00  00  09  10  00  00  76     417.2041
     0101      8   41  73  00  00  00  00  00  25     417.2070
     0102      8   20  00  00  09  10  00  00  76     417.2073
     0100      8   20  00  00  09  10  00  00  76     417.2091
     0100      8   40  00  00  09  10  00  00  C7     417.2141
     0101      8   61  73  00  00  00  00  00  4A     417.2170
     0102      8   40  00  00  09  10  00  00  C7     417.2173
     0100      8   40  00  00  09  10  00  00  C7     417.2191
     0100      8   60  00  00  09  10  00  00  A8     417.2241
     0101      8   81  73  00  00  00  00  00  5A     417.2270
     0102      8   60  00  00  09  10  00  00  A8     417.2273
     0100      8   60  00  00  09  10  00  00  A8     417.2292
     0100      8   80  00  00  09  10  00  00  B8     417.2342
     0101      8   A1  73  00  00  00  00  00  35     417.2370
     0102      8   80  00  00  09  10  00  00  B8     417.2373
     0100      8   80  00  00  09  10  00  00  B8     417.2392
     0100      8   A0  00  00  09  10  00  00  D7     417.2442
     0101      8   C1  73  00  00  00  00  00  84     417.2470
     0102      8   A0  00  00  09  10  00  00  D7     417.2473
     0501      8   0E  00  00  00  00  00  00  01     417.2475
     0100      8   A0  00  00  09  10  00  00  D7     417.2492
     0100      8   C0  00  00  09  10  00  00  66     417.2542
     0101      8   E1  73  00  00  00  00  00  EB     417.2570
     0102      8   C0  00  00  09  10  00  00  66     417.2573
     0100      8   C0  00  00  09  10  00  00  66     417.2592
     0100      8   E0  00  00  09  10  00  00  09     417.2643
     0101      8   01  73  00  00  00  00  00  FB     417.2670
     0102      8   E0  00  00  09  10  00  00  09     417.2673
     0100      8   E0  00  00  09  10  00  00  09     417.2693
     0100      8   00  00  00  09  10  00  00  19     417.2743
     0101      8   21  73  00  00  00  00  00  94     417.2770
     0102      8   00  00  00  09  10  00  00  19     417.2773
     0100      8   00  00  00  09  10  00  00  19     417.2793
     0100      8   20  00  00  09  10  00  00  76     417.2843
     0101      8   41  73  00  00  00  00  00  25     417.2870
     0102      8   20  00  00  09  10  00  00  76     417.2873
     0100      8   20  00  00  09  10  00  00  76     417.2893
     0100      8   40  00  00  09  10  00  00  C7     417.2943
     0101      8   61  73  00  00  00  00  00  4A     417.2970
     0102      8   40  00  00  09  10  00  00  C7     417.2973
     0100      8   40  00  00  09  10  00  00  C7     417.2994
     0100      8   60  00  00  09  10  00  00  A8     417.3044
     0101      8   81  73  00  00  00  00  00  5A     417.3070
     0102      8   60  00  00  09  10  00  00  A8     417.3072
     0100      8   60  00  00  09  10  00  00  A8     417.3094
     0100      8   80  00  00  09  10  00  00  B8     417.3144
     0101      8   A1  73  00  00  00  00  00  35     417.3170
     0102      8   80  00  00  09  10  00  00  B8     417.3172
     0100      8   80  00  00  09  10  00  00  B8     417.3194
     0100      8   A0  00  00  09  10  00  00  D7     417.3244
     0101      8   C1  73  00  00  00  00  00  84     417.3270
     0102      8   A0  00  00  09  10  00  00  D7     417.3272
     0100      8   A0  00  00  09  10  00  00  D7     417.3294
     0100      8   C0  00  00  09  10  00  00  66     417.3344
     0101      8   E1  73  00  00  00  00  00  EB     417.3370
     0102      8   C0  00  00  09  10  00  00  66     417.3372
     0100      8   C0  00  00  09  10  00  00  66     417.3395
     0100      8   E0  00  00  09  10  00  00  09     417.3445
     0101      8   01  73  00  00  00  00  00  FB     417.3470
     0102      8   E0  00  00  09  10  00  00  09     417.3472
     0501      8   0E  00  00  00  00  00  00  01     417.3475
     0100      8   E0  00  00  09  10  00  00  09     417.3495
     0100      8   00  00  00  09  10  00  00  19     417.3545
     0101      8   21  73  00  00  00  00  00  94     417.3570
     0102      8   00  00  00  09  10  00  00  19     417.3572
     0100      8   00  00  00  09  10  00  00  19     417.3595
     0100      8   20  00  00  09  10  00  00  76     417.3645
     0101      8   41  73  00  00  00  00  00  25     417.3670
     0102      8   20  00  00  09  10  00  00  76     417.3672
     0100      8   20  00  00  09  10  00  00  76     417.3695
     0100      8   40  00  00  09  10  00  00  C7     417.3746
     0101      8   61  73  00  00  00  00  00  4A     417.3770
     0102      8   40  00  00  09  10  00  00  C7     417.3772
     0100      8   40  00  00  09  10  00  00  C7     417.3796
     0100      8   60  00  00  09  10  00  00  A8     417.3846
     0101      8   81  73  00  00  00  00  00  5A     417.3870
     0102      8   60  00  00  09  10  00  00  A8     417.3872
     0100      8   60  00  00  09  10  00  00  A8     417.3896
     0100      8   80  00  00  09  10  00  00  B8     417.3946
     0101      8   A1  73  00  00  00  00  00  35     417.3970
     0102      8   80  00  00  09  10  00  00  B8     417.3972
     0100      8   80  00  00  09  10  00  00  B8     417.3996
     0100      8   A0  00  00  09  10  00  00  D7     417.4047
     0101      8   C1  73  00  00  00  00  00  84     417.4070
     0102      8   A0  00  00  09  10  00  00  D7     417.4072
     0100      8   A0  00  00  09  10  00  00  D7     417.4097
     0100      8   C0  00  00  09  10  00  00  66     417.4147
     0101      8   E1  73  00  00  00  00  00  EB     417.4170
     0102      8   C0  00  00  09  10  00  00  66     417.4172
     0100      8   C0  00  00  09  10  00  00  66     417.4197
     0100      8   E0  00  00  09  10  00  00  09     417.4247
     0101      8   01  73  00  00  00  00  00  FB     417.4270
     0102      8   E0  00  00  09  10  00  00  09     417.4272
     0100      8   E0  00  00  09  10  00  00  09     417.4297
     0100      8   00  00  00  09  10  00  00  19     417.4347
     0101      8   21  73  00  00  00  00  00  94     417.4370
     0102      8   00  00  00  09  10  00  00  19     417.4372
     0100      8   00  00  00  09  10  00  00  19     417.4397
     0100      8   20  00  00  09  10  00  00  76     417.4448
     0101      8   41  73  00  00  00  00  00  25     417.4470
     0102      8   20  00  00  09  10  00  00  76     417.4472
     0501      8   0E  00  00  00  00  00  00  01     417.4475
     0100      8   20  00  00  09  10  00  00  76     417.4498
     0100      8   40  00  00  09  10  00  00  C7     417.4548
     0101      8   61  73  00  00  00  00  00  4A     417.4570
     0102      8   40  00  00  09  10  00  00  C7     417.4572
     0100      8   40  00  00  09  10  00  00  C7     417.4598
     0100      8   60  00  00  09  10  00  00  A8     417.4648
     0101      8   81  73  00  00  00  00  00  5A     417.4670
     0102      8   60  00  00  09  10  00  00  A8     417.4672
     0100      8   60  00  00  09  10  00  00  A8     417.4698
     0100      8   80  00  00  09  10  00  00  B8     417.4748
     0101      8   A1  73  00  00  00  00  00  35     417.4770
     0102      8   80  00  00  09  10  00  00  B8     417.4772
     0100      8   80  00  00  09  10  00  00  B8     417.4799
     0100      8   A0  00  00  09  10  00  00  D7     417.4849
     0101      8   C1  73  00  00  00  00  00  84     417.4870
     0102      8   A0  00  00  09  10  00  00  D7     417.4872
     0100      8   A0  00  00  09  10  00  00  D7     417.4899
     0100      8   C0  00  00  09  10  00  00  66     417.4949
     0101      8   E1  73  00  00  00  00  00  EB     417.4970
     0102      8   C0  00  00  09  10  00  00  66     417.4972
     0100      8   C0  00  00  09  10  00  00  66     417.4999
     0100      8   E0  00  00  09  10  00  00  09     417.5049
     0101      8   01  73  00  00  00  00  00  FB     417.5070
     0102      8   E0  00  00  09  10  00  00  09     417.5072
     0100      8   E0  00  00  09  10  00  00  09     417.5099
     0100      8   00  00  00  09  10  00  00  19     417.5150
     0101      8   21  73  00  00  00  00  00  94     417.5170
     0102      8   00  00  00  09  10  00  00  19     417.5172
     0100      8   00  00  00  09  10  00  00  19     417.5200
     0100      8   20  00  00  09  10  00  00  76     417.5250
     0101      8   41  73  00  00  00  00  00  25     417.5270
     0102      8   20  00  00  09  10  00  00  76     417.5272
     0100      8   20  00  00  09  10  00  00  76     417.5300
     0100      8   40  00  00  09  10  00  00  C7     417.5350
     0101      8   61  73  00  00  00  00  00  4A     417.5370
     0102      8   40  00  00  09  10  00  00  C7     417.5372
     0100      8   40  00  00  09  10  00  00  C7     417.5400
     0100      8   60  00  00  09  10  00  00  A8     417.5450
     0101      8   81  73  00  00  00  00  00  5A     417.5470
     0102      8   60  00  00  09  10  00  00  A8     417.5472
     0501      8   0E  00  00  00  00  00  00  01     417.5475
     0100      8   60  00  00  09  10  00  00  A8     417.5501
     0100      8   80  00  00  09  10  00  00  B8     417.5551
     0101      8   A1  73  00  00  00  00  00  35     417.5570
     0102      8   80  00  00  09  10  00  00  B8     417.5572
     0100      8   80  00  00  09  10  00  00  B8     417.5601
     0100      8   A0  00  00  09  10  00  00  D7     417.5651
     0101      8   C1  73  00  00  00  00  00  84     417.5670
     0102      8   A0  00  00  09  10  00  00  D7     417.5672
     0100      8   A0  00  00  09  10  00  00  D7     417.5701
     0100      8   C0  00  00  09  10  00  00  66     417.5751
     0101      8   E1  73  00  00  00  00  00  EB     417.5770
     0102      8   C0  00  00  09  10  00  00  66     417.5772
     0100      8   C0  00  00  09  10  00  00  66     417.5801
     0100      8   E0  00  00  09  10  00  00  09     417.5852
     0101      8   01  73  00  00  00  00  00  FB     417.5870
     0102      8   E0  00  00  09  10  00  00  09     417.5872
     0100      8   E0  00  00  09  10  00  00  09     417.5902
     0100      8   00  00  00  09  10  00  00  19     417.5952
     0101      8   21  73  00  00  00  00  00  94     417.5970
     0102      8   00  00  00  09  10  00  00  19     417.5972
     0100      8   00  00  00  09  10  00  00  19     417.6002
     0100      8   20  00  00  09  10  00  00  76     417.6052
     0101      8   41  73  00  00  00  00  00  25     417.6070
     0102      8   20  00  00  09  10  00  00  76     417.6072
     0100      8   20  00  00  09  10  00  00  76     417.6102
     0100      8   40  00  00  09  10  00  00  C7     417.6152
     0101      8   61  73  00  00  00  00  00  4A     417.6170
     0102      8   40  00  00  09  10  00  00  C7     417.6172
     0100      8   40  00  00  09  10  00  00  C7     417.6203
     0100      8   60  00  00  09  10  00  00  A8     417.6253
     0101      8   81  73  00  00  00  00  00  5A     417.6270
     0102      8   60  00  00  09  10  00  00  A8     417.6272
     0100      8   60  00  00  09  10  00  00  A8     417.6303
     0100      8   80  00  00  09  10  00  00  B8     417.6353
     0101      8   A1  73  00  00  00  00  00  35     417.6370
     0102      8   80  00  00  09  10  00  00  B8     417.6372
     0100      8   80  00  00  09  10  00  00  B8     417.6403
     0100      8   A0  00  00  09  10  00  00  D7     417.6453
     0101      8   C1  73  00  00  00  00  00  84     417.6470
     0102      8   A0  00  00  09  10  00  00  D7     417.6472
     0501      8   0E  00  00  00  00  00  00  01     417.6474
     0100      8   A0  00  00  09  10  00  00  D7     417.6503
     0100      8   C0  00  00  09  10  00  00  66     417.6553
     0101      8   E1  73  00  00  00  00  00  EB     417.6570
     0102      8   C0  00  00  09  10  00  00  66     417.6572
     0100      8   C0  00  00  09  10  00  00  66     417.6604
     0100      8   E0  00  00  09  10  00  00  09     417.6654
     0101      8   01  73  00  00  00  00  00  FB     417.6670
     0102      8   E0  00  00  09  10  00  00  09     417.6672
     0100      8   E0  00  00  09  10  00  00  09     417.6704
     0100      8   00  00  00  09  10  00  00  19     417.6754
     0101      8   21  73  00  00  00  00  00  94     417.6770
     0102      8   00  00  00  09  10  00  00  19     417.6772
     0100      8   00  00  00  09  10  00  00  19     417.6804
     0100      8   20  00  00  09  10  00  00  76     417.6854
     0101      8   41  73  00  00  00  00  00  25     417.6870
     0102      8   20  00  00  09  10  00  00  76     417.6872
     0100      8   20  00  00  09  10  00  00  76     417.6904
     0100      8   40  00  00  09  10  00  00  C7     417.6955
     0101      8   61  73  00  00  00  00  00  4A     417.6969
     0102      8   40  00  00  09  10  00  00  C7     417.6972
     0100      8   40  00  00  09  10  00  00  C7     417.7005
     0100      8   60  00  00  09  10  00  00  A8     417.7055
     0101      8   81  73  00  00  00  00  00  5A     417.7070
     0102      8   60  00  00  09  10  00  00  A8     417.7072
     0100      8   60  00  00  09  10  00  00  A8     417.7105
     0100      8   80  00  00  09  10  00  00  B8     417.7155
     0101      8   A1  73  00  00  00  00  00  35     417.7169
     0102      8   80  00  00  09  10  00  00  B8     417.7172
     0100      8   80  00  00  09  10  00  00  B8     417.7205
     0100      8   A0  00  00  09  10  00  00  D7     417.7255
     0101      8   C1  73  00  00  00  00  00  84     417.7269
     0102      8   A0  00  00  09  10  00  00  D7     417.7272
     0100      8   A0  00  00  09  10  00  00  D7     417.7306
     0100      8   C0  00  00  09  10  00  00  66     417.7356
     0101      8   E1  73  00  00  00  00  00  EB     417.7369
     0102      8   C0  00  00  09  10  00  00  66     417.7372
     0100      8   C0  00  00  09  10  00  00  66     417.7406
     0100      8   E0  00  00  09  10  00  00  09     417.7456
     0101      8   01  73  00  00  00  00  00  FB     417.7469
     0102      8   E0  00  00  09  10  00  00  09     417.7472
     0501      8   0E  00  00  00  00  00  00  01     417.7474
     0100      8   E0  00  00  09  10  00  00  09     417.7506
     0100      8   00  00  00  09  10  00  00  19     417.7556
     0101      8   21  73  00  00  00  00  00  94     417.7569
     0102      8   00  00  00  09  10  00  00  19     417.7572
     0100      8   00  00  00  09  10  00  00  19     417.7606
     0100      8   20  00  00  09  10  00  00  76     417.7657
     0101      8   41  73  00  00  00  00  00  25     417.7669
     0102      8   20  00  00  09  10  00  00  76     417.7672
     0100      8   20  00  00  09  10  00  00  76     417.7707
     0100      8   40  00  00  09  10  00  00  C7     417.7757
     0101      8   61  73  00  00  00  00  00  4A     417.7769
     0102      8   40  00  00  09  10  00  00  C7     417.7772
     0100      8   40  00  00  09  10  00  00  C7     417.7807
     0100      8   60  00  00  09  10  00  00  A8     417.7857
     0101      8   81  73  00  00  00  00  00  5A     417.7869
     0102      8   60  00  00  09  10  00  00  A8     417.7872
     0100      8   60  00  00  09  10  00  00  A8     417.7907
     0100      8   80  00  00  09  10  00  00  B8     417.7957
     0101      8   A1  73  00  00  00  00  00  35     417.7969
     0102      8   80  00  00  09  10  00  00  B8     417.7972
     0100      8   80  00  00  09  10  00  00  B8     417.8008
     0100      8   A0  00  00  09  10  00  00  D7     417.8058
     0101      8   C1  73  00  00  00  00  00  84     417.8069
     0102      8   A0  00  00  09  10  00  00  D7     417.8072
     0100      8   A0  00  00  09  10  00  00  D7     417.8108
     0100      8   C0  00  00  09  10  00  00  66     417.8158
     0101      8   E1  73  00  00  00  00  00  EB     417.8169
     0102      8   C0  00  00  09  10  00  00  66     417.8172
     0100      8   C0  00  00  09  10  00  00  66     417.8208
     0100      8   E0  00  00  09  10  00  00  09     417.8258
     0101      8   01  73  00  00  00  00  00  FB     417.8269
     0102      8   E0  00  00  09  10  00  00  09     417.8272
     0100      8   E0  00  00  09  10  00  00  09     417.8308
     0100      8   00  00  00  09  10  00  00  19     417.8359
     0101      8   21  73  00  00  00  00  00  94     417.8369
     0102      8   00  00  00  09  10  00  00  19     417.8372
     0100      8   00  00  00  09  10  00  00  19     417.8409
     0100      8   20  00  00  09  10  00  00  76     417.8459
     0101      8   41  73  00  00  00  00  00  25     417.8469
     0102      8   20  00  00  09  10  00  00  76     417.8472
     0501      8   0E  00  00  00  00  00  00  01     417.8474
     0100      8   20  00  00  09  10  00  00  76     417.8509
     0100      8   40  00  00  09  10  00  00  C7     417.8559
     0101      8   61  73  00  00  00  00  00  4A     417.8569
     0102      8   40  00  00  09  10  00  00  C7     417.8572
     0100      8   40  00  00  09  10  00  00  C7     417.8609
     0100      8   60  00  00  09  10  00  00  A8     417.8659
     0101      8   81  73  00  00  00  00  00  5A     417.8669
     0102      8   60  00  00  09  10  00  00  A8     417.8672
     0100      8   60  00  00  09  10  00  00  A8     417.8710
     0100      8   80  00  00  09  10  00  00  B8     417.8760
     0101      8   A1  73  00  00  00  00  00  35     417.8769
     0102      8   80  00  00  09  10  00  00  B8     417.8772
     0100      8   80  00  00  09  10  00  00  B8     417.8810
     0100      8   A0  00  00  09  10  00  00  D7     417.8860
     0101      8   C1  73  00  00  00  00  00  84     417.8869
     0102      8   A0  00  00  09  10  00  00  D7     417.8872
     0100      8   A0  00  00  09  10  00  00  D7     417.8910
     0100      8   C0  00  00  09  10  00  00  66     417.8960
     0101      8   E1  73  00  00  00  00  00  EB     417.8969
     0102      8   C0  00  00  09  10  00  00  66     417.8972
     0100      8   C0  00  00  09  10  00  00  66     417.9010
     0100      8   E0  00  00  09  10  00  00  09     417.9060
     0101      8   01  73  00  00  00  00  00  FB     417.9069
     0102      8   E0  00  00  09  10  00  00  09     417.9072
     0100      8   E0  00  00  09  10  00  00  09     417.9111
     0100      8   00  00  00  09  10  00  00  19     417.9161
     0101      8   21  73  00  00  00  00  00  94     417.9169
     0102      8   00  00  00  09  10  00  00  19     417.9172
     0100      8   00  00  00  09  10  00  00  19     417.9211
     0100      8   20  00  00  09  10  00  00  76     417.9261
     0101      8   41  73  00  00  00  00  00  25     417.9269
     0102      8   20  00  00  09  10  00  00  76     417.9272
     0100      8   20  00  00  09  10  00  00  76     417.9311
     0100      8   40  00  00  09  10  00  00  C7     417.9361
     0101      8   61  73  00  00  00  00  00  4A     417.9369
     0102      8   40  00  00  09  10  00  00  C7     417.9372
     0100      8   40  00  00  09  10  00  00  C7     417.9412
     0100      8   60  00  00  09  10  00  00  A8     417.9462
     0101      8   81  73  00  00  00  00  00  5A     417.9469
     0102      8   60  00  00  09  10  00  00  A8     417.9472
     0501      8   0E  00  00  00  00  00  00  01     417.9474
     0100      8   60  00  00  09  10  00  00  A8     417.9512
     0100      8   80  00  00  09  10  00  00  B8     417.9562
     0101      8   A1  73  00  00  00  00  00  35     417.9569
     0102      8   80  00  00  09  10  00  00  B8     417.9572
     0100      8   80  00  00  09  10  00  00  B8     417.9612
     0100      8   A0  00  00  09  10  00  00  D7     417.9662
     0101      8   C1  73  00  00  00  00  00  84     417.9669
     0102      8   A0  00  00  09  10  00  00  D7     417.9672
     0100      8   A0  00  00  09  10  00  00  D7     417.9712
     0100      8   C0  00  00  09  10  00  00  66     417.9762
     0101      8   E1  73  00  00  00  00  00  EB     417.9769
     0102      8   C0  00  00  09  10  00  00  66     417.9772
     0100      8   C0  00  00  09  10  00  00  66     417.9813
     0100      8   E0  00  00  09  10  00  00  09     417.9863
     0101      8   01  73  00  00  00  00  00  FB     417.9869
     0102      8   E0  00  00  09  10  00  00  09     417.9872
     0100      8   E0  00  00  09  10  00  00  09     417.9913
     0100      8   00  00  00  09  10  00  00  19     417.9963
     0101      8   21  73  00  00  00  00  00  94     417.9969
     0102      8   00  00  00  09  10  00  00  19     417.9972
     0100      8   00  00  00  09  10  00  00  19     418.0013
     0100      8   20  00  00  09  10  00  00  76     418.0063
     0101      8   41  73  00  00  00  00  00  25     418.0069
     0102      8   20  00  00  09  10  00  00  76     418.0072
     0100      8   20  00  00  09  10  00  00  76     418.0113
     0100      8   40  00  00  09  10  00  00  C7     418.0164
     0101      8   61  73  00  00  00  00  00  4A     418.0169
     0102      8   40  00  00  09  10  00  00  C7     418.0171
     0100      8   40  00  00  09  10  00  00  C7     418.0214
     0100      8   60  00  00  09  10  00  00  A8     418.0264
     0101      8   81  73  00  00  00  00  00  5A     418.0269
     0102      8   40  00  00  09  10  00  00  C7     418.0271
     0100      8   60  00  00  09  10  00  00  A8     418.0314
     0100      8   80  00  00  09  10  00  00  B8     418.0364
     0101      8   A1  73  00  00  00  00  00  35     418.0369
     0102      8   60  00  00  09  10  00  00  A8     418.0371
     0100      8   80  00  00  09  10  00  00  B8     418.0414
     0100      8   A0  00  00  09  10  00  00  D7     418.0464
     0101      8   C1  73  00  00  00  00  00  84     418.0469
     0102      8   80  00  00  09  10  00  00  B8     418.0471
     0501      8   0E  00  00  00  00  00  00  01     418.0474
     0100      8   A0  00  00  09  10  00  00  D7     418.0515
     0100      8   C0  00  00  09  10  00  00  66     418.0565
     0101      8   E1  73  00  00  00  00  00  EB     418.0569
     0102      8   A0  00  00  09  10  00  00  D7     418.0571
     0100      8   C0  00  00  09  10  00  00  66     418.0615
     0100      8   E0  00  00  09  10  00  00  09     418.0665
     0101      8   01  73  00  00  00  00  00  FB     418.0669
     0102      8   C0  00  00  09  10  00  00  66     418.0671
     0100      8   E0  00  00  09  10  00  00  09     418.0715
     0100      8   00  00  00  09  10  00  00  19     418.0765
     0101      8   21  73  00  00  00  00  00  94     418.0769
     0102      8   E0  00  00  09  10  00  00  09     418.0771
     0100      8   00  00  00  09  10  00  00  19     418.0815
     0100      8   20  00  00  09  10  00  00  76     418.0866
     0101      8   41  73  00  00  00  00  00  25     418.0869
     0102      8   00  00  00  09  10  00  00  19     418.0871
     0100      8   20  00  00  09  10  00  00  76     418.0916
     0100      8   40  00  00  09  10  00  00  C7     418.0966
     0101      8   61  73  00  00  00  00  00  4A     418.0969
     0102      8   20  00  00  09  10  00  00  76     418.0971
     0100      8   40  00  00  09  10  00  00  C7     418.1016
     0100      8   60  00  00  09  10  00  00  A8     418.1066
     0101      8   81  73  00  00  00  00  00  5A     418.1069
     0102      8   40  00  00  09  10  00  00  C7     418.1071
     0100      8   60  00  00  09  10  00  00  A8     418.1116
     0100      8   80  00  00  09  10  00  00  B8     418.1166
     0101      8   A1  73  00  00  00  00  00  35     418.1169
     0102      8   60  00  00  09  10  00  00  A8     418.1171
     0100      8   80  00  00  09  10  00  00  B8     418.1217
     0100      8   A0  00  00  09  10  00  00  D7     418.1267
     0101      8   C1  73  00  00  00  00  00  84     418.1269
     0102      8   80  00  00  09  10  00  00  B8     418.1272
     0100      8   A0  00  00  09  10  00  00  D7     418.1317
     0100      8   C0  00  00  09  10  00  00  66     418.1367
     0101      8   E1  73  00  00  00  00  00  EB     418.1369
     0102      8   A0  00  00  09  10  00  00  D7     418.1372
     0100      8   C0  00  00  09  10  00  00  66     418.1417
     0100      8   E0  00  00  09  10  00  00  09     418.1467
     0101      8   01  73  00  00  00  00  00  FB     418.1470
     0102      8   C0  00  00  09  10  00  00  66     418.1472
     0501      8   0E  00  00  00  00  00  00  01     418.1475
     0100      8   E0  00  00  09  10  00  00  09     418.1517
     0100      8   00  00  00  09  10  00  00  19     418.1568
     0101      8   21  73  00  00  00  00  00  94     418.1570
     0102      8   E0  00  00  09  10  00  00  09     418.1572
     0100      8   00  00  00  09  10  00  00  19     418.1618
     0100      8   20  00  00  09  10  00  00  76     418.1668
     0101      8   41  73  00  00  00  00  00  25     418.1670
     0102      8   00  00  00  09  10  00  00  19     418.1673
     0100      8   20  00  00  09  10  00  00  76     418.1718
     0100      8   40  00  00  09  10  00  00  C7     418.1768
     0101      8   61  73  00  00  00  00  00  4A     418.1770
     0102      8   20  00  00  09  10  00  00  76     418.1773
     0100      8   40  00  00  09  10  00  00  C7     418.1818
     0100      8   60  00  00  09  10  00  00  A8     418.1868
     0101      8   81  73  00  00  00  00  00  5A     418.1871
     0102      8   40  00  00  09  10  00  00  C7     418.1873
     0100      8   60  00  00  09  10  00  00  A8     418.1918
     0100      8   80  00  00  09  10  00  00  B8     418.1969
     0101      8   A1  73  00  00  00  00  00  35     418.1971
     0102      8   60  00  00  09  10  00  00  A8     418.1973
     0100      8   80  00  00  09  10  00  00  B8     418.2019
     0101      8   C1  73  00  00  00  00  00  84     418.2069
     0100      8   A0  00  00  09  10  00  00  D7     418.2071
     0102      8   80  00  00  09  10  00  00  B8     418.2074
     0100      8   C0  00  00  09  10  00  00  66     418.2119
     0101      8   E1  73  00  00  00  00  00  EB     418.2169
     0100      8   C0  00  00  09  10  00  00  66     418.2171
     0102      8   C0  00  00  09  10  00  00  66     418.2174
     0100      8   E0  00  00  09  10  00  00  09     418.2219
     0101      8   01  73  00  00  00  00  00  FB     418.2269
     0100      8   E0  00  00  09  10  00  00  09     418.2271
     0102      8   E0  00  00  09  10  00  00  09     418.2274
     0100      8   00  00  00  09  10  00  00  19     418.2320
     0101      8   21  73  00  00  00  00  00  94     418.2369
     0100      8   00  00  00  09  10  00  00  19     418.2371
     0102      8   00  00  00  09  10  00  00  19     418.2374
     0100      8   20  00  00  09  10  00  00  76     418.2420
     0101      8   41  73  00  00  00  00  00  25     418.2469
     0100      8   20  00  00  09  10  00  00  76     418.2471
     0102      8   20  00  00  09  10  00  00  76     418.2474
     0501      8   0E  00  00  00  00  00  00  01     418.2476
     0100      8   40  00  00  09  10  00  00  C7     418.2520
     0101      8   61  73  00  00  00  00  00  4A     418.2569
     0100      8   40  00  00  09  10  00  00  C7     418.2571
     0102      8   40  00  00  09  10  00  00  C7     418.2574
     0100      8   60  00  00  09  10  00  00  A8     418.2620
     0101      8   81  73  00  00  00  00  00  5A     418.2669
     0100      8   60  00  00  09  10  00  00  A8     418.2671
     0102      8   60  00  00  09  10  00  00  A8     418.2674
     0100      8   80  00  00  09  10  00  00  B8     418.2721
     0101      8   A1  73  00  00  00  00  00  35     418.2769
     0100      8   80  00  00  09  10  00  00  B8     418.2771
     0102      8   80  00  00  09  10  00  00  B8     418.2773
     0100      8   A0  00  00  09  10  00  00  D7     418.2821
     0101      8   C1  73  00  00  00  00  00  84     418.2869
     0102      8   A0  00  00  09  10  00  00  D7     418.2871
     0100      8   A0  00  00  09  10  00  00  D7     418.2874
     0100      8   C0  00  00  09  10  00  00  66     418.2921
     0101      8   E1  73  00  00  00  00  00  EB     418.2969
     0102      8   C0  00  00  09  10  00  00  66     418.2971
     0100      8   C0  00  00  09  10  00  00  66     418.2974
     0100      8   E0  00  00  09  10  00  00  09     418.3022
     0101      8   01  73  00  00  00  00  00  FB     418.3069
     0102      8   E0  00  00  09  10  00  00  09     418.3071
     0100      8   E0  00  00  09  10  00  00  09     418.3074
     0100      8   00  00  00  09  10  00  00  19     418.3122
     0101      8   21  73  00  00  00  00  00  94     418.3169
     0102      8   00  00  00  09  10  00  00  19     418.3171
     0100      8   00  00  00  09  10  00  00  19     418.3174
     0100      8   20  00  00  09  10  00  00  76     418.3222
     0101      8   41  73  00  00  00  00  00  25     418.3269
     0102      8   20  00  00  09  10  00  00  76     418.3271
     0100      8   20  00  00  09  10  00  00  76     418.3274
     0100      8   40  00  00  09  10  00  00  C7     418.3322
     0101      8   61  73  00  00  00  00  00  4A     418.3369
     0102      8   40  00  00  09  10  00  00  C7     418.3371
     0100      8   40  00  00  09  10  00  00  C7     418.3373
     0100      8   60  00  00  09  10  00  00  A8     418.3423
     0101      8   81  73  00  00  00  00  00  5A     418.3469
     0102      8   60  00  00  09  10  00  00  A8     418.3471
     0100      8   60  00  00  09  10  00  00  A8     418.3473
     0501      8   0E  00  00  00  00  00  00  01     418.3476
     0100      8   80  00  00  09  10  00  00  B8     418.3523
     0101      8   A1  73  00  00  00  00  00  35     418.3569
     0102      8   80  00  00  09  10  00  00  B8     418.3571
     0100      8   80  00  00  09  10  00  00  B8     418.3573
     0100      8   A0  00  00  09  10  00  00  D7     418.3623
     0101      8   C1  73  00  00  00  00  00  84     418.3669
     0102      8   A0  00  00  09  10  00  00  D7     418.3671
     0100      8   A0  00  00  09  10  00  00  D7     418.3673
     0100      8   C0  00  00  09  10  00  00  66     418.3724
     0101      8   E1  73  00  00  00  00  00  EB     418.3769
     0102      8   C0  00  00  09  10  00  00  66     418.3771
     0100      8   C0  00  00  09  10  00  00  66     418.3774
     0100      8   E0  00  00  09  10  00  00  09     418.3824
     0101      8   01  73  00  00  00  00  00  FB     418.3869
     0102      8   E0  00  00  09  10  00  00  09     418.3871
     0100      8   E0  00  00  09  10  00  00  09     418.3874
     0100      8   00  00  00  09  10  00  00  19     418.3924
     0101      8   21  73  00  00  00  00  00  94     418.3968
     0102      8   00  00  00  09  10  00  00  19     418.3971
     0100      8   00  00  00  09  10  00  00  19     418.3974
     0100      8   20  00  00  09  10  00  00  76     418.4024
     0101      8   41  73  00  00  00  00  00  25     418.4069
     0102      8   20  00  00  09  10  00  00  76     418.4071
     0100      8   20  00  00  09  10  00  00  76     418.4075
     0100      8   40  00  00  09  10  00  00  C7     418.4125
     0101      8   61  73  00  00  00  00  00  4A     418.4168
     0102      8   40  00  00  09  10  00  00  C7     418.4171
     0100      8   40  00  00  09  10  00  00  C7     418.4175
     0100      8   60  00  00  09  10  00  00  A8     418.4225
     0101      8   81  73  00  00  00  00  00  5A     418.4269
     0102      8   60  00  00  09  10  00  00  A8     418.4271
     0100      8   60  00  00  09  10  00  00  A8     418.4275
     0100      8   80  00  00  09  10  00  00  B8     418.4325
     0101      8   A1  73  00  00  00  00  00  35     418.4368
     0102      8   80  00  00  09  10  00  00  B8     418.4371
     0100      8   80  00  00  09  10  00  00  B8     418.4375
     0100      8   A0  00  00  09  10  00  00  D7     418.4426
     0101      8   C1  73  00  00  00  00  00  84     418.4468
     0102      8   A0  00  00  09  10  00  00  D7     418.4471
     0501      8   0E  00  00  00  00  00  00  01     418.4473
     0100      8   A0  00  00  09  10  00  00  D7     418.4476
     0100      8   C0  00  00  09  10  00  00  66     418.4526
     0101      8   E1  73  00  00  00  00  00  EB     418.4568
     0102      8   C0  00  00  09  10  00  00  66     418.4571
     0100      8   C0  00  00  09  10  00  00  66     418.4576
     0100      8   E0  00  00  09  10  00  00  09     418.4626
     0101      8   01  73  00  00  00  00  00  FB     418.4668
     0102      8   E0  00  00  09  10  00  00  09     418.4671
     0100      8   E0  00  00  09  10  00  00  09     418.4676
     0100      8   00  00  00  09  10  00  00  19     418.4726
     0101      8   21  73  00  00  00  00  00  94     418.4768
     0102      8   00  00  00  09  10  00  00  19     418.4771
     0100      8   00  00  00  09  10  00  00  19     418.4777
     0100      8   20  00  00  09  10  00  00  76     418.4827
     0101      8   41  73  00  00  00  00  00  25     418.4868
     0102      8   20  00  00  09  10  00  00  76     418.4871
     0100      8   20  00  00  09  10  00  00  76     418.4877
     0100      8   40  00  00  09  10  00  00  C7     418.4927
     0101      8   61  73  00  00  00  00  00  4A     418.4968
     0102      8   40  00  00  09  10  00  00  C7     418.4971
     0100      8   40  00  00  09  10  00  00  C7     418.4977
     0100      8   60  00  00  09  10  00  00  A8     418.5027
     0101      8   81  73  00  00  00  00  00  5A     418.5068
     0102      8   60  00  00  09  10  00  00  A8     418.5071
     0100      8   60  00  00  09  10  00  00  A8     418.5077
     0100      8   80  00  00  09  10  00  00  B8     418.5127
     0101      8   A1  73  00  00  00  00  00  35     418.5168
     0102      8   80  00  00  09  10  00  00  B8     418.5171
     0100      8   80  00  00  09  10  00  00  B8     418.5178
     0100      8   A0  00  00  09  10  00  00  D7     418.5228
     0101      8   C1  73  00  00  00  00  00  84     418.5268
     0102      8   A0  00  00  09  10  00  00  D7     418.5271
     0100      8   A0  00  00  09  10  00  00  D7     418.5278
     0100      8   C0  00  00  09  10  00  00  66     418.5328
     0101      8   E1  73  00  00  00  00  00  EB     418.5368
     0102      8   C0  00  00  09  10  00  00  66     418.5371
     0100      8   C0  00  00  09  10  00  00  66     418.5378
     0100      8   E0  00  00  09  10  00  00  09     418.5428
     0101      8   01  73  00  00  00  00  00  FB     418.5468
     0102      8   E0  00  00  09  10  00  00  09     418.5471
     0501      8   0E  00  00  00  00  00  00  01     418.5473
     0100      8   E0  00  00  09  10  00  00  09     418.5478
     0100      8   00  00  00  09  10  00  00  19     418.5529
     0101      8   21  73  00  00  00  00  00  94     418.5568
     0102      8   00  00  00  09  10  00  00  19     418.5571
     0100      8   00  00  00  09  10  00  00  19     418.5579
     0100      8   20  00  00  09  10  00  00  76     418.5629
     0101      8   41  73  00  00  00  00  00  25     418.5668
     0102      8   20  00  00  09  10  00  00  76     418.5671
     0100      8   20  00  00  09  10  00  00  76     418.5679
     0100      8   40  00  00  09  10  00  00  C7     418.5729
     0101      8   61  73  00  00  00  00  00  4A     418.5768
     0102      8   40  00  00  09  10  00  00  C7     418.5771
     0100      8   40  00  00  09  10  00  00  C7     418.5779
     0100      8   60  00  00  09  10  00  00  A8     418.5829
     0101      8   81  73  00  00  00  00  00  5A     418.5868
     0102      8   60  00  00  09  10  00  00  A8     418.5871
     0100      8   60  00  00  09  10  00  00  A8     418.5880
     0100      8   80  00  00  09  10  00  00  B8     418.5930
     0101      8   A1  73  00  00  00  00  00  35     418.5968
     0102      8   80  00  00  09  10  00  00  B8     418.5971
     0100      8   80  00  00  09  10  00  00  B8     418.5980
     0100      8   A0  00  00  09  10  00  00  D7     418.6030
     0101      8   C1  73  00  00  00  00  00  84     418.6068
     0102      8   A0  00  00  09  10  00  00  D7     418.6071
     0100      8   A0  00  00  09  10  00  00  D7     418.6080
     0100      8   C0  00  00  09  10  00  00  66     418.6130
     0101      8   E1  73  00  00  00  00  00  EB     418.6168
     0102      8   C0  00  00  09  10  00  00  66     418.6171
     0100      8   C0  00  00  09  10  00  00  66     418.6180
     0100      8   E0  00  00  09  10  00  00  09     418.6231
     0101      8   01  73  00  00  00  00  00  FB     418.6268
     0102      8   E0  00  00  09  10  00  00  09     418.6271
     0100      8   E0  00  00  09  10  00  00  09     418.6281
     0100      8   00  00  00  09  10  00  00  19     418.6331
     0101      8   21  73  00  00  00  00  00  94     418.6368
     0102      8   00  00  00  09  10  00  00  19     418.6371
     0100      8   00  00  00  09  10  00  00  19     418.6381
     0100      8   20  00  00  09  10  00  00  76     418.6431
     0101      8   41  73  00  00  00  00  00  25     418.6468
     0102      8   20  00  00  09  10  00  00  76     418.6471
     0501      8   0E  00  00  00  00  00  00  01     418.6473
     0100      8   20  00  00  09  10  00  00  76     418.6481
     0100      8   40  00  00  09  10  00  00  C7     418.6531
     0101      8   61  73  00  00  00  00  00  4A     418.6568
     0102      8   40  00  00  09  10  00  00  C7     418.6571
     0100      8   40  00  00  09  10  00  00  C7     418.6582
     0100      8   60  00  00  09  10  00  00  A8     418.6632
     0101      8   81  73  00  00  00  00  00  5A     418.6668
     0102      8   60  00  00  09  10  00  00  A8     418.6671
     0100      8   60  00  00  09  10  00  00  A8     418.6682
     0100      8   80  00  00  09  10  00  00  B8     418.6732
     0101      8   A1  73  00  00  00  00  00  35     418.6768
     0102      8   80  00  00  09  10  00  00  B8     418.6771
     0100      8   80  00  00  09  10  00  00  B8     418.6782
     0100      8   A0  00  00  09  10  00  00  D7     418.6832
     0101      8   C1  73  00  00  00  00  00  84     418.6868
     0102      8   A0  00  00  09  10  00  00  D7     418.6871
     0100      8   A0  00  00  09  10  00  00  D7     418.6882
     0100      8   C0  00  00  09  10  00  00  66     418.6933
     0101      8   E1  73  00  00  00  00  00  EB     418.6968
     0102      8   C0  00  00  09  10  00  00  66     418.6970
     0100      8   C0  00  00  09  10  00  00  66     418.6983
     0100      8   E0  00  00  09  10  00  00  09     418.7033
     0101      8   01  73  00  00  00  00  00  FB     418.7068
     0102      8   E0  00  00  09  10  00  00  09     418.7071
     0100      8   E0  00  00  09  10  00  00  09     418.7083
     0100      8   00  00  00  09  10  00  00  19     418.7133
     0101      8   21  73  00  00  00  00  00  94     418.7168
     0102      8   00  00  00  09  10  00  00  19     418.7170
     0100      8   00  00  00  09  10  00  00  19     418.7183
     0100      8   20  00  00  09  10  00  00  76     418.7233
     0101      8   41  73  00  00  00  00  00  25     418.7268
     0102      8   20  00  00  09  10  00  00  76     418.7271
     0100      8   20  00  00  09  10  00  00  76     418.7284
     0100      8   40  00  00  09  10  00  00  C7     418.7334
     0101      8   61  73  00  00  00  00  00  4A     418.7368
     0102      8   40  00  00  09  10  00  00  C7     418.7370
     0100      8   40  00  00  09  10  00  00  C7     418.7384
     0100      8   60  00  00  09  10  00  00  A8     418.7434
     0101      8   81  73  00  00  00  00  00  5A     418.7468
     0102      8   60  00  00  09  10  00  00  A8     418.7470
     0501      8   0E  00  00  00  00  00  00  01     418.7473
     0100      8   60  00  00  09  10  00  00  A8     418.7484
     0100      8   80  00  00  09  10  00  00  B8     418.7534
     0101      8   A1  73  00  00  00  00  00  35     418.7568
     0102      8   80  00  00  09  10  00  00  B8     418.7570
     0100      8   80  00  00  09  10  00  00  B8     418.7584
     0100      8   A0  00  00  09  10  00  00  D7     418.7635
     0101      8   C1  73  00  00  00  00  00  84     418.7668
     0102      8   A0  00  00  09  10  00  00  D7     418.7670
     0100      8   A0  00  00  09  10  00  00  D7     418.7685
     0100      8   C0  00  00  09  10  00  00  66     418.7735
     0101      8   E1  73  00  00  00  00  00  EB     418.7768
     0102      8   C0  00  00  09  10  00  00  66     418.7770
     0100      8   C0  00  00  09  10  00  00  66     418.7785
     0100      8   E0  00  00  09  10  00  00  09     418.7835
     0101      8   01  73  00  00  00  00  00  FB     418.7868
     0102      8   E0  00  00  09  10  00  00  09     418.7870
     0100      8   E0  00  00  09  10  00  00  09     418.7885
     0100      8   00  00  00  09  10  00  00  19     418.7935
     0101      8   21  73  00  00  00  00  00  94     418.7968
     0102      8   00  00  00  09  10  00  00  19     418.7970
     0100      8   00  00  00  09  10  00  00  19     418.7986
     0100      8   20  00  00  09  10  00  00  76     418.8036
     0101      8   41  73  00  00  00  00  00  25     418.8068
     0102      8   20  00  00  09  10  00  00  76     418.8070
     0100      8   20  00  00  09  10  00  00  76     418.8086
     0100      8   40  00  00  09  10  00  00  C7     418.8136
     0101      8   61  73  00  00  00  00  00  4A     418.8168
     0102      8   40  00  00  09  10  00  00  C7     418.8170
     0100      8   40  00  00  09  10  00  00  C7     418.8186
     0100      8   60  00  00  09  10  00  00  A8     418.8236
     0101      8   81  73  00  00  00  00  00  5A     418.8268
     0102      8   60  00  00  09  10  00  00  A8     418.8270
     0100      8   60  00  00  09  10  00  00  A8     418.8286
     0100      8   80  00  00  09  10  00  00  B8     418.8336
     0101      8   A1  73  00  00  00  00  00  35     418.8368
     0102      8   80  00  00  09  10  00  00  B8     418.8370
     0100      8   80  00  00  09  10  00  00  B8     418.8387
     0100      8   A0  00  00  09  10  00  00  D7     418.8437
     0101      8   C1  73  00  00  00  00  00  84     418.8468
     0102      8   A0  00  00  09  10  00  00  D7     418.8470
     0501      8   0E  00  00  00  00  00  00  01     418.8473
     0100      8   A0  00  00  09  10  00  00  D7     418.8487
     0100      8   C0  00  00  09  10  00  00  66     418.8537
     0101      8   E1  73  00  00  00  00  00  EB     418.8568
     0102      8   C0  00  00  09  10  00  00  66     418.8570
     0100      8   C0  00  00  09  10  00  00  66     418.8587
     0100      8   E0  00  00  09  10  00  00  09     418.8637
     0101      8   01  73  00  00  00  00  00  FB     418.8668
     0102      8   E0  00  00  09  10  00  00  09     418.8670
     0100      8   E0  00  00  09  10  00  00  09     418.8687
     0100      8   00  00  00  09  10  00  00  19     418.8738
     0101      8   21  73  00  00  00  00  00  94     418.8768
     0102      8   00  00  00  09  10  00  00  19     418.8770
     0100      8   00  00  00  09  10  00  00  19     418.8788
     0100      8   20  00  00  09  10  00  00  76     418.8838
     0101      8   41  73  00  00  00  00  00  25     418.8868
     0102      8   20  00  00  09  10  00  00  76     418.8870
     0100      8   20  00  00  09  10  00  00  76     418.8888
     0100      8   40  00  00  09  10  00  00  C7     418.8938
     0101      8   61  73  00  00  00  00  00  4A     418.8968
     0102      8   40  00  00  09  10  00  00  C7     418.8970
     0100      8   40  00  00  09  10  00  00  C7     418.8988
     0100      8   60  00  00  09  10  00  00  A8     418.9038
     0101      8   81  73  00  00  00  00  00  5A     418.9068
     0102      8   60  00  00  09  10  00  00  A8     418.9070
     0100      8   60  00  00  09  10  00  00  A8     418.9089
     0100      8   80  00  00  09  10  00  00  B8     418.9139
     0101      8   A1  73  00  00  00  00  00  35     418.9168
     0102      8   80  00  00  09  10  00  00  B8     418.9170
     0100      8   80  00  00  09  10  00  00  B8     418.9189
     0100      8   A0  00  00  09  10  00  00  D7     418.9239
     0101      8   C1  73  00  00  00  00  00  84     418.9268
     0102      8   A0  00  00  09  10  00  00  D7     418.9270
     0100      8   A0  00  00  09  10  00  00  D7     418.9289
     0100      8   C0  00  00  09  10  00  00  66     418.9339
     0101      8   E1  73  00  00  00  00  00  EB     418.9368
     0102      8   C0  00  00  09  10  00  00  66     418.9370
     0100      8   C0  00  00  09  10  00  00  66     418.9389
     0100      8   E0  00  00  09  10  00  00  09     418.9440
     0101      8   01  73  00  00  00  00  00  FB     418.9468
     0102      8   E0  00  00  09  10  00  00  09     418.9470
     0501      8   0E  00  00  00  00  00  00  01     418.9473
     0100      8   E0  00  00  09  10  00  00  09     418.9490
     0100      8   00  00  00  09  10  00  00  19     418.9540
     0101      8   21  73  00  00  00  00  00  94     418.9568
     0102      8   00  00  00  09  10  00  00  19     418.9570
     0100      8   00  00  00  09  10  00  00  19     418.9590
     0100      8   20  00  00  09  10  00  00  76     418.9640
     0101      8   41  73  00  00  00  00  00  25     418.9668
     0102      8   20  00  00  09  10  00  00  76     418.9670
     0100      8   20  00  00  09  10  00  00  76     418.9690
     0100      8   40  00  00  09  10  00  00  C7     418.9740
     0101      8   61  73  00  00  00  00  00  4A     418.9768
     0102      8   40  00  00  09  10  00  00  C7     418.9770
     0100      8   40  00  00  09  10  00  00  C7     418.9791
     0100      8   60  00  00  09  10  00  00  A8     418.9841
     0101      8   81  73  00  00  00  00  00  5A     418.9868
     0102      8   60  00  00  09  10  00  00  A8     418.9870
     0100      8   60  00  00  09  10  00  00  A8     418.9891
     0100      8   80  00  00  09  10  00  00  B8     418.9941
     0101      8   A1  73  00  00  00  00  00  35     418.9968
     0102      8   80  00  00  09  10  00  00  B8     418.9970
     0100      8   80  00  00  09  10  00  00  B8     418.9991
     0100      8   A0  00  00  09  10  00  00  D7     419.0041
     0101      8   C1  73  00  00  00  00  00  84     419.0068
     0102      8   A0  00  00  09  10  00  00  D7     419.0070
     0100      8   A0  00  00  09  10  00  00  D7     419.0091
     0100      8   C0  00  00  09  10  00  00  66     419.0141
     0101      8   E1  73  00  00  00  00  00  EB     419.0168
     0102      8   C0  00  00  09  10  00  00  66     419.0170
     0100      8   C0  00  00  09  10  00  00  66     419.0192
     0100      8   E0  00  00  09  10  00  00  09     419.0242
     0101      8   01  73  00  00  00  00  00  FB     419.0268
     0102      8   E0  00  00  09  10  00  00  09     419.0270
     0100      8   E0  00  00  09  10  00  00  09     419.0292
     0100      8   00  00  00  09  10  00  00  19     419.0342
     0101      8   21  73  00  00  00  00  00  94     419.0368
     0102      8   00  00  00  09  10  00  00  19     419.0370
     0100      8   00  00  00  09  10  00  00  19     419.0392
     0100      8   20  00  00  09  10  00  00  76     419.0442
     0101      8   41  73  00  00  00  00  00  25     419.0468
     0102      8   20  00  00  09  10  00  00  76     419.0470
     0501      8   0E  00  00  00  00  00  00  01     419.0473
     0100      8   20  00  00  09  10  00  00  76     419.0492
     0100      8   40  00  00  09  10  00  00  C7     419.0543
     0101      8   61  73  00  00  00  00  00  4A     419.0568
     0102      8   40  00  00  09  10  00  00  C7     419.0570
     0100      8   40  00  00  09  10  00  00  C7     419.0593
     0100      8   60  00  00  09  10  00  00  A8     419.0643
     0101      8   81  73  00  00  00  00  00  5A     419.0668
     0102      8   60  00  00  09  10  00  00  A8     419.0670
     0100      8   60  00  00  09  10  00  00  A8     419.0693
     0100      8   80  00  00  09  10  00  00  B8     419.0743
     0101      8   A1  73  00  00  00  00  00  35     419.0768
     0102      8   80  00  00  09  10  00  00  B8     419.0770
     0100      8   80  00  00  09  10  00  00  B8     419.0793
     0100      8   A0  00  00  09  10  00  00  D7     419.0843
     0101      8   C1  73  00  00  00  00  00  84     419.0868
     0102      8   A0  00  00  09  10  00  00  D7     419.0870
     0100      8   A0  00  00  09  10  00  00  D7     419.0894
     0100      8   C0  00  00  09  10  00  00  66     419.0944
     0101      8   E1  73  00  00  00  00  00  EB     419.0968
     0102      8   C0  00  00  09  10  00  00  66     419.0970
